STATE/UT,DISTRICT,Year,Murder,Rape,Kidnapping and Abduction,Foeticide,Abetment of suicide,Exposure and abandonment,Procuration of minor girls,Buying of girls for prostitution,Selling of girls for prostitution,Prohibition of child marriage act,Other Crimes,Total
0.0,0.0,2001,0.0,0.0,0.0,0.0,0.0,0.0,0.0,0.0,0.0,0.0,0.0,0
0.0,0.0,2001,19.0,12.0,29.0,0.0,6.0,0.0,0.0,0.0,0.0,0.0,0.0,66
0.0,0.0,2001,0.0,0.0,0.0,0.0,0.0,0.0,0.0,0.0,0.0,0.0,0.0,0
0.0,0.0,2001,0.0,0.0,0.0,0.0,0.0,0.0,0.0,0.0,0.0,0.0,0.0,0
0.0,0.0,2001,0.0,0.0,0.0,0.0,0.0,0.0,0.0,0.0,0.0,0.0,0.0,0
0.0,0.0,2001,0.0,0.0,0.0,0.0,0.0,0.0,0.0,0.0,0.0,0.0,0.0,0
0.0,0.0,2001,0.0,0.0,0.0,0.0,0.0,0.0,0.0,0.0,0.0,0.0,0.0,0
0.0,0.0,2001,2.0,0.0,0.0,0.0,0.0,19.0,2.0,0.0,0.0,2.0,0.0,25
0.0,0.0,2001,1.0,4.0,0.0,0.0,0.0,3.0,0.0,0.0,0.0,0.0,1.0,9
0.0,0.0,2001,0.0,0.0,0.0,0.0,0.0,0.0,0.0,0.0,0.0,0.0,0.0,0
0.0,0.0,2001,1.0,11.0,2.0,0.0,0.0,0.0,4.0,0.0,0.0,0.0,0.0,18
0.0,0.0,2001,0.0,0.0,0.0,0.0,0.0,0.0,0.0,0.0,0.0,0.0,0.0,0
0.0,0.0,2001,0.0,0.0,0.0,0.0,0.0,0.0,0.0,0.0,0.0,0.0,0.0,0
0.0,0.0,2001,1.0,18.0,12.0,0.0,0.0,0.0,3.0,0.0,0.0,0.0,0.0,34
0.0,0.0,2001,0.0,16.0,4.0,0.0,0.0,0.0,0.0,0.0,0.0,0.0,0.0,20
0.0,0.0,2001,0.0,0.0,0.0,0.0,0.0,0.0,0.0,0.0,0.0,0.0,0.0,0
0.0,0.0,2001,3.0,3.0,6.0,0.0,1.0,0.0,0.0,0.0,0.0,2.0,39.0,54
0.0,0.0,2001,0.0,3.0,0.0,0.0,0.0,0.0,0.0,0.0,0.0,0.0,0.0,3
0.0,0.0,2001,2.0,3.0,0.0,0.0,0.0,0.0,1.0,0.0,0.0,2.0,1.0,9
0.0,0.0,2001,0.0,0.0,0.0,0.0,0.0,0.0,0.0,0.0,0.0,0.0,0.0,0
0.0,0.0,2001,0.0,0.0,0.0,0.0,0.0,0.0,0.0,0.0,0.0,0.0,0.0,0
0.0,0.0,2001,5.0,8.0,4.0,0.0,0.0,0.0,0.0,0.0,0.0,0.0,6.0,23
0.0,0.0,2001,0.0,0.0,0.0,0.0,0.0,0.0,0.0,0.0,0.0,0.0,0.0,0
0.0,0.0,2001,0.0,0.0,0.0,0.0,0.0,0.0,0.0,0.0,0.0,0.0,0.0,0
0.0,0.0,2001,0.0,0.0,0.0,0.0,0.0,0.0,0.0,0.0,0.0,0.0,0.0,0
0.0,0.0,2001,0.0,0.0,0.0,0.0,0.0,0.0,0.0,0.0,0.0,0.0,0.0,0
0.0,0.0,2001,0.0,0.0,0.0,0.0,0.0,0.0,0.0,0.0,0.0,0.0,0.0,0
0.0,0.0,2001,1.0,6.0,0.0,0.0,0.0,0.0,2.0,0.0,0.0,0.0,0.0,9
0.0,0.0,2001,35.0,84.0,57.0,0.0,7.0,22.0,12.0,0.0,0.0,6.0,47.0,270
0.0,0.0,2001,0.0,0.0,0.0,0.0,0.0,0.0,0.0,0.0,0.0,0.0,0.0,0
0.0,0.0,2001,0.0,0.0,0.0,0.0,0.0,0.0,0.0,0.0,0.0,0.0,0.0,0
0.0,0.0,2001,0.0,0.0,0.0,0.0,0.0,0.0,0.0,0.0,0.0,0.0,0.0,0
0.0,0.0,2001,0.0,0.0,0.0,0.0,0.0,0.0,0.0,0.0,0.0,0.0,0.0,0
0.0,0.0,2001,0.0,0.0,0.0,0.0,0.0,0.0,0.0,0.0,0.0,0.0,0.0,0
0.0,0.0,2001,0.0,0.0,0.0,0.0,0.0,0.0,0.0,0.0,0.0,0.0,0.0,0
0.0,0.0,2001,0.0,0.0,0.0,0.0,0.0,0.0,0.0,0.0,0.0,0.0,0.0,0
0.0,0.0,2001,0.0,0.0,0.0,0.0,0.0,0.0,0.0,0.0,0.0,0.0,0.0,0
0.0,0.0,2001,0.0,0.0,0.0,0.0,0.0,0.0,0.0,0.0,0.0,0.0,0.0,0
0.0,0.0,2001,0.0,0.0,0.0,0.0,0.0,0.0,0.0,0.0,0.0,0.0,0.0,0
0.0,0.0,2001,0.0,0.0,0.0,0.0,0.0,0.0,0.0,0.0,0.0,0.0,0.0,0
0.0,0.0,2001,0.0,0.0,0.0,0.0,0.0,0.0,0.0,0.0,0.0,0.0,0.0,0
0.0,0.0,2001,0.0,0.0,0.0,0.0,0.0,0.0,0.0,0.0,0.0,0.0,0.0,0
0.0,0.0,2001,0.0,0.0,0.0,0.0,0.0,0.0,0.0,0.0,0.0,0.0,0.0,0
0.0,0.0,2001,0.0,0.0,0.0,0.0,0.0,0.0,0.0,0.0,0.0,0.0,0.0,0
0.0,0.0,2001,0.0,0.0,0.0,0.0,0.0,0.0,0.0,0.0,0.0,0.0,0.0,0
0.0,0.0,2001,0.0,0.0,0.0,0.0,0.0,0.0,0.0,0.0,0.0,0.0,0.0,0
0.0,0.0,2001,0.0,0.0,0.0,0.0,0.0,0.0,0.0,0.0,0.0,0.0,0.0,0
0.0,0.0,2001,0.0,0.0,0.0,0.0,0.0,0.0,0.0,0.0,0.0,0.0,0.0,0
0.0,0.0,2001,0.0,0.0,0.0,0.0,0.0,0.0,0.0,0.0,0.0,0.0,0.0,0
0.0,0.0,2001,0.0,0.0,4.0,0.0,0.0,0.0,0.0,0.0,0.0,0.0,0.0,4
0.0,0.0,2001,0.0,0.0,0.0,0.0,0.0,0.0,0.0,0.0,0.0,0.0,0.0,0
0.0,0.0,2001,0.0,0.0,0.0,0.0,0.0,0.0,0.0,0.0,0.0,0.0,0.0,0
0.0,0.0,2001,0.0,0.0,0.0,0.0,0.0,0.0,0.0,0.0,0.0,0.0,0.0,0
0.0,0.0,2001,0.0,0.0,0.0,0.0,0.0,0.0,0.0,0.0,0.0,0.0,0.0,0
0.0,0.0,2001,0.0,0.0,3.0,0.0,0.0,0.0,0.0,0.0,0.0,0.0,0.0,3
0.0,0.0,2001,0.0,0.0,0.0,0.0,0.0,0.0,0.0,0.0,0.0,0.0,0.0,0
0.0,0.0,2001,0.0,0.0,0.0,0.0,0.0,0.0,0.0,0.0,0.0,0.0,0.0,0
0.0,0.0,2001,0.0,0.0,4.0,0.0,0.0,0.0,0.0,0.0,0.0,0.0,0.0,4
0.0,0.0,2001,0.0,0.0,2.0,0.0,0.0,0.0,0.0,0.0,0.0,0.0,0.0,2
0.0,0.0,2001,0.0,0.0,4.0,0.0,0.0,0.0,0.0,0.0,0.0,0.0,0.0,4
0.0,0.0,2001,0.0,0.0,1.0,0.0,0.0,0.0,0.0,0.0,0.0,0.0,0.0,1
0.0,0.0,2001,0.0,0.0,0.0,0.0,0.0,0.0,0.0,0.0,0.0,0.0,0.0,0
0.0,0.0,2001,0.0,0.0,0.0,0.0,0.0,0.0,0.0,0.0,0.0,0.0,0.0,0
0.0,0.0,2001,0.0,0.0,0.0,0.0,0.0,0.0,0.0,0.0,0.0,0.0,0.0,0
0.0,0.0,2001,0.0,0.0,0.0,0.0,0.0,0.0,0.0,0.0,0.0,0.0,0.0,0
0.0,0.0,2001,0.0,0.0,0.0,0.0,0.0,0.0,0.0,0.0,0.0,0.0,0.0,0
0.0,0.0,2001,0.0,0.0,0.0,0.0,0.0,0.0,0.0,0.0,0.0,0.0,0.0,0
0.0,0.0,2001,0.0,0.0,0.0,0.0,0.0,0.0,0.0,0.0,0.0,0.0,0.0,0
0.0,0.0,2001,0.0,0.0,0.0,0.0,0.0,0.0,0.0,0.0,0.0,0.0,0.0,0
0.0,0.0,2001,0.0,0.0,0.0,0.0,0.0,0.0,0.0,0.0,0.0,0.0,0.0,0
0.0,0.0,2001,0.0,0.0,18.0,0.0,0.0,0.0,0.0,0.0,0.0,0.0,0.0,18
0.0,0.0,2001,0.0,4.0,8.0,0.0,0.0,0.0,0.0,0.0,0.0,0.0,0.0,12
0.0,0.0,2001,0.0,0.0,0.0,0.0,0.0,0.0,0.0,0.0,0.0,0.0,0.0,0
0.0,0.0,2001,0.0,0.0,0.0,0.0,0.0,0.0,0.0,0.0,0.0,0.0,0.0,0
0.0,0.0,2001,0.0,0.0,0.0,0.0,0.0,0.0,0.0,0.0,0.0,0.0,0.0,0
0.0,0.0,2001,0.0,0.0,0.0,0.0,0.0,0.0,0.0,0.0,0.0,0.0,0.0,0
0.0,0.0,2001,0.0,0.0,0.0,0.0,0.0,0.0,0.0,0.0,0.0,0.0,0.0,0
0.0,0.0,2001,0.0,0.0,0.0,0.0,0.0,0.0,0.0,0.0,0.0,0.0,0.0,0
0.0,0.0,2001,0.0,3.0,4.0,0.0,0.0,0.0,2.0,0.0,0.0,0.0,10.0,19
0.0,0.0,2001,0.0,0.0,0.0,0.0,0.0,0.0,0.0,0.0,0.0,0.0,0.0,0
0.0,0.0,2001,0.0,0.0,0.0,0.0,0.0,0.0,0.0,0.0,0.0,0.0,0.0,0
0.0,0.0,2001,0.0,0.0,0.0,0.0,0.0,0.0,0.0,0.0,0.0,0.0,0.0,0
0.0,0.0,2001,0.0,0.0,0.0,0.0,0.0,0.0,0.0,0.0,0.0,0.0,0.0,0
0.0,0.0,2001,0.0,0.0,0.0,0.0,0.0,0.0,0.0,0.0,0.0,0.0,0.0,0
0.0,0.0,2001,0.0,0.0,0.0,0.0,0.0,0.0,0.0,0.0,0.0,0.0,0.0,0
0.0,0.0,2001,0.0,0.0,0.0,0.0,0.0,0.0,0.0,0.0,0.0,0.0,0.0,0
0.0,0.0,2001,0.0,0.0,0.0,0.0,0.0,0.0,0.0,0.0,0.0,0.0,0.0,0
0.0,0.0,2001,0.0,0.0,0.0,0.0,0.0,0.0,0.0,0.0,0.0,0.0,0.0,0
0.0,0.0,2001,0.0,0.0,0.0,0.0,0.0,0.0,0.0,0.0,0.0,0.0,0.0,0
0.0,0.0,2001,0.0,0.0,0.0,0.0,0.0,0.0,0.0,0.0,0.0,0.0,0.0,0
0.0,0.0,2001,0.0,0.0,0.0,0.0,0.0,0.0,0.0,0.0,0.0,0.0,0.0,0
0.0,0.0,2001,0.0,0.0,0.0,0.0,0.0,0.0,0.0,0.0,0.0,0.0,0.0,0
0.0,0.0,2001,1.0,1.0,0.0,0.0,0.0,0.0,0.0,0.0,0.0,0.0,0.0,2
0.0,0.0,2001,0.0,0.0,0.0,0.0,0.0,0.0,0.0,0.0,0.0,0.0,0.0,0
0.0,0.0,2001,0.0,0.0,0.0,0.0,0.0,0.0,0.0,0.0,0.0,0.0,0.0,0
0.0,0.0,2001,0.0,0.0,0.0,0.0,0.0,0.0,0.0,0.0,0.0,1.0,0.0,1
0.0,0.0,2001,0.0,0.0,0.0,0.0,0.0,0.0,0.0,0.0,0.0,0.0,0.0,0
0.0,0.0,2001,0.0,0.0,0.0,0.0,0.0,0.0,0.0,0.0,0.0,0.0,0.0,0
0.0,0.0,2001,0.0,0.0,0.0,0.0,0.0,0.0,0.0,0.0,0.0,0.0,0.0,0
0.0,0.0,2001,0.0,1.0,7.0,0.0,0.0,0.0,0.0,0.0,0.0,0.0,6.0,14
0.0,0.0,2001,0.0,0.0,0.0,0.0,0.0,0.0,0.0,0.0,0.0,0.0,0.0,0
0.0,0.0,2001,0.0,0.0,0.0,0.0,0.0,0.0,0.0,0.0,0.0,0.0,0.0,0
0.0,0.0,2001,0.0,2.0,0.0,0.0,0.0,1.0,1.0,1.0,1.0,0.0,2.0,8
0.0,0.0,2001,0.0,0.0,0.0,0.0,0.0,0.0,0.0,0.0,0.0,0.0,0.0,0
0.0,0.0,2001,1.0,4.0,4.0,0.0,0.0,0.0,13.0,0.0,0.0,1.0,0.0,23
0.0,0.0,2001,0.0,0.0,0.0,0.0,0.0,0.0,0.0,0.0,0.0,0.0,0.0,0
0.0,0.0,2001,0.0,1.0,1.0,0.0,0.0,0.0,0.0,0.0,0.0,0.0,0.0,2
0.0,0.0,2001,0.0,0.0,0.0,0.0,0.0,0.0,0.0,0.0,0.0,0.0,0.0,0
0.0,0.0,2001,0.0,0.0,0.0,0.0,0.0,0.0,0.0,0.0,0.0,0.0,0.0,0
0.0,0.0,2001,0.0,0.0,0.0,0.0,0.0,0.0,0.0,0.0,0.0,0.0,0.0,0
0.0,0.0,2001,0.0,0.0,2.0,0.0,0.0,0.0,0.0,0.0,0.0,0.0,0.0,2
0.0,0.0,2001,0.0,0.0,0.0,0.0,0.0,0.0,0.0,0.0,0.0,0.0,0.0,0
0.0,0.0,2001,0.0,0.0,0.0,0.0,0.0,0.0,0.0,0.0,0.0,0.0,0.0,0
0.0,0.0,2001,0.0,0.0,0.0,0.0,0.0,0.0,0.0,0.0,0.0,0.0,0.0,0
0.0,0.0,2001,0.0,0.0,0.0,0.0,0.0,0.0,0.0,0.0,0.0,0.0,0.0,0
0.0,0.0,2001,2.0,16.0,26.0,0.0,0.0,1.0,16.0,1.0,1.0,2.0,18.0,83
0.0,0.0,2001,0.0,0.0,0.0,0.0,0.0,0.0,0.0,0.0,0.0,0.0,0.0,0
0.0,0.0,2001,0.0,16.0,5.0,2.0,1.0,4.0,0.0,0.0,0.0,0.0,31.0,59
0.0,0.0,2001,0.0,0.0,0.0,0.0,0.0,0.0,0.0,0.0,0.0,0.0,0.0,0
0.0,0.0,2001,0.0,3.0,1.0,0.0,0.0,0.0,0.0,0.0,0.0,0.0,6.0,10
0.0,0.0,2001,0.0,0.0,0.0,0.0,0.0,0.0,0.0,0.0,0.0,0.0,0.0,0
0.0,0.0,2001,2.0,3.0,1.0,0.0,0.0,0.0,0.0,0.0,0.0,0.0,123.0,129
0.0,0.0,2001,0.0,0.0,0.0,0.0,0.0,0.0,0.0,0.0,0.0,0.0,0.0,0
0.0,0.0,2001,0.0,3.0,1.0,0.0,0.0,0.0,0.0,0.0,0.0,0.0,30.0,34
0.0,0.0,2001,0.0,5.0,5.0,1.0,0.0,3.0,0.0,0.0,0.0,0.0,4.0,18
0.0,0.0,2001,0.0,0.0,0.0,0.0,0.0,0.0,0.0,0.0,0.0,0.0,0.0,0
0.0,0.0,2001,1.0,2.0,0.0,0.0,0.0,1.0,0.0,0.0,0.0,0.0,1.0,5
0.0,0.0,2001,0.0,3.0,0.0,0.0,0.0,0.0,0.0,0.0,0.0,0.0,0.0,3
0.0,0.0,2001,3.0,4.0,3.0,0.0,0.0,2.0,0.0,0.0,0.0,0.0,17.0,29
0.0,0.0,2001,0.0,18.0,7.0,0.0,0.0,0.0,0.0,0.0,0.0,0.0,46.0,71
0.0,0.0,2001,0.0,16.0,3.0,0.0,0.0,0.0,0.0,0.0,0.0,0.0,0.0,19
0.0,0.0,2001,0.0,0.0,0.0,0.0,0.0,0.0,0.0,0.0,0.0,0.0,0.0,0
0.0,0.0,2001,8.0,40.0,7.0,2.0,0.0,0.0,0.0,0.0,0.0,0.0,46.0,103
0.0,0.0,2001,0.0,0.0,0.0,0.0,0.0,0.0,0.0,0.0,0.0,0.0,0.0,0
0.0,0.0,2001,0.0,37.0,13.0,0.0,0.0,5.0,0.0,0.0,0.0,0.0,50.0,105
0.0,0.0,2001,1.0,3.0,1.0,0.0,0.0,2.0,0.0,0.0,0.0,0.0,6.0,13
0.0,0.0,2001,0.0,7.0,5.0,0.0,0.0,1.0,2.0,0.0,0.0,0.0,6.0,21
0.0,0.0,2001,1.0,10.0,6.0,0.0,0.0,3.0,2.0,0.0,0.0,0.0,12.0,34
0.0,0.0,2001,2.0,1.0,4.0,0.0,0.0,13.0,18.0,0.0,0.0,0.0,39.0,77
0.0,0.0,2001,1.0,0.0,0.0,0.0,0.0,3.0,0.0,0.0,0.0,0.0,0.0,4
0.0,0.0,2001,0.0,0.0,0.0,0.0,0.0,0.0,0.0,0.0,0.0,0.0,0.0,0
0.0,0.0,2001,5.0,1.0,0.0,0.0,0.0,4.0,0.0,0.0,0.0,1.0,5.0,16
0.0,0.0,2001,0.0,0.0,0.0,0.0,0.0,9.0,0.0,0.0,0.0,1.0,1.0,11
0.0,0.0,2001,0.0,4.0,4.0,0.0,0.0,5.0,0.0,0.0,0.0,1.0,1.0,15
0.0,0.0,2001,6.0,1.0,12.0,0.0,0.0,11.0,0.0,0.0,0.0,1.0,31.0,62
0.0,0.0,2001,2.0,1.0,0.0,0.0,0.0,0.0,0.0,0.0,0.0,0.0,40.0,43
0.0,0.0,2001,2.0,0.0,6.0,0.0,0.0,4.0,0.0,0.0,0.0,0.0,0.0,12
0.0,0.0,2001,0.0,0.0,0.0,0.0,0.0,0.0,0.0,0.0,0.0,2.0,2.0,4
0.0,0.0,2001,9.0,2.0,1.0,0.0,0.0,5.0,0.0,0.0,0.0,0.0,0.0,17
0.0,0.0,2001,6.0,3.0,0.0,2.0,0.0,11.0,0.0,0.0,0.0,0.0,10.0,32
0.0,0.0,2001,0.0,0.0,0.0,0.0,0.0,6.0,0.0,0.0,0.0,0.0,0.0,6
0.0,0.0,2001,1.0,0.0,10.0,0.0,0.0,8.0,0.0,0.0,0.0,1.0,7.0,27
0.0,0.0,2001,3.0,0.0,1.0,0.0,0.0,4.0,0.0,0.0,0.0,0.0,7.0,15
0.0,0.0,2001,0.0,0.0,0.0,0.0,0.0,0.0,0.0,0.0,0.0,0.0,0.0,0
0.0,0.0,2001,0.0,0.0,0.0,0.0,0.0,0.0,0.0,0.0,0.0,0.0,0.0,0
0.0,0.0,2001,2.0,1.0,11.0,0.0,0.0,5.0,0.0,0.0,0.0,0.0,2.0,21
0.0,0.0,2001,1.0,0.0,0.0,0.0,0.0,0.0,0.0,0.0,0.0,0.0,0.0,1
0.0,0.0,2001,2.0,1.0,1.0,0.0,0.0,2.0,0.0,0.0,0.0,1.0,1.0,8
0.0,0.0,2001,4.0,0.0,0.0,0.0,0.0,3.0,0.0,0.0,0.0,0.0,0.0,7
0.0,0.0,2001,3.0,1.0,4.0,0.0,0.0,8.0,0.0,0.0,0.0,0.0,2.0,18
0.0,0.0,2001,6.0,7.0,9.0,2.0,0.0,5.0,0.0,0.0,0.0,1.0,15.0,45
0.0,0.0,2001,17.0,4.0,3.0,0.0,0.0,1.0,0.0,0.0,0.0,1.0,3.0,29
0.0,0.0,2001,0.0,0.0,0.0,0.0,0.0,0.0,0.0,0.0,0.0,0.0,0.0,0
0.0,0.0,2001,1.0,4.0,14.0,0.0,0.0,1.0,0.0,0.0,0.0,1.0,4.0,25
0.0,0.0,2001,2.0,2.0,9.0,0.0,0.0,4.0,0.0,0.0,0.0,0.0,19.0,36
0.0,0.0,2001,3.0,6.0,31.0,0.0,0.0,0.0,0.0,0.0,0.0,0.0,1.0,41
0.0,0.0,2001,0.0,0.0,0.0,0.0,0.0,0.0,0.0,0.0,0.0,0.0,0.0,0
0.0,0.0,2001,0.0,0.0,0.0,0.0,0.0,0.0,0.0,0.0,0.0,0.0,0.0,0
0.0,0.0,2001,78.0,39.0,120.0,4.0,0.0,112.0,18.0,0.0,0.0,11.0,190.0,572
0.0,0.0,2001,0.0,3.0,0.0,1.0,0.0,0.0,0.0,0.0,0.0,0.0,0.0,4
0.0,0.0,2001,0.0,0.0,0.0,0.0,0.0,0.0,0.0,0.0,0.0,0.0,0.0,0
0.0,0.0,2001,6.0,16.0,56.0,1.0,0.0,0.0,0.0,0.0,1.0,0.0,39.0,119
0.0,0.0,2001,1.0,7.0,10.0,1.0,0.0,0.0,0.0,0.0,1.0,0.0,7.0,27
0.0,0.0,2001,0.0,0.0,0.0,0.0,0.0,0.0,0.0,0.0,0.0,0.0,0.0,0
0.0,0.0,2001,5.0,6.0,28.0,0.0,0.0,8.0,5.0,0.0,0.0,0.0,0.0,52
0.0,0.0,2001,0.0,0.0,0.0,0.0,0.0,0.0,0.0,0.0,0.0,0.0,0.0,0
0.0,0.0,2001,0.0,0.0,0.0,0.0,0.0,0.0,0.0,0.0,0.0,0.0,0.0,0
0.0,0.0,2001,5.0,13.0,4.0,0.0,0.0,3.0,0.0,0.0,0.0,0.0,0.0,25
0.0,0.0,2001,0.0,0.0,0.0,0.0,0.0,0.0,0.0,0.0,0.0,0.0,0.0,0
0.0,0.0,2001,3.0,23.0,7.0,0.0,0.0,5.0,0.0,0.0,0.0,0.0,9.0,47
0.0,0.0,2001,1.0,6.0,10.0,0.0,0.0,0.0,0.0,0.0,0.0,0.0,0.0,17
0.0,0.0,2001,2.0,2.0,0.0,0.0,0.0,0.0,0.0,0.0,0.0,0.0,0.0,4
0.0,0.0,2001,1.0,0.0,1.0,0.0,0.0,0.0,0.0,0.0,0.0,0.0,0.0,2
0.0,0.0,2001,7.0,31.0,8.0,0.0,0.0,0.0,0.0,0.0,0.0,0.0,7.0,53
0.0,0.0,2001,0.0,0.0,0.0,0.0,0.0,0.0,0.0,0.0,0.0,0.0,0.0,0
0.0,0.0,2001,0.0,0.0,0.0,0.0,0.0,0.0,0.0,0.0,0.0,0.0,3.0,3
0.0,0.0,2001,0.0,1.0,0.0,0.0,0.0,0.0,0.0,0.0,0.0,0.0,9.0,10
0.0,0.0,2001,0.0,0.0,0.0,0.0,0.0,0.0,0.0,0.0,0.0,0.0,0.0,0
0.0,0.0,2001,0.0,0.0,0.0,0.0,0.0,0.0,0.0,0.0,0.0,0.0,0.0,0
0.0,0.0,2001,31.0,108.0,124.0,3.0,0.0,16.0,5.0,0.0,2.0,0.0,74.0,363
0.0,0.0,2001,0.0,0.0,0.0,0.0,0.0,0.0,0.0,0.0,0.0,0.0,0.0,0
0.0,0.0,2001,1.0,5.0,0.0,0.0,0.0,2.0,0.0,0.0,0.0,0.0,0.0,8
0.0,0.0,2001,0.0,0.0,0.0,0.0,0.0,0.0,0.0,0.0,0.0,0.0,0.0,0
0.0,0.0,2001,0.0,3.0,3.0,0.0,0.0,2.0,0.0,0.0,0.0,0.0,0.0,8
0.0,0.0,2001,1.0,3.0,2.0,0.0,0.0,2.0,0.0,0.0,0.0,0.0,3.0,11
0.0,0.0,2001,0.0,0.0,0.0,0.0,0.0,0.0,0.0,0.0,0.0,0.0,0.0,0
0.0,0.0,2001,1.0,9.0,6.0,0.0,0.0,0.0,0.0,0.0,0.0,0.0,4.0,20
0.0,0.0,2001,0.0,0.0,0.0,0.0,0.0,0.0,0.0,0.0,0.0,0.0,0.0,0
0.0,0.0,2001,0.0,3.0,0.0,0.0,0.0,1.0,0.0,0.0,0.0,0.0,0.0,4
0.0,0.0,2001,0.0,3.0,0.0,0.0,0.0,1.0,0.0,0.0,0.0,0.0,0.0,4
0.0,0.0,2001,1.0,3.0,5.0,0.0,0.0,1.0,0.0,0.0,0.0,0.0,0.0,10
0.0,0.0,2001,1.0,3.0,4.0,0.0,0.0,6.0,0.0,0.0,0.0,0.0,0.0,14
0.0,0.0,2001,0.0,3.0,0.0,0.0,0.0,0.0,0.0,0.0,0.0,0.0,0.0,3
0.0,0.0,2001,5.0,35.0,20.0,0.0,0.0,15.0,0.0,0.0,0.0,0.0,7.0,82
0.0,0.0,2001,0.0,1.0,14.0,0.0,0.0,1.0,0.0,0.0,0.0,0.0,1.0,17
0.0,0.0,2001,0.0,0.0,0.0,0.0,0.0,0.0,0.0,0.0,0.0,0.0,0.0,0
0.0,0.0,2001,0.0,0.0,0.0,0.0,0.0,0.0,0.0,0.0,0.0,0.0,0.0,0
0.0,0.0,2001,1.0,2.0,0.0,0.0,0.0,0.0,0.0,0.0,0.0,0.0,0.0,3
0.0,0.0,2001,0.0,0.0,0.0,0.0,0.0,0.0,0.0,0.0,0.0,0.0,0.0,0
0.0,0.0,2001,0.0,0.0,0.0,0.0,0.0,0.0,0.0,0.0,0.0,0.0,0.0,0
0.0,0.0,2001,0.0,0.0,0.0,0.0,0.0,0.0,0.0,0.0,0.0,0.0,0.0,0
0.0,0.0,2001,0.0,0.0,0.0,0.0,0.0,0.0,0.0,0.0,0.0,0.0,0.0,0
0.0,0.0,2001,0.0,0.0,1.0,0.0,0.0,0.0,0.0,0.0,0.0,0.0,0.0,1
0.0,0.0,2001,0.0,0.0,0.0,0.0,0.0,0.0,0.0,0.0,0.0,0.0,0.0,0
0.0,0.0,2001,0.0,0.0,0.0,0.0,0.0,0.0,0.0,0.0,0.0,0.0,0.0,0
0.0,0.0,2001,0.0,0.0,0.0,0.0,0.0,0.0,0.0,0.0,0.0,0.0,0.0,0
0.0,0.0,2001,0.0,0.0,0.0,0.0,0.0,0.0,0.0,0.0,0.0,0.0,0.0,0
0.0,0.0,2001,0.0,0.0,0.0,0.0,0.0,0.0,0.0,0.0,0.0,0.0,0.0,0
0.0,0.0,2001,0.0,0.0,0.0,0.0,0.0,0.0,0.0,0.0,0.0,0.0,0.0,0
0.0,0.0,2001,0.0,0.0,0.0,0.0,0.0,0.0,0.0,0.0,0.0,0.0,0.0,0
0.0,0.0,2001,0.0,0.0,0.0,0.0,0.0,0.0,0.0,0.0,0.0,0.0,0.0,0
0.0,0.0,2001,0.0,0.0,0.0,0.0,0.0,0.0,0.0,0.0,0.0,0.0,0.0,0
0.0,0.0,2001,0.0,0.0,0.0,0.0,0.0,0.0,0.0,0.0,0.0,0.0,0.0,0
0.0,0.0,2001,0.0,0.0,0.0,0.0,0.0,0.0,0.0,0.0,0.0,0.0,0.0,0
0.0,0.0,2001,0.0,0.0,0.0,0.0,0.0,1.0,0.0,0.0,0.0,0.0,0.0,1
0.0,0.0,2001,0.0,0.0,0.0,0.0,0.0,0.0,0.0,0.0,0.0,0.0,0.0,0
0.0,0.0,2001,1.0,3.0,0.0,0.0,0.0,2.0,0.0,0.0,0.0,0.0,0.0,6
0.0,0.0,2001,2.0,6.0,15.0,0.0,0.0,4.0,0.0,0.0,0.0,0.0,1.0,28
0.0,0.0,2001,0.0,0.0,0.0,0.0,0.0,0.0,0.0,0.0,0.0,0.0,0.0,0
0.0,0.0,2001,0.0,0.0,0.0,0.0,0.0,0.0,0.0,0.0,0.0,0.0,0.0,0
0.0,0.0,2001,0.0,0.0,0.0,0.0,0.0,0.0,0.0,0.0,0.0,0.0,0.0,0
0.0,0.0,2001,0.0,0.0,0.0,0.0,0.0,0.0,0.0,0.0,0.0,0.0,0.0,0
0.0,0.0,2001,1.0,5.0,1.0,0.0,0.0,0.0,0.0,0.0,0.0,0.0,6.0,13
0.0,0.0,2001,0.0,0.0,0.0,0.0,0.0,0.0,0.0,0.0,0.0,0.0,0.0,0
0.0,0.0,2001,0.0,0.0,0.0,0.0,0.0,0.0,0.0,0.0,0.0,0.0,0.0,0
0.0,0.0,2001,0.0,0.0,0.0,0.0,0.0,0.0,0.0,0.0,0.0,0.0,0.0,0
0.0,0.0,2001,0.0,0.0,0.0,0.0,0.0,0.0,0.0,0.0,0.0,0.0,0.0,0
0.0,0.0,2001,0.0,0.0,0.0,0.0,0.0,0.0,0.0,0.0,0.0,0.0,0.0,0
0.0,0.0,2001,1.0,5.0,3.0,0.0,0.0,0.0,0.0,0.0,0.0,0.0,6.0,15
0.0,0.0,2001,3.0,0.0,0.0,0.0,0.0,0.0,0.0,0.0,0.0,0.0,1.0,4
0.0,0.0,2001,0.0,0.0,0.0,0.0,0.0,0.0,0.0,0.0,0.0,0.0,0.0,0
0.0,0.0,2001,0.0,0.0,0.0,0.0,0.0,0.0,0.0,0.0,0.0,0.0,0.0,0
0.0,0.0,2001,0.0,1.0,0.0,0.0,0.0,0.0,1.0,0.0,0.0,0.0,7.0,9
0.0,0.0,2001,0.0,0.0,0.0,0.0,0.0,0.0,0.0,0.0,0.0,0.0,0.0,0
0.0,0.0,2001,0.0,0.0,0.0,0.0,0.0,0.0,0.0,0.0,0.0,0.0,0.0,0
0.0,0.0,2001,0.0,0.0,0.0,0.0,0.0,0.0,0.0,0.0,0.0,0.0,0.0,0
0.0,0.0,2001,0.0,0.0,0.0,0.0,0.0,0.0,0.0,0.0,0.0,0.0,0.0,0
0.0,0.0,2001,0.0,0.0,0.0,0.0,0.0,0.0,0.0,0.0,0.0,0.0,0.0,0
0.0,0.0,2001,0.0,0.0,0.0,0.0,0.0,0.0,0.0,0.0,0.0,0.0,0.0,0
0.0,0.0,2001,0.0,0.0,0.0,0.0,0.0,0.0,0.0,0.0,0.0,0.0,0.0,0
0.0,0.0,2001,0.0,0.0,0.0,0.0,0.0,0.0,0.0,0.0,0.0,0.0,0.0,0
0.0,0.0,2001,0.0,0.0,0.0,0.0,0.0,0.0,0.0,0.0,0.0,0.0,0.0,0
0.0,0.0,2001,5.0,11.0,4.0,0.0,0.0,0.0,1.0,0.0,0.0,0.0,20.0,41
0.0,0.0,2001,0.0,0.0,3.0,0.0,0.0,0.0,0.0,0.0,0.0,0.0,0.0,3
0.0,0.0,2001,0.0,4.0,1.0,0.0,0.0,0.0,0.0,0.0,0.0,0.0,1.0,6
0.0,0.0,2001,0.0,0.0,2.0,0.0,0.0,0.0,1.0,0.0,0.0,0.0,0.0,3
0.0,0.0,2001,0.0,3.0,0.0,0.0,0.0,4.0,0.0,0.0,0.0,0.0,2.0,9
0.0,0.0,2001,0.0,4.0,0.0,0.0,0.0,0.0,0.0,0.0,0.0,0.0,0.0,4
0.0,0.0,2001,0.0,1.0,0.0,0.0,0.0,7.0,0.0,0.0,0.0,0.0,0.0,8
0.0,0.0,2001,0.0,0.0,0.0,0.0,0.0,0.0,0.0,0.0,0.0,0.0,0.0,0
0.0,0.0,2001,0.0,0.0,0.0,0.0,0.0,0.0,0.0,0.0,0.0,0.0,0.0,0
0.0,0.0,2001,0.0,0.0,1.0,0.0,0.0,0.0,0.0,0.0,0.0,0.0,0.0,1
0.0,0.0,2001,0.0,0.0,0.0,0.0,0.0,0.0,0.0,0.0,0.0,0.0,0.0,0
0.0,0.0,2001,0.0,0.0,0.0,0.0,0.0,0.0,0.0,0.0,0.0,0.0,1.0,1
0.0,0.0,2001,0.0,0.0,0.0,0.0,0.0,0.0,0.0,0.0,0.0,0.0,0.0,0
0.0,0.0,2001,0.0,3.0,4.0,1.0,0.0,0.0,0.0,0.0,0.0,0.0,0.0,8
0.0,0.0,2001,0.0,0.0,0.0,0.0,0.0,0.0,0.0,0.0,0.0,0.0,0.0,0
0.0,0.0,2001,0.0,0.0,0.0,0.0,0.0,0.0,0.0,0.0,0.0,0.0,1.0,1
0.0,0.0,2001,0.0,0.0,0.0,0.0,0.0,3.0,0.0,0.0,2.0,0.0,1.0,6
0.0,0.0,2001,0.0,0.0,0.0,0.0,0.0,0.0,0.0,0.0,0.0,0.0,0.0,0
0.0,0.0,2001,0.0,0.0,0.0,0.0,0.0,0.0,0.0,0.0,0.0,0.0,0.0,0
0.0,0.0,2001,0.0,0.0,0.0,0.0,0.0,0.0,0.0,0.0,0.0,0.0,0.0,0
0.0,0.0,2001,0.0,0.0,1.0,0.0,0.0,0.0,0.0,0.0,0.0,0.0,0.0,1
0.0,0.0,2001,0.0,0.0,0.0,0.0,0.0,0.0,0.0,0.0,0.0,0.0,0.0,0
0.0,0.0,2001,0.0,0.0,0.0,0.0,0.0,0.0,0.0,0.0,0.0,0.0,0.0,0
0.0,0.0,2001,0.0,0.0,0.0,0.0,0.0,0.0,0.0,0.0,0.0,0.0,0.0,0
0.0,0.0,2001,0.0,0.0,0.0,0.0,0.0,0.0,0.0,0.0,0.0,0.0,0.0,0
0.0,0.0,2001,0.0,0.0,3.0,0.0,0.0,0.0,0.0,0.0,0.0,0.0,0.0,3
0.0,0.0,2001,3.0,3.0,1.0,0.0,0.0,1.0,0.0,0.0,0.0,1.0,1.0,10
0.0,0.0,2001,0.0,0.0,0.0,0.0,0.0,0.0,0.0,0.0,0.0,0.0,0.0,0
0.0,0.0,2001,0.0,0.0,0.0,0.0,0.0,0.0,0.0,0.0,0.0,0.0,0.0,0
0.0,0.0,2001,0.0,0.0,2.0,0.0,0.0,0.0,0.0,0.0,0.0,0.0,2.0,4
0.0,0.0,2001,0.0,0.0,0.0,0.0,0.0,0.0,0.0,0.0,0.0,0.0,0.0,0
0.0,0.0,2001,0.0,0.0,0.0,0.0,0.0,0.0,0.0,0.0,0.0,0.0,0.0,0
0.0,0.0,2001,3.0,18.0,18.0,1.0,0.0,15.0,1.0,0.0,2.0,1.0,9.0,68
0.0,0.0,2001,2.0,0.0,0.0,0.0,0.0,0.0,0.0,0.0,0.0,0.0,0.0,2
0.0,0.0,2001,0.0,0.0,0.0,0.0,0.0,0.0,0.0,0.0,0.0,0.0,0.0,0
0.0,0.0,2001,5.0,7.0,1.0,0.0,0.0,0.0,0.0,0.0,0.0,0.0,0.0,13
0.0,0.0,2001,9.0,4.0,2.0,0.0,0.0,0.0,0.0,0.0,0.0,0.0,1.0,16
0.0,0.0,2001,5.0,3.0,2.0,0.0,0.0,0.0,0.0,0.0,0.0,0.0,4.0,14
0.0,0.0,2001,1.0,2.0,0.0,0.0,0.0,0.0,0.0,0.0,0.0,0.0,0.0,3
0.0,0.0,2001,12.0,4.0,4.0,0.0,0.0,0.0,0.0,0.0,0.0,0.0,23.0,43
0.0,0.0,2001,3.0,3.0,5.0,0.0,0.0,2.0,0.0,0.0,0.0,0.0,0.0,13
0.0,0.0,2001,7.0,3.0,0.0,0.0,0.0,0.0,0.0,0.0,0.0,0.0,8.0,18
0.0,0.0,2001,2.0,1.0,3.0,0.0,0.0,0.0,0.0,0.0,0.0,2.0,5.0,13
0.0,0.0,2001,17.0,11.0,1.0,0.0,0.0,5.0,0.0,0.0,0.0,0.0,9.0,43
0.0,0.0,2001,1.0,3.0,1.0,0.0,0.0,2.0,2.0,0.0,0.0,0.0,2.0,11
0.0,0.0,2001,0.0,0.0,0.0,0.0,0.0,0.0,0.0,0.0,0.0,0.0,0.0,0
0.0,0.0,2001,3.0,7.0,0.0,0.0,0.0,0.0,0.0,0.0,0.0,0.0,2.0,12
0.0,0.0,2001,5.0,15.0,8.0,0.0,0.0,0.0,2.0,0.0,0.0,1.0,5.0,36
0.0,0.0,2001,4.0,1.0,1.0,0.0,0.0,0.0,0.0,0.0,0.0,0.0,4.0,10
0.0,0.0,2001,76.0,64.0,28.0,0.0,0.0,9.0,4.0,0.0,0.0,3.0,63.0,247
0.0,0.0,2001,0.0,11.0,0.0,0.0,0.0,0.0,0.0,0.0,0.0,0.0,10.0,21
0.0,0.0,2001,0.0,0.0,0.0,0.0,0.0,0.0,0.0,0.0,0.0,0.0,15.0,15
0.0,0.0,2001,0.0,21.0,0.0,0.0,0.0,0.0,0.0,0.0,0.0,0.0,7.0,28
0.0,0.0,2001,6.0,6.0,16.0,0.0,0.0,1.0,0.0,0.0,0.0,1.0,76.0,106
0.0,0.0,2001,5.0,25.0,6.0,2.0,2.0,5.0,1.0,0.0,0.0,0.0,56.0,102
0.0,0.0,2001,0.0,0.0,3.0,0.0,0.0,0.0,0.0,0.0,0.0,0.0,3.0,6
0.0,0.0,2001,1.0,14.0,11.0,0.0,0.0,2.0,0.0,0.0,0.0,0.0,26.0,54
0.0,0.0,2001,0.0,0.0,0.0,0.0,0.0,1.0,0.0,0.0,0.0,0.0,3.0,4
0.0,0.0,2001,0.0,13.0,0.0,0.0,0.0,0.0,0.0,0.0,0.0,0.0,15.0,28
0.0,0.0,2001,2.0,2.0,0.0,0.0,0.0,0.0,0.0,0.0,0.0,0.0,6.0,10
0.0,0.0,2001,0.0,0.0,0.0,0.0,0.0,0.0,0.0,0.0,0.0,1.0,20.0,21
0.0,0.0,2001,7.0,5.0,2.0,0.0,0.0,2.0,0.0,0.0,0.0,0.0,2.0,18
0.0,0.0,2001,0.0,6.0,0.0,0.0,0.0,0.0,0.0,0.0,0.0,0.0,1.0,7
0.0,0.0,2001,2.0,13.0,0.0,0.0,0.0,0.0,0.0,0.0,0.0,0.0,1.0,16
0.0,0.0,2001,5.0,20.0,8.0,2.0,0.0,0.0,1.0,0.0,0.0,0.0,16.0,52
0.0,0.0,2001,0.0,0.0,0.0,0.0,0.0,0.0,0.0,0.0,0.0,0.0,3.0,3
0.0,0.0,2001,0.0,5.0,4.0,0.0,0.0,0.0,0.0,0.0,0.0,0.0,9.0,18
0.0,0.0,2001,9.0,21.0,6.0,1.0,2.0,9.0,1.0,0.0,0.0,0.0,66.0,115
0.0,0.0,2001,0.0,0.0,0.0,0.0,0.0,0.0,0.0,0.0,0.0,0.0,1.0,1
0.0,0.0,2001,8.0,27.0,6.0,1.0,2.0,7.0,1.0,0.0,0.0,0.0,17.0,69
0.0,0.0,2001,0.0,0.0,0.0,0.0,0.0,0.0,0.0,0.0,0.0,0.0,2.0,2
0.0,0.0,2001,0.0,11.0,0.0,0.0,0.0,0.0,0.0,0.0,0.0,0.0,17.0,28
0.0,0.0,2001,3.0,8.0,1.0,0.0,0.0,2.0,0.0,0.0,0.0,0.0,1.0,15
0.0,0.0,2001,12.0,25.0,10.0,0.0,2.0,3.0,0.0,0.0,0.0,0.0,25.0,77
0.0,0.0,2001,2.0,0.0,5.0,0.0,0.0,3.0,0.0,0.0,0.0,0.0,11.0,21
0.0,0.0,2001,2.0,29.0,8.0,0.0,0.0,1.0,0.0,0.0,0.0,0.0,5.0,45
0.0,0.0,2001,0.0,11.0,0.0,0.0,0.0,0.0,0.0,0.0,0.0,0.0,12.0,23
0.0,0.0,2001,3.0,0.0,0.0,0.0,0.0,0.0,0.0,0.0,0.0,1.0,7.0,11
0.0,0.0,2001,3.0,3.0,0.0,0.0,0.0,2.0,0.0,0.0,0.0,0.0,9.0,17
0.0,0.0,2001,0.0,7.0,0.0,0.0,0.0,0.0,0.0,0.0,0.0,0.0,8.0,15
0.0,0.0,2001,3.0,3.0,0.0,0.0,0.0,0.0,0.0,0.0,0.0,0.0,5.0,11
0.0,0.0,2001,0.0,0.0,0.0,0.0,0.0,0.0,0.0,0.0,0.0,0.0,19.0,19
0.0,0.0,2001,1.0,0.0,0.0,0.0,0.0,0.0,0.0,0.0,0.0,0.0,4.0,5
0.0,0.0,2001,2.0,17.0,0.0,0.0,0.0,3.0,0.0,0.0,0.0,0.0,10.0,32
0.0,0.0,2001,4.0,3.0,5.0,0.0,0.0,6.0,0.0,0.0,0.0,0.0,17.0,35
0.0,0.0,2001,5.0,30.0,9.0,0.0,0.0,8.0,0.0,0.0,0.0,0.0,23.0,75
0.0,0.0,2001,0.0,0.0,0.0,0.0,0.0,0.0,0.0,0.0,0.0,0.0,9.0,9
0.0,0.0,2001,5.0,0.0,0.0,1.0,0.0,0.0,0.0,0.0,0.0,0.0,18.0,24
0.0,0.0,2001,4.0,0.0,0.0,0.0,0.0,0.0,0.0,0.0,0.0,0.0,10.0,14
0.0,0.0,2001,0.0,0.0,0.0,0.0,0.0,3.0,0.0,0.0,0.0,0.0,25.0,28
0.0,0.0,2001,0.0,0.0,0.0,0.0,0.0,0.0,0.0,0.0,0.0,1.0,13.0,14
0.0,0.0,2001,4.0,10.0,0.0,0.0,0.0,5.0,0.0,0.0,0.0,0.0,13.0,32
0.0,0.0,2001,0.0,0.0,0.0,0.0,0.0,0.0,0.0,0.0,0.0,0.0,9.0,9
0.0,0.0,2001,2.0,0.0,0.0,0.0,0.0,0.0,0.0,0.0,0.0,0.0,11.0,13
0.0,0.0,2001,0.0,0.0,0.0,0.0,0.0,1.0,0.0,0.0,0.0,0.0,8.0,9
0.0,0.0,2001,3.0,21.0,0.0,0.0,0.0,3.0,0.0,0.0,0.0,0.0,65.0,92
0.0,0.0,2001,0.0,0.0,0.0,0.0,0.0,0.0,0.0,0.0,0.0,0.0,7.0,7
0.0,0.0,2001,0.0,23.0,0.0,0.0,0.0,2.0,0.0,0.0,0.0,0.0,24.0,49
0.0,0.0,2001,103.0,390.0,100.0,7.0,8.0,69.0,4.0,0.0,0.0,4.0,740.0,1425
0.0,0.0,2001,0.0,0.0,0.0,0.0,0.0,0.0,0.0,0.0,0.0,0.0,0.0,0
0.0,0.0,2001,4.0,1.0,7.0,0.0,0.0,0.0,0.0,0.0,0.0,1.0,11.0,24
0.0,0.0,2001,3.0,2.0,3.0,2.0,0.0,6.0,0.0,0.0,0.0,1.0,12.0,29
0.0,0.0,2001,2.0,15.0,9.0,0.0,0.0,8.0,0.0,0.0,0.0,0.0,2.0,36
0.0,0.0,2001,4.0,0.0,0.0,0.0,0.0,18.0,0.0,0.0,0.0,0.0,0.0,22
0.0,0.0,2001,4.0,1.0,0.0,0.0,0.0,0.0,0.0,0.0,0.0,2.0,33.0,40
0.0,0.0,2001,30.0,6.0,3.0,0.0,0.0,0.0,0.0,0.0,0.0,0.0,0.0,39
0.0,0.0,2001,4.0,28.0,2.0,0.0,1.0,1.0,0.0,0.0,0.0,0.0,18.0,54
0.0,0.0,2001,6.0,6.0,6.0,0.0,0.0,0.0,0.0,0.0,0.0,0.0,35.0,53
0.0,0.0,2001,4.0,19.0,0.0,0.0,0.0,0.0,0.0,0.0,0.0,0.0,0.0,23
0.0,0.0,2001,0.0,0.0,2.0,0.0,0.0,15.0,3.0,0.0,0.0,0.0,0.0,20
0.0,0.0,2001,2.0,20.0,0.0,0.0,0.0,1.0,4.0,0.0,0.0,1.0,21.0,49
0.0,0.0,2001,3.0,0.0,0.0,0.0,0.0,0.0,0.0,0.0,0.0,0.0,5.0,8
0.0,0.0,2001,6.0,3.0,4.0,1.0,0.0,4.0,0.0,0.0,0.0,0.0,0.0,18
0.0,0.0,2001,12.0,13.0,13.0,0.0,0.0,24.0,0.0,0.0,0.0,0.0,0.0,62
0.0,0.0,2001,3.0,5.0,4.0,0.0,0.0,3.0,0.0,0.0,0.0,0.0,3.0,18
0.0,0.0,2001,5.0,6.0,2.0,0.0,0.0,5.0,0.0,0.0,0.0,3.0,7.0,28
0.0,0.0,2001,0.0,1.0,2.0,0.0,0.0,17.0,0.0,0.0,0.0,0.0,0.0,20
0.0,0.0,2001,7.0,43.0,26.0,2.0,2.0,0.0,0.0,0.0,0.0,0.0,79.0,159
0.0,0.0,2001,0.0,0.0,1.0,0.0,0.0,14.0,0.0,0.0,0.0,0.0,0.0,15
0.0,0.0,2001,2.0,11.0,33.0,0.0,1.0,9.0,0.0,0.0,1.0,0.0,36.0,93
0.0,0.0,2001,4.0,2.0,0.0,0.0,0.0,11.0,0.0,0.0,0.0,0.0,7.0,24
0.0,0.0,2001,0.0,0.0,0.0,0.0,0.0,2.0,0.0,0.0,0.0,3.0,0.0,5
0.0,0.0,2001,8.0,8.0,17.0,0.0,0.0,0.0,0.0,0.0,0.0,1.0,26.0,60
0.0,0.0,2001,3.0,1.0,0.0,0.0,0.0,1.0,0.0,0.0,0.0,0.0,0.0,5
0.0,0.0,2001,4.0,4.0,8.0,0.0,0.0,5.0,0.0,0.0,0.0,1.0,0.0,22
0.0,0.0,2001,6.0,11.0,2.0,0.0,0.0,14.0,0.0,0.0,0.0,0.0,1.0,34
0.0,0.0,2001,3.0,15.0,0.0,1.0,0.0,4.0,9.0,0.0,0.0,0.0,36.0,68
0.0,0.0,2001,9.0,12.0,4.0,0.0,0.0,7.0,0.0,0.0,0.0,0.0,32.0,64
0.0,0.0,2001,0.0,0.0,0.0,0.0,0.0,0.0,0.0,0.0,0.0,7.0,0.0,7
0.0,0.0,2001,7.0,37.0,22.0,0.0,0.0,0.0,0.0,1.0,0.0,0.0,21.0,88
0.0,0.0,2001,0.0,0.0,0.0,0.0,0.0,2.0,0.0,0.0,0.0,0.0,2.0,4
0.0,0.0,2001,13.0,25.0,4.0,0.0,0.0,22.0,1.0,0.0,0.0,0.0,6.0,71
0.0,0.0,2001,0.0,1.0,0.0,0.0,0.0,2.0,2.0,0.0,0.0,0.0,2.0,7
0.0,0.0,2001,2.0,7.0,1.0,0.0,0.0,6.0,0.0,0.0,0.0,0.0,4.0,20
0.0,0.0,2001,9.0,24.0,5.0,0.0,0.0,13.0,0.0,0.0,0.0,19.0,0.0,70
0.0,0.0,2001,6.0,13.0,1.0,0.0,0.0,13.0,0.0,0.0,0.0,1.0,22.0,56
0.0,0.0,2001,0.0,2.0,1.0,0.0,0.0,2.0,0.0,0.0,0.0,0.0,0.0,5
0.0,0.0,2001,3.0,9.0,12.0,1.0,0.0,9.0,0.0,0.0,0.0,1.0,0.0,35
0.0,0.0,2001,9.0,3.0,11.0,0.0,0.0,18.0,1.0,0.0,0.0,1.0,0.0,43
0.0,0.0,2001,4.0,5.0,4.0,0.0,0.0,6.0,1.0,0.0,0.0,0.0,10.0,30
0.0,0.0,2001,6.0,0.0,1.0,10.0,0.0,0.0,0.0,0.0,0.0,0.0,17.0,34
0.0,0.0,2001,5.0,6.0,0.0,0.0,0.0,9.0,0.0,0.0,0.0,0.0,14.0,34
0.0,0.0,2001,1.0,2.0,0.0,0.0,0.0,0.0,0.0,0.0,0.0,0.0,11.0,14
0.0,0.0,2001,0.0,0.0,0.0,0.0,0.0,10.0,0.0,0.0,0.0,1.0,0.0,11
0.0,0.0,2001,203.0,367.0,210.0,17.0,4.0,281.0,21.0,1.0,1.0,43.0,473.0,1621
0.0,0.0,2001,0.0,0.0,0.0,0.0,0.0,0.0,0.0,0.0,0.0,0.0,0.0,0
0.0,0.0,2001,0.0,0.0,0.0,0.0,0.0,0.0,0.0,0.0,0.0,0.0,0.0,0
0.0,0.0,2001,0.0,0.0,0.0,0.0,0.0,0.0,0.0,0.0,0.0,0.0,0.0,0
0.0,0.0,2001,0.0,0.0,0.0,0.0,0.0,0.0,0.0,0.0,0.0,0.0,0.0,0
0.0,0.0,2001,0.0,0.0,0.0,0.0,0.0,0.0,0.0,0.0,0.0,0.0,0.0,0
0.0,0.0,2001,0.0,0.0,0.0,0.0,0.0,0.0,0.0,0.0,0.0,0.0,0.0,0
0.0,0.0,2001,0.0,0.0,0.0,0.0,0.0,0.0,0.0,0.0,0.0,0.0,0.0,0
0.0,0.0,2001,0.0,0.0,0.0,0.0,0.0,0.0,0.0,0.0,0.0,0.0,0.0,0
0.0,0.0,2001,0.0,0.0,0.0,0.0,0.0,0.0,0.0,0.0,0.0,0.0,0.0,0
0.0,0.0,2001,0.0,0.0,0.0,0.0,0.0,0.0,0.0,0.0,0.0,0.0,0.0,0
0.0,0.0,2001,0.0,0.0,0.0,0.0,0.0,0.0,0.0,0.0,0.0,0.0,0.0,0
0.0,0.0,2001,0.0,0.0,0.0,0.0,0.0,0.0,0.0,0.0,0.0,0.0,0.0,0
0.0,0.0,2001,0.0,0.0,0.0,0.0,0.0,0.0,0.0,0.0,0.0,0.0,0.0,0
0.0,0.0,2001,0.0,0.0,0.0,0.0,0.0,0.0,0.0,0.0,0.0,0.0,0.0,0
0.0,0.0,2001,0.0,0.0,0.0,0.0,0.0,0.0,0.0,0.0,0.0,0.0,0.0,0
0.0,0.0,2001,0.0,0.0,0.0,0.0,0.0,0.0,0.0,0.0,0.0,0.0,0.0,0
0.0,0.0,2001,0.0,0.0,0.0,0.0,0.0,0.0,0.0,0.0,0.0,0.0,0.0,0
0.0,0.0,2001,0.0,0.0,0.0,0.0,0.0,0.0,0.0,0.0,0.0,0.0,0.0,0
0.0,0.0,2001,0.0,0.0,0.0,0.0,0.0,0.0,0.0,0.0,0.0,0.0,0.0,0
0.0,0.0,2001,0.0,0.0,0.0,0.0,0.0,0.0,0.0,0.0,0.0,0.0,0.0,0
0.0,0.0,2001,0.0,0.0,0.0,0.0,0.0,0.0,0.0,0.0,0.0,0.0,0.0,0
0.0,0.0,2001,0.0,0.0,0.0,0.0,0.0,0.0,0.0,0.0,0.0,0.0,0.0,0
0.0,0.0,2001,0.0,0.0,0.0,0.0,0.0,0.0,0.0,0.0,0.0,0.0,0.0,0
0.0,0.0,2001,0.0,0.0,0.0,0.0,0.0,0.0,0.0,0.0,0.0,0.0,0.0,0
0.0,0.0,2001,0.0,0.0,0.0,0.0,0.0,0.0,0.0,0.0,0.0,0.0,0.0,0
0.0,0.0,2001,0.0,0.0,0.0,0.0,0.0,0.0,0.0,0.0,0.0,0.0,0.0,0
0.0,0.0,2001,0.0,0.0,0.0,0.0,0.0,0.0,0.0,0.0,0.0,0.0,0.0,0
0.0,0.0,2001,0.0,0.0,0.0,0.0,0.0,0.0,0.0,0.0,0.0,0.0,0.0,0
0.0,0.0,2001,0.0,0.0,0.0,0.0,0.0,0.0,0.0,0.0,0.0,0.0,0.0,0
0.0,0.0,2001,0.0,0.0,0.0,0.0,0.0,0.0,0.0,0.0,0.0,0.0,0.0,0
0.0,0.0,2001,0.0,0.0,0.0,0.0,0.0,0.0,0.0,0.0,0.0,0.0,0.0,0
0.0,0.0,2001,0.0,0.0,0.0,0.0,0.0,0.0,0.0,0.0,0.0,0.0,0.0,0
0.0,0.0,2001,0.0,0.0,0.0,0.0,0.0,0.0,0.0,0.0,0.0,0.0,0.0,0
0.0,0.0,2001,0.0,0.0,0.0,0.0,0.0,0.0,0.0,0.0,0.0,0.0,0.0,0
0.0,0.0,2001,0.0,0.0,0.0,0.0,0.0,0.0,0.0,0.0,0.0,0.0,0.0,0
0.0,0.0,2001,0.0,0.0,0.0,0.0,0.0,0.0,0.0,0.0,0.0,0.0,0.0,0
0.0,0.0,2001,0.0,0.0,0.0,0.0,0.0,0.0,0.0,0.0,0.0,0.0,0.0,0
0.0,0.0,2001,0.0,0.0,0.0,0.0,0.0,0.0,0.0,0.0,0.0,0.0,0.0,0
0.0,0.0,2001,0.0,0.0,2.0,0.0,4.0,1.0,0.0,0.0,0.0,0.0,0.0,7
0.0,0.0,2001,0.0,0.0,0.0,0.0,0.0,0.0,0.0,0.0,0.0,0.0,0.0,0
0.0,0.0,2001,0.0,4.0,0.0,0.0,0.0,0.0,0.0,0.0,0.0,0.0,0.0,4
0.0,0.0,2001,0.0,0.0,0.0,0.0,0.0,0.0,0.0,0.0,0.0,0.0,0.0,0
0.0,0.0,2001,0.0,1.0,0.0,0.0,0.0,0.0,0.0,0.0,0.0,0.0,0.0,1
0.0,0.0,2001,0.0,0.0,0.0,0.0,0.0,0.0,0.0,0.0,0.0,0.0,0.0,0
0.0,0.0,2001,0.0,0.0,0.0,0.0,0.0,0.0,0.0,0.0,0.0,0.0,0.0,0
0.0,0.0,2001,0.0,0.0,0.0,0.0,0.0,0.0,0.0,0.0,0.0,0.0,0.0,0
0.0,0.0,2001,0.0,1.0,0.0,0.0,0.0,0.0,0.0,0.0,0.0,0.0,0.0,1
0.0,0.0,2001,0.0,0.0,0.0,0.0,0.0,0.0,0.0,0.0,0.0,0.0,0.0,0
0.0,0.0,2001,0.0,0.0,3.0,0.0,0.0,0.0,0.0,0.0,0.0,0.0,0.0,3
0.0,0.0,2001,0.0,0.0,10.0,0.0,0.0,0.0,0.0,0.0,0.0,0.0,0.0,10
0.0,0.0,2001,0.0,0.0,0.0,0.0,0.0,0.0,0.0,0.0,0.0,0.0,0.0,0
0.0,0.0,2001,0.0,0.0,0.0,0.0,0.0,0.0,0.0,0.0,0.0,0.0,0.0,0
0.0,0.0,2001,0.0,0.0,0.0,0.0,0.0,0.0,0.0,0.0,0.0,0.0,2.0,2
0.0,0.0,2001,0.0,0.0,0.0,0.0,0.0,0.0,0.0,0.0,0.0,0.0,0.0,0
0.0,0.0,2001,0.0,0.0,0.0,0.0,0.0,0.0,0.0,0.0,0.0,0.0,0.0,0
0.0,0.0,2001,0.0,0.0,0.0,0.0,0.0,0.0,0.0,0.0,0.0,0.0,9.0,9
0.0,0.0,2001,0.0,0.0,0.0,0.0,0.0,0.0,0.0,0.0,0.0,0.0,0.0,0
0.0,0.0,2001,0.0,3.0,2.0,0.0,0.0,0.0,0.0,0.0,0.0,0.0,0.0,5
0.0,0.0,2001,0.0,0.0,0.0,0.0,0.0,0.0,0.0,0.0,0.0,0.0,0.0,0
0.0,0.0,2001,0.0,0.0,0.0,0.0,0.0,0.0,0.0,0.0,0.0,0.0,0.0,0
0.0,0.0,2001,0.0,0.0,0.0,0.0,0.0,0.0,0.0,0.0,0.0,0.0,6.0,6
0.0,0.0,2001,0.0,5.0,0.0,0.0,0.0,0.0,0.0,0.0,0.0,0.0,0.0,5
0.0,0.0,2001,0.0,0.0,0.0,0.0,0.0,0.0,0.0,0.0,0.0,0.0,0.0,0
0.0,0.0,2001,0.0,0.0,0.0,0.0,0.0,0.0,0.0,0.0,0.0,0.0,0.0,0
0.0,0.0,2001,0.0,0.0,0.0,0.0,0.0,0.0,0.0,0.0,0.0,0.0,0.0,0
0.0,0.0,2001,0.0,1.0,0.0,0.0,0.0,0.0,0.0,0.0,0.0,0.0,5.0,6
0.0,0.0,2001,0.0,0.0,0.0,0.0,0.0,0.0,0.0,0.0,0.0,0.0,0.0,0
0.0,0.0,2001,0.0,0.0,0.0,0.0,0.0,0.0,0.0,0.0,0.0,0.0,0.0,0
0.0,0.0,2001,0.0,0.0,0.0,0.0,0.0,0.0,0.0,0.0,0.0,0.0,0.0,0
0.0,0.0,2001,0.0,1.0,4.0,0.0,0.0,0.0,0.0,0.0,0.0,0.0,0.0,5
0.0,0.0,2001,0.0,0.0,0.0,0.0,0.0,0.0,0.0,0.0,0.0,0.0,0.0,0
0.0,0.0,2001,2.0,1.0,1.0,0.0,0.0,0.0,0.0,0.0,0.0,0.0,0.0,4
0.0,0.0,2001,2.0,17.0,22.0,0.0,4.0,1.0,0.0,0.0,0.0,0.0,22.0,68
0.0,0.0,2001,1.0,3.0,3.0,5.0,0.0,0.0,0.0,0.0,0.0,0.0,2.0,14
0.0,0.0,2001,0.0,0.0,0.0,0.0,0.0,0.0,0.0,0.0,0.0,0.0,0.0,0
0.0,0.0,2001,1.0,5.0,1.0,0.0,0.0,0.0,0.0,0.0,0.0,0.0,0.0,7
0.0,0.0,2001,0.0,5.0,1.0,0.0,0.0,0.0,3.0,0.0,0.0,0.0,0.0,9
0.0,0.0,2001,0.0,0.0,0.0,2.0,0.0,0.0,0.0,0.0,0.0,0.0,0.0,2
0.0,0.0,2001,0.0,0.0,0.0,0.0,0.0,1.0,0.0,0.0,0.0,0.0,0.0,1
0.0,0.0,2001,0.0,0.0,0.0,0.0,0.0,0.0,0.0,0.0,0.0,0.0,0.0,0
0.0,0.0,2001,0.0,0.0,0.0,0.0,0.0,0.0,0.0,0.0,0.0,0.0,0.0,0
0.0,0.0,2001,0.0,0.0,5.0,0.0,0.0,0.0,0.0,0.0,0.0,0.0,2.0,7
0.0,0.0,2001,0.0,1.0,0.0,0.0,0.0,0.0,0.0,0.0,0.0,0.0,0.0,1
0.0,0.0,2001,1.0,10.0,1.0,0.0,0.0,0.0,2.0,0.0,0.0,0.0,1.0,15
0.0,0.0,2001,3.0,2.0,7.0,0.0,0.0,0.0,0.0,0.0,0.0,0.0,2.0,14
0.0,0.0,2001,2.0,2.0,3.0,0.0,0.0,1.0,1.0,0.0,0.0,0.0,0.0,9
0.0,0.0,2001,0.0,0.0,1.0,0.0,0.0,0.0,0.0,0.0,0.0,0.0,0.0,1
0.0,0.0,2001,6.0,5.0,7.0,0.0,0.0,0.0,0.0,0.0,0.0,0.0,2.0,20
0.0,0.0,2001,2.0,0.0,0.0,0.0,0.0,0.0,0.0,0.0,0.0,0.0,1.0,3
0.0,0.0,2001,0.0,0.0,0.0,0.0,0.0,0.0,0.0,0.0,0.0,0.0,0.0,0
0.0,0.0,2001,0.0,0.0,0.0,0.0,0.0,0.0,0.0,0.0,0.0,0.0,0.0,0
0.0,0.0,2001,0.0,0.0,0.0,0.0,0.0,0.0,0.0,0.0,0.0,0.0,0.0,0
0.0,0.0,2001,1.0,2.0,1.0,0.0,0.0,0.0,1.0,0.0,0.0,0.0,0.0,5
0.0,0.0,2001,0.0,0.0,0.0,0.0,0.0,0.0,0.0,0.0,0.0,0.0,0.0,0
0.0,0.0,2001,0.0,0.0,0.0,0.0,0.0,0.0,0.0,0.0,0.0,0.0,0.0,0
0.0,0.0,2001,2.0,1.0,2.0,0.0,0.0,1.0,0.0,0.0,0.0,0.0,3.0,9
0.0,0.0,2001,1.0,2.0,3.0,0.0,0.0,0.0,0.0,0.0,0.0,0.0,0.0,6
0.0,0.0,2001,20.0,38.0,35.0,7.0,0.0,3.0,7.0,0.0,0.0,0.0,13.0,123
0.0,0.0,2001,0.0,1.0,0.0,0.0,0.0,0.0,0.0,0.0,0.0,0.0,0.0,1
0.0,0.0,2001,1.0,0.0,0.0,0.0,0.0,7.0,0.0,0.0,0.0,0.0,0.0,8
0.0,0.0,2001,3.0,13.0,30.0,0.0,0.0,10.0,0.0,0.0,0.0,0.0,4.0,60
0.0,0.0,2001,0.0,0.0,0.0,0.0,0.0,0.0,0.0,0.0,0.0,0.0,0.0,0
0.0,0.0,2001,1.0,3.0,6.0,0.0,0.0,2.0,0.0,0.0,0.0,0.0,2.0,14
0.0,0.0,2001,0.0,0.0,0.0,1.0,0.0,0.0,0.0,0.0,0.0,0.0,0.0,1
0.0,0.0,2001,0.0,0.0,0.0,0.0,0.0,0.0,0.0,0.0,0.0,2.0,0.0,2
0.0,0.0,2001,1.0,0.0,0.0,0.0,0.0,3.0,0.0,0.0,0.0,0.0,0.0,4
0.0,0.0,2001,0.0,0.0,0.0,0.0,0.0,1.0,0.0,0.0,0.0,1.0,2.0,4
0.0,0.0,2001,4.0,0.0,0.0,0.0,0.0,5.0,0.0,0.0,0.0,0.0,0.0,9
0.0,0.0,2001,0.0,0.0,0.0,0.0,0.0,0.0,0.0,0.0,0.0,0.0,0.0,0
0.0,0.0,2001,0.0,0.0,0.0,0.0,0.0,0.0,0.0,0.0,0.0,0.0,0.0,0
0.0,0.0,2001,1.0,3.0,4.0,0.0,0.0,0.0,0.0,0.0,0.0,0.0,0.0,8
0.0,0.0,2001,0.0,4.0,3.0,2.0,0.0,5.0,0.0,0.0,0.0,0.0,0.0,14
0.0,0.0,2001,0.0,0.0,0.0,0.0,0.0,5.0,0.0,0.0,0.0,0.0,0.0,5
0.0,0.0,2001,0.0,1.0,0.0,1.0,1.0,1.0,0.0,0.0,0.0,0.0,0.0,4
0.0,0.0,2001,0.0,6.0,5.0,0.0,0.0,0.0,0.0,0.0,0.0,1.0,0.0,12
0.0,0.0,2001,2.0,4.0,9.0,0.0,0.0,9.0,0.0,0.0,0.0,0.0,0.0,24
0.0,0.0,2001,2.0,0.0,0.0,0.0,0.0,0.0,0.0,0.0,0.0,0.0,0.0,2
0.0,0.0,2001,0.0,0.0,0.0,0.0,0.0,0.0,0.0,0.0,0.0,0.0,0.0,0
0.0,0.0,2001,0.0,0.0,0.0,0.0,0.0,0.0,0.0,0.0,0.0,0.0,0.0,0
0.0,0.0,2001,1.0,0.0,0.0,2.0,0.0,2.0,0.0,0.0,0.0,0.0,0.0,5
0.0,0.0,2001,0.0,0.0,0.0,0.0,0.0,0.0,0.0,0.0,0.0,1.0,0.0,1
0.0,0.0,2001,0.0,0.0,0.0,0.0,0.0,0.0,0.0,0.0,0.0,0.0,0.0,0
0.0,0.0,2001,2.0,0.0,5.0,0.0,0.0,0.0,0.0,0.0,0.0,0.0,0.0,7
0.0,0.0,2001,0.0,0.0,0.0,1.0,0.0,0.0,0.0,0.0,0.0,0.0,0.0,1
0.0,0.0,2001,1.0,0.0,0.0,0.0,0.0,0.0,0.0,0.0,0.0,2.0,21.0,24
0.0,0.0,2001,0.0,0.0,0.0,0.0,0.0,0.0,0.0,0.0,0.0,1.0,0.0,1
0.0,0.0,2001,0.0,0.0,0.0,0.0,0.0,0.0,0.0,0.0,0.0,0.0,0.0,0
0.0,0.0,2001,0.0,0.0,0.0,0.0,0.0,0.0,0.0,0.0,0.0,1.0,0.0,1
0.0,0.0,2001,0.0,0.0,0.0,0.0,0.0,0.0,0.0,0.0,0.0,0.0,0.0,0
0.0,0.0,2001,0.0,0.0,0.0,1.0,0.0,4.0,0.0,0.0,0.0,0.0,0.0,5
0.0,0.0,2001,0.0,0.0,0.0,0.0,0.0,0.0,0.0,0.0,0.0,1.0,0.0,1
0.0,0.0,2001,19.0,35.0,62.0,8.0,1.0,54.0,0.0,0.0,0.0,10.0,29.0,218
0.0,0.0,2001,1.0,3.0,0.0,0.0,0.0,0.0,0.0,0.0,0.0,0.0,0.0,4
0.0,0.0,2001,0.0,0.0,0.0,0.0,0.0,0.0,0.0,0.0,0.0,0.0,0.0,0
0.0,0.0,2001,0.0,1.0,0.0,0.0,0.0,0.0,0.0,0.0,0.0,0.0,0.0,1
0.0,0.0,2001,0.0,0.0,0.0,0.0,0.0,0.0,0.0,0.0,0.0,0.0,0.0,0
0.0,0.0,2001,1.0,4.0,0.0,0.0,0.0,0.0,0.0,0.0,0.0,0.0,0.0,5
0.0,0.0,2001,2.0,0.0,0.0,0.0,0.0,0.0,0.0,0.0,0.0,0.0,0.0,2
0.0,0.0,2001,0.0,1.0,0.0,0.0,0.0,0.0,0.0,0.0,0.0,0.0,0.0,1
0.0,0.0,2001,0.0,0.0,0.0,0.0,0.0,0.0,0.0,0.0,0.0,0.0,0.0,0
0.0,0.0,2001,0.0,0.0,0.0,0.0,0.0,0.0,0.0,0.0,0.0,0.0,0.0,0
0.0,0.0,2001,0.0,2.0,0.0,0.0,0.0,0.0,0.0,0.0,0.0,0.0,0.0,2
0.0,0.0,2001,0.0,2.0,0.0,0.0,0.0,1.0,0.0,0.0,0.0,0.0,0.0,3
0.0,0.0,2001,0.0,0.0,0.0,0.0,0.0,0.0,0.0,0.0,0.0,0.0,0.0,0
0.0,0.0,2001,0.0,0.0,0.0,0.0,0.0,0.0,0.0,0.0,0.0,0.0,3.0,3
0.0,0.0,2001,0.0,0.0,0.0,0.0,0.0,0.0,0.0,0.0,0.0,0.0,0.0,0
0.0,0.0,2001,2.0,0.0,1.0,0.0,0.0,0.0,0.0,0.0,0.0,0.0,0.0,3
0.0,0.0,2001,0.0,0.0,0.0,0.0,0.0,0.0,0.0,0.0,0.0,0.0,0.0,0
0.0,0.0,2001,0.0,0.0,0.0,0.0,0.0,0.0,0.0,0.0,0.0,0.0,0.0,0
0.0,0.0,2001,0.0,0.0,0.0,0.0,0.0,0.0,0.0,0.0,0.0,0.0,0.0,0
0.0,0.0,2001,0.0,3.0,0.0,0.0,0.0,0.0,0.0,0.0,0.0,0.0,0.0,3
0.0,0.0,2001,2.0,0.0,0.0,0.0,0.0,0.0,0.0,0.0,0.0,0.0,0.0,2
0.0,0.0,2001,1.0,1.0,0.0,0.0,0.0,0.0,0.0,0.0,0.0,0.0,0.0,2
0.0,0.0,2001,0.0,0.0,0.0,0.0,0.0,0.0,0.0,0.0,0.0,0.0,0.0,0
0.0,0.0,2001,0.0,0.0,0.0,0.0,0.0,0.0,0.0,0.0,0.0,0.0,0.0,0
0.0,0.0,2001,0.0,1.0,0.0,0.0,0.0,0.0,0.0,0.0,0.0,0.0,0.0,1
0.0,0.0,2001,0.0,2.0,0.0,0.0,0.0,0.0,0.0,0.0,0.0,0.0,0.0,2
0.0,0.0,2001,1.0,1.0,1.0,0.0,0.0,0.0,0.0,0.0,0.0,0.0,0.0,3
0.0,0.0,2001,8.0,1.0,0.0,0.0,0.0,0.0,0.0,0.0,0.0,0.0,0.0,9
0.0,0.0,2001,0.0,0.0,0.0,0.0,0.0,0.0,0.0,0.0,0.0,0.0,0.0,0
0.0,0.0,2001,1.0,2.0,0.0,0.0,0.0,0.0,0.0,0.0,0.0,0.0,0.0,3
0.0,0.0,2001,0.0,0.0,0.0,0.0,0.0,0.0,0.0,0.0,0.0,0.0,0.0,0
0.0,0.0,2001,0.0,0.0,0.0,0.0,1.0,0.0,0.0,0.0,0.0,0.0,5.0,6
0.0,0.0,2001,0.0,0.0,0.0,0.0,0.0,0.0,0.0,0.0,0.0,0.0,0.0,0
0.0,0.0,2001,0.0,3.0,0.0,0.0,0.0,0.0,0.0,0.0,0.0,0.0,0.0,3
0.0,0.0,2001,1.0,0.0,0.0,0.0,0.0,0.0,0.0,0.0,0.0,0.0,0.0,1
0.0,0.0,2001,1.0,0.0,4.0,0.0,0.0,0.0,0.0,0.0,0.0,0.0,0.0,5
0.0,0.0,2001,2.0,1.0,0.0,0.0,0.0,0.0,0.0,0.0,0.0,0.0,0.0,3
0.0,0.0,2001,0.0,0.0,0.0,0.0,0.0,0.0,0.0,0.0,0.0,0.0,0.0,0
0.0,0.0,2001,0.0,0.0,0.0,0.0,0.0,0.0,0.0,0.0,0.0,0.0,0.0,0
0.0,0.0,2001,2.0,0.0,0.0,0.0,0.0,0.0,0.0,0.0,0.0,0.0,0.0,2
0.0,0.0,2001,1.0,0.0,1.0,0.0,0.0,0.0,0.0,0.0,0.0,0.0,0.0,2
0.0,0.0,2001,0.0,0.0,0.0,0.0,0.0,0.0,0.0,0.0,0.0,0.0,0.0,0
0.0,0.0,2001,0.0,0.0,0.0,0.0,0.0,0.0,0.0,0.0,0.0,0.0,0.0,0
0.0,0.0,2001,0.0,0.0,0.0,0.0,0.0,0.0,0.0,0.0,0.0,0.0,0.0,0
0.0,0.0,2001,24.0,20.0,7.0,0.0,1.0,1.0,0.0,0.0,0.0,0.0,8.0,61
0.0,0.0,2001,0.0,0.0,0.0,0.0,0.0,0.0,0.0,0.0,0.0,0.0,0.0,0
0.0,0.0,2001,0.0,0.0,0.0,0.0,0.0,0.0,0.0,0.0,0.0,0.0,0.0,0
0.0,0.0,2001,0.0,0.0,0.0,0.0,0.0,0.0,0.0,0.0,0.0,0.0,0.0,0
0.0,0.0,2001,0.0,0.0,0.0,0.0,0.0,0.0,0.0,0.0,0.0,0.0,0.0,0
0.0,0.0,2001,0.0,0.0,0.0,0.0,0.0,0.0,0.0,0.0,0.0,0.0,0.0,0
0.0,0.0,2001,8.0,34.0,88.0,0.0,0.0,0.0,0.0,0.0,0.0,0.0,210.0,340
0.0,0.0,2001,6.0,10.0,12.0,0.0,0.0,0.0,0.0,0.0,0.0,0.0,14.0,42
0.0,0.0,2001,13.0,8.0,43.0,1.0,0.0,0.0,0.0,0.0,0.0,0.0,56.0,121
0.0,0.0,2001,1.0,7.0,6.0,0.0,0.0,0.0,0.0,0.0,0.0,0.0,10.0,24
0.0,0.0,2001,6.0,8.0,16.0,0.0,0.0,0.0,0.0,0.0,0.0,1.0,6.0,37
0.0,0.0,2001,6.0,8.0,8.0,0.0,0.0,0.0,0.0,0.0,0.0,0.0,13.0,35
0.0,0.0,2001,13.0,13.0,13.0,0.0,0.0,0.0,0.0,0.0,0.0,0.0,0.0,39
0.0,0.0,2001,8.0,10.0,26.0,0.0,0.0,0.0,11.0,0.0,0.0,0.0,27.0,82
0.0,0.0,2001,1.0,2.0,9.0,0.0,0.0,0.0,0.0,0.0,0.0,0.0,10.0,22
0.0,0.0,2001,0.0,3.0,0.0,0.0,0.0,0.0,0.0,0.0,0.0,0.0,1.0,4
0.0,0.0,2001,3.0,4.0,6.0,0.0,0.0,0.0,0.0,0.0,0.0,0.0,15.0,28
0.0,0.0,2001,3.0,8.0,9.0,0.0,0.0,0.0,0.0,0.0,0.0,0.0,2.0,22
0.0,0.0,2001,7.0,14.0,46.0,0.0,0.0,0.0,0.0,0.0,0.0,0.0,23.0,90
0.0,0.0,2001,7.0,15.0,49.0,0.0,0.0,0.0,0.0,0.0,0.0,0.0,106.0,177
0.0,0.0,2001,4.0,6.0,9.0,0.0,0.0,0.0,0.0,0.0,0.0,0.0,14.0,33
0.0,0.0,2001,18.0,10.0,18.0,0.0,0.0,0.0,0.0,0.0,0.0,0.0,10.0,56
0.0,0.0,2001,21.0,4.0,6.0,0.0,0.0,0.0,0.0,0.0,0.0,0.0,76.0,107
0.0,0.0,2001,3.0,3.0,8.0,0.0,0.0,0.0,0.0,0.0,0.0,0.0,6.0,20
0.0,0.0,2001,5.0,3.0,2.0,0.0,0.0,0.0,0.0,0.0,0.0,0.0,11.0,21
0.0,0.0,2001,2.0,2.0,12.0,0.0,0.0,0.0,0.0,0.0,0.0,0.0,14.0,30
0.0,0.0,2001,32.0,5.0,11.0,0.0,0.0,0.0,0.0,0.0,0.0,0.0,10.0,58
0.0,0.0,2001,4.0,10.0,27.0,0.0,0.0,0.0,1.0,0.0,0.0,0.0,3.0,45
0.0,0.0,2001,4.0,11.0,20.0,0.0,0.0,0.0,0.0,0.0,0.0,0.0,8.0,43
0.0,0.0,2001,8.0,4.0,14.0,0.0,0.0,0.0,0.0,0.0,0.0,0.0,10.0,36
0.0,0.0,2001,16.0,10.0,5.0,0.0,0.0,0.0,3.0,0.0,0.0,0.0,44.0,78
0.0,0.0,2001,6.0,8.0,49.0,0.0,0.0,0.0,2.0,0.0,0.0,0.0,90.0,155
0.0,0.0,2001,0.0,0.0,1.0,0.0,0.0,0.0,0.0,0.0,0.0,0.0,0.0,1
0.0,0.0,2001,8.0,12.0,21.0,0.0,0.0,0.0,0.0,0.0,0.0,0.0,11.0,52
0.0,0.0,2001,35.0,9.0,20.0,0.0,0.0,0.0,0.0,0.0,0.0,0.0,22.0,86
0.0,0.0,2001,1.0,4.0,7.0,0.0,0.0,0.0,0.0,0.0,0.0,0.0,0.0,12
0.0,0.0,2001,2.0,2.0,7.0,0.0,0.0,0.0,0.0,0.0,0.0,0.0,0.0,11
0.0,0.0,2001,13.0,5.0,16.0,0.0,0.0,0.0,0.0,0.0,1.0,0.0,9.0,44
0.0,0.0,2001,1.0,0.0,6.0,0.0,0.0,0.0,0.0,0.0,0.0,0.0,7.0,14
0.0,0.0,2001,0.0,8.0,15.0,0.0,0.0,0.0,0.0,0.0,0.0,0.0,7.0,30
0.0,0.0,2001,8.0,10.0,26.0,0.0,0.0,0.0,0.0,0.0,0.0,0.0,12.0,56
0.0,0.0,2001,15.0,10.0,0.0,0.0,0.0,0.0,0.0,0.0,0.0,0.0,0.0,25
0.0,0.0,2001,7.0,2.0,24.0,0.0,0.0,0.0,0.0,0.0,0.0,0.0,2.0,35
0.0,0.0,2001,5.0,5.0,8.0,0.0,0.0,0.0,0.0,0.0,0.0,0.0,7.0,25
0.0,0.0,2001,2.0,6.0,10.0,0.0,0.0,0.0,0.0,0.0,0.0,0.0,8.0,26
0.0,0.0,2001,2.0,0.0,0.0,0.0,0.0,0.0,0.0,0.0,0.0,0.0,0.0,2
0.0,0.0,2001,0.0,3.0,12.0,0.0,0.0,0.0,0.0,0.0,0.0,0.0,14.0,29
0.0,0.0,2001,1.0,7.0,49.0,0.0,0.0,0.0,10.0,0.0,0.0,0.0,11.0,78
0.0,0.0,2001,8.0,4.0,4.0,0.0,0.0,0.0,0.0,0.0,0.0,0.0,10.0,26
0.0,0.0,2001,0.0,23.0,11.0,0.0,0.0,0.0,0.0,0.0,0.0,0.0,7.0,41
0.0,0.0,2001,6.0,2.0,6.0,0.0,0.0,0.0,0.0,0.0,0.0,0.0,5.0,19
0.0,0.0,2001,0.0,5.0,2.0,0.0,0.0,0.0,1.0,0.0,0.0,0.0,40.0,48
0.0,0.0,2001,12.0,13.0,21.0,0.0,0.0,0.0,0.0,1.0,0.0,0.0,6.0,53
0.0,0.0,2001,7.0,6.0,7.0,0.0,0.0,0.0,0.0,0.0,0.0,0.0,21.0,41
0.0,0.0,2001,1.0,5.0,6.0,0.0,0.0,0.0,0.0,0.0,0.0,0.0,25.0,37
0.0,0.0,2001,8.0,4.0,17.0,0.0,0.0,0.0,0.0,0.0,0.0,0.0,3.0,32
0.0,0.0,2001,4.0,10.0,15.0,0.0,0.0,0.0,1.0,0.0,0.0,0.0,20.0,50
0.0,0.0,2001,1.0,5.0,8.0,0.0,0.0,0.0,0.0,0.0,0.0,0.0,9.0,23
0.0,0.0,2001,27.0,19.0,84.0,0.0,0.0,0.0,0.0,0.0,0.0,0.0,136.0,266
0.0,0.0,2001,5.0,8.0,6.0,0.0,0.0,0.0,0.0,0.0,0.0,0.0,10.0,29
0.0,0.0,2001,16.0,8.0,33.0,0.0,0.0,0.0,0.0,0.0,0.0,0.0,37.0,94
0.0,0.0,2001,25.0,17.0,17.0,0.0,0.0,0.0,0.0,0.0,0.0,0.0,26.0,85
0.0,0.0,2001,4.0,17.0,28.0,0.0,0.0,0.0,0.0,0.0,0.0,0.0,0.0,49
0.0,0.0,2001,5.0,8.0,1.0,0.0,0.0,0.0,0.0,0.0,0.0,0.0,14.0,28
0.0,0.0,2001,1.0,15.0,22.0,0.0,0.0,0.0,0.0,0.0,0.0,0.0,9.0,47
0.0,0.0,2001,0.0,4.0,4.0,0.0,0.0,0.0,0.0,0.0,0.0,0.0,2.0,10
0.0,0.0,2001,7.0,7.0,21.0,0.0,0.0,0.0,0.0,0.0,0.0,0.0,11.0,46
0.0,0.0,2001,1.0,6.0,9.0,0.0,0.0,0.0,0.0,0.0,0.0,0.0,15.0,31
0.0,0.0,2001,15.0,9.0,18.0,0.0,0.0,0.0,0.0,0.0,0.0,0.0,21.0,63
0.0,0.0,2001,4.0,5.0,5.0,0.0,0.0,0.0,0.0,0.0,0.0,0.0,13.0,27
0.0,0.0,2001,3.0,7.0,11.0,0.0,0.0,0.0,0.0,0.0,0.0,0.0,6.0,27
0.0,0.0,2001,0.0,10.0,24.0,0.0,0.0,0.0,0.0,0.0,0.0,0.0,0.0,34
0.0,0.0,2001,1.0,2.0,7.0,0.0,0.0,0.0,0.0,0.0,0.0,0.0,18.0,28
0.0,0.0,2001,0.0,0.0,3.0,0.0,0.0,0.0,0.0,0.0,0.0,0.0,0.0,3
0.0,0.0,2001,7.0,6.0,10.0,0.0,0.0,0.0,0.0,0.0,0.0,0.0,8.0,31
0.0,0.0,2001,9.0,21.0,40.0,0.0,0.0,0.0,0.0,0.0,0.0,0.0,54.0,124
0.0,0.0,2001,7.0,13.0,11.0,0.0,0.0,0.0,0.0,0.0,0.0,0.0,15.0,46
0.0,0.0,2001,489.0,562.0,1185.0,1.0,0.0,0.0,29.0,1.0,1.0,1.0,1440.0,3709
0.0,0.0,2001,0.0,0.0,0.0,0.0,0.0,0.0,0.0,0.0,0.0,0.0,0.0,0
0.0,0.0,2001,0.0,0.0,0.0,0.0,0.0,0.0,0.0,0.0,0.0,0.0,0.0,0
0.0,0.0,2001,0.0,0.0,0.0,0.0,0.0,0.0,0.0,0.0,0.0,0.0,0.0,0
0.0,0.0,2001,0.0,0.0,0.0,0.0,0.0,0.0,0.0,0.0,0.0,0.0,0.0,0
0.0,0.0,2001,0.0,0.0,0.0,0.0,0.0,0.0,0.0,0.0,0.0,0.0,0.0,0
0.0,0.0,2001,9.0,5.0,4.0,0.0,0.0,0.0,7.0,0.0,0.0,0.0,5.0,30
0.0,0.0,2001,0.0,0.0,0.0,0.0,0.0,0.0,0.0,0.0,0.0,0.0,0.0,0
0.0,0.0,2001,0.0,0.0,0.0,0.0,0.0,0.0,0.0,0.0,0.0,0.0,0.0,0
0.0,0.0,2001,0.0,0.0,0.0,0.0,0.0,0.0,0.0,0.0,0.0,0.0,0.0,0
0.0,0.0,2001,0.0,0.0,0.0,0.0,0.0,0.0,0.0,0.0,0.0,0.0,0.0,0
0.0,0.0,2001,0.0,0.0,0.0,0.0,0.0,0.0,0.0,0.0,0.0,0.0,0.0,0
0.0,0.0,2001,0.0,4.0,12.0,0.0,0.0,0.0,0.0,0.0,0.0,0.0,0.0,16
0.0,0.0,2001,0.0,0.0,0.0,0.0,0.0,0.0,0.0,0.0,0.0,0.0,0.0,0
0.0,0.0,2001,9.0,9.0,16.0,0.0,0.0,0.0,7.0,0.0,0.0,0.0,5.0,46
0.0,0.0,2001,0.0,0.0,0.0,0.0,0.0,0.0,0.0,0.0,0.0,0.0,0.0,0
0.0,0.0,2001,0.0,0.0,0.0,0.0,0.0,0.0,0.0,0.0,0.0,0.0,0.0,0
0.0,0.0,2001,0.0,0.0,0.0,0.0,0.0,0.0,0.0,0.0,0.0,0.0,0.0,0
0.0,0.0,2001,0.0,0.0,0.0,0.0,0.0,0.0,0.0,0.0,0.0,0.0,0.0,0
0.0,0.0,2001,0.0,0.0,0.0,0.0,0.0,0.0,0.0,0.0,0.0,0.0,0.0,0
0.0,0.0,2001,0.0,0.0,0.0,0.0,0.0,0.0,0.0,0.0,0.0,0.0,0.0,0
0.0,0.0,2001,0.0,0.0,0.0,0.0,0.0,0.0,0.0,0.0,0.0,0.0,0.0,0
0.0,0.0,2001,0.0,0.0,0.0,0.0,0.0,0.0,0.0,0.0,0.0,0.0,0.0,0
0.0,0.0,2001,0.0,0.0,0.0,0.0,0.0,0.0,0.0,0.0,0.0,0.0,0.0,0
0.0,0.0,2001,0.0,0.0,0.0,0.0,0.0,0.0,0.0,0.0,0.0,0.0,0.0,0
0.0,0.0,2001,0.0,0.0,2.0,0.0,0.0,0.0,0.0,0.0,0.0,0.0,0.0,2
0.0,0.0,2001,0.0,0.0,0.0,0.0,0.0,0.0,0.0,0.0,0.0,0.0,0.0,0
0.0,0.0,2001,0.0,0.0,0.0,0.0,0.0,0.0,0.0,0.0,0.0,0.0,0.0,0
0.0,0.0,2001,0.0,0.0,0.0,0.0,0.0,0.0,0.0,0.0,0.0,0.0,0.0,0
0.0,0.0,2001,3.0,12.0,65.0,0.0,0.0,0.0,8.0,3.0,2.0,0.0,52.0,145
0.0,0.0,2001,0.0,0.0,14.0,0.0,0.0,0.0,0.0,0.0,0.0,0.0,0.0,14
0.0,0.0,2001,0.0,0.0,0.0,0.0,0.0,0.0,0.0,0.0,0.0,0.0,0.0,0
0.0,0.0,2001,0.0,0.0,0.0,0.0,0.0,0.0,0.0,0.0,0.0,0.0,0.0,0
0.0,0.0,2001,0.0,0.0,0.0,0.0,0.0,0.0,0.0,0.0,0.0,0.0,0.0,0
0.0,0.0,2001,0.0,0.0,0.0,0.0,0.0,0.0,0.0,0.0,0.0,0.0,0.0,0
0.0,0.0,2001,0.0,0.0,0.0,0.0,0.0,0.0,1.0,0.0,0.0,0.0,0.0,1
0.0,0.0,2001,0.0,0.0,0.0,0.0,0.0,0.0,0.0,0.0,0.0,0.0,0.0,0
0.0,0.0,2001,0.0,0.0,5.0,0.0,0.0,0.0,0.0,0.0,0.0,0.0,0.0,5
0.0,0.0,2001,3.0,12.0,86.0,0.0,0.0,0.0,9.0,3.0,2.0,0.0,52.0,167
0.0,0.0,2001,0.0,0.0,0.0,0.0,0.0,0.0,0.0,0.0,0.0,0.0,0.0,0
0.0,0.0,2001,0.0,0.0,0.0,0.0,0.0,0.0,0.0,0.0,0.0,0.0,0.0,0
0.0,0.0,2001,0.0,0.0,0.0,0.0,0.0,0.0,0.0,0.0,0.0,0.0,0.0,0
0.0,0.0,2001,0.0,8.0,32.0,0.0,0.0,5.0,0.0,0.0,0.0,2.0,11.0,58
0.0,0.0,2001,0.0,8.0,32.0,0.0,0.0,5.0,0.0,0.0,0.0,2.0,11.0,58
0.0,0.0,2001,0.0,0.0,0.0,0.0,0.0,0.0,0.0,0.0,0.0,0.0,0.0,0
0.0,0.0,2001,0.0,0.0,0.0,0.0,0.0,0.0,0.0,0.0,0.0,0.0,0.0,0
0.0,0.0,2001,0.0,0.0,0.0,0.0,0.0,0.0,0.0,0.0,0.0,0.0,0.0,0
0.0,0.0,2001,0.0,0.0,0.0,0.0,0.0,0.0,0.0,0.0,0.0,0.0,0.0,0
0.0,0.0,2001,0.0,0.0,0.0,0.0,0.0,0.0,0.0,0.0,0.0,0.0,0.0,0
0.0,0.0,2001,0.0,6.0,25.0,0.0,0.0,4.0,1.0,0.0,0.0,0.0,2.0,38
0.0,0.0,2001,22.0,113.0,612.0,2.0,0.0,60.0,3.0,0.0,1.0,0.0,99.0,912
0.0,0.0,2001,2.0,4.0,41.0,0.0,0.0,7.0,0.0,0.0,1.0,0.0,37.0,92
0.0,0.0,2001,0.0,0.0,2.0,0.0,0.0,3.0,0.0,0.0,0.0,0.0,0.0,5
0.0,0.0,2001,0.0,0.0,0.0,0.0,0.0,0.0,0.0,0.0,0.0,0.0,1.0,1
0.0,0.0,2001,0.0,2.0,9.0,0.0,0.0,2.0,0.0,0.0,0.0,0.0,16.0,29
0.0,0.0,2001,2.0,3.0,48.0,0.0,0.0,2.0,0.0,0.0,0.0,0.0,0.0,55
0.0,0.0,2001,3.0,16.0,47.0,0.0,0.0,2.0,0.0,0.0,0.0,0.0,32.0,100
0.0,0.0,2001,8.0,31.0,274.0,0.0,0.0,12.0,0.0,0.0,0.0,0.0,0.0,325
0.0,0.0,2001,0.0,0.0,0.0,0.0,0.0,0.0,0.0,0.0,0.0,0.0,0.0,0
0.0,0.0,2001,3.0,18.0,62.0,0.0,0.0,17.0,0.0,0.0,0.0,0.0,5.0,105
0.0,0.0,2001,3.0,19.0,54.0,1.0,0.0,7.0,0.0,0.0,0.0,0.0,2.0,86
0.0,0.0,2001,1.0,14.0,50.0,1.0,0.0,4.0,2.0,0.0,0.0,0.0,4.0,76
0.0,0.0,2001,1.0,0.0,0.0,0.0,0.0,0.0,0.0,0.0,0.0,0.0,0.0,1
0.0,0.0,2001,1.0,0.0,0.0,0.0,0.0,0.0,0.0,0.0,0.0,0.0,0.0,1
0.0,0.0,2001,1.0,4.0,0.0,0.0,0.0,0.0,0.0,0.0,0.0,0.0,0.0,5
0.0,0.0,2001,1.0,4.0,0.0,0.0,0.0,0.0,0.0,0.0,0.0,0.0,0.0,5
0.0,0.0,2002,0.0,0.0,0.0,0.0,0.0,0.0,0.0,0.0,0.0,0.0,0.0,0
0.0,0.0,2002,17.0,18.0,43.0,0.0,11.0,0.0,0.0,0.0,0.0,1.0,0.0,90
0.0,0.0,2002,0.0,0.0,0.0,0.0,0.0,0.0,0.0,0.0,0.0,0.0,0.0,0
0.0,0.0,2002,0.0,0.0,0.0,0.0,0.0,0.0,0.0,0.0,0.0,0.0,0.0,0
0.0,0.0,2002,0.0,0.0,0.0,0.0,0.0,0.0,0.0,0.0,0.0,0.0,0.0,0
0.0,0.0,2002,0.0,0.0,0.0,0.0,0.0,0.0,0.0,0.0,0.0,0.0,0.0,0
0.0,0.0,2002,0.0,0.0,0.0,0.0,0.0,0.0,0.0,0.0,0.0,0.0,0.0,0
0.0,0.0,2002,0.0,20.0,2.0,0.0,0.0,0.0,0.0,0.0,0.0,1.0,0.0,23
0.0,0.0,2002,0.0,14.0,3.0,0.0,0.0,0.0,0.0,0.0,0.0,0.0,12.0,29
0.0,0.0,2002,0.0,0.0,0.0,0.0,0.0,0.0,0.0,0.0,0.0,0.0,0.0,0
0.0,0.0,2002,4.0,11.0,3.0,0.0,1.0,0.0,3.0,0.0,0.0,0.0,5.0,27
0.0,0.0,2002,0.0,0.0,0.0,0.0,0.0,0.0,0.0,0.0,0.0,1.0,0.0,1
0.0,0.0,2002,0.0,0.0,0.0,0.0,0.0,0.0,0.0,0.0,0.0,0.0,0.0,0
0.0,0.0,2002,7.0,13.0,10.0,0.0,0.0,0.0,3.0,0.0,0.0,1.0,0.0,34
0.0,0.0,2002,3.0,20.0,10.0,0.0,0.0,0.0,0.0,0.0,0.0,0.0,0.0,33
0.0,0.0,2002,0.0,0.0,0.0,0.0,0.0,0.0,0.0,0.0,0.0,0.0,0.0,0
0.0,0.0,2002,3.0,10.0,5.0,0.0,1.0,5.0,0.0,0.0,0.0,0.0,15.0,39
0.0,0.0,2002,0.0,1.0,0.0,0.0,0.0,0.0,0.0,0.0,0.0,0.0,0.0,1
0.0,0.0,2002,3.0,3.0,0.0,0.0,0.0,0.0,2.0,0.0,0.0,0.0,0.0,8
0.0,0.0,2002,0.0,0.0,0.0,0.0,0.0,0.0,0.0,0.0,0.0,0.0,0.0,0
0.0,0.0,2002,0.0,0.0,0.0,0.0,0.0,0.0,0.0,0.0,0.0,0.0,0.0,0
0.0,0.0,2002,1.0,7.0,4.0,0.0,0.0,0.0,0.0,0.0,0.0,0.0,0.0,12
0.0,0.0,2002,3.0,1.0,1.0,0.0,0.0,0.0,0.0,0.0,0.0,0.0,0.0,5
0.0,0.0,2002,0.0,0.0,0.0,0.0,0.0,0.0,0.0,0.0,0.0,0.0,0.0,0
0.0,0.0,2002,0.0,0.0,0.0,0.0,0.0,0.0,0.0,0.0,0.0,0.0,0.0,0
0.0,0.0,2002,0.0,0.0,0.0,0.0,0.0,0.0,0.0,0.0,0.0,0.0,0.0,0
0.0,0.0,2002,0.0,0.0,0.0,0.0,0.0,0.0,0.0,0.0,0.0,2.0,0.0,2
0.0,0.0,2002,2.0,19.0,5.0,0.0,0.0,0.0,1.0,1.0,0.0,0.0,1.0,29
0.0,0.0,2002,43.0,137.0,86.0,0.0,13.0,5.0,9.0,1.0,0.0,6.0,33.0,333
0.0,0.0,2002,0.0,2.0,0.0,0.0,0.0,0.0,0.0,0.0,0.0,0.0,0.0,2
0.0,0.0,2002,0.0,0.0,0.0,0.0,0.0,0.0,0.0,0.0,0.0,0.0,0.0,0
0.0,0.0,2002,0.0,0.0,0.0,0.0,0.0,0.0,0.0,0.0,0.0,0.0,0.0,0
0.0,0.0,2002,0.0,0.0,0.0,0.0,0.0,0.0,0.0,0.0,0.0,0.0,0.0,0
0.0,0.0,2002,0.0,0.0,0.0,0.0,0.0,0.0,0.0,0.0,0.0,0.0,0.0,0
0.0,0.0,2002,0.0,0.0,0.0,0.0,0.0,0.0,0.0,0.0,0.0,0.0,0.0,0
0.0,0.0,2002,0.0,0.0,0.0,0.0,0.0,0.0,0.0,0.0,0.0,0.0,0.0,0
0.0,0.0,2002,0.0,0.0,0.0,0.0,0.0,0.0,0.0,0.0,0.0,0.0,0.0,0
0.0,0.0,2002,0.0,0.0,0.0,0.0,0.0,0.0,0.0,0.0,0.0,0.0,0.0,0
0.0,0.0,2002,0.0,0.0,3.0,0.0,0.0,0.0,0.0,0.0,0.0,0.0,0.0,3
0.0,0.0,2002,0.0,0.0,0.0,0.0,0.0,0.0,0.0,0.0,0.0,0.0,0.0,0
0.0,0.0,2002,0.0,0.0,0.0,0.0,0.0,0.0,0.0,0.0,0.0,0.0,0.0,0
0.0,0.0,2002,0.0,1.0,0.0,0.0,0.0,0.0,0.0,0.0,0.0,0.0,0.0,1
0.0,0.0,2002,0.0,3.0,3.0,0.0,0.0,0.0,0.0,0.0,0.0,0.0,0.0,6
0.0,0.0,2002,0.0,0.0,0.0,0.0,0.0,0.0,0.0,0.0,0.0,0.0,0.0,0
0.0,0.0,2002,0.0,0.0,0.0,0.0,0.0,0.0,0.0,0.0,0.0,0.0,0.0,0
0.0,0.0,2002,0.0,0.0,0.0,0.0,0.0,0.0,0.0,0.0,0.0,0.0,0.0,0
0.0,0.0,2002,0.0,0.0,0.0,0.0,0.0,0.0,0.0,0.0,0.0,0.0,0.0,0
0.0,0.0,2002,0.0,0.0,0.0,0.0,0.0,0.0,0.0,0.0,0.0,0.0,0.0,0
0.0,0.0,2002,0.0,0.0,0.0,0.0,0.0,0.0,0.0,0.0,0.0,0.0,0.0,0
0.0,0.0,2002,1.0,0.0,0.0,0.0,0.0,0.0,0.0,0.0,0.0,1.0,0.0,2
0.0,0.0,2002,0.0,0.0,0.0,0.0,0.0,0.0,0.0,0.0,0.0,0.0,0.0,0
0.0,0.0,2002,0.0,0.0,0.0,0.0,0.0,0.0,0.0,0.0,0.0,0.0,0.0,0
0.0,0.0,2002,0.0,0.0,0.0,0.0,0.0,0.0,0.0,0.0,0.0,0.0,0.0,0
0.0,0.0,2002,0.0,0.0,0.0,0.0,0.0,0.0,0.0,0.0,0.0,0.0,0.0,0
0.0,0.0,2002,0.0,0.0,0.0,0.0,0.0,0.0,0.0,0.0,0.0,0.0,0.0,0
0.0,0.0,2002,0.0,0.0,0.0,0.0,0.0,0.0,0.0,0.0,0.0,0.0,0.0,0
0.0,0.0,2002,0.0,0.0,0.0,0.0,0.0,0.0,0.0,0.0,0.0,0.0,0.0,0
0.0,0.0,2002,0.0,0.0,0.0,0.0,0.0,0.0,0.0,0.0,0.0,0.0,0.0,0
0.0,0.0,2002,0.0,0.0,1.0,0.0,0.0,0.0,6.0,0.0,0.0,0.0,0.0,7
0.0,0.0,2002,0.0,0.0,0.0,0.0,0.0,0.0,0.0,0.0,0.0,0.0,0.0,0
0.0,0.0,2002,0.0,0.0,0.0,0.0,0.0,0.0,0.0,0.0,0.0,0.0,0.0,0
0.0,0.0,2002,0.0,0.0,0.0,0.0,0.0,0.0,0.0,0.0,0.0,0.0,0.0,0
0.0,0.0,2002,0.0,0.0,0.0,0.0,0.0,0.0,0.0,0.0,0.0,0.0,0.0,0
0.0,0.0,2002,0.0,0.0,0.0,0.0,0.0,0.0,0.0,0.0,0.0,0.0,0.0,0
0.0,0.0,2002,0.0,0.0,0.0,0.0,0.0,0.0,0.0,0.0,0.0,0.0,0.0,0
0.0,0.0,2002,1.0,3.0,0.0,0.0,0.0,0.0,0.0,0.0,0.0,0.0,1.0,5
0.0,0.0,2002,0.0,0.0,0.0,0.0,0.0,0.0,0.0,0.0,0.0,0.0,0.0,0
0.0,0.0,2002,0.0,0.0,0.0,0.0,0.0,0.0,0.0,0.0,0.0,0.0,0.0,0
0.0,0.0,2002,0.0,0.0,0.0,0.0,0.0,0.0,0.0,0.0,0.0,0.0,0.0,0
0.0,0.0,2002,0.0,0.0,0.0,0.0,0.0,0.0,0.0,0.0,0.0,0.0,0.0,0
0.0,0.0,2002,2.0,3.0,1.0,0.0,0.0,0.0,6.0,0.0,0.0,1.0,1.0,14
0.0,0.0,2002,0.0,0.0,0.0,0.0,0.0,0.0,0.0,0.0,0.0,0.0,0.0,0
0.0,0.0,2002,0.0,0.0,0.0,0.0,0.0,0.0,0.0,0.0,0.0,0.0,0.0,0
0.0,0.0,2002,0.0,0.0,0.0,0.0,0.0,0.0,0.0,0.0,0.0,0.0,0.0,0
0.0,0.0,2002,0.0,0.0,0.0,0.0,0.0,0.0,0.0,0.0,0.0,0.0,0.0,0
0.0,0.0,2002,0.0,0.0,0.0,0.0,0.0,0.0,0.0,0.0,0.0,0.0,0.0,0
0.0,0.0,2002,0.0,0.0,0.0,0.0,0.0,0.0,0.0,0.0,0.0,0.0,0.0,0
0.0,0.0,2002,0.0,0.0,0.0,0.0,0.0,0.0,0.0,0.0,0.0,0.0,0.0,0
0.0,0.0,2002,0.0,0.0,0.0,0.0,0.0,0.0,1.0,0.0,0.0,0.0,0.0,1
0.0,0.0,2002,0.0,0.0,0.0,0.0,0.0,0.0,0.0,0.0,0.0,0.0,0.0,0
0.0,0.0,2002,0.0,0.0,0.0,0.0,0.0,0.0,0.0,0.0,0.0,0.0,0.0,0
0.0,0.0,2002,0.0,0.0,0.0,0.0,0.0,0.0,0.0,0.0,0.0,0.0,0.0,0
0.0,0.0,2002,0.0,0.0,0.0,0.0,0.0,0.0,0.0,0.0,0.0,0.0,0.0,0
0.0,0.0,2002,0.0,0.0,0.0,0.0,0.0,0.0,0.0,0.0,0.0,1.0,0.0,1
0.0,0.0,2002,0.0,0.0,0.0,0.0,0.0,0.0,0.0,0.0,0.0,0.0,0.0,0
0.0,0.0,2002,0.0,0.0,0.0,1.0,0.0,0.0,0.0,0.0,0.0,0.0,0.0,1
0.0,0.0,2002,0.0,0.0,0.0,0.0,0.0,0.0,0.0,0.0,0.0,0.0,0.0,0
0.0,0.0,2002,0.0,0.0,0.0,0.0,0.0,0.0,0.0,0.0,0.0,0.0,0.0,0
0.0,0.0,2002,0.0,0.0,0.0,0.0,0.0,0.0,0.0,0.0,0.0,0.0,0.0,0
0.0,0.0,2002,0.0,0.0,0.0,0.0,0.0,0.0,0.0,0.0,0.0,0.0,0.0,0
0.0,0.0,2002,2.0,3.0,6.0,0.0,0.0,0.0,7.0,0.0,0.0,0.0,4.0,22
0.0,0.0,2002,0.0,0.0,0.0,0.0,0.0,0.0,0.0,0.0,0.0,0.0,0.0,0
0.0,0.0,2002,5.0,0.0,4.0,0.0,0.0,0.0,0.0,0.0,0.0,0.0,0.0,9
0.0,0.0,2002,0.0,0.0,3.0,0.0,0.0,0.0,0.0,0.0,0.0,0.0,0.0,3
0.0,0.0,2002,0.0,0.0,0.0,0.0,0.0,0.0,0.0,0.0,0.0,0.0,0.0,0
0.0,0.0,2002,0.0,0.0,0.0,0.0,0.0,0.0,0.0,0.0,0.0,0.0,0.0,0
0.0,0.0,2002,0.0,0.0,1.0,0.0,0.0,0.0,0.0,0.0,0.0,0.0,0.0,1
0.0,0.0,2002,0.0,0.0,0.0,0.0,0.0,0.0,0.0,0.0,0.0,0.0,0.0,0
0.0,0.0,2002,0.0,0.0,3.0,0.0,0.0,0.0,0.0,0.0,0.0,0.0,0.0,3
0.0,0.0,2002,3.0,0.0,5.0,0.0,0.0,0.0,1.0,0.0,0.0,0.0,0.0,9
0.0,0.0,2002,0.0,0.0,0.0,0.0,0.0,0.0,0.0,0.0,0.0,0.0,1.0,1
0.0,0.0,2002,0.0,0.0,0.0,0.0,0.0,0.0,0.0,0.0,0.0,0.0,0.0,0
0.0,0.0,2002,0.0,0.0,2.0,0.0,0.0,1.0,0.0,0.0,0.0,0.0,1.0,4
0.0,0.0,2002,0.0,0.0,0.0,0.0,0.0,0.0,0.0,0.0,0.0,0.0,0.0,0
0.0,0.0,2002,0.0,0.0,0.0,0.0,0.0,0.0,0.0,0.0,0.0,0.0,0.0,0
0.0,0.0,2002,0.0,0.0,0.0,0.0,0.0,0.0,0.0,0.0,0.0,0.0,0.0,0
0.0,0.0,2002,0.0,0.0,0.0,0.0,0.0,0.0,0.0,0.0,0.0,0.0,0.0,0
0.0,0.0,2002,0.0,0.0,0.0,0.0,0.0,0.0,0.0,0.0,0.0,0.0,0.0,0
0.0,0.0,2002,0.0,0.0,0.0,0.0,0.0,0.0,0.0,0.0,0.0,0.0,0.0,0
0.0,0.0,2002,0.0,0.0,0.0,0.0,0.0,0.0,0.0,0.0,0.0,0.0,0.0,0
0.0,0.0,2002,0.0,0.0,1.0,0.0,0.0,0.0,0.0,0.0,0.0,0.0,0.0,1
0.0,0.0,2002,0.0,0.0,1.0,0.0,0.0,0.0,0.0,0.0,0.0,0.0,0.0,1
0.0,0.0,2002,0.0,0.0,0.0,0.0,0.0,0.0,0.0,0.0,0.0,0.0,0.0,0
0.0,0.0,2002,0.0,0.0,0.0,0.0,0.0,0.0,0.0,0.0,0.0,0.0,0.0,0
0.0,0.0,2002,0.0,0.0,0.0,0.0,0.0,0.0,0.0,0.0,0.0,0.0,0.0,0
0.0,0.0,2002,10.0,3.0,26.0,1.0,0.0,1.0,9.0,0.0,0.0,1.0,6.0,57
0.0,0.0,2002,3.0,0.0,0.0,0.0,0.0,0.0,0.0,0.0,0.0,0.0,3.0,6
0.0,0.0,2002,0.0,28.0,3.0,0.0,0.0,1.0,0.0,0.0,0.0,26.0,61.0,119
0.0,0.0,2002,1.0,0.0,0.0,0.0,0.0,0.0,0.0,0.0,0.0,0.0,3.0,4
0.0,0.0,2002,0.0,2.0,1.0,0.0,0.0,0.0,0.0,0.0,0.0,0.0,3.0,6
0.0,0.0,2002,0.0,0.0,0.0,0.0,0.0,0.0,0.0,0.0,0.0,0.0,0.0,0
0.0,0.0,2002,3.0,10.0,0.0,0.0,0.0,0.0,0.0,0.0,0.0,0.0,193.0,206
0.0,0.0,2002,0.0,0.0,0.0,0.0,0.0,0.0,0.0,0.0,0.0,0.0,0.0,0
0.0,0.0,2002,4.0,5.0,3.0,0.0,0.0,0.0,0.0,0.0,0.0,0.0,90.0,102
0.0,0.0,2002,0.0,8.0,7.0,0.0,0.0,4.0,0.0,0.0,0.0,0.0,0.0,19
0.0,0.0,2002,1.0,1.0,0.0,0.0,0.0,0.0,0.0,0.0,0.0,0.0,16.0,18
0.0,0.0,2002,0.0,0.0,0.0,0.0,0.0,0.0,0.0,0.0,0.0,0.0,0.0,0
0.0,0.0,2002,0.0,0.0,0.0,0.0,0.0,1.0,0.0,0.0,0.0,0.0,5.0,6
0.0,0.0,2002,3.0,10.0,0.0,0.0,0.0,2.0,0.0,0.0,0.0,0.0,7.0,22
0.0,0.0,2002,1.0,34.0,5.0,0.0,0.0,3.0,0.0,0.0,0.0,0.0,0.0,43
0.0,0.0,2002,0.0,0.0,0.0,0.0,0.0,0.0,0.0,0.0,0.0,0.0,0.0,0
0.0,0.0,2002,0.0,0.0,0.0,0.0,0.0,0.0,0.0,0.0,0.0,0.0,0.0,0
0.0,0.0,2002,9.0,35.0,10.0,0.0,1.0,3.0,0.0,0.0,0.0,0.0,26.0,84
0.0,0.0,2002,0.0,0.0,0.0,0.0,0.0,0.0,0.0,0.0,0.0,0.0,0.0,0
0.0,0.0,2002,3.0,49.0,16.0,0.0,0.0,3.0,0.0,0.0,0.0,0.0,27.0,98
0.0,0.0,2002,28.0,182.0,45.0,0.0,1.0,17.0,0.0,0.0,0.0,26.0,434.0,733
0.0,0.0,2002,1.0,6.0,2.0,0.0,0.0,3.0,0.0,0.0,0.0,0.0,8.0,20
0.0,0.0,2002,1.0,1.0,2.0,0.0,0.0,2.0,2.0,0.0,0.0,0.0,3.0,11
0.0,0.0,2002,2.0,7.0,4.0,0.0,0.0,5.0,2.0,0.0,0.0,0.0,11.0,31
0.0,0.0,2002,4.0,8.0,52.0,0.0,0.0,2.0,0.0,0.0,0.0,0.0,20.0,86
0.0,0.0,2002,0.0,0.0,0.0,0.0,0.0,0.0,0.0,0.0,0.0,0.0,0.0,0
0.0,0.0,2002,0.0,1.0,0.0,0.0,0.0,0.0,0.0,0.0,0.0,0.0,1.0,2
0.0,0.0,2002,3.0,0.0,12.0,0.0,0.0,3.0,0.0,0.0,0.0,0.0,1.0,19
0.0,0.0,2002,1.0,2.0,1.0,1.0,0.0,6.0,0.0,0.0,0.0,0.0,3.0,14
0.0,0.0,2002,0.0,0.0,0.0,0.0,0.0,0.0,0.0,0.0,0.0,0.0,19.0,19
0.0,0.0,2002,7.0,8.0,11.0,0.0,0.0,6.0,0.0,0.0,0.0,29.0,60.0,121
0.0,0.0,2002,0.0,0.0,1.0,0.0,0.0,0.0,0.0,0.0,0.0,0.0,12.0,13
0.0,0.0,2002,0.0,0.0,3.0,0.0,0.0,8.0,0.0,0.0,0.0,0.0,0.0,11
0.0,0.0,2002,0.0,0.0,0.0,0.0,0.0,0.0,0.0,0.0,0.0,3.0,3.0,6
0.0,0.0,2002,9.0,2.0,0.0,0.0,0.0,0.0,0.0,0.0,0.0,1.0,1.0,13
0.0,0.0,2002,4.0,1.0,0.0,0.0,0.0,4.0,0.0,0.0,0.0,1.0,12.0,22
0.0,0.0,2002,0.0,0.0,0.0,0.0,0.0,5.0,0.0,0.0,0.0,0.0,0.0,5
0.0,0.0,2002,3.0,1.0,21.0,0.0,0.0,4.0,0.0,0.0,0.0,1.0,1.0,31
0.0,0.0,2002,1.0,3.0,3.0,0.0,0.0,2.0,0.0,0.0,0.0,0.0,5.0,14
0.0,0.0,2002,0.0,0.0,0.0,0.0,0.0,0.0,0.0,0.0,0.0,0.0,0.0,0
0.0,0.0,2002,0.0,0.0,0.0,0.0,0.0,0.0,0.0,0.0,0.0,0.0,0.0,0
0.0,0.0,2002,2.0,3.0,12.0,5.0,0.0,9.0,0.0,0.0,0.0,0.0,0.0,31
0.0,0.0,2002,0.0,0.0,0.0,0.0,0.0,0.0,0.0,0.0,0.0,0.0,0.0,0
0.0,0.0,2002,3.0,1.0,5.0,0.0,0.0,2.0,0.0,0.0,0.0,0.0,0.0,11
0.0,0.0,2002,1.0,0.0,1.0,0.0,0.0,1.0,0.0,0.0,0.0,0.0,7.0,10
0.0,0.0,2002,5.0,6.0,30.0,0.0,1.0,4.0,0.0,0.0,0.0,0.0,4.0,50
0.0,0.0,2002,7.0,1.0,12.0,0.0,0.0,10.0,0.0,0.0,0.0,2.0,11.0,43
0.0,0.0,2002,8.0,15.0,43.0,0.0,0.0,9.0,0.0,0.0,0.0,0.0,0.0,75
0.0,0.0,2002,0.0,1.0,1.0,2.0,0.0,0.0,0.0,0.0,0.0,0.0,1.0,5
0.0,0.0,2002,1.0,5.0,14.0,1.0,0.0,1.0,0.0,0.0,0.0,1.0,12.0,35
0.0,0.0,2002,2.0,3.0,10.0,0.0,0.0,0.0,0.0,0.0,0.0,0.0,5.0,20
0.0,0.0,2002,7.0,4.0,41.0,0.0,0.0,0.0,0.0,0.0,0.0,0.0,0.0,52
0.0,0.0,2002,0.0,0.0,0.0,0.0,0.0,0.0,0.0,0.0,0.0,0.0,0.0,0
0.0,0.0,2002,0.0,2.0,0.0,0.0,0.0,0.0,0.0,0.0,0.0,0.0,0.0,2
0.0,0.0,2002,68.0,67.0,273.0,9.0,1.0,76.0,0.0,0.0,0.0,38.0,178.0,710
0.0,0.0,2002,0.0,0.0,0.0,0.0,0.0,0.0,0.0,0.0,0.0,1.0,0.0,1
0.0,0.0,2002,0.0,0.0,0.0,0.0,0.0,0.0,0.0,0.0,0.0,0.0,0.0,0
0.0,0.0,2002,6.0,11.0,14.0,1.0,0.0,0.0,0.0,0.0,0.0,0.0,27.0,59
0.0,0.0,2002,1.0,0.0,0.0,0.0,0.0,0.0,0.0,0.0,0.0,0.0,1.0,2
0.0,0.0,2002,0.0,0.0,0.0,0.0,0.0,0.0,0.0,0.0,0.0,0.0,0.0,0
0.0,0.0,2002,2.0,1.0,5.0,3.0,0.0,4.0,0.0,0.0,0.0,0.0,0.0,15
0.0,0.0,2002,0.0,0.0,0.0,0.0,0.0,0.0,0.0,0.0,0.0,0.0,0.0,0
0.0,0.0,2002,0.0,0.0,0.0,0.0,0.0,0.0,0.0,0.0,0.0,0.0,0.0,0
0.0,0.0,2002,3.0,6.0,6.0,0.0,0.0,0.0,0.0,0.0,0.0,0.0,0.0,15
0.0,0.0,2002,0.0,0.0,0.0,0.0,0.0,0.0,0.0,0.0,0.0,0.0,0.0,0
0.0,0.0,2002,2.0,32.0,5.0,0.0,0.0,2.0,0.0,0.0,0.0,0.0,10.0,51
0.0,0.0,2002,0.0,1.0,1.0,0.0,0.0,0.0,0.0,0.0,0.0,0.0,0.0,2
0.0,0.0,2002,2.0,3.0,2.0,0.0,0.0,0.0,0.0,0.0,0.0,0.0,0.0,7
0.0,0.0,2002,0.0,4.0,1.0,0.0,0.0,0.0,0.0,0.0,0.0,0.0,0.0,5
0.0,0.0,2002,2.0,23.0,20.0,0.0,0.0,3.0,0.0,0.0,0.0,0.0,9.0,57
0.0,0.0,2002,3.0,3.0,0.0,0.0,0.0,4.0,0.0,0.0,1.0,0.0,2.0,13
0.0,0.0,2002,0.0,0.0,0.0,0.0,0.0,0.0,0.0,0.0,0.0,0.0,2.0,2
0.0,0.0,2002,1.0,0.0,0.0,2.0,0.0,2.0,0.0,0.0,0.0,0.0,1.0,6
0.0,0.0,2002,0.0,0.0,0.0,0.0,0.0,0.0,0.0,0.0,0.0,0.0,0.0,0
0.0,0.0,2002,0.0,0.0,0.0,0.0,0.0,0.0,0.0,0.0,0.0,0.0,0.0,0
0.0,0.0,2002,22.0,84.0,54.0,6.0,0.0,15.0,0.0,0.0,1.0,1.0,52.0,235
0.0,0.0,2002,0.0,1.0,0.0,0.0,0.0,0.0,0.0,0.0,0.0,1.0,0.0,2
0.0,0.0,2002,1.0,1.0,1.0,0.0,0.0,0.0,0.0,0.0,0.0,0.0,0.0,3
0.0,0.0,2002,0.0,0.0,0.0,0.0,0.0,0.0,0.0,0.0,0.0,0.0,0.0,0
0.0,0.0,2002,0.0,0.0,3.0,0.0,0.0,2.0,0.0,0.0,0.0,0.0,0.0,5
0.0,0.0,2002,2.0,1.0,4.0,6.0,0.0,0.0,0.0,0.0,0.0,0.0,0.0,13
0.0,0.0,2002,0.0,0.0,0.0,0.0,0.0,0.0,0.0,0.0,0.0,1.0,0.0,1
0.0,0.0,2002,0.0,9.0,7.0,0.0,0.0,4.0,0.0,0.0,0.0,0.0,2.0,22
0.0,0.0,2002,0.0,0.0,0.0,0.0,0.0,0.0,0.0,0.0,0.0,0.0,0.0,0
0.0,0.0,2002,1.0,2.0,0.0,0.0,0.0,1.0,0.0,0.0,0.0,1.0,0.0,5
0.0,0.0,2002,1.0,6.0,0.0,0.0,0.0,0.0,0.0,0.0,0.0,0.0,0.0,7
0.0,0.0,2002,0.0,3.0,5.0,0.0,0.0,0.0,0.0,0.0,0.0,0.0,1.0,9
0.0,0.0,2002,0.0,3.0,4.0,0.0,0.0,1.0,0.0,0.0,0.0,0.0,8.0,16
0.0,0.0,2002,0.0,0.0,0.0,0.0,0.0,0.0,3.0,0.0,0.0,0.0,5.0,8
0.0,0.0,2002,5.0,26.0,24.0,6.0,0.0,8.0,3.0,0.0,0.0,3.0,16.0,91
0.0,0.0,2002,1.0,4.0,23.0,0.0,0.0,1.0,0.0,0.0,0.0,0.0,2.0,31
0.0,0.0,2002,0.0,0.0,0.0,0.0,0.0,0.0,0.0,0.0,0.0,0.0,0.0,0
0.0,0.0,2002,0.0,0.0,0.0,0.0,0.0,0.0,0.0,0.0,0.0,0.0,0.0,0
0.0,0.0,2002,0.0,1.0,0.0,0.0,0.0,0.0,0.0,0.0,0.0,0.0,2.0,3
0.0,0.0,2002,0.0,0.0,0.0,0.0,0.0,0.0,0.0,0.0,0.0,0.0,0.0,0
0.0,0.0,2002,0.0,0.0,0.0,0.0,0.0,0.0,0.0,0.0,0.0,0.0,0.0,0
0.0,0.0,2002,0.0,0.0,0.0,0.0,0.0,0.0,0.0,0.0,0.0,0.0,0.0,0
0.0,0.0,2002,0.0,0.0,0.0,0.0,0.0,0.0,0.0,0.0,0.0,0.0,0.0,0
0.0,0.0,2002,0.0,0.0,0.0,0.0,0.0,1.0,0.0,0.0,0.0,0.0,0.0,1
0.0,0.0,2002,0.0,0.0,0.0,0.0,0.0,0.0,0.0,0.0,0.0,0.0,0.0,0
0.0,0.0,2002,0.0,0.0,0.0,0.0,0.0,0.0,0.0,0.0,0.0,0.0,0.0,0
0.0,0.0,2002,0.0,0.0,0.0,0.0,0.0,0.0,0.0,0.0,0.0,0.0,0.0,0
0.0,0.0,2002,0.0,0.0,0.0,0.0,0.0,0.0,0.0,0.0,0.0,0.0,0.0,0
0.0,0.0,2002,0.0,0.0,0.0,0.0,0.0,0.0,0.0,0.0,0.0,0.0,0.0,0
0.0,0.0,2002,0.0,0.0,0.0,0.0,0.0,0.0,0.0,0.0,0.0,0.0,0.0,0
0.0,0.0,2002,0.0,0.0,0.0,0.0,0.0,0.0,0.0,0.0,0.0,0.0,0.0,0
0.0,0.0,2002,1.0,0.0,0.0,1.0,0.0,1.0,0.0,0.0,0.0,0.0,0.0,3
0.0,0.0,2002,0.0,0.0,0.0,0.0,0.0,0.0,0.0,0.0,0.0,0.0,0.0,0
0.0,0.0,2002,0.0,0.0,0.0,0.0,0.0,0.0,0.0,0.0,0.0,0.0,0.0,0
0.0,0.0,2002,0.0,0.0,0.0,0.0,0.0,0.0,0.0,0.0,0.0,0.0,0.0,0
0.0,0.0,2002,0.0,0.0,0.0,0.0,0.0,0.0,0.0,0.0,0.0,0.0,0.0,0
0.0,0.0,2002,0.0,0.0,0.0,1.0,0.0,0.0,0.0,0.0,0.0,0.0,0.0,1
0.0,0.0,2002,0.0,0.0,0.0,0.0,0.0,0.0,0.0,0.0,0.0,0.0,0.0,0
0.0,0.0,2002,0.0,2.0,0.0,0.0,0.0,1.0,0.0,0.0,0.0,0.0,0.0,3
0.0,0.0,2002,2.0,7.0,23.0,2.0,0.0,4.0,0.0,0.0,0.0,0.0,4.0,42
0.0,0.0,2002,0.0,0.0,0.0,0.0,0.0,0.0,0.0,0.0,0.0,0.0,0.0,0
0.0,0.0,2002,0.0,0.0,0.0,0.0,0.0,0.0,0.0,0.0,0.0,0.0,0.0,0
0.0,0.0,2002,0.0,0.0,0.0,0.0,0.0,0.0,0.0,0.0,0.0,0.0,0.0,0
0.0,0.0,2002,0.0,0.0,0.0,0.0,0.0,0.0,0.0,0.0,0.0,0.0,0.0,0
0.0,0.0,2002,0.0,17.0,9.0,0.0,0.0,0.0,0.0,0.0,0.0,0.0,24.0,50
0.0,0.0,2002,0.0,0.0,0.0,0.0,0.0,0.0,0.0,0.0,0.0,0.0,0.0,0
0.0,0.0,2002,0.0,0.0,0.0,0.0,0.0,0.0,0.0,0.0,0.0,0.0,0.0,0
0.0,0.0,2002,0.0,4.0,1.0,0.0,0.0,0.0,0.0,0.0,0.0,0.0,0.0,5
0.0,0.0,2002,1.0,0.0,0.0,0.0,0.0,0.0,0.0,0.0,0.0,0.0,0.0,1
0.0,0.0,2002,0.0,0.0,0.0,0.0,0.0,0.0,0.0,0.0,0.0,0.0,0.0,0
0.0,0.0,2002,0.0,8.0,2.0,0.0,0.0,0.0,4.0,0.0,0.0,0.0,3.0,17
0.0,0.0,2002,0.0,0.0,0.0,0.0,0.0,0.0,0.0,0.0,0.0,0.0,0.0,0
0.0,0.0,2002,1.0,12.0,9.0,0.0,0.0,0.0,0.0,0.0,0.0,0.0,0.0,22
0.0,0.0,2002,0.0,0.0,0.0,0.0,0.0,0.0,0.0,0.0,0.0,0.0,0.0,0
0.0,0.0,2002,0.0,2.0,0.0,0.0,0.0,0.0,1.0,0.0,0.0,0.0,12.0,15
0.0,0.0,2002,0.0,0.0,0.0,0.0,0.0,0.0,0.0,0.0,0.0,0.0,0.0,0
0.0,0.0,2002,0.0,0.0,0.0,0.0,0.0,0.0,0.0,0.0,0.0,0.0,0.0,0
0.0,0.0,2002,0.0,0.0,0.0,0.0,0.0,0.0,0.0,0.0,0.0,0.0,0.0,0
0.0,0.0,2002,0.0,0.0,0.0,0.0,0.0,0.0,0.0,0.0,0.0,0.0,0.0,0
0.0,0.0,2002,0.0,0.0,0.0,0.0,0.0,0.0,0.0,0.0,0.0,0.0,0.0,0
0.0,0.0,2002,0.0,0.0,0.0,0.0,0.0,0.0,0.0,0.0,0.0,0.0,0.0,0
0.0,0.0,2002,0.0,0.0,0.0,0.0,0.0,0.0,0.0,0.0,0.0,0.0,0.0,0
0.0,0.0,2002,0.0,0.0,0.0,0.0,0.0,0.0,0.0,0.0,0.0,0.0,0.0,0
0.0,0.0,2002,1.0,0.0,0.0,0.0,0.0,0.0,0.0,0.0,0.0,0.0,0.0,1
0.0,0.0,2002,3.0,43.0,21.0,0.0,0.0,0.0,5.0,0.0,0.0,0.0,39.0,111
0.0,0.0,2002,3.0,0.0,2.0,0.0,0.0,0.0,0.0,0.0,0.0,0.0,0.0,5
0.0,0.0,2002,2.0,3.0,2.0,0.0,0.0,0.0,0.0,0.0,1.0,0.0,0.0,8
0.0,0.0,2002,3.0,2.0,2.0,0.0,0.0,0.0,3.0,0.0,0.0,0.0,0.0,10
0.0,0.0,2002,13.0,2.0,1.0,0.0,0.0,3.0,0.0,0.0,0.0,0.0,0.0,19
0.0,0.0,2002,0.0,0.0,0.0,0.0,0.0,0.0,0.0,0.0,0.0,0.0,0.0,0
0.0,0.0,2002,0.0,0.0,4.0,0.0,0.0,5.0,0.0,0.0,0.0,0.0,0.0,9
0.0,0.0,2002,0.0,0.0,0.0,0.0,0.0,0.0,0.0,0.0,0.0,0.0,0.0,0
0.0,0.0,2002,0.0,0.0,0.0,0.0,0.0,0.0,0.0,0.0,0.0,0.0,0.0,0
0.0,0.0,2002,0.0,8.0,2.0,0.0,0.0,0.0,0.0,0.0,0.0,0.0,2.0,12
0.0,0.0,2002,0.0,0.0,0.0,0.0,0.0,0.0,0.0,0.0,0.0,0.0,0.0,0
0.0,0.0,2002,0.0,0.0,1.0,0.0,0.0,1.0,0.0,0.0,0.0,0.0,0.0,2
0.0,0.0,2002,0.0,0.0,0.0,0.0,0.0,0.0,0.0,0.0,0.0,0.0,0.0,0
0.0,0.0,2002,2.0,1.0,3.0,7.0,0.0,0.0,0.0,0.0,0.0,0.0,1.0,14
0.0,0.0,2002,0.0,0.0,0.0,0.0,0.0,0.0,0.0,0.0,0.0,0.0,0.0,0
0.0,0.0,2002,0.0,0.0,0.0,0.0,0.0,0.0,0.0,0.0,0.0,0.0,3.0,3
0.0,0.0,2002,0.0,0.0,0.0,0.0,0.0,0.0,0.0,0.0,0.0,0.0,0.0,0
0.0,0.0,2002,0.0,0.0,0.0,0.0,0.0,0.0,0.0,0.0,0.0,0.0,0.0,0
0.0,0.0,2002,0.0,0.0,0.0,0.0,0.0,0.0,0.0,0.0,0.0,0.0,0.0,0
0.0,0.0,2002,0.0,0.0,0.0,0.0,0.0,0.0,0.0,0.0,0.0,0.0,0.0,0
0.0,0.0,2002,0.0,0.0,0.0,0.0,0.0,0.0,0.0,0.0,0.0,0.0,5.0,5
0.0,0.0,2002,0.0,0.0,0.0,0.0,0.0,0.0,0.0,0.0,0.0,0.0,1.0,1
0.0,0.0,2002,0.0,0.0,0.0,0.0,0.0,0.0,0.0,0.0,0.0,0.0,0.0,0
0.0,0.0,2002,0.0,0.0,0.0,0.0,0.0,0.0,0.0,0.0,0.0,0.0,0.0,0
0.0,0.0,2002,0.0,0.0,0.0,0.0,0.0,0.0,0.0,0.0,0.0,0.0,0.0,0
0.0,0.0,2002,0.0,0.0,0.0,0.0,0.0,0.0,0.0,0.0,0.0,0.0,0.0,0
0.0,0.0,2002,5.0,3.0,5.0,0.0,0.0,0.0,0.0,0.0,0.0,0.0,3.0,16
0.0,0.0,2002,0.0,0.0,0.0,0.0,0.0,0.0,0.0,0.0,0.0,0.0,0.0,0
0.0,0.0,2002,0.0,0.0,0.0,0.0,0.0,0.0,4.0,0.0,0.0,0.0,0.0,4
0.0,0.0,2002,0.0,0.0,1.0,0.0,0.0,0.0,0.0,0.0,0.0,1.0,1.0,3
0.0,0.0,2002,0.0,0.0,0.0,0.0,0.0,0.0,0.0,0.0,0.0,0.0,2.0,2
0.0,0.0,2002,0.0,0.0,0.0,0.0,0.0,1.0,0.0,0.0,0.0,0.0,0.0,1
0.0,0.0,2002,28.0,19.0,23.0,7.0,0.0,10.0,7.0,0.0,1.0,1.0,18.0,114
0.0,0.0,2002,2.0,0.0,0.0,0.0,0.0,0.0,0.0,0.0,0.0,0.0,0.0,2
0.0,0.0,2002,2.0,0.0,0.0,0.0,0.0,0.0,0.0,0.0,0.0,0.0,0.0,2
0.0,0.0,2002,5.0,0.0,4.0,0.0,0.0,1.0,3.0,0.0,0.0,0.0,1.0,14
0.0,0.0,2002,5.0,2.0,0.0,0.0,0.0,0.0,0.0,0.0,0.0,0.0,3.0,10
0.0,0.0,2002,6.0,2.0,2.0,0.0,0.0,0.0,0.0,0.0,0.0,0.0,6.0,16
0.0,0.0,2002,6.0,0.0,2.0,0.0,0.0,1.0,0.0,0.0,0.0,0.0,6.0,15
0.0,0.0,2002,6.0,18.0,5.0,0.0,0.0,0.0,0.0,0.0,0.0,0.0,18.0,47
0.0,0.0,2002,0.0,2.0,2.0,0.0,0.0,2.0,0.0,0.0,0.0,0.0,0.0,6
0.0,0.0,2002,6.0,5.0,1.0,0.0,0.0,1.0,0.0,0.0,0.0,4.0,4.0,21
0.0,0.0,2002,8.0,6.0,1.0,0.0,0.0,0.0,0.0,0.0,0.0,1.0,6.0,22
0.0,0.0,2002,9.0,9.0,5.0,2.0,0.0,3.0,0.0,0.0,0.0,0.0,7.0,35
0.0,0.0,2002,1.0,0.0,0.0,0.0,0.0,0.0,3.0,0.0,0.0,0.0,3.0,7
0.0,0.0,2002,0.0,0.0,2.0,0.0,0.0,0.0,0.0,0.0,0.0,0.0,0.0,2
0.0,0.0,2002,5.0,1.0,1.0,0.0,0.0,0.0,0.0,0.0,0.0,0.0,10.0,17
0.0,0.0,2002,2.0,6.0,5.0,0.0,0.0,0.0,0.0,0.0,0.0,1.0,0.0,14
0.0,0.0,2002,1.0,3.0,1.0,0.0,0.0,1.0,0.0,0.0,0.0,0.0,4.0,10
0.0,0.0,2002,64.0,54.0,31.0,2.0,0.0,9.0,6.0,0.0,0.0,6.0,68.0,240
0.0,0.0,2002,3.0,39.0,3.0,0.0,0.0,0.0,0.0,0.0,1.0,0.0,3.0,49
0.0,0.0,2002,0.0,15.0,3.0,0.0,0.0,2.0,0.0,0.0,0.0,0.0,31.0,51
0.0,0.0,2002,1.0,25.0,6.0,1.0,0.0,7.0,0.0,0.0,0.0,0.0,0.0,40
0.0,0.0,2002,7.0,5.0,1.0,0.0,0.0,2.0,0.0,0.0,0.0,0.0,102.0,117
0.0,0.0,2002,2.0,17.0,6.0,0.0,0.0,0.0,0.0,0.0,0.0,1.0,0.0,26
0.0,0.0,2002,1.0,1.0,0.0,0.0,0.0,8.0,0.0,0.0,0.0,0.0,2.0,12
0.0,0.0,2002,1.0,26.0,3.0,0.0,0.0,0.0,0.0,0.0,0.0,0.0,102.0,132
0.0,0.0,2002,0.0,0.0,0.0,0.0,0.0,0.0,0.0,0.0,0.0,0.0,0.0,0
0.0,0.0,2002,0.0,0.0,0.0,0.0,0.0,0.0,0.0,0.0,0.0,0.0,20.0,20
0.0,0.0,2002,2.0,6.0,4.0,1.0,0.0,2.0,0.0,0.0,0.0,0.0,3.0,18
0.0,0.0,2002,0.0,0.0,0.0,0.0,0.0,0.0,0.0,0.0,0.0,0.0,0.0,0
0.0,0.0,2002,0.0,0.0,0.0,0.0,0.0,0.0,0.0,0.0,0.0,0.0,0.0,0
0.0,0.0,2002,2.0,10.0,1.0,0.0,0.0,1.0,0.0,0.0,0.0,0.0,0.0,14
0.0,0.0,2002,2.0,32.0,1.0,0.0,0.0,3.0,0.0,0.0,0.0,0.0,166.0,204
0.0,0.0,2002,2.0,6.0,17.0,0.0,0.0,6.0,1.0,0.0,0.0,0.0,27.0,59
0.0,0.0,2002,0.0,0.0,0.0,0.0,0.0,0.0,0.0,0.0,0.0,0.0,0.0,0
0.0,0.0,2002,1.0,0.0,0.0,0.0,0.0,0.0,0.0,0.0,0.0,0.0,17.0,18
0.0,0.0,2002,0.0,7.0,1.0,0.0,0.0,0.0,0.0,0.0,0.0,0.0,17.0,25
0.0,0.0,2002,0.0,0.0,0.0,0.0,0.0,8.0,0.0,0.0,0.0,0.0,0.0,8
0.0,0.0,2002,0.0,7.0,1.0,0.0,0.0,0.0,0.0,0.0,0.0,0.0,65.0,73
0.0,0.0,2002,0.0,0.0,0.0,0.0,0.0,0.0,0.0,0.0,0.0,0.0,0.0,0
0.0,0.0,2002,0.0,0.0,0.0,0.0,0.0,0.0,0.0,0.0,0.0,0.0,0.0,0
0.0,0.0,2002,4.0,15.0,0.0,0.0,0.0,1.0,0.0,0.0,0.0,0.0,71.0,91
0.0,0.0,2002,10.0,47.0,14.0,0.0,0.0,0.0,0.0,0.0,0.0,0.0,78.0,149
0.0,0.0,2002,3.0,0.0,0.0,0.0,0.0,3.0,0.0,0.0,0.0,0.0,0.0,6
0.0,0.0,2002,1.0,19.0,3.0,1.0,0.0,1.0,0.0,0.0,0.0,0.0,0.0,25
0.0,0.0,2002,1.0,21.0,8.0,0.0,0.0,0.0,0.0,0.0,0.0,0.0,22.0,52
0.0,0.0,2002,2.0,6.0,3.0,0.0,0.0,4.0,0.0,0.0,0.0,1.0,8.0,24
0.0,0.0,2002,1.0,14.0,2.0,0.0,0.0,1.0,0.0,0.0,0.0,0.0,52.0,70
0.0,0.0,2002,2.0,5.0,2.0,0.0,0.0,4.0,0.0,0.0,0.0,0.0,44.0,57
0.0,0.0,2002,2.0,11.0,6.0,1.0,0.0,1.0,0.0,0.0,0.0,0.0,7.0,28
0.0,0.0,2002,1.0,2.0,1.0,0.0,0.0,0.0,0.0,0.0,0.0,0.0,24.0,28
0.0,0.0,2002,0.0,1.0,0.0,0.0,0.0,0.0,0.0,0.0,0.0,0.0,5.0,6
0.0,0.0,2002,2.0,11.0,2.0,0.0,0.0,0.0,0.0,0.0,0.0,0.0,0.0,15
0.0,0.0,2002,2.0,4.0,1.0,0.0,0.0,6.0,0.0,0.0,0.0,0.0,65.0,78
0.0,0.0,2002,2.0,22.0,4.0,0.0,0.0,0.0,0.0,0.0,0.0,0.0,18.0,46
0.0,0.0,2002,3.0,15.0,8.0,0.0,1.0,15.0,4.0,0.0,0.0,0.0,13.0,59
0.0,0.0,2002,6.0,18.0,3.0,0.0,0.0,0.0,0.0,0.0,0.0,0.0,61.0,88
0.0,0.0,2002,0.0,11.0,1.0,0.0,0.0,0.0,0.0,0.0,0.0,0.0,6.0,18
0.0,0.0,2002,1.0,8.0,5.0,0.0,0.0,4.0,0.0,0.0,0.0,0.0,2.0,20
0.0,0.0,2002,1.0,6.0,4.0,0.0,0.0,0.0,0.0,0.0,0.0,0.0,24.0,35
0.0,0.0,2002,1.0,0.0,0.0,0.0,0.0,0.0,0.0,0.0,0.0,0.0,0.0,1
0.0,0.0,2002,4.0,21.0,15.0,0.0,0.0,3.0,0.0,0.0,0.0,0.0,84.0,127
0.0,0.0,2002,3.0,4.0,0.0,0.0,0.0,1.0,0.0,0.0,0.0,0.0,11.0,19
0.0,0.0,2002,3.0,16.0,4.0,0.0,0.0,4.0,0.0,0.0,0.0,0.0,77.0,104
0.0,0.0,2002,3.0,27.0,11.0,0.0,0.0,4.0,0.0,0.0,0.0,0.0,116.0,161
0.0,0.0,2002,1.0,0.0,0.0,0.0,0.0,0.0,0.0,0.0,0.0,0.0,14.0,15
0.0,0.0,2002,11.0,17.0,10.0,0.0,0.0,0.0,0.0,0.0,0.0,0.0,103.0,141
0.0,0.0,2002,94.0,517.0,154.0,4.0,1.0,91.0,5.0,0.0,1.0,2.0,1460.0,2329
0.0,0.0,2002,14.0,17.0,0.0,0.0,0.0,0.0,0.0,0.0,0.0,0.0,0.0,31
0.0,0.0,2002,2.0,1.0,0.0,0.0,0.0,3.0,0.0,0.0,0.0,0.0,0.0,6
0.0,0.0,2002,2.0,5.0,3.0,0.0,0.0,5.0,0.0,0.0,0.0,0.0,1.0,16
0.0,0.0,2002,4.0,16.0,12.0,0.0,0.0,0.0,0.0,0.0,0.0,0.0,0.0,32
0.0,0.0,2002,8.0,6.0,12.0,0.0,0.0,15.0,0.0,0.0,0.0,0.0,0.0,41
0.0,0.0,2002,8.0,2.0,0.0,3.0,0.0,1.0,0.0,0.0,0.0,1.0,7.0,22
0.0,0.0,2002,24.0,15.0,10.0,0.0,0.0,0.0,0.0,0.0,0.0,1.0,0.0,50
0.0,0.0,2002,0.0,24.0,9.0,0.0,0.0,0.0,0.0,0.0,0.0,0.0,3.0,36
0.0,0.0,2002,9.0,13.0,14.0,0.0,0.0,0.0,0.0,0.0,0.0,0.0,21.0,57
0.0,0.0,2002,5.0,15.0,0.0,0.0,0.0,0.0,0.0,0.0,0.0,2.0,0.0,22
0.0,0.0,2002,0.0,0.0,0.0,1.0,1.0,0.0,0.0,0.0,0.0,0.0,8.0,10
0.0,0.0,2002,4.0,13.0,1.0,2.0,0.0,0.0,6.0,0.0,0.0,0.0,22.0,48
0.0,0.0,2002,6.0,0.0,0.0,0.0,0.0,0.0,0.0,0.0,0.0,0.0,5.0,11
0.0,0.0,2002,7.0,5.0,1.0,0.0,2.0,6.0,0.0,0.0,0.0,0.0,0.0,21
0.0,0.0,2002,18.0,11.0,7.0,0.0,0.0,23.0,0.0,0.0,0.0,0.0,0.0,59
0.0,0.0,2002,5.0,2.0,8.0,0.0,0.0,15.0,0.0,0.0,0.0,0.0,0.0,30
0.0,0.0,2002,4.0,2.0,1.0,0.0,0.0,2.0,4.0,0.0,0.0,3.0,0.0,16
0.0,0.0,2002,0.0,0.0,0.0,0.0,0.0,3.0,0.0,0.0,0.0,0.0,0.0,3
0.0,0.0,2002,4.0,19.0,25.0,1.0,0.0,6.0,1.0,0.0,0.0,0.0,56.0,112
0.0,0.0,2002,0.0,2.0,3.0,0.0,0.0,5.0,0.0,0.0,0.0,0.0,0.0,10
0.0,0.0,2002,7.0,20.0,18.0,0.0,0.0,9.0,1.0,0.0,0.0,1.0,64.0,120
0.0,0.0,2002,1.0,0.0,0.0,0.0,0.0,21.0,0.0,0.0,0.0,0.0,0.0,22
0.0,0.0,2002,7.0,38.0,12.0,0.0,0.0,9.0,0.0,0.0,0.0,1.0,40.0,107
0.0,0.0,2002,16.0,5.0,3.0,0.0,0.0,3.0,0.0,0.0,0.0,0.0,0.0,27
0.0,0.0,2002,0.0,5.0,0.0,0.0,0.0,3.0,0.0,0.0,0.0,0.0,0.0,8
0.0,0.0,2002,2.0,6.0,11.0,0.0,0.0,8.0,0.0,0.0,0.0,1.0,0.0,28
0.0,0.0,2002,11.0,27.0,9.0,1.0,2.0,22.0,0.0,0.0,0.0,0.0,21.0,93
0.0,0.0,2002,2.0,14.0,1.0,0.0,0.0,4.0,7.0,0.0,0.0,0.0,33.0,61
0.0,0.0,2002,0.0,0.0,0.0,0.0,0.0,7.0,0.0,0.0,0.0,0.0,0.0,7
0.0,0.0,2002,8.0,7.0,3.0,0.0,0.0,10.0,0.0,0.0,0.0,1.0,4.0,33
0.0,0.0,2002,10.0,37.0,12.0,0.0,0.0,19.0,0.0,8.0,0.0,0.0,75.0,161
0.0,0.0,2002,0.0,2.0,1.0,0.0,0.0,5.0,0.0,0.0,0.0,0.0,0.0,8
0.0,0.0,2002,22.0,27.0,6.0,0.0,0.0,21.0,0.0,0.0,0.0,0.0,17.0,93
0.0,0.0,2002,3.0,17.0,9.0,0.0,0.0,1.0,2.0,0.0,0.0,0.0,3.0,35
0.0,0.0,2002,2.0,2.0,1.0,0.0,0.0,2.0,0.0,0.0,0.0,0.0,8.0,15
0.0,0.0,2002,6.0,23.0,14.0,2.0,1.0,10.0,12.0,0.0,1.0,4.0,4.0,77
0.0,0.0,2002,10.0,20.0,8.0,0.0,0.0,10.0,0.0,0.0,0.0,2.0,22.0,72
0.0,0.0,2002,5.0,4.0,2.0,0.0,0.0,1.0,0.0,0.0,0.0,0.0,0.0,12
0.0,0.0,2002,3.0,11.0,6.0,0.0,0.0,8.0,0.0,0.0,0.0,0.0,4.0,32
0.0,0.0,2002,3.0,5.0,0.0,0.0,0.0,5.0,0.0,0.0,0.0,0.0,0.0,13
0.0,0.0,2002,0.0,0.0,12.0,0.0,0.0,7.0,0.0,0.0,0.0,0.0,0.0,19
0.0,0.0,2002,0.0,0.0,0.0,0.0,0.0,0.0,0.0,0.0,0.0,0.0,39.0,39
0.0,0.0,2002,2.0,21.0,14.0,0.0,0.0,7.0,1.0,0.0,0.0,1.0,13.0,59
0.0,0.0,2002,1.0,14.0,1.0,0.0,0.0,2.0,0.0,0.0,0.0,0.0,13.0,31
0.0,0.0,2002,3.0,18.0,26.0,0.0,0.0,4.0,0.0,0.0,0.0,0.0,4.0,55
0.0,0.0,2002,248.0,491.0,275.0,10.0,6.0,282.0,34.0,8.0,1.0,18.0,487.0,1860
0.0,0.0,2002,0.0,0.0,0.0,0.0,0.0,0.0,0.0,0.0,0.0,0.0,0.0,0
0.0,0.0,2002,0.0,0.0,0.0,0.0,0.0,0.0,0.0,0.0,0.0,0.0,0.0,0
0.0,0.0,2002,0.0,0.0,0.0,0.0,0.0,0.0,0.0,0.0,0.0,0.0,0.0,0
0.0,0.0,2002,0.0,0.0,0.0,0.0,0.0,0.0,0.0,0.0,0.0,0.0,0.0,0
0.0,0.0,2002,0.0,0.0,0.0,0.0,0.0,0.0,0.0,0.0,0.0,0.0,0.0,0
0.0,0.0,2002,0.0,0.0,0.0,0.0,0.0,0.0,0.0,0.0,0.0,0.0,0.0,0
0.0,0.0,2002,0.0,0.0,0.0,0.0,0.0,0.0,0.0,0.0,0.0,0.0,0.0,0
0.0,0.0,2002,0.0,0.0,0.0,0.0,0.0,0.0,0.0,0.0,0.0,0.0,0.0,0
0.0,0.0,2002,0.0,0.0,0.0,0.0,0.0,0.0,0.0,0.0,0.0,0.0,0.0,0
0.0,0.0,2002,0.0,0.0,0.0,0.0,0.0,0.0,0.0,0.0,0.0,0.0,0.0,0
0.0,0.0,2002,0.0,0.0,0.0,0.0,0.0,0.0,0.0,0.0,0.0,0.0,0.0,0
0.0,0.0,2002,0.0,1.0,0.0,0.0,0.0,0.0,0.0,0.0,0.0,0.0,0.0,1
0.0,0.0,2002,0.0,0.0,0.0,0.0,0.0,0.0,0.0,0.0,0.0,0.0,0.0,0
0.0,0.0,2002,0.0,0.0,0.0,0.0,0.0,0.0,0.0,0.0,0.0,0.0,0.0,0
0.0,0.0,2002,0.0,0.0,0.0,0.0,0.0,0.0,0.0,0.0,0.0,0.0,0.0,0
0.0,0.0,2002,0.0,0.0,0.0,0.0,0.0,0.0,0.0,0.0,0.0,0.0,0.0,0
0.0,0.0,2002,0.0,0.0,0.0,0.0,0.0,0.0,0.0,0.0,0.0,0.0,0.0,0
0.0,0.0,2002,0.0,1.0,0.0,0.0,0.0,0.0,0.0,0.0,0.0,0.0,0.0,1
0.0,0.0,2002,0.0,0.0,0.0,0.0,0.0,0.0,0.0,0.0,0.0,0.0,0.0,0
0.0,0.0,2002,0.0,0.0,0.0,0.0,0.0,0.0,0.0,0.0,0.0,0.0,0.0,0
0.0,0.0,2002,0.0,0.0,0.0,0.0,0.0,0.0,0.0,0.0,0.0,0.0,0.0,0
0.0,0.0,2002,0.0,0.0,0.0,0.0,0.0,0.0,0.0,0.0,0.0,0.0,0.0,0
0.0,0.0,2002,0.0,0.0,0.0,0.0,0.0,0.0,0.0,0.0,0.0,0.0,0.0,0
0.0,0.0,2002,0.0,0.0,0.0,0.0,0.0,0.0,0.0,0.0,0.0,0.0,0.0,0
0.0,0.0,2002,0.0,0.0,0.0,0.0,0.0,0.0,0.0,0.0,0.0,0.0,0.0,0
0.0,0.0,2002,0.0,0.0,0.0,0.0,0.0,0.0,0.0,0.0,0.0,0.0,0.0,0
0.0,0.0,2002,0.0,0.0,0.0,0.0,0.0,0.0,0.0,0.0,0.0,0.0,0.0,0
0.0,0.0,2002,0.0,0.0,0.0,0.0,0.0,0.0,0.0,0.0,0.0,0.0,0.0,0
0.0,0.0,2002,0.0,0.0,0.0,0.0,0.0,0.0,0.0,0.0,0.0,0.0,0.0,0
0.0,0.0,2002,0.0,0.0,0.0,0.0,0.0,0.0,0.0,0.0,0.0,0.0,0.0,0
0.0,0.0,2002,0.0,0.0,0.0,0.0,0.0,0.0,0.0,0.0,0.0,0.0,0.0,0
0.0,0.0,2002,0.0,0.0,0.0,0.0,0.0,0.0,0.0,0.0,0.0,0.0,0.0,0
0.0,0.0,2002,0.0,0.0,0.0,0.0,0.0,0.0,0.0,0.0,0.0,0.0,0.0,0
0.0,0.0,2002,0.0,0.0,0.0,0.0,0.0,0.0,0.0,0.0,0.0,0.0,0.0,0
0.0,0.0,2002,0.0,0.0,0.0,0.0,0.0,0.0,0.0,0.0,0.0,0.0,0.0,0
0.0,0.0,2002,0.0,0.0,0.0,0.0,0.0,0.0,0.0,0.0,0.0,0.0,0.0,0
0.0,0.0,2002,0.0,0.0,0.0,0.0,0.0,0.0,0.0,0.0,0.0,0.0,0.0,0
0.0,0.0,2002,0.0,0.0,0.0,0.0,0.0,0.0,0.0,0.0,0.0,0.0,0.0,0
0.0,0.0,2002,0.0,0.0,0.0,0.0,0.0,0.0,0.0,0.0,0.0,0.0,0.0,0
0.0,0.0,2002,0.0,0.0,0.0,0.0,0.0,0.0,0.0,0.0,0.0,0.0,4.0,4
0.0,0.0,2002,0.0,1.0,0.0,0.0,0.0,0.0,0.0,0.0,0.0,0.0,0.0,1
0.0,0.0,2002,0.0,0.0,0.0,0.0,0.0,0.0,0.0,0.0,0.0,0.0,0.0,0
0.0,0.0,2002,0.0,1.0,0.0,0.0,0.0,0.0,0.0,0.0,0.0,0.0,0.0,1
0.0,0.0,2002,0.0,0.0,0.0,0.0,0.0,0.0,0.0,0.0,0.0,0.0,0.0,0
0.0,0.0,2002,1.0,0.0,0.0,0.0,0.0,0.0,0.0,0.0,0.0,0.0,0.0,1
0.0,0.0,2002,0.0,0.0,0.0,0.0,0.0,0.0,0.0,0.0,0.0,0.0,0.0,0
0.0,0.0,2002,0.0,0.0,0.0,0.0,0.0,0.0,0.0,0.0,0.0,0.0,0.0,0
0.0,0.0,2002,1.0,0.0,0.0,0.0,0.0,0.0,0.0,0.0,0.0,0.0,0.0,1
0.0,0.0,2002,0.0,0.0,0.0,0.0,0.0,0.0,0.0,0.0,0.0,0.0,3.0,3
0.0,0.0,2002,0.0,0.0,0.0,0.0,0.0,0.0,0.0,0.0,0.0,0.0,5.0,5
0.0,0.0,2002,0.0,0.0,0.0,0.0,0.0,0.0,0.0,0.0,0.0,0.0,0.0,0
0.0,0.0,2002,0.0,0.0,0.0,0.0,0.0,0.0,0.0,0.0,0.0,0.0,0.0,0
0.0,0.0,2002,0.0,2.0,4.0,0.0,0.0,0.0,2.0,0.0,0.0,0.0,0.0,8
0.0,0.0,2002,0.0,0.0,0.0,0.0,0.0,0.0,0.0,0.0,0.0,0.0,0.0,0
0.0,0.0,2002,0.0,1.0,0.0,0.0,0.0,0.0,0.0,0.0,0.0,0.0,0.0,1
0.0,0.0,2002,0.0,0.0,0.0,0.0,0.0,0.0,0.0,0.0,0.0,0.0,1.0,1
0.0,0.0,2002,1.0,0.0,0.0,0.0,0.0,0.0,0.0,0.0,0.0,0.0,0.0,1
0.0,0.0,2002,0.0,4.0,2.0,0.0,0.0,0.0,0.0,0.0,0.0,0.0,0.0,6
0.0,0.0,2002,1.0,1.0,0.0,0.0,0.0,0.0,0.0,0.0,0.0,0.0,1.0,3
0.0,0.0,2002,0.0,0.0,0.0,0.0,0.0,0.0,0.0,0.0,0.0,0.0,0.0,0
0.0,0.0,2002,0.0,1.0,0.0,0.0,0.0,0.0,2.0,0.0,0.0,0.0,0.0,3
0.0,0.0,2002,0.0,0.0,0.0,0.0,0.0,0.0,0.0,0.0,0.0,0.0,0.0,0
0.0,0.0,2002,0.0,0.0,0.0,0.0,0.0,0.0,0.0,0.0,0.0,0.0,0.0,0
0.0,0.0,2002,0.0,0.0,0.0,0.0,0.0,0.0,0.0,0.0,0.0,0.0,0.0,0
0.0,0.0,2002,0.0,0.0,0.0,0.0,0.0,0.0,0.0,0.0,0.0,0.0,0.0,0
0.0,0.0,2002,0.0,8.0,0.0,0.0,0.0,0.0,0.0,0.0,0.0,0.0,2.0,10
0.0,0.0,2002,0.0,1.0,0.0,0.0,0.0,0.0,0.0,0.0,0.0,0.0,0.0,1
0.0,0.0,2002,0.0,0.0,0.0,0.0,0.0,0.0,0.0,0.0,0.0,0.0,0.0,0
0.0,0.0,2002,0.0,0.0,0.0,0.0,0.0,0.0,0.0,0.0,0.0,0.0,0.0,0
0.0,0.0,2002,0.0,0.0,0.0,0.0,0.0,0.0,0.0,0.0,0.0,0.0,0.0,0
0.0,0.0,2002,0.0,0.0,0.0,0.0,0.0,0.0,0.0,0.0,0.0,0.0,0.0,0
0.0,0.0,2002,3.0,1.0,2.0,0.0,0.0,0.0,0.0,0.0,0.0,0.0,0.0,6
0.0,0.0,2002,7.0,21.0,8.0,0.0,0.0,0.0,4.0,0.0,0.0,0.0,16.0,56
0.0,0.0,2002,3.0,0.0,12.0,8.0,0.0,0.0,0.0,0.0,0.0,0.0,5.0,28
0.0,0.0,2002,0.0,0.0,0.0,0.0,0.0,0.0,0.0,0.0,0.0,0.0,0.0,0
0.0,0.0,2002,0.0,4.0,3.0,1.0,0.0,0.0,0.0,0.0,0.0,1.0,0.0,9
0.0,0.0,2002,0.0,8.0,5.0,0.0,0.0,0.0,2.0,0.0,0.0,0.0,0.0,15
0.0,0.0,2002,0.0,0.0,0.0,0.0,0.0,0.0,0.0,0.0,0.0,0.0,0.0,0
0.0,0.0,2002,0.0,0.0,0.0,0.0,0.0,0.0,0.0,0.0,0.0,0.0,0.0,0
0.0,0.0,2002,0.0,0.0,0.0,0.0,0.0,0.0,0.0,0.0,0.0,0.0,0.0,0
0.0,0.0,2002,0.0,0.0,0.0,0.0,0.0,0.0,0.0,0.0,0.0,0.0,0.0,0
0.0,0.0,2002,1.0,8.0,2.0,0.0,0.0,0.0,0.0,0.0,0.0,0.0,0.0,11
0.0,0.0,2002,0.0,0.0,0.0,0.0,0.0,0.0,0.0,0.0,0.0,0.0,0.0,0
0.0,0.0,2002,0.0,2.0,2.0,0.0,0.0,0.0,0.0,0.0,0.0,0.0,0.0,4
0.0,0.0,2002,0.0,8.0,8.0,0.0,0.0,0.0,0.0,0.0,0.0,0.0,0.0,16
0.0,0.0,2002,0.0,0.0,0.0,0.0,0.0,0.0,0.0,0.0,0.0,0.0,0.0,0
0.0,0.0,2002,0.0,0.0,0.0,0.0,0.0,0.0,0.0,0.0,0.0,0.0,0.0,0
0.0,0.0,2002,4.0,8.0,13.0,0.0,0.0,0.0,0.0,0.0,0.0,0.0,8.0,33
0.0,0.0,2002,1.0,5.0,0.0,1.0,0.0,0.0,0.0,0.0,0.0,0.0,0.0,7
0.0,0.0,2002,0.0,0.0,0.0,0.0,0.0,0.0,0.0,0.0,0.0,0.0,0.0,0
0.0,0.0,2002,0.0,0.0,0.0,0.0,0.0,0.0,0.0,0.0,0.0,0.0,0.0,0
0.0,0.0,2002,0.0,3.0,2.0,0.0,0.0,0.0,0.0,0.0,0.0,0.0,0.0,5
0.0,0.0,2002,2.0,5.0,2.0,0.0,0.0,0.0,3.0,0.0,0.0,0.0,0.0,12
0.0,0.0,2002,0.0,0.0,12.0,0.0,0.0,0.0,0.0,0.0,0.0,0.0,5.0,17
0.0,0.0,2002,0.0,0.0,0.0,0.0,0.0,0.0,0.0,0.0,0.0,0.0,0.0,0
0.0,0.0,2002,2.0,0.0,0.0,0.0,0.0,0.0,0.0,0.0,0.0,0.0,0.0,2
0.0,0.0,2002,0.0,1.0,1.0,0.0,0.0,0.0,0.0,0.0,0.0,0.0,0.0,2
0.0,0.0,2002,13.0,52.0,62.0,10.0,0.0,0.0,5.0,0.0,0.0,1.0,18.0,161
0.0,0.0,2002,0.0,1.0,0.0,0.0,0.0,0.0,0.0,0.0,0.0,0.0,0.0,1
0.0,0.0,2002,0.0,0.0,0.0,0.0,0.0,10.0,0.0,0.0,0.0,0.0,0.0,10
0.0,0.0,2002,4.0,19.0,14.0,0.0,0.0,5.0,0.0,0.0,0.0,0.0,0.0,42
0.0,0.0,2002,0.0,0.0,0.0,0.0,0.0,0.0,0.0,0.0,0.0,0.0,0.0,0
0.0,0.0,2002,2.0,1.0,8.0,0.0,0.0,1.0,0.0,0.0,0.0,0.0,0.0,12
0.0,0.0,2002,0.0,0.0,0.0,0.0,0.0,1.0,1.0,0.0,0.0,0.0,0.0,2
0.0,0.0,2002,0.0,0.0,0.0,0.0,0.0,1.0,0.0,0.0,0.0,0.0,0.0,1
0.0,0.0,2002,1.0,0.0,0.0,1.0,0.0,2.0,0.0,0.0,0.0,0.0,0.0,4
0.0,0.0,2002,0.0,0.0,0.0,1.0,0.0,2.0,0.0,0.0,0.0,0.0,0.0,3
0.0,0.0,2002,1.0,1.0,0.0,0.0,0.0,1.0,0.0,0.0,0.0,5.0,0.0,8
0.0,0.0,2002,0.0,0.0,0.0,0.0,0.0,0.0,0.0,0.0,0.0,0.0,0.0,0
0.0,0.0,2002,0.0,0.0,0.0,0.0,0.0,0.0,0.0,0.0,0.0,1.0,0.0,1
0.0,0.0,2002,3.0,3.0,10.0,1.0,0.0,3.0,0.0,0.0,0.0,0.0,0.0,20
0.0,0.0,2002,0.0,3.0,0.0,0.0,0.0,3.0,0.0,0.0,0.0,0.0,0.0,6
0.0,0.0,2002,0.0,0.0,1.0,0.0,0.0,5.0,0.0,0.0,0.0,0.0,0.0,6
0.0,0.0,2002,0.0,1.0,0.0,0.0,0.0,4.0,0.0,0.0,0.0,0.0,0.0,5
0.0,0.0,2002,4.0,6.0,5.0,0.0,0.0,0.0,0.0,0.0,0.0,0.0,0.0,15
0.0,0.0,2002,2.0,2.0,3.0,0.0,0.0,6.0,0.0,0.0,0.0,0.0,0.0,13
0.0,0.0,2002,0.0,0.0,0.0,0.0,0.0,0.0,0.0,0.0,0.0,0.0,0.0,0
0.0,0.0,2002,0.0,0.0,0.0,0.0,0.0,4.0,0.0,0.0,0.0,0.0,0.0,4
0.0,0.0,2002,0.0,0.0,1.0,0.0,0.0,2.0,1.0,0.0,0.0,0.0,0.0,4
0.0,0.0,2002,0.0,0.0,0.0,2.0,0.0,3.0,0.0,0.0,0.0,0.0,0.0,5
0.0,0.0,2002,1.0,0.0,0.0,0.0,0.0,8.0,0.0,0.0,0.0,0.0,0.0,9
0.0,0.0,2002,0.0,0.0,0.0,1.0,0.0,0.0,0.0,0.0,0.0,0.0,0.0,1
0.0,0.0,2002,2.0,1.0,10.0,0.0,0.0,8.0,0.0,0.0,0.0,0.0,0.0,21
0.0,0.0,2002,0.0,0.0,0.0,0.0,0.0,1.0,0.0,0.0,0.0,0.0,0.0,1
0.0,0.0,2002,0.0,0.0,0.0,0.0,0.0,3.0,0.0,0.0,0.0,0.0,0.0,3
0.0,0.0,2002,0.0,0.0,0.0,0.0,0.0,0.0,0.0,0.0,0.0,1.0,0.0,1
0.0,0.0,2002,0.0,0.0,0.0,0.0,0.0,1.0,0.0,0.0,0.0,0.0,0.0,1
0.0,0.0,2002,0.0,0.0,0.0,0.0,0.0,0.0,0.0,0.0,0.0,0.0,0.0,0
0.0,0.0,2002,0.0,0.0,0.0,0.0,0.0,0.0,0.0,0.0,0.0,0.0,0.0,0
0.0,0.0,2002,0.0,0.0,0.0,0.0,0.0,2.0,0.0,0.0,0.0,0.0,0.0,2
0.0,0.0,2002,0.0,0.0,0.0,0.0,0.0,3.0,0.0,0.0,0.0,0.0,0.0,3
0.0,0.0,2002,20.0,38.0,52.0,6.0,0.0,79.0,2.0,0.0,0.0,7.0,0.0,204
0.0,0.0,2002,2.0,4.0,0.0,0.0,0.0,0.0,0.0,0.0,0.0,0.0,0.0,6
0.0,0.0,2002,0.0,0.0,0.0,0.0,0.0,0.0,0.0,0.0,0.0,0.0,0.0,0
0.0,0.0,2002,0.0,0.0,0.0,0.0,0.0,0.0,0.0,0.0,0.0,0.0,0.0,0
0.0,0.0,2002,0.0,0.0,0.0,0.0,0.0,0.0,0.0,0.0,0.0,0.0,0.0,0
0.0,0.0,2002,2.0,4.0,0.0,0.0,0.0,0.0,0.0,0.0,0.0,0.0,0.0,6
0.0,0.0,2002,2.0,5.0,0.0,0.0,0.0,0.0,0.0,0.0,0.0,0.0,0.0,7
0.0,0.0,2002,0.0,0.0,0.0,0.0,0.0,0.0,0.0,0.0,0.0,0.0,0.0,0
0.0,0.0,2002,0.0,0.0,0.0,0.0,0.0,0.0,0.0,0.0,0.0,0.0,0.0,0
0.0,0.0,2002,4.0,3.0,0.0,0.0,0.0,0.0,0.0,0.0,0.0,0.0,0.0,7
0.0,0.0,2002,0.0,2.0,3.0,0.0,0.0,0.0,0.0,0.0,0.0,0.0,0.0,5
0.0,0.0,2002,0.0,0.0,0.0,0.0,0.0,0.0,0.0,0.0,0.0,0.0,0.0,0
0.0,0.0,2002,4.0,0.0,0.0,0.0,0.0,0.0,0.0,0.0,0.0,0.0,22.0,26
0.0,0.0,2002,0.0,5.0,0.0,0.0,0.0,0.0,0.0,0.0,0.0,0.0,0.0,5
0.0,0.0,2002,1.0,4.0,6.0,0.0,0.0,0.0,0.0,0.0,0.0,0.0,0.0,11
0.0,0.0,2002,0.0,0.0,0.0,0.0,0.0,0.0,0.0,0.0,0.0,0.0,0.0,0
0.0,0.0,2002,0.0,0.0,0.0,0.0,0.0,0.0,0.0,0.0,0.0,0.0,0.0,0
0.0,0.0,2002,0.0,0.0,0.0,0.0,0.0,0.0,0.0,0.0,0.0,0.0,0.0,0
0.0,0.0,2002,6.0,0.0,0.0,0.0,0.0,0.0,0.0,0.0,0.0,0.0,0.0,6
0.0,0.0,2002,0.0,0.0,0.0,0.0,0.0,0.0,0.0,0.0,0.0,0.0,0.0,0
0.0,0.0,2002,1.0,1.0,0.0,0.0,0.0,0.0,0.0,0.0,0.0,0.0,0.0,2
0.0,0.0,2002,3.0,0.0,0.0,0.0,0.0,0.0,0.0,0.0,0.0,0.0,0.0,3
0.0,0.0,2002,0.0,0.0,0.0,0.0,0.0,0.0,0.0,0.0,0.0,0.0,0.0,0
0.0,0.0,2002,3.0,2.0,0.0,0.0,0.0,0.0,0.0,0.0,0.0,0.0,0.0,5
0.0,0.0,2002,0.0,0.0,0.0,0.0,0.0,0.0,0.0,0.0,0.0,0.0,0.0,0
0.0,0.0,2002,2.0,2.0,0.0,0.0,0.0,0.0,0.0,0.0,0.0,0.0,2.0,6
0.0,0.0,2002,2.0,0.0,0.0,0.0,0.0,0.0,0.0,0.0,0.0,0.0,2.0,4
0.0,0.0,2002,3.0,0.0,0.0,0.0,0.0,5.0,0.0,0.0,0.0,0.0,0.0,8
0.0,0.0,2002,3.0,0.0,0.0,0.0,0.0,0.0,0.0,0.0,0.0,0.0,0.0,3
0.0,0.0,2002,0.0,0.0,0.0,0.0,0.0,0.0,0.0,0.0,0.0,0.0,0.0,0
0.0,0.0,2002,0.0,0.0,0.0,0.0,0.0,0.0,0.0,0.0,0.0,0.0,0.0,0
0.0,0.0,2002,0.0,0.0,0.0,0.0,0.0,0.0,0.0,0.0,0.0,0.0,0.0,0
0.0,0.0,2002,0.0,0.0,0.0,0.0,0.0,0.0,0.0,0.0,0.0,0.0,0.0,0
0.0,0.0,2002,0.0,0.0,0.0,0.0,0.0,0.0,0.0,0.0,0.0,0.0,0.0,0
0.0,0.0,2002,0.0,0.0,8.0,0.0,0.0,0.0,0.0,0.0,0.0,0.0,1.0,9
0.0,0.0,2002,1.0,0.0,0.0,0.0,0.0,0.0,0.0,0.0,0.0,0.0,0.0,1
0.0,0.0,2002,0.0,0.0,0.0,0.0,0.0,0.0,0.0,0.0,0.0,0.0,0.0,0
0.0,0.0,2002,0.0,0.0,0.0,0.0,0.0,0.0,0.0,0.0,0.0,0.0,0.0,0
0.0,0.0,2002,0.0,0.0,0.0,0.0,0.0,0.0,0.0,0.0,0.0,0.0,0.0,0
0.0,0.0,2002,0.0,0.0,0.0,0.0,0.0,0.0,0.0,0.0,0.0,0.0,0.0,0
0.0,0.0,2002,1.0,0.0,0.0,0.0,0.0,0.0,0.0,0.0,0.0,0.0,0.0,1
0.0,0.0,2002,0.0,0.0,0.0,0.0,0.0,0.0,0.0,0.0,0.0,0.0,0.0,0
0.0,0.0,2002,9.0,5.0,12.0,0.0,0.0,0.0,0.0,0.0,0.0,0.0,0.0,26
0.0,0.0,2002,45.0,29.0,29.0,0.0,0.0,5.0,0.0,0.0,0.0,0.0,27.0,135
0.0,0.0,2002,0.0,0.0,0.0,0.0,0.0,0.0,0.0,0.0,0.0,0.0,0.0,0
0.0,0.0,2002,0.0,0.0,0.0,0.0,0.0,0.0,0.0,0.0,0.0,0.0,0.0,0
0.0,0.0,2002,0.0,0.0,0.0,0.0,0.0,0.0,0.0,0.0,0.0,0.0,0.0,0
0.0,0.0,2002,0.0,0.0,0.0,0.0,0.0,0.0,0.0,0.0,0.0,0.0,0.0,0
0.0,0.0,2002,0.0,0.0,0.0,0.0,0.0,0.0,0.0,0.0,0.0,0.0,0.0,0
0.0,0.0,2002,11.0,10.0,112.0,0.0,0.0,0.0,0.0,0.0,0.0,0.0,13.0,146
0.0,0.0,2002,9.0,8.0,15.0,0.0,0.0,0.0,0.0,0.0,0.0,0.0,4.0,36
0.0,0.0,2002,3.0,12.0,2.0,1.0,0.0,0.0,0.0,0.0,0.0,0.0,5.0,23
0.0,0.0,2002,6.0,0.0,0.0,0.0,0.0,0.0,0.0,0.0,0.0,0.0,0.0,6
0.0,0.0,2002,0.0,5.0,5.0,0.0,0.0,0.0,0.0,0.0,0.0,0.0,3.0,13
0.0,0.0,2002,6.0,0.0,4.0,0.0,0.0,0.0,0.0,0.0,0.0,0.0,0.0,10
0.0,0.0,2002,3.0,12.0,26.0,0.0,0.0,0.0,0.0,0.0,0.0,0.0,0.0,41
0.0,0.0,2002,14.0,6.0,4.0,0.0,0.0,0.0,3.0,0.0,0.0,0.0,1.0,28
0.0,0.0,2002,1.0,3.0,3.0,0.0,0.0,0.0,0.0,0.0,0.0,0.0,4.0,11
0.0,0.0,2002,0.0,3.0,0.0,0.0,0.0,0.0,0.0,0.0,0.0,0.0,0.0,3
0.0,0.0,2002,2.0,5.0,0.0,0.0,0.0,0.0,0.0,0.0,0.0,0.0,15.0,22
0.0,0.0,2002,4.0,4.0,8.0,0.0,0.0,0.0,0.0,0.0,0.0,0.0,5.0,21
0.0,0.0,2002,4.0,6.0,16.0,0.0,0.0,0.0,0.0,0.0,0.0,0.0,4.0,30
0.0,0.0,2002,22.0,38.0,0.0,0.0,0.0,0.0,0.0,0.0,0.0,0.0,48.0,108
0.0,0.0,2002,2.0,12.0,29.0,0.0,0.0,0.0,0.0,0.0,0.0,0.0,3.0,46
0.0,0.0,2002,18.0,12.0,23.0,0.0,0.0,0.0,0.0,0.0,0.0,0.0,2.0,55
0.0,0.0,2002,0.0,0.0,0.0,0.0,0.0,0.0,0.0,0.0,0.0,0.0,0.0,0
0.0,0.0,2002,2.0,2.0,0.0,0.0,0.0,0.0,0.0,0.0,0.0,0.0,14.0,18
0.0,0.0,2002,1.0,3.0,0.0,0.0,0.0,0.0,0.0,0.0,0.0,0.0,0.0,4
0.0,0.0,2002,7.0,3.0,7.0,0.0,0.0,0.0,0.0,0.0,0.0,0.0,3.0,20
0.0,0.0,2002,3.0,5.0,8.0,0.0,0.0,0.0,0.0,0.0,0.0,0.0,0.0,16
0.0,0.0,2002,14.0,3.0,20.0,0.0,0.0,0.0,0.0,0.0,0.0,0.0,0.0,37
0.0,0.0,2002,9.0,8.0,10.0,0.0,0.0,0.0,0.0,0.0,0.0,0.0,11.0,38
0.0,0.0,2002,4.0,5.0,13.0,0.0,0.0,0.0,0.0,0.0,0.0,0.0,2.0,24
0.0,0.0,2002,0.0,0.0,0.0,0.0,0.0,0.0,0.0,0.0,0.0,0.0,0.0,0
0.0,0.0,2002,20.0,5.0,5.0,0.0,0.0,0.0,0.0,0.0,0.0,0.0,3.0,33
0.0,0.0,2002,1.0,0.0,1.0,0.0,0.0,0.0,0.0,0.0,0.0,0.0,0.0,2
0.0,0.0,2002,5.0,15.0,3.0,0.0,0.0,0.0,0.0,0.0,0.0,0.0,27.0,50
0.0,0.0,2002,8.0,3.0,1.0,0.0,0.0,0.0,0.0,0.0,0.0,0.0,7.0,19
0.0,0.0,2002,0.0,3.0,0.0,0.0,0.0,0.0,0.0,0.0,0.0,0.0,0.0,3
0.0,0.0,2002,11.0,8.0,16.0,0.0,0.0,0.0,0.0,0.0,0.0,0.0,3.0,38
0.0,0.0,2002,30.0,0.0,1.0,0.0,0.0,0.0,0.0,0.0,0.0,0.0,65.0,96
0.0,0.0,2002,4.0,7.0,12.0,0.0,0.0,0.0,0.0,0.0,0.0,0.0,6.0,29
0.0,0.0,2002,0.0,3.0,0.0,0.0,0.0,0.0,0.0,0.0,0.0,0.0,5.0,8
0.0,0.0,2002,11.0,4.0,6.0,0.0,0.0,0.0,0.0,0.0,0.0,0.0,0.0,21
0.0,0.0,2002,0.0,0.0,0.0,0.0,0.0,0.0,0.0,0.0,0.0,0.0,0.0,0
0.0,0.0,2002,7.0,2.0,8.0,0.0,0.0,0.0,0.0,0.0,0.0,0.0,5.0,22
0.0,0.0,2002,3.0,2.0,3.0,0.0,0.0,0.0,0.0,0.0,0.0,0.0,2.0,10
0.0,0.0,2002,6.0,10.0,4.0,0.0,0.0,0.0,0.0,0.0,0.0,0.0,5.0,25
0.0,0.0,2002,4.0,2.0,5.0,0.0,0.0,0.0,0.0,0.0,0.0,0.0,4.0,15
0.0,0.0,2002,2.0,2.0,2.0,0.0,0.0,0.0,1.0,0.0,0.0,0.0,0.0,7
0.0,0.0,2002,4.0,11.0,3.0,0.0,0.0,0.0,0.0,0.0,0.0,0.0,0.0,18
0.0,0.0,2002,7.0,18.0,11.0,0.0,0.0,0.0,0.0,0.0,0.0,0.0,6.0,42
0.0,0.0,2002,0.0,7.0,6.0,0.0,0.0,0.0,0.0,0.0,0.0,0.0,5.0,18
0.0,0.0,2002,8.0,6.0,0.0,0.0,0.0,0.0,0.0,0.0,0.0,0.0,1.0,15
0.0,0.0,2002,4.0,2.0,2.0,0.0,0.0,0.0,0.0,0.0,0.0,0.0,3.0,11
0.0,0.0,2002,15.0,9.0,24.0,0.0,0.0,0.0,0.0,0.0,0.0,0.0,4.0,52
0.0,0.0,2002,8.0,11.0,7.0,0.0,0.0,0.0,0.0,0.0,0.0,0.0,2.0,28
0.0,0.0,2002,0.0,0.0,0.0,0.0,0.0,0.0,0.0,0.0,0.0,0.0,0.0,0
0.0,0.0,2002,0.0,4.0,3.0,0.0,0.0,0.0,0.0,0.0,0.0,0.0,0.0,7
0.0,0.0,2002,2.0,1.0,6.0,0.0,0.0,0.0,0.0,0.0,0.0,1.0,32.0,42
0.0,0.0,2002,0.0,2.0,5.0,0.0,0.0,0.0,0.0,0.0,0.0,0.0,7.0,14
0.0,0.0,2002,1.0,2.0,5.0,0.0,0.0,0.0,0.0,0.0,0.0,1.0,6.0,15
0.0,0.0,2002,3.0,8.0,11.0,0.0,0.0,0.0,0.0,0.0,0.0,0.0,7.0,29
0.0,0.0,2002,19.0,17.0,1.0,0.0,0.0,0.0,0.0,0.0,0.0,0.0,24.0,61
0.0,0.0,2002,14.0,0.0,11.0,0.0,0.0,0.0,0.0,0.0,0.0,0.0,4.0,29
0.0,0.0,2002,6.0,15.0,18.0,0.0,0.0,0.0,0.0,0.0,0.0,0.0,0.0,39
0.0,0.0,2002,0.0,7.0,0.0,0.0,0.0,0.0,0.0,0.0,0.0,0.0,3.0,10
0.0,0.0,2002,4.0,2.0,5.0,0.0,0.0,0.0,0.0,0.0,0.0,0.0,6.0,17
0.0,0.0,2002,3.0,2.0,9.0,0.0,0.0,0.0,0.0,0.0,0.0,0.0,0.0,14
0.0,0.0,2002,5.0,3.0,0.0,0.0,0.0,0.0,0.0,0.0,0.0,0.0,12.0,20
0.0,0.0,2002,3.0,3.0,12.0,0.0,0.0,0.0,0.0,0.0,0.0,0.0,0.0,18
0.0,0.0,2002,24.0,18.0,0.0,0.0,0.0,0.0,0.0,0.0,0.0,0.0,0.0,42
0.0,0.0,2002,2.0,0.0,2.0,0.0,0.0,0.0,0.0,0.0,0.0,0.0,0.0,4
0.0,0.0,2002,4.0,1.0,8.0,0.0,0.0,0.0,0.0,0.0,0.0,0.0,3.0,16
0.0,0.0,2002,2.0,0.0,0.0,0.0,0.0,0.0,0.0,0.0,0.0,0.0,0.0,2
0.0,0.0,2002,2.0,4.0,5.0,0.0,0.0,0.0,0.0,0.0,0.0,0.0,5.0,16
0.0,0.0,2002,0.0,0.0,5.0,0.0,0.0,0.0,0.0,0.0,0.0,0.0,3.0,8
0.0,0.0,2002,6.0,5.0,6.0,0.0,0.0,0.0,0.0,0.0,0.0,0.0,2.0,19
0.0,0.0,2002,15.0,16.0,2.0,0.0,0.0,0.0,0.0,0.0,0.0,0.0,21.0,54
0.0,0.0,2002,6.0,11.0,0.0,0.0,0.0,0.0,0.0,0.0,0.0,0.0,15.0,32
0.0,0.0,2002,424.0,416.0,539.0,1.0,0.0,0.0,4.0,0.0,0.0,2.0,440.0,1826
0.0,0.0,2002,0.0,0.0,0.0,0.0,0.0,0.0,0.0,0.0,0.0,0.0,0.0,0
0.0,0.0,2002,1.0,0.0,0.0,0.0,0.0,0.0,0.0,0.0,0.0,0.0,0.0,1
0.0,0.0,2002,0.0,0.0,0.0,0.0,0.0,0.0,0.0,0.0,0.0,0.0,0.0,0
0.0,0.0,2002,0.0,0.0,0.0,0.0,0.0,0.0,0.0,0.0,0.0,0.0,0.0,0
0.0,0.0,2002,0.0,0.0,0.0,0.0,0.0,0.0,0.0,0.0,0.0,0.0,0.0,0
0.0,0.0,2002,5.0,8.0,3.0,0.0,0.0,0.0,9.0,0.0,0.0,0.0,0.0,25
0.0,0.0,2002,0.0,0.0,0.0,0.0,0.0,0.0,0.0,0.0,0.0,0.0,0.0,0
0.0,0.0,2002,0.0,0.0,0.0,0.0,0.0,0.0,0.0,0.0,0.0,0.0,0.0,0
0.0,0.0,2002,0.0,0.0,0.0,0.0,0.0,0.0,0.0,0.0,0.0,0.0,0.0,0
0.0,0.0,2002,1.0,0.0,0.0,0.0,0.0,0.0,0.0,0.0,0.0,0.0,0.0,1
0.0,0.0,2002,0.0,0.0,0.0,0.0,0.0,0.0,0.0,0.0,0.0,0.0,0.0,0
0.0,0.0,2002,0.0,0.0,0.0,0.0,0.0,0.0,0.0,0.0,0.0,0.0,0.0,0
0.0,0.0,2002,0.0,0.0,0.0,0.0,0.0,0.0,0.0,0.0,0.0,0.0,0.0,0
0.0,0.0,2002,7.0,8.0,3.0,0.0,0.0,0.0,9.0,0.0,0.0,0.0,0.0,27
0.0,0.0,2002,0.0,0.0,1.0,0.0,0.0,0.0,0.0,0.0,0.0,0.0,0.0,1
0.0,0.0,2002,0.0,0.0,0.0,0.0,0.0,0.0,0.0,0.0,0.0,0.0,0.0,0
0.0,0.0,2002,0.0,0.0,0.0,0.0,0.0,0.0,0.0,0.0,0.0,0.0,0.0,0
0.0,0.0,2002,0.0,0.0,0.0,0.0,0.0,0.0,0.0,0.0,0.0,0.0,0.0,0
0.0,0.0,2002,0.0,0.0,0.0,0.0,0.0,0.0,0.0,0.0,0.0,0.0,0.0,0
0.0,0.0,2002,0.0,0.0,0.0,0.0,0.0,0.0,0.0,0.0,0.0,0.0,0.0,0
0.0,0.0,2002,0.0,0.0,0.0,0.0,0.0,0.0,0.0,0.0,0.0,0.0,0.0,0
0.0,0.0,2002,0.0,0.0,0.0,0.0,0.0,0.0,0.0,0.0,0.0,0.0,0.0,0
0.0,0.0,2002,0.0,0.0,0.0,0.0,0.0,0.0,0.0,0.0,0.0,0.0,1.0,1
0.0,0.0,2002,0.0,0.0,0.0,0.0,0.0,0.0,0.0,0.0,0.0,0.0,0.0,0
0.0,0.0,2002,0.0,0.0,0.0,0.0,0.0,0.0,0.0,0.0,0.0,0.0,0.0,0
0.0,0.0,2002,0.0,0.0,0.0,0.0,0.0,0.0,0.0,0.0,0.0,0.0,0.0,0
0.0,0.0,2002,0.0,0.0,0.0,0.0,0.0,0.0,0.0,0.0,0.0,0.0,0.0,0
0.0,0.0,2002,0.0,0.0,0.0,0.0,0.0,0.0,0.0,0.0,0.0,0.0,0.0,0
0.0,0.0,2002,0.0,0.0,0.0,0.0,0.0,0.0,0.0,0.0,0.0,0.0,0.0,0
0.0,0.0,2002,4.0,16.0,67.0,0.0,0.0,0.0,12.0,0.0,0.0,0.0,45.0,144
0.0,0.0,2002,0.0,0.0,22.0,0.0,0.0,0.0,0.0,0.0,0.0,0.0,0.0,22
0.0,0.0,2002,0.0,0.0,0.0,0.0,0.0,0.0,0.0,0.0,0.0,0.0,0.0,0
0.0,0.0,2002,0.0,0.0,0.0,0.0,0.0,0.0,0.0,0.0,1.0,0.0,0.0,1
0.0,0.0,2002,0.0,0.0,0.0,0.0,0.0,0.0,0.0,0.0,0.0,0.0,0.0,0
0.0,0.0,2002,0.0,0.0,0.0,0.0,0.0,0.0,0.0,0.0,0.0,0.0,0.0,0
0.0,0.0,2002,0.0,0.0,0.0,0.0,0.0,0.0,0.0,0.0,0.0,0.0,0.0,0
0.0,0.0,2002,0.0,0.0,0.0,0.0,0.0,0.0,0.0,0.0,0.0,0.0,0.0,0
0.0,0.0,2002,0.0,0.0,0.0,0.0,0.0,0.0,0.0,0.0,0.0,0.0,0.0,0
0.0,0.0,2002,0.0,0.0,4.0,0.0,0.0,0.0,2.0,0.0,0.0,0.0,0.0,6
0.0,0.0,2002,4.0,16.0,94.0,0.0,0.0,0.0,14.0,0.0,1.0,0.0,46.0,175
0.0,0.0,2002,0.0,0.0,0.0,0.0,0.0,0.0,0.0,0.0,0.0,0.0,0.0,0
0.0,0.0,2002,0.0,0.0,0.0,0.0,0.0,0.0,0.0,0.0,0.0,0.0,0.0,0
0.0,0.0,2002,0.0,0.0,0.0,0.0,0.0,0.0,0.0,0.0,0.0,0.0,0.0,0
0.0,0.0,2002,3.0,6.0,22.0,0.0,1.0,8.0,0.0,0.0,0.0,0.0,9.0,49
0.0,0.0,2002,3.0,6.0,22.0,0.0,1.0,8.0,0.0,0.0,0.0,0.0,9.0,49
0.0,0.0,2002,0.0,0.0,0.0,0.0,0.0,0.0,0.0,0.0,0.0,0.0,0.0,0
0.0,0.0,2002,0.0,0.0,0.0,0.0,0.0,0.0,0.0,0.0,0.0,0.0,0.0,0
0.0,0.0,2002,0.0,0.0,0.0,0.0,0.0,0.0,0.0,0.0,0.0,0.0,0.0,0
0.0,0.0,2002,0.0,0.0,0.0,0.0,0.0,0.0,0.0,0.0,0.0,0.0,0.0,0
0.0,0.0,2002,0.0,0.0,0.0,0.0,0.0,0.0,0.0,0.0,0.0,0.0,0.0,0
0.0,0.0,2002,4.0,3.0,17.0,0.0,0.0,0.0,0.0,0.0,0.0,0.0,2.0,26
0.0,0.0,2002,29.0,138.0,426.0,20.0,0.0,29.0,0.0,0.0,0.0,0.0,55.0,697
0.0,0.0,2002,0.0,0.0,0.0,0.0,0.0,2.0,0.0,0.0,0.0,0.0,0.0,2
0.0,0.0,2002,3.0,5.0,15.0,1.0,0.0,0.0,0.0,0.0,0.0,0.0,3.0,27
0.0,0.0,2002,0.0,0.0,0.0,0.0,0.0,0.0,0.0,0.0,0.0,0.0,0.0,0
0.0,0.0,2002,1.0,3.0,12.0,0.0,0.0,2.0,0.0,0.0,0.0,0.0,4.0,22
0.0,0.0,2002,2.0,7.0,39.0,0.0,0.0,1.0,0.0,0.0,0.0,0.0,13.0,62
0.0,0.0,2002,2.0,20.0,50.0,0.0,0.0,9.0,0.0,0.0,0.0,0.0,8.0,89
0.0,0.0,2002,7.0,60.0,190.0,0.0,0.0,6.0,0.0,0.0,0.0,0.0,0.0,263
0.0,0.0,2002,4.0,15.0,36.0,0.0,0.0,3.0,0.0,0.0,0.0,0.0,5.0,63
0.0,0.0,2002,2.0,3.0,26.0,18.0,0.0,0.0,0.0,0.0,0.0,0.0,10.0,59
0.0,0.0,2002,0.0,0.0,0.0,0.0,0.0,0.0,0.0,0.0,0.0,0.0,0.0,0
0.0,0.0,2002,0.0,0.0,0.0,0.0,0.0,0.0,0.0,0.0,0.0,0.0,0.0,0
0.0,0.0,2002,4.0,22.0,41.0,1.0,0.0,6.0,0.0,0.0,0.0,0.0,10.0,84
0.0,0.0,2002,0.0,0.0,0.0,0.0,0.0,0.0,0.0,0.0,0.0,0.0,0.0,0
0.0,0.0,2002,0.0,0.0,0.0,0.0,0.0,0.0,0.0,0.0,0.0,0.0,0.0,0
0.0,0.0,2002,2.0,4.0,4.0,0.0,1.0,0.0,0.0,0.0,0.0,0.0,6.0,17
0.0,0.0,2002,2.0,4.0,4.0,0.0,1.0,0.0,0.0,0.0,0.0,0.0,6.0,17
0.0,0.0,2003,0.0,0.0,0.0,0.0,0.0,0.0,0.0,0.0,0.0,0.0,0.0,0
0.0,0.0,2003,11.0,11.0,29.0,0.0,0.0,0.0,0.0,0.0,1.0,0.0,2.0,54
0.0,0.0,2003,8.0,24.0,49.0,0.0,0.0,0.0,0.0,0.0,0.0,0.0,0.0,81
0.0,0.0,2003,3.0,9.0,33.0,0.0,0.0,0.0,0.0,0.0,0.0,0.0,0.0,45
0.0,0.0,2003,0.0,1.0,0.0,0.0,0.0,1.0,0.0,0.0,0.0,0.0,0.0,2
0.0,0.0,2003,0.0,0.0,0.0,0.0,0.0,0.0,0.0,0.0,0.0,0.0,0.0,0
0.0,0.0,2003,0.0,0.0,0.0,0.0,0.0,0.0,0.0,0.0,0.0,0.0,0.0,0
0.0,0.0,2003,3.0,24.0,30.0,0.0,0.0,0.0,0.0,0.0,0.0,0.0,0.0,57
0.0,0.0,2003,0.0,18.0,3.0,0.0,0.0,34.0,0.0,0.0,0.0,1.0,0.0,56
0.0,0.0,2003,6.0,57.0,23.0,0.0,0.0,0.0,15.0,0.0,0.0,1.0,408.0,510
0.0,0.0,2003,5.0,19.0,29.0,0.0,0.0,0.0,0.0,0.0,0.0,0.0,0.0,53
0.0,0.0,2003,5.0,25.0,7.0,0.0,0.0,0.0,0.0,0.0,0.0,0.0,11.0,48
0.0,0.0,2003,0.0,20.0,16.0,0.0,0.0,0.0,0.0,0.0,0.0,0.0,0.0,36
0.0,0.0,2003,0.0,0.0,0.0,0.0,0.0,0.0,0.0,0.0,0.0,0.0,0.0,0
0.0,0.0,2003,5.0,21.0,12.0,0.0,0.0,0.0,10.0,0.0,0.0,0.0,0.0,48
0.0,0.0,2003,5.0,36.0,28.0,0.0,0.0,0.0,0.0,0.0,0.0,0.0,0.0,69
0.0,0.0,2003,0.0,5.0,0.0,0.0,3.0,0.0,0.0,0.0,0.0,0.0,11.0,19
0.0,0.0,2003,2.0,4.0,7.0,0.0,0.0,0.0,0.0,0.0,0.0,0.0,9.0,22
0.0,0.0,2003,1.0,14.0,0.0,0.0,0.0,0.0,21.0,0.0,0.0,0.0,0.0,36
0.0,0.0,2003,0.0,0.0,0.0,0.0,0.0,0.0,0.0,0.0,0.0,0.0,2.0,2
0.0,0.0,2003,0.0,0.0,0.0,0.0,0.0,0.0,0.0,0.0,0.0,0.0,0.0,0
0.0,0.0,2003,1.0,8.0,0.0,0.0,0.0,0.0,0.0,0.0,0.0,0.0,11.0,20
0.0,0.0,2003,6.0,6.0,22.0,0.0,0.0,1.0,0.0,0.0,0.0,0.0,22.0,57
0.0,0.0,2003,0.0,0.0,0.0,0.0,0.0,0.0,0.0,0.0,0.0,0.0,0.0,0
0.0,0.0,2003,0.0,0.0,0.0,0.0,0.0,0.0,0.0,0.0,0.0,0.0,0.0,0
0.0,0.0,2003,2.0,6.0,15.0,0.0,0.0,0.0,0.0,0.0,0.0,0.0,0.0,23
0.0,0.0,2003,0.0,0.0,0.0,0.0,0.0,0.0,0.0,0.0,0.0,0.0,0.0,0
0.0,0.0,2003,55.0,42.0,57.0,0.0,0.0,0.0,0.0,0.0,0.0,2.0,21.0,177
0.0,0.0,2003,1.0,33.0,13.0,0.0,0.0,0.0,0.0,0.0,0.0,0.0,1.0,48
0.0,0.0,2003,119.0,383.0,373.0,0.0,3.0,36.0,46.0,0.0,1.0,4.0,498.0,1463
0.0,0.0,2003,0.0,1.0,0.0,0.0,0.0,0.0,0.0,0.0,0.0,0.0,0.0,1
0.0,0.0,2003,0.0,1.0,0.0,0.0,0.0,0.0,0.0,0.0,0.0,0.0,0.0,1
0.0,0.0,2003,0.0,0.0,0.0,0.0,0.0,0.0,0.0,0.0,0.0,0.0,0.0,0
0.0,0.0,2003,0.0,0.0,0.0,0.0,0.0,0.0,0.0,0.0,0.0,0.0,0.0,0
0.0,0.0,2003,0.0,1.0,0.0,0.0,0.0,0.0,0.0,0.0,0.0,0.0,0.0,1
0.0,0.0,2003,0.0,0.0,1.0,0.0,0.0,0.0,0.0,0.0,0.0,0.0,0.0,1
0.0,0.0,2003,0.0,0.0,3.0,0.0,0.0,0.0,0.0,0.0,0.0,0.0,0.0,3
0.0,0.0,2003,0.0,3.0,1.0,0.0,0.0,0.0,0.0,0.0,0.0,0.0,0.0,4
0.0,0.0,2003,0.0,1.0,0.0,0.0,0.0,0.0,0.0,0.0,0.0,0.0,0.0,1
0.0,0.0,2003,0.0,2.0,1.0,0.0,0.0,0.0,0.0,0.0,0.0,0.0,0.0,3
0.0,0.0,2003,0.0,0.0,0.0,0.0,0.0,0.0,0.0,0.0,0.0,0.0,0.0,0
0.0,0.0,2003,0.0,0.0,1.0,0.0,0.0,0.0,0.0,0.0,0.0,0.0,0.0,1
0.0,0.0,2003,0.0,0.0,0.0,0.0,0.0,0.0,0.0,0.0,0.0,0.0,0.0,0
0.0,0.0,2003,0.0,0.0,1.0,0.0,0.0,0.0,0.0,0.0,0.0,0.0,0.0,1
0.0,0.0,2003,0.0,0.0,1.0,0.0,0.0,0.0,0.0,0.0,0.0,0.0,0.0,1
0.0,0.0,2003,0.0,9.0,9.0,0.0,0.0,0.0,0.0,0.0,0.0,0.0,0.0,18
0.0,0.0,2003,0.0,0.0,0.0,0.0,0.0,0.0,0.0,0.0,0.0,0.0,0.0,0
0.0,0.0,2003,0.0,0.0,0.0,0.0,0.0,0.0,0.0,0.0,0.0,0.0,0.0,0
0.0,0.0,2003,0.0,0.0,0.0,0.0,0.0,0.0,0.0,0.0,0.0,0.0,0.0,0
0.0,0.0,2003,0.0,0.0,0.0,0.0,0.0,0.0,0.0,0.0,0.0,0.0,0.0,0
0.0,0.0,2003,0.0,0.0,0.0,0.0,0.0,0.0,0.0,0.0,0.0,0.0,0.0,0
0.0,0.0,2003,0.0,0.0,0.0,0.0,0.0,0.0,0.0,0.0,0.0,0.0,0.0,0
0.0,0.0,2003,2.0,2.0,0.0,0.0,0.0,0.0,0.0,0.0,0.0,0.0,0.0,4
0.0,0.0,2003,0.0,0.0,0.0,0.0,0.0,0.0,0.0,0.0,0.0,0.0,0.0,0
0.0,0.0,2003,0.0,0.0,0.0,0.0,0.0,0.0,0.0,0.0,0.0,0.0,0.0,0
0.0,0.0,2003,0.0,0.0,0.0,0.0,0.0,0.0,0.0,0.0,0.0,0.0,0.0,0
0.0,0.0,2003,0.0,0.0,0.0,0.0,0.0,0.0,0.0,0.0,0.0,0.0,0.0,0
0.0,0.0,2003,0.0,0.0,0.0,0.0,0.0,0.0,0.0,0.0,0.0,0.0,0.0,0
0.0,0.0,2003,0.0,0.0,0.0,0.0,0.0,0.0,0.0,0.0,0.0,0.0,0.0,0
0.0,0.0,2003,0.0,0.0,0.0,0.0,0.0,0.0,0.0,0.0,0.0,0.0,0.0,0
0.0,0.0,2003,0.0,0.0,0.0,0.0,0.0,0.0,0.0,0.0,0.0,0.0,0.0,0
0.0,0.0,2003,0.0,2.0,0.0,0.0,0.0,0.0,12.0,0.0,0.0,0.0,0.0,14
0.0,0.0,2003,0.0,0.0,0.0,0.0,0.0,0.0,0.0,0.0,0.0,0.0,0.0,0
0.0,0.0,2003,0.0,0.0,0.0,0.0,0.0,0.0,0.0,0.0,0.0,0.0,0.0,0
0.0,0.0,2003,0.0,0.0,0.0,0.0,0.0,0.0,0.0,0.0,0.0,0.0,0.0,0
0.0,0.0,2003,0.0,0.0,0.0,0.0,0.0,0.0,0.0,0.0,0.0,0.0,0.0,0
0.0,0.0,2003,0.0,0.0,0.0,0.0,0.0,0.0,0.0,0.0,0.0,0.0,0.0,0
0.0,0.0,2003,0.0,0.0,0.0,0.0,0.0,0.0,0.0,0.0,0.0,0.0,0.0,0
0.0,0.0,2003,0.0,1.0,0.0,0.0,0.0,0.0,0.0,0.0,0.0,0.0,0.0,1
0.0,0.0,2003,0.0,0.0,0.0,0.0,0.0,0.0,0.0,0.0,0.0,0.0,0.0,0
0.0,0.0,2003,0.0,0.0,0.0,0.0,0.0,0.0,0.0,0.0,0.0,0.0,0.0,0
0.0,0.0,2003,0.0,0.0,0.0,0.0,0.0,0.0,0.0,0.0,0.0,0.0,0.0,0
0.0,0.0,2003,0.0,0.0,0.0,0.0,0.0,0.0,0.0,0.0,0.0,0.0,0.0,0
0.0,0.0,2003,2.0,5.0,0.0,0.0,0.0,0.0,12.0,0.0,0.0,0.0,0.0,19
0.0,0.0,2003,0.0,0.0,0.0,0.0,0.0,0.0,0.0,0.0,0.0,0.0,6.0,6
0.0,0.0,2003,0.0,0.0,0.0,0.0,0.0,0.0,0.0,0.0,0.0,0.0,0.0,0
0.0,0.0,2003,0.0,0.0,0.0,0.0,0.0,0.0,0.0,0.0,0.0,0.0,0.0,0
0.0,0.0,2003,0.0,0.0,0.0,0.0,0.0,0.0,0.0,0.0,0.0,0.0,0.0,0
0.0,0.0,2003,0.0,0.0,0.0,0.0,0.0,0.0,0.0,0.0,0.0,0.0,0.0,0
0.0,0.0,2003,0.0,0.0,0.0,0.0,0.0,0.0,0.0,0.0,0.0,0.0,0.0,0
0.0,0.0,2003,0.0,0.0,0.0,0.0,0.0,0.0,0.0,0.0,0.0,0.0,0.0,0
0.0,0.0,2003,0.0,0.0,0.0,0.0,0.0,0.0,0.0,0.0,0.0,0.0,0.0,0
0.0,0.0,2003,0.0,0.0,0.0,0.0,0.0,0.0,0.0,0.0,0.0,0.0,0.0,0
0.0,0.0,2003,0.0,0.0,0.0,0.0,0.0,0.0,0.0,0.0,0.0,0.0,0.0,0
0.0,0.0,2003,0.0,1.0,4.0,0.0,0.0,0.0,0.0,0.0,0.0,0.0,0.0,5
0.0,0.0,2003,0.0,0.0,0.0,0.0,0.0,0.0,0.0,0.0,0.0,0.0,0.0,0
0.0,0.0,2003,0.0,0.0,0.0,0.0,0.0,0.0,0.0,0.0,0.0,0.0,0.0,0
0.0,0.0,2003,0.0,0.0,0.0,0.0,0.0,0.0,0.0,0.0,0.0,0.0,0.0,0
0.0,0.0,2003,0.0,0.0,0.0,0.0,0.0,0.0,0.0,0.0,0.0,0.0,0.0,0
0.0,0.0,2003,0.0,0.0,0.0,0.0,0.0,0.0,0.0,0.0,0.0,0.0,0.0,0
0.0,0.0,2003,0.0,0.0,0.0,0.0,0.0,0.0,0.0,0.0,0.0,0.0,1.0,1
0.0,0.0,2003,0.0,0.0,0.0,0.0,0.0,0.0,0.0,0.0,0.0,0.0,0.0,0
0.0,0.0,2003,0.0,0.0,0.0,0.0,0.0,0.0,0.0,0.0,0.0,0.0,0.0,0
0.0,0.0,2003,0.0,0.0,0.0,0.0,0.0,0.0,0.0,0.0,0.0,0.0,0.0,0
0.0,0.0,2003,0.0,0.0,0.0,0.0,0.0,0.0,0.0,0.0,0.0,0.0,0.0,0
0.0,0.0,2003,4.0,0.0,5.0,0.0,0.0,0.0,0.0,0.0,0.0,0.0,0.0,9
0.0,0.0,2003,0.0,0.0,0.0,0.0,0.0,0.0,0.0,0.0,0.0,0.0,0.0,0
0.0,0.0,2003,0.0,0.0,0.0,0.0,0.0,0.0,0.0,0.0,0.0,0.0,0.0,0
0.0,0.0,2003,0.0,0.0,0.0,0.0,0.0,0.0,0.0,0.0,0.0,0.0,0.0,0
0.0,0.0,2003,0.0,0.0,0.0,0.0,0.0,0.0,0.0,0.0,0.0,0.0,0.0,0
0.0,0.0,2003,0.0,0.0,0.0,0.0,0.0,0.0,0.0,0.0,0.0,0.0,0.0,0
0.0,0.0,2003,1.0,0.0,0.0,0.0,0.0,0.0,0.0,0.0,0.0,0.0,1.0,2
0.0,0.0,2003,1.0,0.0,6.0,0.0,0.0,0.0,0.0,0.0,0.0,0.0,0.0,7
0.0,0.0,2003,0.0,1.0,3.0,0.0,0.0,0.0,0.0,0.0,0.0,0.0,0.0,4
0.0,0.0,2003,0.0,1.0,2.0,0.0,0.0,1.0,1.0,0.0,0.0,0.0,2.0,7
0.0,0.0,2003,0.0,0.0,0.0,0.0,0.0,0.0,0.0,0.0,0.0,0.0,0.0,0
0.0,0.0,2003,0.0,0.0,0.0,0.0,0.0,0.0,0.0,0.0,0.0,0.0,0.0,0
0.0,0.0,2003,0.0,0.0,0.0,0.0,0.0,0.0,0.0,0.0,0.0,0.0,0.0,0
0.0,0.0,2003,2.0,0.0,4.0,0.0,0.0,0.0,0.0,0.0,0.0,0.0,0.0,6
0.0,0.0,2003,0.0,0.0,0.0,0.0,0.0,0.0,0.0,0.0,0.0,0.0,0.0,0
0.0,0.0,2003,0.0,0.0,0.0,0.0,0.0,0.0,0.0,0.0,0.0,0.0,0.0,0
0.0,0.0,2003,0.0,0.0,0.0,0.0,0.0,0.0,0.0,0.0,0.0,0.0,0.0,0
0.0,0.0,2003,0.0,0.0,6.0,0.0,0.0,0.0,0.0,0.0,0.0,0.0,0.0,6
0.0,0.0,2003,0.0,0.0,0.0,0.0,0.0,0.0,0.0,0.0,0.0,0.0,0.0,0
0.0,0.0,2003,0.0,0.0,0.0,0.0,0.0,0.0,0.0,0.0,0.0,0.0,0.0,0
0.0,0.0,2003,0.0,0.0,0.0,0.0,0.0,0.0,0.0,0.0,0.0,0.0,0.0,0
0.0,0.0,2003,0.0,0.0,3.0,0.0,0.0,0.0,0.0,0.0,0.0,0.0,0.0,3
0.0,0.0,2003,8.0,3.0,33.0,0.0,0.0,1.0,1.0,0.0,0.0,0.0,10.0,56
0.0,0.0,2003,0.0,0.0,0.0,0.0,0.0,0.0,0.0,0.0,0.0,0.0,0.0,0
0.0,0.0,2003,4.0,11.0,5.0,0.0,0.0,1.0,0.0,0.0,0.0,0.0,30.0,51
0.0,0.0,2003,0.0,4.0,1.0,0.0,0.0,0.0,0.0,0.0,0.0,0.0,6.0,11
0.0,0.0,2003,1.0,5.0,0.0,0.0,0.0,0.0,0.0,0.0,0.0,0.0,1.0,7
0.0,0.0,2003,0.0,10.0,2.0,0.0,0.0,0.0,0.0,0.0,0.0,0.0,9.0,21
0.0,0.0,2003,1.0,0.0,0.0,0.0,0.0,0.0,0.0,0.0,0.0,0.0,81.0,82
0.0,0.0,2003,0.0,0.0,0.0,0.0,0.0,0.0,0.0,0.0,0.0,0.0,0.0,0
0.0,0.0,2003,4.0,6.0,2.0,0.0,0.0,0.0,0.0,0.0,0.0,2.0,60.0,74
0.0,0.0,2003,1.0,20.0,4.0,1.0,0.0,0.0,0.0,0.0,0.0,1.0,37.0,64
0.0,0.0,2003,1.0,2.0,0.0,0.0,1.0,0.0,0.0,0.0,0.0,0.0,12.0,16
0.0,0.0,2003,0.0,0.0,0.0,0.0,0.0,0.0,0.0,0.0,0.0,0.0,0.0,0
0.0,0.0,2003,0.0,0.0,0.0,0.0,0.0,0.0,0.0,0.0,0.0,0.0,0.0,0
0.0,0.0,2003,1.0,8.0,1.0,1.0,0.0,1.0,0.0,0.0,0.0,1.0,2.0,15
0.0,0.0,2003,1.0,15.0,2.0,0.0,0.0,0.0,0.0,0.0,0.0,0.0,0.0,18
0.0,0.0,2003,2.0,6.0,1.0,1.0,1.0,0.0,0.0,0.0,0.0,1.0,3.0,15
0.0,0.0,2003,0.0,0.0,0.0,0.0,0.0,0.0,0.0,0.0,0.0,0.0,0.0,0
0.0,0.0,2003,0.0,0.0,0.0,0.0,0.0,0.0,0.0,0.0,0.0,0.0,0.0,0
0.0,0.0,2003,10.0,63.0,19.0,3.0,2.0,1.0,0.0,0.0,0.0,0.0,60.0,158
0.0,0.0,2003,0.0,0.0,0.0,0.0,0.0,0.0,0.0,0.0,0.0,0.0,0.0,0
0.0,0.0,2003,3.0,36.0,8.0,0.0,0.0,0.0,0.0,0.0,0.0,1.0,34.0,82
0.0,0.0,2003,29.0,186.0,45.0,6.0,4.0,3.0,0.0,0.0,0.0,6.0,335.0,614
0.0,0.0,2003,0.0,17.0,6.0,0.0,0.0,5.0,0.0,0.0,0.0,0.0,11.0,39
0.0,0.0,2003,0.0,5.0,3.0,0.0,0.0,0.0,5.0,0.0,0.0,0.0,5.0,18
0.0,0.0,2003,0.0,22.0,9.0,0.0,0.0,5.0,5.0,0.0,0.0,0.0,16.0,57
0.0,0.0,2003,1.0,1.0,5.0,2.0,0.0,7.0,0.0,0.0,0.0,0.0,44.0,60
0.0,0.0,2003,0.0,2.0,9.0,0.0,0.0,0.0,0.0,0.0,0.0,0.0,0.0,11
0.0,0.0,2003,0.0,0.0,0.0,0.0,0.0,0.0,0.0,0.0,0.0,0.0,0.0,0
0.0,0.0,2003,3.0,2.0,2.0,0.0,0.0,3.0,0.0,0.0,0.0,1.0,1.0,12
0.0,0.0,2003,1.0,2.0,10.0,0.0,0.0,1.0,1.0,0.0,0.0,0.0,1.0,16
0.0,0.0,2003,1.0,3.0,2.0,0.0,0.0,1.0,0.0,0.0,0.0,3.0,3.0,13
0.0,0.0,2003,5.0,3.0,19.0,0.0,0.0,7.0,0.0,0.0,0.0,2.0,33.0,69
0.0,0.0,2003,0.0,0.0,0.0,0.0,0.0,0.0,0.0,0.0,0.0,0.0,12.0,12
0.0,0.0,2003,1.0,0.0,9.0,0.0,0.0,1.0,0.0,0.0,0.0,0.0,0.0,11
0.0,0.0,2003,0.0,0.0,0.0,0.0,0.0,0.0,0.0,0.0,0.0,2.0,2.0,4
0.0,0.0,2003,4.0,1.0,2.0,0.0,0.0,0.0,1.0,0.0,0.0,0.0,0.0,8
0.0,0.0,2003,6.0,5.0,0.0,0.0,0.0,8.0,0.0,0.0,0.0,0.0,20.0,39
0.0,0.0,2003,0.0,0.0,0.0,0.0,0.0,8.0,0.0,0.0,0.0,0.0,0.0,8
0.0,0.0,2003,1.0,3.0,15.0,0.0,0.0,2.0,0.0,0.0,0.0,1.0,1.0,23
0.0,0.0,2003,2.0,1.0,9.0,0.0,0.0,2.0,0.0,0.0,0.0,0.0,13.0,27
0.0,0.0,2003,0.0,0.0,1.0,0.0,0.0,0.0,0.0,0.0,0.0,0.0,0.0,1
0.0,0.0,2003,0.0,0.0,0.0,0.0,0.0,0.0,0.0,0.0,0.0,0.0,0.0,0
0.0,0.0,2003,3.0,4.0,8.0,0.0,0.0,8.0,0.0,0.0,0.0,0.0,5.0,28
0.0,0.0,2003,0.0,0.0,4.0,0.0,0.0,0.0,0.0,0.0,0.0,0.0,0.0,4
0.0,0.0,2003,0.0,0.0,3.0,0.0,0.0,2.0,0.0,0.0,0.0,0.0,0.0,5
0.0,0.0,2003,0.0,1.0,3.0,0.0,0.0,0.0,0.0,0.0,0.0,0.0,7.0,11
0.0,0.0,2003,2.0,4.0,29.0,0.0,0.0,5.0,0.0,0.0,0.0,0.0,5.0,45
0.0,0.0,2003,4.0,5.0,13.0,2.0,0.0,2.0,0.0,0.0,0.0,1.0,5.0,32
0.0,0.0,2003,5.0,20.0,54.0,0.0,0.0,12.0,0.0,0.0,0.0,0.0,0.0,91
0.0,0.0,2003,0.0,0.0,0.0,0.0,0.0,0.0,0.0,0.0,0.0,0.0,0.0,0
0.0,0.0,2003,5.0,6.0,10.0,0.0,0.0,5.0,0.0,0.0,0.0,1.0,12.0,39
0.0,0.0,2003,4.0,6.0,34.0,0.0,0.0,7.0,0.0,0.0,0.0,0.0,9.0,60
0.0,0.0,2003,1.0,6.0,26.0,0.0,0.0,1.0,0.0,0.0,0.0,0.0,2.0,36
0.0,0.0,2003,0.0,0.0,0.0,0.0,0.0,0.0,0.0,0.0,0.0,0.0,0.0,0
0.0,0.0,2003,0.0,0.0,0.0,0.0,0.0,0.0,0.0,0.0,0.0,0.0,0.0,0
0.0,0.0,2003,49.0,75.0,267.0,4.0,0.0,82.0,2.0,0.0,0.0,11.0,175.0,665
0.0,0.0,2003,1.0,0.0,1.0,0.0,0.0,0.0,0.0,0.0,0.0,0.0,0.0,2
0.0,0.0,2003,0.0,0.0,0.0,0.0,0.0,0.0,0.0,0.0,0.0,0.0,0.0,0
0.0,0.0,2003,9.0,19.0,53.0,2.0,0.0,0.0,0.0,0.0,0.0,0.0,39.0,122
0.0,0.0,2003,1.0,5.0,6.0,0.0,0.0,0.0,0.0,0.0,0.0,0.0,3.0,15
0.0,0.0,2003,0.0,0.0,0.0,0.0,0.0,0.0,0.0,0.0,0.0,0.0,6.0,6
0.0,0.0,2003,1.0,11.0,13.0,0.0,0.0,9.0,3.0,0.0,0.0,0.0,0.0,37
0.0,0.0,2003,0.0,0.0,0.0,0.0,0.0,0.0,0.0,0.0,0.0,0.0,0.0,0
0.0,0.0,2003,0.0,0.0,0.0,0.0,0.0,0.0,0.0,0.0,0.0,0.0,0.0,0
0.0,0.0,2003,0.0,7.0,1.0,0.0,0.0,1.0,0.0,0.0,0.0,0.0,0.0,9
0.0,0.0,2003,0.0,0.0,0.0,0.0,0.0,0.0,0.0,0.0,0.0,1.0,0.0,1
0.0,0.0,2003,4.0,15.0,9.0,0.0,0.0,2.0,0.0,0.0,0.0,2.0,7.0,39
0.0,0.0,2003,0.0,1.0,1.0,0.0,0.0,0.0,0.0,0.0,0.0,0.0,0.0,2
0.0,0.0,2003,2.0,2.0,0.0,0.0,0.0,0.0,0.0,0.0,0.0,0.0,0.0,4
0.0,0.0,2003,0.0,0.0,0.0,0.0,0.0,0.0,0.0,0.0,0.0,0.0,0.0,0
0.0,0.0,2003,3.0,14.0,5.0,0.0,0.0,5.0,0.0,0.0,0.0,0.0,2.0,29
0.0,0.0,2003,2.0,3.0,2.0,0.0,0.0,5.0,0.0,0.0,0.0,0.0,2.0,14
0.0,0.0,2003,0.0,0.0,0.0,0.0,0.0,0.0,0.0,0.0,0.0,0.0,3.0,3
0.0,0.0,2003,1.0,0.0,1.0,0.0,0.0,2.0,0.0,0.0,0.0,0.0,0.0,4
0.0,0.0,2003,0.0,0.0,0.0,0.0,0.0,0.0,0.0,0.0,0.0,0.0,0.0,0
0.0,0.0,2003,0.0,0.0,0.0,0.0,0.0,0.0,0.0,0.0,0.0,0.0,0.0,0
0.0,0.0,2003,24.0,77.0,92.0,2.0,0.0,24.0,3.0,0.0,0.0,3.0,62.0,287
0.0,0.0,2003,1.0,0.0,0.0,0.0,0.0,0.0,1.0,0.0,0.0,0.0,0.0,2
0.0,0.0,2003,0.0,0.0,0.0,0.0,0.0,0.0,0.0,0.0,0.0,0.0,1.0,1
0.0,0.0,2003,0.0,0.0,0.0,0.0,0.0,0.0,0.0,0.0,0.0,0.0,0.0,0
0.0,0.0,2003,0.0,4.0,3.0,0.0,0.0,2.0,0.0,0.0,0.0,0.0,0.0,9
0.0,0.0,2003,1.0,6.0,4.0,0.0,0.0,2.0,0.0,0.0,0.0,0.0,3.0,16
0.0,0.0,2003,0.0,0.0,0.0,0.0,0.0,0.0,0.0,0.0,0.0,0.0,0.0,0
0.0,0.0,2003,1.0,9.0,3.0,0.0,0.0,2.0,0.0,0.0,0.0,0.0,5.0,20
0.0,0.0,2003,0.0,0.0,0.0,0.0,0.0,0.0,0.0,0.0,0.0,0.0,0.0,0
0.0,0.0,2003,0.0,2.0,0.0,0.0,0.0,3.0,0.0,0.0,0.0,1.0,0.0,6
0.0,0.0,2003,1.0,4.0,1.0,0.0,0.0,2.0,3.0,0.0,0.0,0.0,1.0,12
0.0,0.0,2003,0.0,5.0,7.0,0.0,0.0,0.0,0.0,0.0,0.0,0.0,2.0,14
0.0,0.0,2003,1.0,5.0,4.0,0.0,0.0,0.0,0.0,0.0,1.0,0.0,11.0,22
0.0,0.0,2003,0.0,1.0,1.0,0.0,0.0,0.0,0.0,0.0,0.0,0.0,5.0,7
0.0,0.0,2003,5.0,36.0,23.0,0.0,0.0,11.0,4.0,0.0,1.0,1.0,28.0,109
0.0,0.0,2003,0.0,0.0,38.0,0.0,0.0,1.0,0.0,0.0,0.0,0.0,0.0,39
0.0,0.0,2003,0.0,0.0,0.0,0.0,0.0,0.0,0.0,0.0,0.0,0.0,0.0,0
0.0,0.0,2003,0.0,0.0,0.0,0.0,0.0,0.0,0.0,0.0,0.0,0.0,0.0,0
0.0,0.0,2003,0.0,1.0,0.0,0.0,0.0,1.0,0.0,0.0,0.0,0.0,3.0,5
0.0,0.0,2003,0.0,0.0,0.0,0.0,0.0,0.0,0.0,0.0,0.0,0.0,0.0,0
0.0,0.0,2003,0.0,0.0,0.0,0.0,0.0,0.0,0.0,0.0,0.0,0.0,0.0,0
0.0,0.0,2003,0.0,0.0,0.0,0.0,0.0,0.0,0.0,0.0,0.0,0.0,0.0,0
0.0,0.0,2003,0.0,0.0,0.0,0.0,0.0,0.0,0.0,0.0,0.0,0.0,0.0,0
0.0,0.0,2003,0.0,0.0,0.0,0.0,0.0,0.0,0.0,0.0,0.0,0.0,0.0,0
0.0,0.0,2003,0.0,0.0,0.0,0.0,0.0,0.0,0.0,0.0,0.0,0.0,0.0,0
0.0,0.0,2003,0.0,0.0,0.0,0.0,0.0,0.0,0.0,0.0,0.0,0.0,0.0,0
0.0,0.0,2003,0.0,0.0,0.0,0.0,0.0,0.0,0.0,0.0,0.0,0.0,0.0,0
0.0,0.0,2003,0.0,1.0,0.0,0.0,0.0,0.0,0.0,0.0,0.0,0.0,4.0,5
0.0,0.0,2003,0.0,0.0,0.0,0.0,0.0,0.0,0.0,0.0,0.0,0.0,0.0,0
0.0,0.0,2003,0.0,0.0,0.0,0.0,0.0,0.0,0.0,0.0,0.0,0.0,0.0,0
0.0,0.0,2003,0.0,0.0,0.0,0.0,0.0,0.0,0.0,0.0,0.0,0.0,0.0,0
0.0,0.0,2003,0.0,0.0,0.0,0.0,0.0,0.0,0.0,0.0,0.0,0.0,0.0,0
0.0,0.0,2003,0.0,0.0,0.0,0.0,0.0,0.0,0.0,0.0,0.0,0.0,0.0,0
0.0,0.0,2003,0.0,0.0,0.0,0.0,0.0,0.0,0.0,0.0,0.0,0.0,0.0,0
0.0,0.0,2003,0.0,0.0,0.0,0.0,0.0,0.0,0.0,0.0,0.0,0.0,0.0,0
0.0,0.0,2003,0.0,0.0,0.0,0.0,0.0,0.0,0.0,0.0,0.0,0.0,0.0,0
0.0,0.0,2003,0.0,0.0,0.0,0.0,0.0,0.0,0.0,0.0,0.0,0.0,0.0,0
0.0,0.0,2003,0.0,0.0,0.0,0.0,0.0,0.0,0.0,0.0,0.0,0.0,0.0,0
0.0,0.0,2003,0.0,0.0,0.0,0.0,0.0,0.0,0.0,0.0,0.0,0.0,0.0,0
0.0,0.0,2003,0.0,2.0,38.0,0.0,0.0,2.0,0.0,0.0,0.0,0.0,7.0,49
0.0,0.0,2003,0.0,0.0,0.0,0.0,0.0,0.0,0.0,0.0,0.0,0.0,0.0,0
0.0,0.0,2003,0.0,0.0,0.0,0.0,0.0,0.0,0.0,0.0,0.0,0.0,0.0,0
0.0,0.0,2003,0.0,0.0,0.0,0.0,0.0,0.0,0.0,0.0,0.0,0.0,0.0,0
0.0,0.0,2003,0.0,0.0,0.0,0.0,0.0,0.0,0.0,0.0,0.0,0.0,0.0,0
0.0,0.0,2003,0.0,0.0,0.0,0.0,0.0,0.0,0.0,0.0,0.0,0.0,0.0,0
0.0,0.0,2003,0.0,0.0,0.0,0.0,0.0,0.0,0.0,0.0,0.0,0.0,0.0,0
0.0,0.0,2003,0.0,1.0,0.0,0.0,0.0,0.0,0.0,0.0,0.0,0.0,3.0,4
0.0,0.0,2003,0.0,0.0,0.0,0.0,0.0,0.0,0.0,0.0,0.0,0.0,0.0,0
0.0,0.0,2003,0.0,0.0,0.0,0.0,0.0,0.0,0.0,0.0,0.0,0.0,0.0,0
0.0,0.0,2003,0.0,0.0,0.0,0.0,0.0,0.0,0.0,0.0,0.0,0.0,0.0,0
0.0,0.0,2003,6.0,8.0,1.0,0.0,0.0,0.0,5.0,0.0,0.0,0.0,0.0,20
0.0,0.0,2003,0.0,0.0,0.0,0.0,0.0,0.0,0.0,0.0,0.0,0.0,0.0,0
0.0,0.0,2003,0.0,0.0,0.0,0.0,0.0,0.0,0.0,0.0,0.0,0.0,0.0,0
0.0,0.0,2003,0.0,0.0,0.0,0.0,0.0,0.0,0.0,0.0,0.0,0.0,0.0,0
0.0,0.0,2003,0.0,1.0,1.0,0.0,0.0,0.0,0.0,0.0,0.0,0.0,0.0,2
0.0,0.0,2003,0.0,0.0,0.0,0.0,0.0,0.0,0.0,0.0,0.0,0.0,0.0,0
0.0,0.0,2003,0.0,0.0,0.0,0.0,0.0,0.0,0.0,0.0,0.0,0.0,0.0,0
0.0,0.0,2003,0.0,0.0,0.0,0.0,0.0,0.0,0.0,0.0,0.0,0.0,0.0,0
0.0,0.0,2003,1.0,6.0,1.0,1.0,0.0,0.0,0.0,0.0,0.0,0.0,0.0,9
0.0,0.0,2003,0.0,0.0,0.0,0.0,0.0,0.0,0.0,0.0,0.0,0.0,0.0,0
0.0,0.0,2003,0.0,0.0,0.0,0.0,0.0,0.0,0.0,0.0,0.0,0.0,0.0,0
0.0,0.0,2003,0.0,0.0,0.0,0.0,0.0,0.0,0.0,0.0,0.0,0.0,0.0,0
0.0,0.0,2003,0.0,0.0,0.0,0.0,0.0,0.0,0.0,0.0,0.0,0.0,0.0,0
0.0,0.0,2003,0.0,0.0,0.0,0.0,0.0,0.0,0.0,0.0,0.0,0.0,0.0,0
0.0,0.0,2003,7.0,16.0,3.0,1.0,0.0,0.0,5.0,0.0,0.0,0.0,3.0,35
0.0,0.0,2003,0.0,0.0,0.0,0.0,0.0,0.0,0.0,0.0,0.0,0.0,0.0,0
0.0,0.0,2003,0.0,0.0,0.0,0.0,0.0,0.0,0.0,0.0,0.0,0.0,0.0,0
0.0,0.0,2003,0.0,0.0,0.0,0.0,0.0,0.0,0.0,0.0,0.0,0.0,0.0,0
0.0,0.0,2003,11.0,5.0,6.0,0.0,0.0,4.0,0.0,0.0,0.0,0.0,0.0,26
0.0,0.0,2003,0.0,0.0,0.0,0.0,0.0,0.0,0.0,0.0,0.0,0.0,0.0,0
0.0,0.0,2003,0.0,0.0,0.0,0.0,0.0,6.0,0.0,0.0,0.0,0.0,0.0,6
0.0,0.0,2003,8.0,5.0,0.0,0.0,0.0,0.0,0.0,0.0,0.0,0.0,0.0,13
0.0,0.0,2003,0.0,0.0,0.0,0.0,0.0,0.0,0.0,0.0,0.0,0.0,0.0,0
0.0,0.0,2003,1.0,7.0,5.0,0.0,0.0,0.0,0.0,0.0,0.0,0.0,2.0,15
0.0,0.0,2003,0.0,0.0,0.0,0.0,0.0,0.0,0.0,0.0,0.0,0.0,0.0,0
0.0,0.0,2003,0.0,0.0,1.0,0.0,0.0,0.0,0.0,0.0,0.0,0.0,2.0,3
0.0,0.0,2003,0.0,0.0,0.0,0.0,0.0,0.0,0.0,0.0,0.0,0.0,0.0,0
0.0,0.0,2003,2.0,3.0,4.0,0.0,0.0,0.0,0.0,0.0,0.0,0.0,2.0,11
0.0,0.0,2003,0.0,0.0,0.0,0.0,0.0,0.0,0.0,0.0,0.0,0.0,0.0,0
0.0,0.0,2003,0.0,0.0,0.0,0.0,0.0,0.0,0.0,0.0,0.0,0.0,0.0,0
0.0,0.0,2003,0.0,0.0,0.0,0.0,0.0,0.0,0.0,0.0,0.0,0.0,0.0,0
0.0,0.0,2003,0.0,0.0,0.0,0.0,0.0,0.0,0.0,0.0,0.0,0.0,0.0,0
0.0,0.0,2003,0.0,0.0,0.0,0.0,0.0,0.0,0.0,0.0,0.0,1.0,0.0,1
0.0,0.0,2003,0.0,0.0,0.0,0.0,0.0,0.0,0.0,0.0,0.0,0.0,0.0,0
0.0,0.0,2003,0.0,0.0,0.0,0.0,0.0,0.0,0.0,0.0,0.0,0.0,9.0,9
0.0,0.0,2003,0.0,0.0,0.0,0.0,0.0,0.0,0.0,0.0,0.0,0.0,0.0,0
0.0,0.0,2003,0.0,0.0,0.0,0.0,0.0,0.0,0.0,0.0,0.0,0.0,0.0,0
0.0,0.0,2003,0.0,0.0,0.0,0.0,0.0,0.0,0.0,0.0,0.0,0.0,0.0,0
0.0,0.0,2003,0.0,0.0,0.0,0.0,0.0,0.0,0.0,0.0,0.0,0.0,0.0,0
0.0,0.0,2003,0.0,0.0,0.0,0.0,0.0,0.0,0.0,0.0,0.0,0.0,0.0,0
0.0,0.0,2003,1.0,5.0,11.0,0.0,0.0,0.0,0.0,0.0,0.0,1.0,1.0,19
0.0,0.0,2003,0.0,0.0,0.0,0.0,0.0,0.0,0.0,0.0,0.0,0.0,0.0,0
0.0,0.0,2003,0.0,0.0,0.0,0.0,0.0,0.0,1.0,0.0,0.0,0.0,1.0,2
0.0,0.0,2003,0.0,0.0,0.0,0.0,0.0,1.0,0.0,0.0,0.0,0.0,5.0,6
0.0,0.0,2003,0.0,0.0,2.0,0.0,0.0,0.0,0.0,0.0,0.0,0.0,3.0,5
0.0,0.0,2003,0.0,0.0,0.0,0.0,0.0,0.0,0.0,0.0,0.0,0.0,0.0,0
0.0,0.0,2003,23.0,25.0,29.0,0.0,0.0,11.0,1.0,0.0,0.0,2.0,25.0,116
0.0,0.0,2003,0.0,0.0,0.0,0.0,0.0,0.0,0.0,0.0,0.0,0.0,0.0,0
0.0,0.0,2003,0.0,0.0,0.0,0.0,0.0,0.0,0.0,0.0,0.0,0.0,0.0,0
0.0,0.0,2003,1.0,1.0,4.0,0.0,0.0,0.0,0.0,0.0,0.0,0.0,0.0,6
0.0,0.0,2003,1.0,3.0,0.0,0.0,0.0,0.0,3.0,0.0,0.0,0.0,2.0,9
0.0,0.0,2003,2.0,3.0,0.0,0.0,0.0,0.0,0.0,0.0,0.0,0.0,0.0,5
0.0,0.0,2003,0.0,3.0,0.0,0.0,0.0,0.0,0.0,0.0,0.0,0.0,1.0,4
0.0,0.0,2003,1.0,2.0,1.0,0.0,0.0,0.0,0.0,0.0,0.0,0.0,0.0,4
0.0,0.0,2003,2.0,10.0,2.0,0.0,0.0,0.0,0.0,0.0,0.0,0.0,10.0,24
0.0,0.0,2003,2.0,3.0,0.0,0.0,0.0,0.0,0.0,0.0,0.0,0.0,0.0,5
0.0,0.0,2003,1.0,3.0,4.0,0.0,0.0,0.0,0.0,0.0,0.0,0.0,0.0,8
0.0,0.0,2003,2.0,1.0,0.0,0.0,0.0,0.0,0.0,0.0,0.0,0.0,0.0,3
0.0,0.0,2003,1.0,12.0,0.0,0.0,0.0,0.0,0.0,0.0,0.0,0.0,0.0,13
0.0,0.0,2003,12.0,12.0,1.0,0.0,0.0,1.0,0.0,0.0,0.0,0.0,15.0,41
0.0,0.0,2003,0.0,0.0,0.0,0.0,0.0,0.0,2.0,0.0,0.0,0.0,2.0,4
0.0,0.0,2003,0.0,0.0,0.0,0.0,0.0,0.0,0.0,0.0,0.0,0.0,0.0,0
0.0,0.0,2003,0.0,0.0,0.0,0.0,0.0,0.0,0.0,0.0,0.0,0.0,10.0,10
0.0,0.0,2003,1.0,12.0,10.0,0.0,0.0,0.0,2.0,0.0,0.0,0.0,1.0,26
0.0,0.0,2003,2.0,0.0,1.0,0.0,0.0,0.0,0.0,0.0,0.0,0.0,1.0,4
0.0,0.0,2003,3.0,4.0,0.0,0.0,0.0,0.0,0.0,0.0,0.0,0.0,6.0,13
0.0,0.0,2003,31.0,69.0,23.0,0.0,0.0,1.0,7.0,0.0,0.0,0.0,48.0,179
0.0,0.0,2003,0.0,0.0,0.0,0.0,0.0,0.0,0.0,0.0,0.0,0.0,0.0,0
0.0,0.0,2003,0.0,4.0,1.0,0.0,0.0,0.0,0.0,0.0,0.0,0.0,23.0,28
0.0,0.0,2003,4.0,19.0,4.0,0.0,0.0,2.0,0.0,0.0,0.0,0.0,30.0,59
0.0,0.0,2003,5.0,34.0,3.0,1.0,0.0,3.0,0.0,0.0,0.0,0.0,0.0,46
0.0,0.0,2003,3.0,69.0,4.0,0.0,0.0,0.0,0.0,0.0,0.0,0.0,0.0,76
0.0,0.0,2003,5.0,5.0,15.0,0.0,0.0,0.0,0.0,0.0,0.0,0.0,15.0,40
0.0,0.0,2003,4.0,50.0,21.0,0.0,0.0,0.0,9.0,0.0,11.0,0.0,12.0,107
0.0,0.0,2003,0.0,2.0,0.0,0.0,0.0,9.0,0.0,0.0,0.0,0.0,12.0,23
0.0,0.0,2003,0.0,0.0,0.0,0.0,0.0,0.0,0.0,0.0,0.0,0.0,0.0,0
0.0,0.0,2003,1.0,17.0,2.0,0.0,3.0,0.0,0.0,0.0,0.0,0.0,85.0,108
0.0,0.0,2003,0.0,0.0,0.0,0.0,0.0,0.0,0.0,0.0,0.0,0.0,0.0,0
0.0,0.0,2003,0.0,12.0,0.0,0.0,0.0,0.0,0.0,0.0,0.0,0.0,15.0,27
0.0,0.0,2003,4.0,7.0,5.0,0.0,0.0,0.0,0.0,0.0,0.0,0.0,24.0,40
0.0,0.0,2003,6.0,9.0,2.0,0.0,0.0,4.0,0.0,0.0,0.0,0.0,24.0,45
0.0,0.0,2003,0.0,0.0,0.0,0.0,0.0,0.0,0.0,0.0,0.0,0.0,1.0,1
0.0,0.0,2003,1.0,13.0,2.0,0.0,0.0,1.0,0.0,0.0,0.0,0.0,0.0,17
0.0,0.0,2003,2.0,13.0,0.0,0.0,0.0,3.0,0.0,0.0,0.0,0.0,91.0,109
0.0,0.0,2003,6.0,23.0,33.0,2.0,0.0,4.0,0.0,0.0,0.0,2.0,27.0,97
0.0,0.0,2003,0.0,0.0,0.0,0.0,0.0,0.0,0.0,0.0,0.0,0.0,0.0,0
0.0,0.0,2003,1.0,0.0,0.0,0.0,0.0,0.0,0.0,0.0,0.0,0.0,30.0,31
0.0,0.0,2003,47.0,0.0,0.0,1.0,0.0,0.0,0.0,0.0,13.0,0.0,14.0,75
0.0,0.0,2003,0.0,0.0,0.0,0.0,0.0,0.0,0.0,0.0,0.0,0.0,0.0,0
0.0,0.0,2003,0.0,39.0,0.0,0.0,0.0,0.0,0.0,0.0,0.0,0.0,0.0,39
0.0,0.0,2003,0.0,0.0,0.0,0.0,0.0,0.0,0.0,0.0,0.0,0.0,0.0,0
0.0,0.0,2003,0.0,0.0,0.0,0.0,0.0,0.0,0.0,0.0,0.0,0.0,0.0,0
0.0,0.0,2003,3.0,13.0,1.0,0.0,0.0,0.0,0.0,0.0,0.0,0.0,53.0,70
0.0,0.0,2003,2.0,38.0,13.0,0.0,0.0,3.0,0.0,0.0,0.0,0.0,57.0,113
0.0,0.0,2003,0.0,0.0,0.0,0.0,0.0,0.0,0.0,0.0,0.0,0.0,0.0,0
0.0,0.0,2003,3.0,17.0,2.0,0.0,0.0,0.0,0.0,0.0,0.0,0.0,0.0,22
0.0,0.0,2003,6.0,16.0,5.0,0.0,0.0,0.0,0.0,0.0,1.0,0.0,14.0,42
0.0,0.0,2003,5.0,12.0,12.0,0.0,0.0,6.0,0.0,0.0,0.0,0.0,4.0,39
0.0,0.0,2003,4.0,16.0,3.0,0.0,0.0,4.0,0.0,0.0,0.0,0.0,46.0,73
0.0,0.0,2003,1.0,5.0,4.0,0.0,0.0,7.0,0.0,0.0,0.0,0.0,23.0,40
0.0,0.0,2003,0.0,13.0,1.0,0.0,0.0,0.0,0.0,0.0,0.0,0.0,9.0,23
0.0,0.0,2003,0.0,0.0,0.0,0.0,0.0,0.0,0.0,0.0,0.0,0.0,0.0,0
0.0,0.0,2003,1.0,20.0,0.0,0.0,0.0,0.0,0.0,0.0,0.0,0.0,14.0,35
0.0,0.0,2003,4.0,17.0,3.0,0.0,2.0,0.0,0.0,0.0,0.0,0.0,78.0,104
0.0,0.0,2003,3.0,14.0,3.0,0.0,0.0,6.0,0.0,0.0,0.0,0.0,83.0,109
0.0,0.0,2003,4.0,36.0,8.0,0.0,0.0,9.0,0.0,0.0,0.0,0.0,188.0,245
0.0,0.0,2003,2.0,13.0,0.0,1.0,0.0,10.0,2.0,0.0,0.0,0.0,34.0,62
0.0,0.0,2003,2.0,3.0,1.0,0.0,0.0,0.0,0.0,0.0,0.0,0.0,40.0,46
0.0,0.0,2003,1.0,3.0,0.0,0.0,0.0,0.0,0.0,0.0,0.0,0.0,0.0,4
0.0,0.0,2003,2.0,12.0,6.0,0.0,0.0,5.0,1.0,0.0,0.0,0.0,3.0,29
0.0,0.0,2003,1.0,6.0,4.0,0.0,0.0,0.0,0.0,0.0,0.0,0.0,24.0,35
0.0,0.0,2003,4.0,20.0,9.0,0.0,0.0,0.0,0.0,0.0,0.0,0.0,0.0,33
0.0,0.0,2003,2.0,14.0,20.0,4.0,0.0,10.0,0.0,0.0,0.0,0.0,55.0,105
0.0,0.0,2003,3.0,28.0,2.0,0.0,0.0,2.0,1.0,0.0,0.0,1.0,80.0,117
0.0,0.0,2003,2.0,20.0,3.0,0.0,1.0,2.0,0.0,0.0,0.0,0.0,70.0,98
0.0,0.0,2003,17.0,17.0,14.0,0.0,3.0,0.0,0.0,0.0,0.0,0.0,88.0,139
0.0,0.0,2003,0.0,6.0,0.0,0.0,0.0,0.0,0.0,0.0,0.0,0.0,0.0,6
0.0,0.0,2003,4.0,24.0,4.0,2.0,0.0,0.0,0.0,0.0,0.0,0.0,71.0,105
0.0,0.0,2003,165.0,699.0,210.0,11.0,9.0,90.0,13.0,0.0,25.0,3.0,1437.0,2662
0.0,0.0,2003,11.0,11.0,0.0,0.0,0.0,0.0,0.0,0.0,0.0,0.0,0.0,22
0.0,0.0,2003,4.0,0.0,0.0,0.0,0.0,9.0,0.0,0.0,0.0,3.0,0.0,16
0.0,0.0,2003,3.0,11.0,9.0,0.0,0.0,2.0,0.0,0.0,0.0,0.0,3.0,28
0.0,0.0,2003,2.0,8.0,2.0,0.0,0.0,0.0,0.0,0.0,0.0,0.0,8.0,20
0.0,0.0,2003,4.0,4.0,14.0,0.0,0.0,21.0,0.0,0.0,0.0,0.0,0.0,43
0.0,0.0,2003,7.0,3.0,0.0,0.0,0.0,0.0,0.0,0.0,0.0,1.0,6.0,17
0.0,0.0,2003,2.0,14.0,3.0,0.0,1.0,0.0,0.0,0.0,0.0,0.0,18.0,38
0.0,0.0,2003,5.0,29.0,6.0,0.0,0.0,0.0,0.0,0.0,0.0,0.0,3.0,43
0.0,0.0,2003,9.0,11.0,8.0,0.0,0.0,0.0,0.0,0.0,0.0,0.0,20.0,48
0.0,0.0,2003,5.0,26.0,11.0,0.0,0.0,0.0,0.0,0.0,0.0,0.0,0.0,42
0.0,0.0,2003,0.0,0.0,0.0,0.0,0.0,0.0,0.0,0.0,0.0,0.0,8.0,8
0.0,0.0,2003,1.0,14.0,5.0,0.0,0.0,2.0,4.0,0.0,0.0,1.0,18.0,45
0.0,0.0,2003,5.0,11.0,2.0,0.0,0.0,0.0,0.0,0.0,0.0,0.0,7.0,25
0.0,0.0,2003,2.0,5.0,4.0,0.0,0.0,7.0,0.0,0.0,0.0,0.0,22.0,40
0.0,0.0,2003,9.0,7.0,9.0,0.0,1.0,13.0,0.0,0.0,0.0,1.0,16.0,56
0.0,0.0,2003,6.0,3.0,0.0,0.0,0.0,8.0,0.0,0.0,0.0,0.0,4.0,21
0.0,0.0,2003,13.0,8.0,8.0,0.0,0.0,0.0,0.0,0.0,0.0,3.0,16.0,48
0.0,0.0,2003,0.0,0.0,0.0,0.0,0.0,0.0,0.0,0.0,0.0,0.0,0.0,0
0.0,0.0,2003,1.0,102.0,35.0,1.0,0.0,0.0,0.0,0.0,0.0,0.0,36.0,175
0.0,0.0,2003,0.0,4.0,2.0,0.0,0.0,7.0,0.0,0.0,0.0,0.0,0.0,13
0.0,0.0,2003,4.0,18.0,27.0,1.0,0.0,9.0,0.0,0.0,1.0,0.0,55.0,115
0.0,0.0,2003,2.0,0.0,1.0,0.0,0.0,18.0,0.0,0.0,0.0,0.0,0.0,21
0.0,0.0,2003,2.0,27.0,11.0,0.0,0.0,5.0,0.0,0.0,0.0,1.0,0.0,46
0.0,0.0,2003,3.0,12.0,5.0,0.0,0.0,12.0,0.0,0.0,0.0,2.0,11.0,45
0.0,0.0,2003,1.0,3.0,3.0,1.0,0.0,0.0,0.0,0.0,0.0,0.0,0.0,8
0.0,0.0,2003,3.0,7.0,7.0,0.0,1.0,16.0,0.0,0.0,0.0,0.0,0.0,34
0.0,0.0,2003,11.0,40.0,13.0,0.0,0.0,18.0,0.0,0.0,0.0,0.0,14.0,96
0.0,0.0,2003,2.0,15.0,0.0,1.0,0.0,1.0,7.0,0.0,0.0,0.0,27.0,53
0.0,0.0,2003,4.0,9.0,1.0,0.0,0.0,4.0,0.0,0.0,0.0,0.0,1.0,19
0.0,0.0,2003,6.0,5.0,2.0,0.0,0.0,5.0,1.0,0.0,0.0,0.0,2.0,21
0.0,0.0,2003,3.0,32.0,21.0,0.0,0.0,21.0,0.0,5.0,0.0,0.0,125.0,207
0.0,0.0,2003,0.0,2.0,0.0,0.0,0.0,6.0,0.0,0.0,0.0,0.0,0.0,8
0.0,0.0,2003,17.0,11.0,11.0,0.0,0.0,14.0,0.0,0.0,0.0,0.0,21.0,74
0.0,0.0,2003,5.0,12.0,11.0,0.0,0.0,0.0,0.0,0.0,0.0,0.0,8.0,36
0.0,0.0,2003,1.0,9.0,2.0,0.0,0.0,3.0,0.0,0.0,0.0,0.0,3.0,18
0.0,0.0,2003,6.0,30.0,9.0,0.0,2.0,16.0,0.0,0.0,1.0,1.0,2.0,67
0.0,0.0,2003,11.0,12.0,7.0,0.0,0.0,10.0,0.0,0.0,0.0,0.0,9.0,49
0.0,0.0,2003,4.0,3.0,4.0,0.0,0.0,0.0,0.0,0.0,1.0,0.0,0.0,12
0.0,0.0,2003,2.0,6.0,8.0,0.0,0.0,19.0,0.0,0.0,0.0,0.0,1.0,36
0.0,0.0,2003,10.0,25.0,13.0,0.0,0.0,10.0,0.0,0.0,0.0,2.0,0.0,60
0.0,0.0,2003,12.0,30.0,38.0,0.0,0.0,15.0,8.0,0.0,0.0,0.0,6.0,109
0.0,0.0,2003,1.0,17.0,18.0,0.0,0.0,0.0,0.0,0.0,0.0,0.0,5.0,41
0.0,0.0,2003,1.0,3.0,0.0,0.0,0.0,0.0,0.0,0.0,0.0,0.0,18.0,22
0.0,0.0,2003,6.0,6.0,7.0,0.0,0.0,8.0,0.0,0.0,0.0,0.0,13.0,40
0.0,0.0,2003,0.0,0.0,0.0,1.0,0.0,14.0,0.0,0.0,0.0,1.0,0.0,16
0.0,0.0,2003,206.0,605.0,337.0,5.0,5.0,293.0,20.0,5.0,3.0,16.0,506.0,2001
0.0,0.0,2003,0.0,0.0,2.0,0.0,0.0,0.0,0.0,0.0,0.0,0.0,0.0,2
0.0,0.0,2003,0.0,0.0,0.0,0.0,0.0,0.0,0.0,0.0,0.0,0.0,0.0,0
0.0,0.0,2003,0.0,0.0,0.0,0.0,0.0,0.0,0.0,0.0,0.0,0.0,2.0,2
0.0,0.0,2003,0.0,3.0,7.0,0.0,0.0,0.0,0.0,0.0,0.0,0.0,0.0,10
0.0,0.0,2003,1.0,2.0,14.0,0.0,0.0,0.0,0.0,0.0,0.0,0.0,0.0,17
0.0,0.0,2003,0.0,0.0,0.0,0.0,0.0,0.0,0.0,0.0,0.0,0.0,0.0,0
0.0,0.0,2003,0.0,0.0,0.0,0.0,0.0,0.0,0.0,0.0,0.0,0.0,0.0,0
0.0,0.0,2003,0.0,2.0,3.0,0.0,0.0,0.0,0.0,0.0,0.0,0.0,0.0,5
0.0,0.0,2003,0.0,0.0,0.0,0.0,0.0,0.0,0.0,0.0,0.0,0.0,0.0,0
0.0,0.0,2003,1.0,7.0,26.0,0.0,0.0,0.0,0.0,0.0,0.0,0.0,2.0,36
0.0,0.0,2003,0.0,0.0,0.0,0.0,0.0,0.0,0.0,0.0,0.0,0.0,0.0,0
0.0,0.0,2003,0.0,3.0,0.0,0.0,0.0,0.0,0.0,0.0,0.0,0.0,0.0,3
0.0,0.0,2003,0.0,4.0,0.0,0.0,0.0,0.0,0.0,0.0,0.0,0.0,0.0,4
0.0,0.0,2003,1.0,7.0,0.0,0.0,0.0,0.0,0.0,0.0,0.0,0.0,0.0,8
0.0,0.0,2003,10.0,4.0,5.0,0.0,0.0,0.0,0.0,0.0,0.0,0.0,0.0,19
0.0,0.0,2003,3.0,4.0,0.0,0.0,0.0,0.0,0.0,0.0,0.0,0.0,0.0,7
0.0,0.0,2003,0.0,2.0,3.0,0.0,0.0,0.0,0.0,0.0,0.0,0.0,0.0,5
0.0,0.0,2003,14.0,24.0,8.0,0.0,0.0,0.0,0.0,0.0,0.0,0.0,0.0,46
0.0,0.0,2003,0.0,0.0,0.0,0.0,0.0,0.0,0.0,0.0,0.0,0.0,0.0,0
0.0,0.0,2003,0.0,0.0,0.0,0.0,0.0,0.0,0.0,0.0,0.0,0.0,0.0,0
0.0,0.0,2003,0.0,0.0,0.0,0.0,0.0,0.0,0.0,0.0,0.0,0.0,0.0,0
0.0,0.0,2003,4.0,1.0,0.0,0.0,0.0,0.0,0.0,0.0,0.0,0.0,0.0,5
0.0,0.0,2003,0.0,0.0,1.0,0.0,0.0,0.0,0.0,0.0,0.0,0.0,0.0,1
0.0,0.0,2003,0.0,0.0,0.0,0.0,0.0,0.0,0.0,0.0,0.0,0.0,0.0,0
0.0,0.0,2003,1.0,7.0,0.0,0.0,0.0,0.0,0.0,0.0,0.0,0.0,0.0,8
0.0,0.0,2003,0.0,1.0,2.0,0.0,0.0,0.0,0.0,0.0,0.0,0.0,0.0,3
0.0,0.0,2003,5.0,9.0,3.0,0.0,0.0,0.0,0.0,0.0,0.0,0.0,0.0,17
0.0,0.0,2003,0.0,0.0,0.0,0.0,0.0,0.0,0.0,0.0,0.0,0.0,0.0,0
0.0,0.0,2003,0.0,0.0,0.0,0.0,0.0,0.0,0.0,0.0,0.0,0.0,0.0,0
0.0,0.0,2003,0.0,0.0,0.0,0.0,0.0,0.0,0.0,0.0,0.0,0.0,0.0,0
0.0,0.0,2003,0.0,0.0,0.0,0.0,0.0,0.0,0.0,0.0,0.0,0.0,0.0,0
0.0,0.0,2003,0.0,0.0,0.0,0.0,0.0,0.0,0.0,0.0,0.0,0.0,0.0,0
0.0,0.0,2003,0.0,0.0,0.0,0.0,0.0,0.0,0.0,0.0,0.0,0.0,0.0,0
0.0,0.0,2003,0.0,0.0,0.0,0.0,0.0,0.0,0.0,0.0,0.0,0.0,0.0,0
0.0,0.0,2003,0.0,0.0,0.0,0.0,0.0,0.0,0.0,0.0,0.0,0.0,0.0,0
0.0,0.0,2003,0.0,0.0,0.0,0.0,0.0,0.0,0.0,0.0,0.0,0.0,0.0,0
0.0,0.0,2003,0.0,0.0,0.0,0.0,0.0,0.0,0.0,0.0,0.0,0.0,0.0,0
0.0,0.0,2003,0.0,0.0,0.0,0.0,0.0,0.0,0.0,0.0,0.0,0.0,0.0,0
0.0,0.0,2003,0.0,1.0,0.0,0.0,0.0,0.0,0.0,0.0,0.0,0.0,0.0,1
0.0,0.0,2003,0.0,0.0,0.0,0.0,0.0,0.0,0.0,0.0,0.0,0.0,8.0,8
0.0,0.0,2003,0.0,2.0,0.0,0.0,0.0,0.0,0.0,0.0,0.0,0.0,0.0,2
0.0,0.0,2003,0.0,0.0,0.0,0.0,0.0,0.0,0.0,0.0,0.0,0.0,0.0,0
0.0,0.0,2003,0.0,0.0,0.0,0.0,0.0,0.0,0.0,0.0,0.0,0.0,0.0,0
0.0,0.0,2003,0.0,0.0,0.0,0.0,0.0,0.0,0.0,0.0,0.0,0.0,0.0,0
0.0,0.0,2003,0.0,0.0,1.0,0.0,0.0,0.0,0.0,0.0,0.0,0.0,0.0,1
0.0,0.0,2003,0.0,0.0,0.0,0.0,0.0,0.0,0.0,0.0,0.0,0.0,0.0,0
0.0,0.0,2003,1.0,0.0,0.0,0.0,0.0,0.0,0.0,0.0,0.0,0.0,0.0,1
0.0,0.0,2003,2.0,0.0,0.0,0.0,0.0,0.0,0.0,0.0,0.0,0.0,0.0,2
0.0,0.0,2003,0.0,0.0,0.0,0.0,0.0,0.0,0.0,0.0,0.0,0.0,2.0,2
0.0,0.0,2003,1.0,0.0,0.0,0.0,0.0,0.0,0.0,0.0,0.0,0.0,25.0,26
0.0,0.0,2003,0.0,0.0,0.0,0.0,0.0,0.0,0.0,0.0,0.0,0.0,0.0,0
0.0,0.0,2003,0.0,0.0,0.0,0.0,0.0,0.0,0.0,0.0,0.0,0.0,0.0,0
0.0,0.0,2003,5.0,4.0,1.0,0.0,0.0,0.0,0.0,0.0,0.0,0.0,0.0,10
0.0,0.0,2003,0.0,0.0,0.0,0.0,0.0,0.0,0.0,0.0,0.0,0.0,0.0,0
0.0,0.0,2003,1.0,3.0,0.0,0.0,0.0,0.0,0.0,0.0,0.0,0.0,0.0,4
0.0,0.0,2003,0.0,0.0,0.0,0.0,0.0,0.0,0.0,0.0,0.0,0.0,1.0,1
0.0,0.0,2003,0.0,0.0,0.0,0.0,0.0,0.0,0.0,0.0,0.0,0.0,0.0,0
0.0,0.0,2003,0.0,2.0,1.0,0.0,0.0,0.0,0.0,0.0,0.0,0.0,0.0,3
0.0,0.0,2003,0.0,19.0,9.0,0.0,0.0,0.0,0.0,0.0,0.0,0.0,0.0,28
0.0,0.0,2003,0.0,0.0,0.0,0.0,0.0,0.0,0.0,0.0,0.0,0.0,0.0,0
0.0,0.0,2003,0.0,3.0,6.0,0.0,0.0,0.0,4.0,0.0,0.0,0.0,2.0,15
0.0,0.0,2003,1.0,2.0,1.0,0.0,0.0,0.0,0.0,0.0,0.0,0.0,0.0,4
0.0,0.0,2003,0.0,0.0,0.0,0.0,0.0,0.0,0.0,0.0,0.0,0.0,0.0,0
0.0,0.0,2003,0.0,0.0,0.0,0.0,0.0,0.0,0.0,0.0,0.0,0.0,0.0,0
0.0,0.0,2003,0.0,0.0,0.0,0.0,0.0,0.0,0.0,0.0,0.0,0.0,0.0,0
0.0,0.0,2003,0.0,8.0,0.0,0.0,0.0,0.0,0.0,0.0,0.0,0.0,2.0,10
0.0,0.0,2003,0.0,1.0,0.0,0.0,0.0,0.0,0.0,0.0,0.0,0.0,0.0,1
0.0,0.0,2003,0.0,0.0,0.0,0.0,0.0,0.0,0.0,0.0,0.0,0.0,0.0,0
0.0,0.0,2003,0.0,0.0,0.0,0.0,1.0,0.0,0.0,0.0,0.0,0.0,0.0,1
0.0,0.0,2003,0.0,1.0,2.0,0.0,0.0,0.0,0.0,0.0,0.0,0.0,0.0,3
0.0,0.0,2003,0.0,0.0,0.0,0.0,0.0,0.0,0.0,0.0,0.0,0.0,0.0,0
0.0,0.0,2003,4.0,9.0,4.0,0.0,0.0,0.0,0.0,0.0,0.0,0.0,0.0,17
0.0,0.0,2003,15.0,55.0,25.0,0.0,1.0,0.0,4.0,0.0,0.0,0.0,40.0,140
0.0,0.0,2003,1.0,5.0,17.0,3.0,0.0,0.0,0.0,0.0,0.0,0.0,8.0,34
0.0,0.0,2003,0.0,0.0,0.0,0.0,0.0,0.0,0.0,0.0,0.0,0.0,0.0,0
0.0,0.0,2003,1.0,3.0,3.0,0.0,0.0,1.0,0.0,0.0,0.0,0.0,0.0,8
0.0,0.0,2003,4.0,5.0,8.0,0.0,0.0,1.0,0.0,0.0,0.0,0.0,0.0,18
0.0,0.0,2003,0.0,0.0,0.0,0.0,0.0,0.0,0.0,0.0,0.0,0.0,0.0,0
0.0,0.0,2003,0.0,0.0,0.0,0.0,0.0,0.0,0.0,0.0,0.0,0.0,0.0,0
0.0,0.0,2003,0.0,0.0,0.0,0.0,0.0,0.0,0.0,0.0,0.0,1.0,0.0,1
0.0,0.0,2003,0.0,0.0,0.0,0.0,0.0,0.0,0.0,0.0,0.0,0.0,0.0,0
0.0,0.0,2003,1.0,6.0,1.0,0.0,0.0,0.0,0.0,0.0,0.0,0.0,0.0,8
0.0,0.0,2003,2.0,0.0,0.0,0.0,0.0,0.0,0.0,0.0,0.0,0.0,0.0,2
0.0,0.0,2003,0.0,3.0,1.0,0.0,0.0,0.0,0.0,0.0,0.0,0.0,1.0,5
0.0,0.0,2003,4.0,3.0,0.0,0.0,0.0,0.0,0.0,0.0,0.0,0.0,0.0,7
0.0,0.0,2003,0.0,0.0,0.0,0.0,0.0,0.0,0.0,0.0,0.0,0.0,0.0,0
0.0,0.0,2003,0.0,0.0,0.0,0.0,0.0,0.0,0.0,0.0,0.0,0.0,0.0,0
0.0,0.0,2003,3.0,18.0,32.0,0.0,0.0,7.0,0.0,0.0,0.0,0.0,7.0,67
0.0,0.0,2003,1.0,2.0,2.0,2.0,0.0,0.0,0.0,0.0,0.0,0.0,0.0,7
0.0,0.0,2003,0.0,0.0,0.0,0.0,0.0,0.0,0.0,0.0,0.0,0.0,0.0,0
0.0,0.0,2003,0.0,0.0,0.0,0.0,0.0,0.0,0.0,0.0,0.0,0.0,0.0,0
0.0,0.0,2003,1.0,3.0,0.0,0.0,0.0,0.0,0.0,0.0,0.0,0.0,0.0,4
0.0,0.0,2003,1.0,0.0,0.0,0.0,0.0,0.0,0.0,0.0,0.0,0.0,0.0,1
0.0,0.0,2003,3.0,2.0,2.0,5.0,0.0,0.0,0.0,0.0,0.0,1.0,0.0,13
0.0,0.0,2003,0.0,0.0,0.0,0.0,0.0,0.0,0.0,0.0,0.0,0.0,0.0,0
0.0,0.0,2003,3.0,2.0,0.0,1.0,0.0,0.0,0.0,0.0,0.0,0.0,0.0,6
0.0,0.0,2003,0.0,2.0,1.0,0.0,0.0,0.0,0.0,0.0,0.0,0.0,0.0,3
0.0,0.0,2003,25.0,54.0,67.0,11.0,0.0,9.0,0.0,0.0,0.0,2.0,16.0,184
0.0,0.0,2003,0.0,2.0,0.0,0.0,0.0,4.0,0.0,0.0,0.0,0.0,0.0,6
0.0,0.0,2003,0.0,0.0,0.0,0.0,0.0,14.0,0.0,0.0,0.0,0.0,0.0,14
0.0,0.0,2003,3.0,12.0,21.0,0.0,0.0,4.0,0.0,0.0,0.0,1.0,1.0,42
0.0,0.0,2003,0.0,0.0,0.0,0.0,0.0,0.0,0.0,0.0,0.0,0.0,0.0,0
0.0,0.0,2003,1.0,5.0,0.0,0.0,0.0,0.0,0.0,0.0,0.0,0.0,0.0,6
0.0,0.0,2003,2.0,0.0,2.0,2.0,0.0,4.0,0.0,0.0,0.0,0.0,0.0,10
0.0,0.0,2003,0.0,0.0,0.0,0.0,0.0,6.0,0.0,0.0,0.0,1.0,0.0,7
0.0,0.0,2003,0.0,0.0,0.0,0.0,0.0,0.0,0.0,0.0,0.0,0.0,0.0,0
0.0,0.0,2003,1.0,0.0,0.0,0.0,0.0,1.0,0.0,0.0,0.0,0.0,0.0,2
0.0,0.0,2003,1.0,1.0,1.0,0.0,0.0,5.0,0.0,0.0,0.0,0.0,0.0,8
0.0,0.0,2003,0.0,0.0,0.0,0.0,0.0,0.0,0.0,0.0,0.0,0.0,0.0,0
0.0,0.0,2003,0.0,0.0,3.0,2.0,0.0,0.0,0.0,0.0,0.0,0.0,0.0,5
0.0,0.0,2003,2.0,3.0,7.0,0.0,0.0,2.0,0.0,0.0,0.0,0.0,0.0,14
0.0,0.0,2003,0.0,3.0,0.0,0.0,0.0,4.0,0.0,0.0,0.0,0.0,0.0,7
0.0,0.0,2003,0.0,0.0,0.0,0.0,0.0,11.0,0.0,0.0,0.0,0.0,0.0,11
0.0,0.0,2003,0.0,0.0,0.0,1.0,0.0,3.0,0.0,0.0,0.0,0.0,0.0,4
0.0,0.0,2003,4.0,6.0,0.0,5.0,0.0,0.0,0.0,1.0,0.0,0.0,1.0,17
0.0,0.0,2003,6.0,9.0,4.0,0.0,0.0,3.0,0.0,0.0,0.0,0.0,0.0,22
0.0,0.0,2003,0.0,0.0,0.0,0.0,0.0,0.0,0.0,0.0,0.0,0.0,0.0,0
0.0,0.0,2003,0.0,0.0,0.0,0.0,0.0,8.0,0.0,0.0,0.0,0.0,0.0,8
0.0,0.0,2003,0.0,0.0,1.0,0.0,0.0,6.0,0.0,0.0,0.0,0.0,0.0,7
0.0,0.0,2003,0.0,0.0,0.0,0.0,0.0,6.0,0.0,0.0,0.0,0.0,0.0,6
0.0,0.0,2003,2.0,8.0,1.0,0.0,0.0,1.0,0.0,0.0,0.0,1.0,0.0,13
0.0,0.0,2003,0.0,0.0,1.0,0.0,0.0,0.0,0.0,0.0,0.0,0.0,0.0,1
0.0,0.0,2003,4.0,0.0,5.0,2.0,0.0,8.0,0.0,0.0,0.0,0.0,0.0,19
0.0,0.0,2003,0.0,0.0,0.0,0.0,0.0,0.0,0.0,0.0,0.0,0.0,0.0,0
0.0,0.0,2003,0.0,0.0,0.0,0.0,0.0,2.0,0.0,0.0,0.0,0.0,0.0,2
0.0,0.0,2003,0.0,0.0,0.0,0.0,0.0,2.0,0.0,0.0,0.0,3.0,0.0,5
0.0,0.0,2003,0.0,0.0,0.0,0.0,0.0,1.0,0.0,0.0,0.0,0.0,0.0,1
0.0,0.0,2003,0.0,0.0,0.0,0.0,0.0,0.0,0.0,0.0,0.0,0.0,0.0,0
0.0,0.0,2003,0.0,0.0,0.0,0.0,0.0,0.0,0.0,0.0,0.0,0.0,0.0,0
0.0,0.0,2003,0.0,0.0,0.0,0.0,0.0,0.0,1.0,0.0,0.0,0.0,0.0,1
0.0,0.0,2003,0.0,0.0,0.0,0.0,0.0,2.0,0.0,0.0,0.0,0.0,0.0,2
0.0,0.0,2003,26.0,49.0,46.0,12.0,0.0,97.0,1.0,1.0,0.0,6.0,2.0,240
0.0,0.0,2003,0.0,5.0,0.0,0.0,1.0,0.0,0.0,0.0,0.0,0.0,3.0,9
0.0,0.0,2003,0.0,2.0,0.0,0.0,0.0,0.0,0.0,0.0,0.0,0.0,1.0,3
0.0,0.0,2003,1.0,1.0,0.0,0.0,0.0,0.0,0.0,0.0,0.0,0.0,1.0,3
0.0,0.0,2003,0.0,0.0,0.0,0.0,0.0,0.0,0.0,0.0,0.0,0.0,0.0,0
0.0,0.0,2003,1.0,8.0,0.0,0.0,1.0,0.0,0.0,0.0,0.0,0.0,5.0,15
0.0,0.0,2003,7.0,7.0,2.0,0.0,0.0,0.0,0.0,0.0,0.0,0.0,6.0,22
0.0,0.0,2003,0.0,0.0,0.0,0.0,0.0,0.0,0.0,0.0,0.0,0.0,0.0,0
0.0,0.0,2003,0.0,0.0,0.0,0.0,0.0,0.0,0.0,0.0,0.0,0.0,0.0,0
0.0,0.0,2003,7.0,4.0,3.0,0.0,0.0,0.0,0.0,0.0,0.0,0.0,0.0,14
0.0,0.0,2003,0.0,3.0,4.0,0.0,0.0,0.0,0.0,0.0,0.0,0.0,3.0,10
0.0,0.0,2003,0.0,0.0,0.0,0.0,0.0,0.0,0.0,0.0,0.0,0.0,0.0,0
0.0,0.0,2003,0.0,0.0,0.0,0.0,0.0,0.0,0.0,0.0,0.0,0.0,0.0,0
0.0,0.0,2003,7.0,3.0,0.0,0.0,0.0,0.0,0.0,0.0,0.0,0.0,1.0,11
0.0,0.0,2003,1.0,3.0,6.0,0.0,0.0,0.0,0.0,0.0,0.0,0.0,0.0,10
0.0,0.0,2003,0.0,0.0,0.0,0.0,0.0,0.0,0.0,0.0,0.0,0.0,0.0,0
0.0,0.0,2003,0.0,0.0,0.0,0.0,0.0,0.0,0.0,0.0,0.0,0.0,0.0,0
0.0,0.0,2003,0.0,0.0,0.0,0.0,0.0,0.0,0.0,0.0,0.0,1.0,0.0,1
0.0,0.0,2003,3.0,2.0,1.0,0.0,0.0,0.0,0.0,0.0,0.0,0.0,0.0,6
0.0,0.0,2003,0.0,0.0,0.0,0.0,0.0,0.0,0.0,0.0,0.0,0.0,0.0,0
0.0,0.0,2003,1.0,0.0,0.0,0.0,0.0,0.0,0.0,0.0,0.0,0.0,0.0,1
0.0,0.0,2003,0.0,0.0,0.0,0.0,0.0,0.0,0.0,0.0,0.0,0.0,0.0,0
0.0,0.0,2003,3.0,6.0,2.0,0.0,0.0,0.0,0.0,0.0,0.0,0.0,0.0,11
0.0,0.0,2003,3.0,0.0,0.0,0.0,0.0,0.0,0.0,0.0,0.0,0.0,0.0,3
0.0,0.0,2003,0.0,0.0,0.0,0.0,0.0,0.0,0.0,0.0,0.0,0.0,0.0,0
0.0,0.0,2003,1.0,2.0,0.0,0.0,0.0,0.0,0.0,0.0,0.0,0.0,1.0,4
0.0,0.0,2003,4.0,3.0,4.0,0.0,0.0,0.0,0.0,0.0,0.0,0.0,4.0,15
0.0,0.0,2003,3.0,0.0,0.0,0.0,0.0,6.0,0.0,0.0,0.0,0.0,0.0,9
0.0,0.0,2003,3.0,0.0,0.0,0.0,0.0,0.0,0.0,0.0,0.0,0.0,0.0,3
0.0,0.0,2003,0.0,0.0,0.0,0.0,0.0,0.0,0.0,0.0,0.0,0.0,0.0,0
0.0,0.0,2003,1.0,0.0,0.0,0.0,0.0,0.0,0.0,0.0,0.0,0.0,0.0,1
0.0,0.0,2003,0.0,1.0,0.0,0.0,0.0,0.0,0.0,0.0,0.0,0.0,0.0,1
0.0,0.0,2003,0.0,0.0,0.0,0.0,0.0,0.0,0.0,0.0,0.0,0.0,0.0,0
0.0,0.0,2003,2.0,3.0,1.0,0.0,0.0,0.0,0.0,0.0,0.0,0.0,0.0,6
0.0,0.0,2003,4.0,0.0,5.0,0.0,0.0,0.0,0.0,0.0,0.0,0.0,0.0,9
0.0,0.0,2003,1.0,2.0,0.0,0.0,0.0,0.0,0.0,0.0,0.0,0.0,0.0,3
0.0,0.0,2003,0.0,0.0,0.0,0.0,0.0,0.0,0.0,0.0,0.0,1.0,0.0,1
0.0,0.0,2003,0.0,0.0,0.0,0.0,0.0,0.0,0.0,0.0,0.0,0.0,0.0,0
0.0,0.0,2003,2.0,1.0,0.0,0.0,0.0,0.0,0.0,0.0,0.0,1.0,8.0,12
0.0,0.0,2003,0.0,0.0,0.0,0.0,0.0,0.0,0.0,0.0,0.0,0.0,0.0,0
0.0,0.0,2003,0.0,0.0,0.0,0.0,0.0,0.0,0.0,0.0,0.0,0.0,0.0,0
0.0,0.0,2003,0.0,0.0,0.0,0.0,0.0,0.0,0.0,0.0,0.0,0.0,0.0,0
0.0,0.0,2003,7.0,7.0,9.0,0.0,0.0,1.0,0.0,0.0,0.0,0.0,0.0,24
0.0,0.0,2003,60.0,47.0,37.0,0.0,0.0,7.0,0.0,0.0,0.0,3.0,23.0,177
0.0,0.0,2003,0.0,0.0,0.0,0.0,0.0,0.0,0.0,0.0,0.0,0.0,0.0,0
0.0,0.0,2003,0.0,0.0,0.0,0.0,0.0,0.0,0.0,0.0,0.0,0.0,0.0,0
0.0,0.0,2003,0.0,0.0,0.0,0.0,0.0,0.0,0.0,0.0,0.0,0.0,0.0,0
0.0,0.0,2003,0.0,0.0,0.0,0.0,0.0,0.0,0.0,0.0,0.0,0.0,0.0,0
0.0,0.0,2003,0.0,0.0,0.0,0.0,0.0,0.0,0.0,0.0,0.0,0.0,0.0,0
0.0,0.0,2003,5.0,4.0,13.0,0.0,0.0,0.0,0.0,0.0,0.0,0.0,30.0,52
0.0,0.0,2003,49.0,8.0,30.0,0.0,0.0,0.0,0.0,0.0,0.0,0.0,13.0,100
0.0,0.0,2003,5.0,3.0,26.0,1.0,0.0,0.0,0.0,0.0,0.0,0.0,0.0,35
0.0,0.0,2003,3.0,3.0,0.0,0.0,0.0,0.0,0.0,0.0,0.0,0.0,0.0,6
0.0,0.0,2003,5.0,0.0,9.0,0.0,0.0,0.0,0.0,0.0,0.0,0.0,0.0,14
0.0,0.0,2003,6.0,3.0,6.0,0.0,0.0,0.0,0.0,0.0,0.0,0.0,0.0,15
0.0,0.0,2003,4.0,12.0,25.0,0.0,0.0,0.0,0.0,0.0,0.0,0.0,47.0,88
0.0,0.0,2003,11.0,7.0,2.0,0.0,0.0,0.0,4.0,0.0,0.0,0.0,15.0,39
0.0,0.0,2003,8.0,2.0,1.0,0.0,0.0,0.0,0.0,0.0,0.0,0.0,0.0,11
0.0,0.0,2003,4.0,1.0,1.0,0.0,0.0,0.0,0.0,0.0,0.0,0.0,0.0,6
0.0,0.0,2003,3.0,1.0,1.0,0.0,0.0,0.0,0.0,0.0,0.0,0.0,2.0,7
0.0,0.0,2003,6.0,3.0,7.0,0.0,0.0,0.0,0.0,0.0,0.0,0.0,0.0,16
0.0,0.0,2003,2.0,8.0,4.0,0.0,0.0,0.0,0.0,0.0,0.0,0.0,12.0,26
0.0,0.0,2003,9.0,20.0,52.0,0.0,0.0,0.0,0.0,0.0,0.0,0.0,0.0,81
0.0,0.0,2003,7.0,2.0,2.0,0.0,0.0,0.0,0.0,0.0,0.0,0.0,0.0,11
0.0,0.0,2003,14.0,15.0,19.0,0.0,0.0,0.0,0.0,0.0,0.0,0.0,0.0,48
0.0,0.0,2003,13.0,9.0,8.0,0.0,0.0,0.0,0.0,0.0,0.0,0.0,22.0,52
0.0,0.0,2003,3.0,1.0,0.0,0.0,0.0,0.0,0.0,0.0,0.0,0.0,6.0,10
0.0,0.0,2003,4.0,4.0,0.0,0.0,0.0,0.0,0.0,0.0,0.0,0.0,4.0,12
0.0,0.0,2003,16.0,2.0,10.0,0.0,0.0,0.0,0.0,0.0,0.0,0.0,4.0,32
0.0,0.0,2003,28.0,9.0,20.0,0.0,0.0,0.0,0.0,0.0,0.0,0.0,0.0,57
0.0,0.0,2003,6.0,1.0,5.0,0.0,0.0,0.0,0.0,0.0,0.0,0.0,0.0,12
0.0,0.0,2003,10.0,4.0,11.0,0.0,0.0,0.0,0.0,0.0,0.0,0.0,0.0,25
0.0,0.0,2003,0.0,2.0,7.0,0.0,0.0,0.0,0.0,0.0,0.0,0.0,0.0,9
0.0,0.0,2003,5.0,0.0,0.0,0.0,0.0,0.0,0.0,0.0,0.0,0.0,0.0,5
0.0,0.0,2003,23.0,10.0,30.0,0.0,0.0,0.0,0.0,0.0,0.0,0.0,16.0,79
0.0,0.0,2003,0.0,0.0,0.0,0.0,0.0,0.0,0.0,0.0,0.0,0.0,0.0,0
0.0,0.0,2003,8.0,6.0,10.0,0.0,0.0,0.0,0.0,0.0,0.0,0.0,0.0,24
0.0,0.0,2003,5.0,3.0,9.0,1.0,1.0,0.0,21.0,0.0,0.0,3.0,3.0,46
0.0,0.0,2003,0.0,2.0,2.0,0.0,0.0,0.0,0.0,0.0,0.0,0.0,0.0,4
0.0,0.0,2003,1.0,1.0,2.0,0.0,0.0,0.0,0.0,0.0,0.0,0.0,2.0,6
0.0,0.0,2003,5.0,4.0,2.0,0.0,0.0,0.0,0.0,0.0,0.0,0.0,3.0,14
0.0,0.0,2003,1.0,0.0,0.0,0.0,0.0,0.0,0.0,0.0,0.0,0.0,0.0,1
0.0,0.0,2003,2.0,1.0,9.0,0.0,0.0,0.0,0.0,0.0,0.0,0.0,0.0,12
0.0,0.0,2003,8.0,4.0,5.0,0.0,0.0,0.0,0.0,0.0,0.0,0.0,0.0,17
0.0,0.0,2003,11.0,0.0,0.0,0.0,0.0,0.0,0.0,0.0,0.0,0.0,0.0,11
0.0,0.0,2003,3.0,1.0,4.0,0.0,0.0,0.0,0.0,0.0,0.0,0.0,0.0,8
0.0,0.0,2003,5.0,1.0,3.0,0.0,0.0,0.0,0.0,0.0,0.0,0.0,0.0,9
0.0,0.0,2003,5.0,2.0,2.0,0.0,0.0,0.0,0.0,0.0,0.0,0.0,0.0,9
0.0,0.0,2003,6.0,3.0,4.0,0.0,0.0,0.0,0.0,0.0,0.0,0.0,4.0,17
0.0,0.0,2003,2.0,0.0,1.0,0.0,1.0,0.0,0.0,0.0,0.0,0.0,3.0,7
0.0,0.0,2003,12.0,19.0,6.0,0.0,0.0,0.0,0.0,0.0,0.0,0.0,4.0,41
0.0,0.0,2003,3.0,7.0,5.0,0.0,0.0,0.0,1.0,0.0,0.0,0.0,1.0,17
0.0,0.0,2003,0.0,3.0,27.0,0.0,0.0,0.0,0.0,0.0,0.0,0.0,1.0,31
0.0,0.0,2003,1.0,1.0,10.0,0.0,0.0,0.0,0.0,0.0,0.0,0.0,5.0,17
0.0,0.0,2003,2.0,2.0,3.0,0.0,0.0,0.0,0.0,0.0,0.0,0.0,0.0,7
0.0,0.0,2003,12.0,10.0,23.0,0.0,0.0,0.0,0.0,0.0,0.0,0.0,26.0,71
0.0,0.0,2003,5.0,1.0,7.0,1.0,0.0,0.0,0.0,0.0,0.0,0.0,0.0,14
0.0,0.0,2003,0.0,0.0,3.0,0.0,0.0,0.0,0.0,0.0,0.0,0.0,0.0,3
0.0,0.0,2003,1.0,1.0,2.0,0.0,0.0,0.0,0.0,0.0,0.0,0.0,0.0,4
0.0,0.0,2003,7.0,2.0,11.0,0.0,0.0,0.0,0.0,0.0,0.0,0.0,0.0,20
0.0,0.0,2003,4.0,2.0,3.0,0.0,0.0,0.0,0.0,0.0,0.0,0.0,1.0,10
0.0,0.0,2003,5.0,5.0,10.0,0.0,0.0,0.0,0.0,0.0,0.0,1.0,8.0,29
0.0,0.0,2003,1.0,4.0,4.0,0.0,0.0,0.0,0.0,0.0,0.0,0.0,0.0,9
0.0,0.0,2003,13.0,27.0,33.0,0.0,0.0,0.0,0.0,0.0,0.0,0.0,12.0,85
0.0,0.0,2003,14.0,0.0,0.0,0.0,0.0,0.0,0.0,0.0,0.0,0.0,0.0,14
0.0,0.0,2003,5.0,6.0,8.0,0.0,0.0,0.0,0.0,0.0,0.0,0.0,13.0,32
0.0,0.0,2003,3.0,8.0,14.0,0.0,0.0,0.0,0.0,0.0,0.0,0.0,4.0,29
0.0,0.0,2003,4.0,3.0,0.0,0.0,0.0,0.0,0.0,0.0,0.0,0.0,0.0,7
0.0,0.0,2003,7.0,1.0,2.0,0.0,0.0,0.0,0.0,0.0,0.0,0.0,0.0,10
0.0,0.0,2003,7.0,5.0,8.0,0.0,0.0,0.0,2.0,0.0,0.0,0.0,0.0,22
0.0,0.0,2003,2.0,0.0,0.0,0.0,0.0,0.0,0.0,0.0,0.0,0.0,0.0,2
0.0,0.0,2003,11.0,0.0,1.0,0.0,0.0,0.0,0.0,0.0,0.0,0.0,12.0,24
0.0,0.0,2003,2.0,1.0,1.0,0.0,0.0,0.0,0.0,0.0,0.0,0.0,6.0,10
0.0,0.0,2003,3.0,1.0,2.0,0.0,0.0,0.0,0.0,0.0,0.0,0.0,5.0,11
0.0,0.0,2003,11.0,5.0,8.0,0.0,0.0,0.0,0.0,0.0,0.0,0.0,0.0,24
0.0,0.0,2003,2.0,5.0,4.0,0.0,0.0,0.0,0.0,0.0,0.0,0.0,0.0,11
0.0,0.0,2003,1.0,1.0,2.0,0.0,0.0,0.0,0.0,0.0,0.0,0.0,4.0,8
0.0,0.0,2003,0.0,5.0,8.0,0.0,0.0,0.0,0.0,0.0,0.0,0.0,27.0,40
0.0,0.0,2003,9.0,11.0,10.0,0.0,0.0,0.0,0.0,0.0,0.0,0.0,17.0,47
0.0,0.0,2003,0.0,3.0,4.0,0.0,0.0,0.0,0.0,0.0,0.0,0.0,13.0,20
0.0,0.0,2003,458.0,301.0,561.0,3.0,2.0,0.0,28.0,0.0,0.0,4.0,345.0,1702
0.0,0.0,2003,0.0,0.0,0.0,0.0,0.0,0.0,0.0,0.0,0.0,0.0,0.0,0
0.0,0.0,2003,0.0,0.0,0.0,0.0,0.0,0.0,0.0,0.0,0.0,0.0,0.0,0
0.0,0.0,2003,0.0,0.0,0.0,0.0,0.0,0.0,0.0,0.0,0.0,0.0,0.0,0
0.0,0.0,2003,0.0,0.0,0.0,0.0,0.0,0.0,0.0,0.0,0.0,0.0,0.0,0
0.0,0.0,2003,0.0,0.0,0.0,0.0,0.0,0.0,0.0,0.0,0.0,0.0,0.0,0
0.0,0.0,2003,3.0,11.0,2.0,0.0,0.0,0.0,7.0,0.0,0.0,0.0,0.0,23
0.0,0.0,2003,0.0,0.0,0.0,0.0,0.0,0.0,0.0,0.0,0.0,0.0,0.0,0
0.0,0.0,2003,0.0,0.0,0.0,0.0,0.0,0.0,0.0,0.0,0.0,0.0,0.0,0
0.0,0.0,2003,0.0,0.0,0.0,0.0,0.0,0.0,0.0,0.0,0.0,0.0,0.0,0
0.0,0.0,2003,0.0,0.0,0.0,0.0,0.0,0.0,0.0,0.0,0.0,0.0,0.0,0
0.0,0.0,2003,0.0,0.0,0.0,0.0,0.0,0.0,0.0,0.0,0.0,0.0,0.0,0
0.0,0.0,2003,0.0,0.0,0.0,0.0,0.0,0.0,0.0,0.0,0.0,0.0,0.0,0
0.0,0.0,2003,0.0,0.0,0.0,0.0,0.0,0.0,0.0,0.0,0.0,0.0,0.0,0
0.0,0.0,2003,3.0,11.0,2.0,0.0,0.0,0.0,7.0,0.0,0.0,0.0,0.0,23
0.0,0.0,2003,0.0,0.0,0.0,0.0,0.0,0.0,0.0,0.0,0.0,0.0,0.0,0
0.0,0.0,2003,0.0,0.0,0.0,0.0,0.0,0.0,0.0,0.0,0.0,0.0,0.0,0
0.0,0.0,2003,0.0,0.0,0.0,0.0,0.0,0.0,0.0,0.0,0.0,0.0,0.0,0
0.0,0.0,2003,0.0,0.0,0.0,0.0,0.0,0.0,0.0,0.0,0.0,0.0,0.0,0
0.0,0.0,2003,0.0,0.0,0.0,0.0,0.0,0.0,0.0,0.0,0.0,0.0,0.0,0
0.0,0.0,2003,0.0,0.0,0.0,0.0,0.0,0.0,0.0,0.0,0.0,0.0,0.0,0
0.0,0.0,2003,0.0,0.0,0.0,0.0,0.0,0.0,0.0,0.0,1.0,0.0,0.0,1
0.0,0.0,2003,0.0,0.0,0.0,0.0,0.0,0.0,0.0,0.0,0.0,0.0,0.0,0
0.0,0.0,2003,0.0,0.0,0.0,0.0,0.0,0.0,0.0,0.0,1.0,0.0,0.0,1
0.0,0.0,2003,0.0,0.0,0.0,0.0,0.0,0.0,0.0,0.0,0.0,0.0,0.0,0
0.0,0.0,2003,0.0,0.0,0.0,0.0,0.0,0.0,0.0,0.0,1.0,0.0,0.0,1
0.0,0.0,2003,0.0,0.0,0.0,0.0,0.0,0.0,0.0,0.0,0.0,0.0,0.0,0
0.0,0.0,2003,0.0,0.0,0.0,0.0,0.0,0.0,0.0,0.0,0.0,0.0,0.0,0
0.0,0.0,2003,0.0,0.0,0.0,0.0,0.0,0.0,0.0,0.0,0.0,0.0,0.0,0
0.0,0.0,2003,0.0,0.0,0.0,0.0,0.0,0.0,0.0,0.0,0.0,0.0,0.0,0
0.0,0.0,2003,2.0,16.0,32.0,0.0,0.0,0.0,12.0,18.0,2.0,0.0,39.0,121
0.0,0.0,2003,0.0,0.0,0.0,0.0,0.0,0.0,0.0,0.0,0.0,1.0,21.0,22
0.0,0.0,2003,0.0,0.0,0.0,0.0,0.0,0.0,0.0,0.0,0.0,0.0,0.0,0
0.0,0.0,2003,0.0,0.0,0.0,0.0,0.0,0.0,0.0,0.0,0.0,0.0,0.0,0
0.0,0.0,2003,0.0,0.0,0.0,0.0,0.0,0.0,0.0,0.0,0.0,0.0,0.0,0
0.0,0.0,2003,0.0,0.0,0.0,0.0,0.0,0.0,0.0,0.0,0.0,0.0,0.0,0
0.0,0.0,2003,0.0,0.0,0.0,0.0,0.0,0.0,0.0,0.0,0.0,0.0,0.0,0
0.0,0.0,2003,0.0,0.0,0.0,0.0,0.0,0.0,0.0,0.0,0.0,0.0,0.0,0
0.0,0.0,2003,0.0,0.0,0.0,0.0,0.0,0.0,0.0,0.0,0.0,0.0,0.0,0
0.0,0.0,2003,0.0,0.0,0.0,0.0,0.0,0.0,0.0,0.0,1.0,0.0,1.0,2
0.0,0.0,2003,2.0,16.0,32.0,0.0,0.0,0.0,12.0,18.0,6.0,1.0,61.0,148
0.0,0.0,2003,1.0,2.0,1.0,0.0,0.0,0.0,0.0,0.0,0.0,0.0,2.0,6
0.0,0.0,2003,0.0,0.0,0.0,0.0,0.0,0.0,0.0,0.0,0.0,0.0,0.0,0
0.0,0.0,2003,1.0,2.0,1.0,0.0,0.0,0.0,0.0,0.0,0.0,0.0,2.0,6
0.0,0.0,2003,3.0,9.0,14.0,0.0,0.0,11.0,0.0,0.0,0.0,0.0,3.0,40
0.0,0.0,2003,3.0,9.0,14.0,0.0,0.0,11.0,0.0,0.0,0.0,0.0,3.0,40
0.0,0.0,2003,0.0,0.0,1.0,0.0,0.0,0.0,0.0,0.0,0.0,0.0,0.0,1
0.0,0.0,2003,0.0,0.0,1.0,0.0,0.0,0.0,0.0,0.0,0.0,0.0,0.0,1
0.0,0.0,2003,0.0,3.0,1.0,0.0,0.0,0.0,0.0,0.0,0.0,0.0,1.0,5
0.0,0.0,2003,0.0,1.0,0.0,0.0,0.0,0.0,0.0,0.0,0.0,0.0,0.0,1
0.0,0.0,2003,0.0,4.0,1.0,0.0,0.0,0.0,0.0,0.0,0.0,0.0,1.0,6
0.0,0.0,2003,1.0,4.0,24.0,0.0,0.0,4.0,0.0,0.0,0.0,0.0,1.0,34
0.0,0.0,2003,32.0,140.0,255.0,2.0,0.0,39.0,0.0,0.0,0.0,1.0,47.0,516
0.0,0.0,2003,5.0,14.0,27.0,0.0,0.0,3.0,0.0,0.0,0.0,0.0,14.0,63
0.0,0.0,2003,0.0,0.0,0.0,0.0,0.0,3.0,0.0,0.0,0.0,0.0,0.0,3
0.0,0.0,2003,0.0,0.0,0.0,0.0,0.0,1.0,0.0,0.0,0.0,0.0,0.0,1
0.0,0.0,2003,0.0,3.0,10.0,0.0,0.0,1.0,0.0,0.0,0.0,0.0,10.0,24
0.0,0.0,2003,1.0,14.0,14.0,0.0,0.0,2.0,0.0,0.0,0.0,0.0,0.0,31
0.0,0.0,2003,4.0,4.0,28.0,0.0,0.0,6.0,0.0,0.0,0.0,0.0,10.0,52
0.0,0.0,2003,5.0,31.0,52.0,1.0,0.0,4.0,0.0,0.0,0.0,1.0,0.0,94
0.0,0.0,2003,5.0,33.0,37.0,0.0,0.0,3.0,0.0,0.0,0.0,0.0,2.0,80
0.0,0.0,2003,5.0,14.0,32.0,1.0,0.0,7.0,0.0,0.0,0.0,0.0,5.0,64
0.0,0.0,2003,0.0,0.0,0.0,0.0,0.0,0.0,0.0,0.0,0.0,0.0,0.0,0
0.0,0.0,2003,6.0,23.0,31.0,0.0,0.0,5.0,0.0,0.0,0.0,0.0,5.0,70
0.0,0.0,2003,0.0,0.0,0.0,0.0,0.0,0.0,0.0,0.0,0.0,0.0,1.0,1
0.0,0.0,2003,0.0,0.0,0.0,0.0,0.0,0.0,0.0,0.0,0.0,0.0,1.0,1
0.0,0.0,2003,1.0,1.0,1.0,0.0,0.0,0.0,0.0,0.0,0.0,0.0,2.0,5
0.0,0.0,2003,1.0,1.0,1.0,0.0,0.0,0.0,0.0,0.0,0.0,0.0,2.0,5
0.0,0.0,2004,0.0,4.0,0.0,0.0,0.0,0.0,0.0,0.0,0.0,0.0,0.0,4
0.0,0.0,2004,3.0,14.0,27.0,0.0,0.0,0.0,0.0,0.0,0.0,0.0,0.0,44
0.0,0.0,2004,4.0,4.0,9.0,0.0,0.0,0.0,0.0,0.0,0.0,0.0,0.0,17
0.0,0.0,2004,4.0,8.0,26.0,0.0,1.0,0.0,0.0,0.0,0.0,0.0,0.0,39
0.0,0.0,2004,0.0,0.0,0.0,0.0,0.0,0.0,0.0,0.0,0.0,0.0,0.0,0
0.0,0.0,2004,0.0,0.0,0.0,0.0,0.0,0.0,0.0,0.0,0.0,0.0,0.0,0
0.0,0.0,2004,0.0,0.0,0.0,0.0,0.0,0.0,0.0,0.0,0.0,0.0,0.0,0
0.0,0.0,2004,1.0,27.0,34.0,0.0,0.0,0.0,0.0,0.0,0.0,0.0,0.0,62
0.0,0.0,2004,11.0,27.0,45.0,0.0,0.0,26.0,4.0,0.0,0.0,0.0,0.0,113
0.0,0.0,2004,5.0,46.0,31.0,0.0,0.0,0.0,29.0,0.0,0.0,2.0,375.0,488
0.0,0.0,2004,4.0,25.0,30.0,0.0,0.0,0.0,0.0,0.0,0.0,0.0,0.0,59
0.0,0.0,2004,4.0,14.0,3.0,0.0,0.0,0.0,0.0,0.0,0.0,0.0,9.0,30
0.0,0.0,2004,0.0,22.0,23.0,0.0,0.0,0.0,0.0,0.0,0.0,0.0,0.0,45
0.0,0.0,2004,0.0,19.0,15.0,0.0,0.0,0.0,0.0,0.0,0.0,0.0,0.0,34
0.0,0.0,2004,10.0,37.0,8.0,0.0,0.0,0.0,14.0,0.0,0.0,0.0,0.0,69
0.0,0.0,2004,3.0,25.0,14.0,0.0,0.0,0.0,0.0,0.0,0.0,0.0,0.0,42
0.0,0.0,2004,2.0,7.0,3.0,0.0,0.0,0.0,10.0,0.0,0.0,0.0,9.0,31
0.0,0.0,2004,3.0,4.0,7.0,0.0,0.0,0.0,0.0,0.0,0.0,0.0,1.0,15
0.0,0.0,2004,4.0,1.0,1.0,0.0,0.0,0.0,0.0,0.0,0.0,0.0,0.0,6
0.0,0.0,2004,0.0,4.0,1.0,0.0,0.0,0.0,2.0,0.0,0.0,1.0,0.0,8
0.0,0.0,2004,0.0,0.0,0.0,0.0,0.0,0.0,0.0,0.0,0.0,0.0,0.0,0
0.0,0.0,2004,0.0,0.0,0.0,0.0,0.0,0.0,0.0,0.0,0.0,0.0,0.0,0
0.0,0.0,2004,1.0,5.0,15.0,0.0,0.0,0.0,0.0,0.0,0.0,0.0,11.0,32
0.0,0.0,2004,0.0,0.0,0.0,0.0,0.0,0.0,0.0,0.0,0.0,0.0,0.0,0
0.0,0.0,2004,0.0,0.0,0.0,0.0,0.0,0.0,0.0,0.0,0.0,0.0,0.0,0
0.0,0.0,2004,1.0,8.0,14.0,0.0,0.0,0.0,0.0,0.0,0.0,1.0,0.0,24
0.0,0.0,2004,0.0,0.0,0.0,0.0,0.0,0.0,0.0,0.0,0.0,0.0,0.0,0
0.0,0.0,2004,11.0,39.0,73.0,0.0,0.0,0.0,0.0,0.0,0.0,0.0,1.0,124
0.0,0.0,2004,0.0,23.0,17.0,0.0,1.0,0.0,1.0,0.0,0.0,0.0,0.0,42
0.0,0.0,2004,71.0,363.0,396.0,0.0,2.0,26.0,60.0,0.0,0.0,4.0,406.0,1328
0.0,0.0,2004,0.0,2.0,1.0,0.0,0.0,0.0,0.0,0.0,0.0,0.0,0.0,3
0.0,0.0,2004,0.0,1.0,0.0,0.0,0.0,0.0,0.0,0.0,0.0,0.0,2.0,3
0.0,0.0,2004,0.0,0.0,0.0,0.0,0.0,0.0,0.0,0.0,0.0,0.0,0.0,0
0.0,0.0,2004,0.0,0.0,0.0,0.0,0.0,0.0,0.0,0.0,0.0,0.0,0.0,0
0.0,0.0,2004,0.0,0.0,0.0,0.0,0.0,0.0,0.0,0.0,0.0,0.0,0.0,0
0.0,0.0,2004,0.0,0.0,4.0,0.0,0.0,0.0,0.0,0.0,0.0,0.0,0.0,4
0.0,0.0,2004,0.0,0.0,0.0,0.0,0.0,0.0,0.0,0.0,0.0,0.0,1.0,1
0.0,0.0,2004,0.0,3.0,0.0,0.0,0.0,0.0,0.0,0.0,0.0,0.0,0.0,3
0.0,0.0,2004,0.0,1.0,0.0,0.0,0.0,0.0,0.0,0.0,0.0,0.0,0.0,1
0.0,0.0,2004,0.0,4.0,3.0,0.0,0.0,0.0,0.0,0.0,0.0,0.0,0.0,7
0.0,0.0,2004,0.0,0.0,0.0,0.0,0.0,0.0,0.0,0.0,0.0,0.0,0.0,0
0.0,0.0,2004,0.0,0.0,0.0,0.0,0.0,0.0,0.0,0.0,0.0,0.0,0.0,0
0.0,0.0,2004,0.0,0.0,0.0,0.0,0.0,0.0,0.0,0.0,0.0,0.0,0.0,0
0.0,0.0,2004,0.0,0.0,0.0,0.0,0.0,0.0,0.0,0.0,0.0,0.0,0.0,0
0.0,0.0,2004,0.0,0.0,0.0,0.0,0.0,0.0,0.0,0.0,0.0,0.0,0.0,0
0.0,0.0,2004,0.0,11.0,8.0,0.0,0.0,0.0,0.0,0.0,0.0,0.0,3.0,22
0.0,0.0,2004,0.0,0.0,0.0,0.0,0.0,0.0,0.0,0.0,0.0,0.0,0.0,0
0.0,0.0,2004,0.0,0.0,0.0,0.0,0.0,0.0,0.0,0.0,0.0,0.0,0.0,0
0.0,0.0,2004,0.0,0.0,0.0,0.0,0.0,0.0,0.0,0.0,0.0,0.0,0.0,0
0.0,0.0,2004,0.0,0.0,0.0,0.0,0.0,0.0,0.0,0.0,0.0,0.0,0.0,0
0.0,0.0,2004,0.0,0.0,0.0,0.0,0.0,0.0,0.0,0.0,0.0,0.0,0.0,0
0.0,0.0,2004,0.0,0.0,0.0,0.0,0.0,0.0,0.0,0.0,0.0,0.0,0.0,0
0.0,0.0,2004,0.0,4.0,0.0,0.0,0.0,0.0,1.0,0.0,0.0,1.0,0.0,6
0.0,0.0,2004,0.0,0.0,0.0,0.0,0.0,0.0,0.0,0.0,0.0,0.0,0.0,0
0.0,0.0,2004,0.0,0.0,0.0,0.0,0.0,0.0,0.0,0.0,0.0,0.0,0.0,0
0.0,0.0,2004,0.0,0.0,0.0,0.0,0.0,0.0,0.0,0.0,0.0,0.0,0.0,0
0.0,0.0,2004,0.0,0.0,0.0,0.0,0.0,0.0,0.0,0.0,0.0,0.0,0.0,0
0.0,0.0,2004,0.0,0.0,0.0,0.0,0.0,0.0,0.0,0.0,0.0,0.0,0.0,0
0.0,0.0,2004,0.0,0.0,0.0,0.0,0.0,0.0,0.0,0.0,0.0,0.0,0.0,0
0.0,0.0,2004,0.0,0.0,0.0,0.0,0.0,0.0,0.0,0.0,0.0,0.0,0.0,0
0.0,0.0,2004,0.0,0.0,0.0,0.0,0.0,0.0,0.0,0.0,0.0,0.0,0.0,0
0.0,0.0,2004,0.0,2.0,3.0,0.0,0.0,0.0,7.0,0.0,1.0,0.0,0.0,13
0.0,0.0,2004,0.0,0.0,0.0,0.0,0.0,0.0,0.0,0.0,0.0,0.0,0.0,0
0.0,0.0,2004,0.0,0.0,0.0,0.0,0.0,0.0,0.0,0.0,0.0,0.0,0.0,0
0.0,0.0,2004,0.0,0.0,0.0,0.0,0.0,0.0,0.0,0.0,0.0,0.0,0.0,0
0.0,0.0,2004,0.0,0.0,0.0,0.0,0.0,0.0,0.0,0.0,0.0,0.0,0.0,0
0.0,0.0,2004,0.0,0.0,0.0,0.0,0.0,0.0,0.0,0.0,0.0,0.0,0.0,0
0.0,0.0,2004,0.0,0.0,0.0,0.0,0.0,0.0,0.0,0.0,0.0,0.0,0.0,0
0.0,0.0,2004,1.0,1.0,0.0,0.0,0.0,0.0,0.0,0.0,0.0,0.0,0.0,2
0.0,0.0,2004,0.0,0.0,0.0,0.0,0.0,0.0,0.0,0.0,0.0,0.0,0.0,0
0.0,0.0,2004,0.0,0.0,0.0,0.0,0.0,0.0,0.0,0.0,0.0,0.0,0.0,0
0.0,0.0,2004,0.0,0.0,0.0,0.0,0.0,0.0,0.0,0.0,0.0,0.0,0.0,0
0.0,0.0,2004,0.0,0.0,0.0,0.0,0.0,0.0,0.0,0.0,0.0,0.0,0.0,0
0.0,0.0,2004,1.0,7.0,3.0,0.0,0.0,0.0,8.0,0.0,1.0,1.0,0.0,21
0.0,0.0,2004,2.0,0.0,0.0,0.0,0.0,0.0,0.0,0.0,0.0,0.0,3.0,5
0.0,0.0,2004,0.0,0.0,0.0,0.0,0.0,0.0,0.0,0.0,0.0,0.0,0.0,0
0.0,0.0,2004,0.0,0.0,0.0,0.0,0.0,0.0,0.0,0.0,0.0,0.0,0.0,0
0.0,0.0,2004,0.0,0.0,0.0,0.0,0.0,0.0,0.0,0.0,0.0,0.0,0.0,0
0.0,0.0,2004,0.0,0.0,0.0,0.0,0.0,0.0,0.0,0.0,0.0,0.0,0.0,0
0.0,0.0,2004,0.0,0.0,0.0,0.0,0.0,0.0,0.0,0.0,0.0,0.0,0.0,0
0.0,0.0,2004,0.0,0.0,0.0,0.0,0.0,0.0,0.0,0.0,0.0,0.0,0.0,0
0.0,0.0,2004,0.0,0.0,0.0,0.0,0.0,0.0,0.0,0.0,0.0,0.0,0.0,0
0.0,0.0,2004,0.0,0.0,0.0,0.0,0.0,0.0,0.0,0.0,0.0,0.0,0.0,0
0.0,0.0,2004,0.0,0.0,0.0,0.0,0.0,0.0,0.0,0.0,0.0,0.0,0.0,0
0.0,0.0,2004,0.0,0.0,10.0,0.0,0.0,0.0,0.0,0.0,0.0,0.0,0.0,10
0.0,0.0,2004,0.0,0.0,0.0,0.0,0.0,0.0,0.0,0.0,0.0,0.0,0.0,0
0.0,0.0,2004,1.0,0.0,0.0,0.0,0.0,0.0,0.0,0.0,0.0,0.0,0.0,1
0.0,0.0,2004,0.0,0.0,0.0,0.0,0.0,0.0,0.0,0.0,0.0,0.0,0.0,0
0.0,0.0,2004,0.0,0.0,0.0,0.0,0.0,0.0,0.0,0.0,0.0,0.0,0.0,0
0.0,0.0,2004,0.0,0.0,0.0,0.0,0.0,0.0,0.0,0.0,0.0,0.0,0.0,0
0.0,0.0,2004,1.0,0.0,2.0,0.0,0.0,0.0,0.0,0.0,0.0,0.0,0.0,3
0.0,0.0,2004,1.0,0.0,0.0,0.0,0.0,0.0,0.0,0.0,0.0,0.0,0.0,1
0.0,0.0,2004,0.0,0.0,0.0,0.0,0.0,0.0,0.0,0.0,0.0,0.0,0.0,0
0.0,0.0,2004,0.0,0.0,0.0,0.0,0.0,0.0,0.0,0.0,0.0,0.0,0.0,0
0.0,0.0,2004,1.0,0.0,0.0,1.0,0.0,0.0,5.0,0.0,1.0,0.0,0.0,8
0.0,0.0,2004,2.0,2.0,6.0,0.0,0.0,0.0,0.0,0.0,0.0,0.0,0.0,10
0.0,0.0,2004,0.0,0.0,0.0,0.0,0.0,0.0,0.0,0.0,0.0,0.0,0.0,0
0.0,0.0,2004,0.0,0.0,0.0,0.0,0.0,0.0,0.0,0.0,0.0,0.0,0.0,0
0.0,0.0,2004,0.0,0.0,2.0,0.0,0.0,0.0,0.0,0.0,0.0,0.0,0.0,2
0.0,0.0,2004,0.0,0.0,0.0,0.0,0.0,0.0,0.0,0.0,0.0,0.0,0.0,0
0.0,0.0,2004,0.0,0.0,0.0,0.0,0.0,0.0,0.0,0.0,0.0,0.0,0.0,0
0.0,0.0,2004,0.0,0.0,0.0,0.0,0.0,0.0,0.0,0.0,0.0,0.0,0.0,0
0.0,0.0,2004,0.0,0.0,0.0,0.0,0.0,0.0,0.0,0.0,0.0,0.0,0.0,0
0.0,0.0,2004,1.0,0.0,1.0,0.0,0.0,0.0,0.0,0.0,0.0,0.0,0.0,2
0.0,0.0,2004,0.0,0.0,0.0,0.0,0.0,0.0,0.0,0.0,0.0,0.0,0.0,0
0.0,0.0,2004,0.0,1.0,3.0,0.0,0.0,1.0,2.0,0.0,0.0,2.0,2.0,11
0.0,0.0,2004,0.0,0.0,0.0,0.0,0.0,0.0,0.0,0.0,0.0,0.0,0.0,0
0.0,0.0,2004,0.0,0.0,0.0,0.0,0.0,0.0,0.0,0.0,0.0,0.0,0.0,0
0.0,0.0,2004,0.0,0.0,0.0,0.0,0.0,0.0,0.0,0.0,0.0,0.0,0.0,0
0.0,0.0,2004,0.0,0.0,0.0,0.0,0.0,0.0,0.0,0.0,0.0,1.0,0.0,1
0.0,0.0,2004,0.0,0.0,0.0,0.0,0.0,0.0,0.0,0.0,0.0,0.0,0.0,0
0.0,0.0,2004,0.0,0.0,0.0,0.0,0.0,0.0,0.0,0.0,0.0,0.0,0.0,0
0.0,0.0,2004,0.0,0.0,0.0,0.0,0.0,0.0,0.0,0.0,0.0,0.0,0.0,0
0.0,0.0,2004,0.0,0.0,0.0,0.0,0.0,0.0,0.0,0.0,0.0,0.0,0.0,0
0.0,0.0,2004,0.0,0.0,1.0,0.0,0.0,0.0,0.0,0.0,0.0,0.0,0.0,1
0.0,0.0,2004,0.0,0.0,0.0,0.0,0.0,0.0,0.0,0.0,0.0,0.0,0.0,0
0.0,0.0,2004,0.0,0.0,0.0,0.0,0.0,0.0,0.0,0.0,0.0,0.0,0.0,0
0.0,0.0,2004,0.0,0.0,4.0,0.0,0.0,0.0,0.0,0.0,0.0,0.0,0.0,4
0.0,0.0,2004,9.0,3.0,29.0,1.0,0.0,1.0,7.0,0.0,1.0,3.0,5.0,59
0.0,0.0,2004,0.0,6.0,6.0,1.0,0.0,1.0,0.0,0.0,0.0,0.0,0.0,14
0.0,0.0,2004,4.0,20.0,5.0,1.0,0.0,0.0,0.0,0.0,0.0,0.0,67.0,97
0.0,0.0,2004,0.0,1.0,0.0,0.0,0.0,0.0,0.0,0.0,0.0,0.0,8.0,9
0.0,0.0,2004,3.0,4.0,1.0,0.0,0.0,0.0,0.0,0.0,0.0,0.0,19.0,27
0.0,0.0,2004,0.0,19.0,0.0,0.0,0.0,2.0,0.0,0.0,0.0,0.0,0.0,21
0.0,0.0,2004,3.0,15.0,1.0,0.0,0.0,0.0,0.0,0.0,0.0,0.0,186.0,205
0.0,0.0,2004,0.0,1.0,1.0,0.0,0.0,4.0,0.0,0.0,0.0,0.0,0.0,6
0.0,0.0,2004,6.0,24.0,6.0,0.0,0.0,0.0,0.0,0.0,0.0,0.0,0.0,36
0.0,0.0,2004,6.0,17.0,5.0,1.0,0.0,1.0,0.0,0.0,0.0,0.0,46.0,76
0.0,0.0,2004,1.0,20.0,2.0,1.0,2.0,1.0,1.0,0.0,0.0,0.0,7.0,35
0.0,0.0,2004,2.0,0.0,0.0,0.0,0.0,0.0,0.0,0.0,0.0,10.0,0.0,12
0.0,0.0,2004,0.0,1.0,0.0,0.0,0.0,0.0,0.0,0.0,0.0,0.0,0.0,1
0.0,0.0,2004,4.0,11.0,1.0,0.0,0.0,0.0,0.0,0.0,0.0,0.0,1.0,17
0.0,0.0,2004,2.0,28.0,4.0,0.0,0.0,1.0,0.0,0.0,0.0,0.0,0.0,35
0.0,0.0,2004,3.0,13.0,3.0,1.0,0.0,0.0,0.0,0.0,0.0,0.0,10.0,30
0.0,0.0,2004,0.0,0.0,0.0,0.0,0.0,0.0,0.0,0.0,0.0,0.0,0.0,0
0.0,0.0,2004,3.0,21.0,11.0,0.0,0.0,2.0,0.0,0.0,0.0,0.0,6.0,43
0.0,0.0,2004,3.0,49.0,14.0,0.0,2.0,0.0,0.0,0.0,0.0,0.0,66.0,134
0.0,0.0,2004,1.0,28.0,3.0,1.0,2.0,0.0,0.0,0.0,0.0,4.0,31.0,70
0.0,0.0,2004,3.0,30.0,7.0,0.0,0.0,2.0,0.0,0.0,0.0,0.0,30.0,72
0.0,0.0,2004,44.0,308.0,70.0,6.0,6.0,14.0,1.0,0.0,0.0,14.0,477.0,940
0.0,0.0,2004,1.0,4.0,1.0,0.0,0.0,1.0,0.0,0.0,0.0,0.0,11.0,18
0.0,0.0,2004,1.0,16.0,8.0,0.0,0.0,0.0,1.0,0.0,0.0,0.0,9.0,35
0.0,0.0,2004,2.0,20.0,9.0,0.0,0.0,1.0,1.0,0.0,0.0,0.0,20.0,53
0.0,0.0,2004,3.0,2.0,4.0,0.0,0.0,12.0,0.0,0.0,0.0,0.0,47.0,68
0.0,0.0,2004,2.0,4.0,16.0,0.0,0.0,0.0,0.0,0.0,0.0,0.0,0.0,22
0.0,0.0,2004,0.0,1.0,0.0,0.0,0.0,0.0,0.0,0.0,0.0,0.0,0.0,1
0.0,0.0,2004,2.0,0.0,1.0,0.0,0.0,3.0,0.0,0.0,0.0,2.0,2.0,10
0.0,0.0,2004,1.0,4.0,18.0,0.0,0.0,4.0,0.0,0.0,0.0,1.0,0.0,28
0.0,0.0,2004,6.0,2.0,2.0,0.0,0.0,6.0,0.0,0.0,0.0,0.0,5.0,21
0.0,0.0,2004,7.0,7.0,13.0,0.0,1.0,5.0,0.0,0.0,0.0,8.0,24.0,65
0.0,0.0,2004,0.0,3.0,0.0,0.0,0.0,0.0,0.0,0.0,0.0,0.0,9.0,12
0.0,0.0,2004,4.0,3.0,4.0,0.0,0.0,4.0,0.0,0.0,0.0,0.0,0.0,15
0.0,0.0,2004,0.0,0.0,0.0,0.0,0.0,0.0,0.0,0.0,0.0,2.0,2.0,4
0.0,0.0,2004,10.0,1.0,2.0,0.0,0.0,0.0,5.0,0.0,0.0,3.0,16.0,37
0.0,0.0,2004,3.0,3.0,0.0,0.0,0.0,4.0,0.0,0.0,0.0,2.0,27.0,39
0.0,0.0,2004,5.0,0.0,9.0,0.0,0.0,7.0,0.0,0.0,0.0,1.0,1.0,23
0.0,0.0,2004,1.0,5.0,17.0,0.0,0.0,3.0,0.0,0.0,0.0,0.0,0.0,26
0.0,0.0,2004,1.0,0.0,4.0,0.0,0.0,0.0,0.0,0.0,0.0,0.0,9.0,14
0.0,0.0,2004,1.0,1.0,4.0,0.0,0.0,0.0,0.0,0.0,0.0,0.0,0.0,6
0.0,0.0,2004,0.0,0.0,0.0,0.0,0.0,0.0,0.0,0.0,0.0,0.0,0.0,0
0.0,0.0,2004,2.0,2.0,12.0,0.0,0.0,9.0,0.0,0.0,0.0,0.0,3.0,28
0.0,0.0,2004,0.0,1.0,0.0,0.0,0.0,2.0,0.0,0.0,0.0,4.0,4.0,11
0.0,0.0,2004,1.0,2.0,4.0,0.0,0.0,4.0,0.0,0.0,0.0,0.0,0.0,11
0.0,0.0,2004,0.0,1.0,1.0,0.0,0.0,0.0,0.0,0.0,0.0,1.0,7.0,10
0.0,0.0,2004,3.0,3.0,30.0,0.0,0.0,5.0,0.0,0.0,0.0,0.0,0.0,41
0.0,0.0,2004,5.0,7.0,17.0,0.0,0.0,6.0,0.0,0.0,0.0,1.0,7.0,43
0.0,0.0,2004,9.0,21.0,58.0,0.0,0.0,9.0,0.0,0.0,0.0,0.0,0.0,97
0.0,0.0,2004,0.0,2.0,2.0,0.0,0.0,0.0,0.0,0.0,0.0,0.0,2.0,6
0.0,0.0,2004,4.0,4.0,9.0,0.0,0.0,7.0,0.0,0.0,0.0,1.0,12.0,37
0.0,0.0,2004,3.0,4.0,33.0,0.0,0.0,5.0,0.0,0.0,0.0,0.0,18.0,63
0.0,0.0,2004,1.0,11.0,39.0,0.0,0.0,0.0,0.0,0.0,0.0,4.0,3.0,58
0.0,0.0,2004,0.0,0.0,0.0,0.0,0.0,0.0,0.0,0.0,0.0,0.0,0.0,0
0.0,0.0,2004,0.0,2.0,1.0,0.0,0.0,0.0,0.0,0.0,0.0,0.0,0.0,3
0.0,0.0,2004,74.0,96.0,300.0,0.0,1.0,95.0,5.0,0.0,0.0,30.0,198.0,799
0.0,0.0,2004,1.0,1.0,1.0,0.0,0.0,0.0,0.0,0.0,0.0,0.0,0.0,3
0.0,0.0,2004,0.0,0.0,0.0,0.0,0.0,0.0,0.0,0.0,0.0,0.0,0.0,0
0.0,0.0,2004,5.0,4.0,16.0,14.0,0.0,0.0,0.0,0.0,0.0,0.0,24.0,63
0.0,0.0,2004,1.0,2.0,3.0,0.0,0.0,0.0,0.0,0.0,0.0,0.0,2.0,8
0.0,0.0,2004,0.0,1.0,0.0,0.0,0.0,0.0,0.0,0.0,0.0,0.0,0.0,1
0.0,0.0,2004,5.0,3.0,7.0,1.0,0.0,5.0,0.0,0.0,0.0,0.0,0.0,21
0.0,0.0,2004,0.0,0.0,0.0,0.0,0.0,0.0,0.0,0.0,0.0,0.0,0.0,0
0.0,0.0,2004,0.0,0.0,0.0,0.0,0.0,0.0,0.0,0.0,0.0,0.0,0.0,0
0.0,0.0,2004,0.0,0.0,0.0,0.0,0.0,1.0,0.0,0.0,0.0,0.0,0.0,1
0.0,0.0,2004,0.0,0.0,0.0,0.0,0.0,0.0,0.0,0.0,0.0,0.0,0.0,0
0.0,0.0,2004,2.0,4.0,4.0,0.0,0.0,3.0,0.0,0.0,0.0,0.0,5.0,18
0.0,0.0,2004,4.0,2.0,1.0,0.0,0.0,0.0,0.0,0.0,0.0,0.0,0.0,7
0.0,0.0,2004,0.0,1.0,0.0,0.0,0.0,0.0,0.0,0.0,0.0,0.0,0.0,1
0.0,0.0,2004,0.0,0.0,0.0,0.0,0.0,0.0,0.0,0.0,0.0,0.0,0.0,0
0.0,0.0,2004,1.0,4.0,4.0,0.0,1.0,2.0,0.0,0.0,0.0,0.0,4.0,16
0.0,0.0,2004,1.0,1.0,4.0,0.0,0.0,4.0,0.0,0.0,0.0,1.0,2.0,13
0.0,0.0,2004,0.0,0.0,0.0,0.0,0.0,0.0,0.0,0.0,0.0,0.0,0.0,0
0.0,0.0,2004,3.0,1.0,2.0,0.0,0.0,0.0,0.0,0.0,0.0,0.0,5.0,11
0.0,0.0,2004,0.0,0.0,0.0,0.0,0.0,0.0,0.0,0.0,0.0,0.0,0.0,0
0.0,0.0,2004,0.0,0.0,0.0,0.0,0.0,0.0,0.0,0.0,0.0,1.0,0.0,1
0.0,0.0,2004,23.0,24.0,42.0,15.0,1.0,15.0,0.0,0.0,0.0,2.0,42.0,164
0.0,0.0,2004,0.0,0.0,0.0,0.0,0.0,0.0,0.0,0.0,0.0,0.0,0.0,0
0.0,0.0,2004,1.0,1.0,0.0,0.0,0.0,1.0,0.0,0.0,0.0,0.0,0.0,3
0.0,0.0,2004,0.0,0.0,0.0,0.0,0.0,0.0,0.0,0.0,0.0,0.0,0.0,0
0.0,0.0,2004,0.0,3.0,2.0,0.0,0.0,3.0,0.0,0.0,0.0,0.0,0.0,8
0.0,0.0,2004,1.0,5.0,5.0,0.0,0.0,1.0,0.0,0.0,0.0,1.0,0.0,13
0.0,0.0,2004,0.0,0.0,0.0,0.0,0.0,0.0,0.0,0.0,0.0,0.0,0.0,0
0.0,0.0,2004,1.0,6.0,5.0,0.0,0.0,2.0,0.0,0.0,0.0,0.0,1.0,15
0.0,0.0,2004,0.0,0.0,0.0,0.0,0.0,0.0,0.0,0.0,0.0,0.0,0.0,0
0.0,0.0,2004,0.0,1.0,0.0,1.0,0.0,0.0,0.0,0.0,0.0,0.0,0.0,2
0.0,0.0,2004,0.0,2.0,1.0,0.0,0.0,3.0,0.0,0.0,0.0,0.0,0.0,6
0.0,0.0,2004,1.0,1.0,3.0,1.0,0.0,0.0,0.0,0.0,0.0,0.0,4.0,10
0.0,0.0,2004,0.0,9.0,6.0,0.0,0.0,3.0,0.0,0.0,0.0,1.0,1.0,20
0.0,0.0,2004,1.0,4.0,4.0,0.0,0.0,0.0,0.0,0.0,0.0,0.0,6.0,15
0.0,0.0,2004,5.0,32.0,26.0,2.0,0.0,13.0,0.0,0.0,0.0,2.0,12.0,92
0.0,0.0,2004,0.0,0.0,27.0,0.0,0.0,1.0,0.0,0.0,0.0,0.0,2.0,30
0.0,0.0,2004,0.0,0.0,0.0,0.0,0.0,0.0,0.0,0.0,0.0,0.0,0.0,0
0.0,0.0,2004,0.0,0.0,0.0,0.0,0.0,0.0,0.0,0.0,0.0,0.0,0.0,0
0.0,0.0,2004,0.0,1.0,0.0,0.0,0.0,0.0,0.0,0.0,0.0,0.0,0.0,1
0.0,0.0,2004,0.0,0.0,0.0,0.0,0.0,0.0,0.0,0.0,0.0,0.0,0.0,0
0.0,0.0,2004,0.0,0.0,0.0,0.0,0.0,0.0,0.0,0.0,0.0,0.0,0.0,0
0.0,0.0,2004,0.0,0.0,0.0,0.0,0.0,0.0,0.0,0.0,0.0,0.0,0.0,0
0.0,0.0,2004,0.0,0.0,0.0,0.0,0.0,0.0,0.0,0.0,0.0,0.0,0.0,0
0.0,0.0,2004,0.0,2.0,0.0,0.0,0.0,0.0,0.0,0.0,0.0,0.0,0.0,2
0.0,0.0,2004,0.0,0.0,0.0,0.0,0.0,0.0,0.0,0.0,0.0,0.0,0.0,0
0.0,0.0,2004,0.0,0.0,0.0,0.0,0.0,0.0,0.0,0.0,0.0,0.0,0.0,0
0.0,0.0,2004,0.0,0.0,0.0,0.0,0.0,0.0,0.0,0.0,0.0,0.0,0.0,0
0.0,0.0,2004,0.0,0.0,0.0,0.0,0.0,0.0,0.0,0.0,0.0,0.0,0.0,0
0.0,0.0,2004,0.0,0.0,0.0,0.0,0.0,0.0,0.0,0.0,0.0,0.0,0.0,0
0.0,0.0,2004,0.0,0.0,0.0,0.0,0.0,0.0,0.0,0.0,0.0,0.0,0.0,0
0.0,0.0,2004,0.0,1.0,0.0,0.0,0.0,0.0,0.0,0.0,0.0,0.0,0.0,1
0.0,0.0,2004,0.0,0.0,0.0,0.0,0.0,0.0,0.0,0.0,0.0,0.0,0.0,0
0.0,0.0,2004,0.0,0.0,0.0,0.0,0.0,0.0,0.0,0.0,0.0,0.0,0.0,0
0.0,0.0,2004,0.0,0.0,0.0,0.0,0.0,0.0,0.0,0.0,0.0,0.0,0.0,0
0.0,0.0,2004,0.0,0.0,0.0,0.0,0.0,0.0,0.0,0.0,0.0,0.0,0.0,0
0.0,0.0,2004,0.0,0.0,0.0,0.0,0.0,0.0,0.0,0.0,0.0,0.0,0.0,0
0.0,0.0,2004,0.0,0.0,0.0,0.0,0.0,0.0,0.0,0.0,0.0,0.0,0.0,0
0.0,0.0,2004,0.0,0.0,0.0,0.0,0.0,0.0,0.0,0.0,0.0,0.0,0.0,0
0.0,0.0,2004,1.0,0.0,0.0,0.0,0.0,0.0,0.0,0.0,0.0,0.0,0.0,1
0.0,0.0,2004,1.0,4.0,27.0,0.0,0.0,1.0,0.0,0.0,0.0,0.0,2.0,35
0.0,0.0,2004,0.0,0.0,0.0,0.0,0.0,0.0,0.0,0.0,0.0,0.0,0.0,0
0.0,0.0,2004,0.0,0.0,0.0,0.0,0.0,0.0,0.0,0.0,0.0,0.0,0.0,0
0.0,0.0,2004,0.0,0.0,0.0,0.0,0.0,0.0,0.0,0.0,0.0,0.0,0.0,0
0.0,0.0,2004,0.0,0.0,0.0,0.0,0.0,0.0,0.0,0.0,0.0,0.0,0.0,0
0.0,0.0,2004,1.0,17.0,7.0,0.0,0.0,0.0,0.0,0.0,0.0,0.0,24.0,49
0.0,0.0,2004,0.0,0.0,0.0,0.0,0.0,0.0,0.0,0.0,0.0,0.0,0.0,0
0.0,0.0,2004,0.0,0.0,0.0,0.0,0.0,0.0,0.0,0.0,0.0,0.0,0.0,0
0.0,0.0,2004,0.0,4.0,1.0,0.0,0.0,0.0,0.0,0.0,0.0,0.0,0.0,5
0.0,0.0,2004,1.0,4.0,0.0,0.0,0.0,0.0,0.0,0.0,0.0,0.0,0.0,5
0.0,0.0,2004,0.0,0.0,0.0,0.0,0.0,0.0,0.0,0.0,0.0,0.0,0.0,0
0.0,0.0,2004,1.0,4.0,1.0,0.0,0.0,0.0,4.0,0.0,0.0,0.0,3.0,13
0.0,0.0,2004,0.0,0.0,0.0,0.0,0.0,0.0,0.0,0.0,0.0,0.0,0.0,0
0.0,0.0,2004,1.0,12.0,8.0,0.0,0.0,0.0,0.0,0.0,0.0,0.0,0.0,21
0.0,0.0,2004,0.0,0.0,0.0,0.0,0.0,0.0,0.0,0.0,0.0,0.0,0.0,0
0.0,0.0,2004,1.0,2.0,1.0,0.0,0.0,0.0,1.0,0.0,0.0,0.0,12.0,17
0.0,0.0,2004,0.0,0.0,0.0,0.0,0.0,0.0,0.0,0.0,0.0,0.0,0.0,0
0.0,0.0,2004,0.0,0.0,0.0,0.0,0.0,0.0,0.0,0.0,0.0,0.0,0.0,0
0.0,0.0,2004,0.0,0.0,0.0,0.0,0.0,0.0,0.0,0.0,0.0,0.0,0.0,0
0.0,0.0,2004,0.0,0.0,0.0,1.0,0.0,0.0,0.0,0.0,0.0,0.0,0.0,1
0.0,0.0,2004,0.0,0.0,0.0,0.0,0.0,0.0,0.0,0.0,0.0,0.0,0.0,0
0.0,0.0,2004,1.0,0.0,0.0,0.0,0.0,0.0,0.0,0.0,0.0,0.0,0.0,1
0.0,0.0,2004,0.0,0.0,0.0,0.0,0.0,0.0,0.0,0.0,0.0,0.0,0.0,0
0.0,0.0,2004,0.0,0.0,0.0,0.0,0.0,0.0,0.0,0.0,0.0,0.0,0.0,0
0.0,0.0,2004,0.0,0.0,0.0,0.0,0.0,0.0,0.0,0.0,0.0,0.0,0.0,0
0.0,0.0,2004,6.0,43.0,18.0,1.0,0.0,0.0,5.0,0.0,0.0,0.0,39.0,112
0.0,0.0,2004,2.0,0.0,1.0,0.0,0.0,0.0,0.0,0.0,0.0,0.0,1.0,4
0.0,0.0,2004,0.0,9.0,6.0,0.0,0.0,0.0,0.0,0.0,0.0,0.0,0.0,15
0.0,0.0,2004,0.0,0.0,0.0,0.0,0.0,0.0,0.0,0.0,0.0,0.0,0.0,0
0.0,0.0,2004,9.0,3.0,11.0,0.0,0.0,0.0,0.0,0.0,0.0,1.0,0.0,24
0.0,0.0,2004,0.0,0.0,0.0,0.0,0.0,0.0,0.0,0.0,0.0,0.0,0.0,0
0.0,0.0,2004,1.0,3.0,3.0,0.0,0.0,12.0,0.0,0.0,0.0,0.0,0.0,19
0.0,0.0,2004,16.0,5.0,4.0,0.0,0.0,0.0,0.0,0.0,0.0,0.0,0.0,25
0.0,0.0,2004,0.0,0.0,0.0,0.0,0.0,0.0,0.0,0.0,0.0,0.0,0.0,0
0.0,0.0,2004,1.0,5.0,8.0,0.0,0.0,1.0,0.0,0.0,0.0,0.0,0.0,15
0.0,0.0,2004,0.0,0.0,0.0,0.0,0.0,0.0,0.0,0.0,0.0,0.0,0.0,0
0.0,0.0,2004,1.0,1.0,1.0,0.0,0.0,3.0,0.0,0.0,0.0,0.0,9.0,15
0.0,0.0,2004,0.0,1.0,0.0,0.0,0.0,0.0,1.0,0.0,0.0,0.0,0.0,2
0.0,0.0,2004,0.0,1.0,2.0,4.0,1.0,0.0,0.0,0.0,0.0,0.0,0.0,8
0.0,0.0,2004,0.0,0.0,0.0,0.0,0.0,0.0,0.0,0.0,0.0,0.0,0.0,0
0.0,0.0,2004,4.0,0.0,0.0,0.0,0.0,0.0,0.0,0.0,0.0,0.0,0.0,4
0.0,0.0,2004,0.0,0.0,0.0,0.0,0.0,0.0,0.0,0.0,0.0,0.0,0.0,0
0.0,0.0,2004,0.0,0.0,0.0,0.0,0.0,0.0,0.0,0.0,0.0,0.0,0.0,0
0.0,0.0,2004,0.0,0.0,0.0,0.0,0.0,0.0,0.0,0.0,0.0,0.0,0.0,0
0.0,0.0,2004,0.0,0.0,0.0,0.0,0.0,0.0,0.0,0.0,0.0,0.0,0.0,0
0.0,0.0,2004,0.0,3.0,0.0,0.0,0.0,1.0,0.0,0.0,0.0,0.0,7.0,11
0.0,0.0,2004,0.0,0.0,0.0,0.0,0.0,0.0,0.0,0.0,0.0,0.0,0.0,0
0.0,0.0,2004,0.0,0.0,0.0,0.0,0.0,0.0,0.0,0.0,0.0,0.0,0.0,0
0.0,0.0,2004,0.0,0.0,0.0,0.0,0.0,0.0,0.0,0.0,0.0,0.0,0.0,0
0.0,0.0,2004,2.0,3.0,0.0,0.0,0.0,0.0,0.0,0.0,0.0,0.0,0.0,5
0.0,0.0,2004,4.0,0.0,1.0,0.0,0.0,0.0,0.0,0.0,0.0,0.0,0.0,5
0.0,0.0,2004,6.0,1.0,2.0,0.0,0.0,0.0,0.0,0.0,0.0,0.0,0.0,9
0.0,0.0,2004,0.0,0.0,0.0,0.0,0.0,0.0,0.0,0.0,0.0,0.0,0.0,0
0.0,0.0,2004,8.0,7.0,2.0,0.0,0.0,0.0,2.0,0.0,0.0,0.0,0.0,19
0.0,0.0,2004,0.0,0.0,0.0,0.0,0.0,0.0,1.0,0.0,0.0,0.0,7.0,8
0.0,0.0,2004,0.0,0.0,0.0,0.0,0.0,0.0,0.0,0.0,0.0,0.0,1.0,1
0.0,0.0,2004,0.0,0.0,0.0,0.0,0.0,0.0,0.0,0.0,0.0,0.0,0.0,0
0.0,0.0,2004,54.0,42.0,41.0,4.0,1.0,17.0,4.0,0.0,0.0,1.0,25.0,189
0.0,0.0,2004,0.0,2.0,0.0,0.0,0.0,0.0,0.0,0.0,0.0,0.0,0.0,2
0.0,0.0,2004,0.0,0.0,0.0,0.0,0.0,0.0,0.0,0.0,0.0,0.0,0.0,0
0.0,0.0,2004,0.0,1.0,2.0,0.0,0.0,0.0,0.0,0.0,0.0,0.0,0.0,3
0.0,0.0,2004,2.0,2.0,1.0,0.0,0.0,0.0,0.0,0.0,0.0,0.0,0.0,5
0.0,0.0,2004,2.0,6.0,6.0,0.0,0.0,0.0,2.0,0.0,0.0,0.0,0.0,16
0.0,0.0,2004,1.0,9.0,1.0,0.0,0.0,0.0,0.0,0.0,0.0,0.0,0.0,11
0.0,0.0,2004,4.0,9.0,1.0,0.0,0.0,0.0,0.0,0.0,0.0,0.0,11.0,25
0.0,0.0,2004,5.0,19.0,4.0,0.0,0.0,0.0,0.0,0.0,0.0,0.0,8.0,36
0.0,0.0,2004,6.0,13.0,0.0,0.0,0.0,0.0,0.0,0.0,0.0,0.0,4.0,23
0.0,0.0,2004,0.0,2.0,4.0,0.0,0.0,0.0,0.0,0.0,0.0,0.0,0.0,6
0.0,0.0,2004,3.0,6.0,1.0,0.0,0.0,0.0,3.0,0.0,0.0,0.0,0.0,13
0.0,0.0,2004,4.0,11.0,4.0,0.0,0.0,0.0,0.0,0.0,0.0,0.0,1.0,20
0.0,0.0,2004,8.0,15.0,2.0,0.0,0.0,0.0,0.0,0.0,0.0,0.0,7.0,32
0.0,0.0,2004,1.0,11.0,4.0,0.0,0.0,0.0,7.0,0.0,0.0,0.0,0.0,23
0.0,0.0,2004,0.0,0.0,1.0,0.0,0.0,0.0,0.0,0.0,0.0,0.0,0.0,1
0.0,0.0,2004,8.0,11.0,6.0,0.0,0.0,0.0,0.0,0.0,0.0,1.0,7.0,33
0.0,0.0,2004,1.0,9.0,3.0,0.0,0.0,0.0,3.0,0.0,0.0,0.0,3.0,19
0.0,0.0,2004,4.0,24.0,11.0,0.0,0.0,0.0,5.0,0.0,0.0,0.0,5.0,49
0.0,0.0,2004,2.0,9.0,3.0,0.0,0.0,0.0,0.0,0.0,0.0,0.0,10.0,24
0.0,0.0,2004,51.0,159.0,54.0,0.0,0.0,0.0,20.0,0.0,0.0,1.0,56.0,341
0.0,0.0,2004,2.0,9.0,2.0,0.0,0.0,0.0,0.0,0.0,0.0,0.0,0.0,13
0.0,0.0,2004,5.0,13.0,1.0,0.0,0.0,1.0,0.0,0.0,0.0,0.0,23.0,43
0.0,0.0,2004,9.0,50.0,8.0,0.0,0.0,0.0,0.0,0.0,0.0,0.0,0.0,67
0.0,0.0,2004,2.0,8.0,0.0,0.0,0.0,1.0,0.0,0.0,0.0,0.0,27.0,38
0.0,0.0,2004,9.0,55.0,12.0,0.0,1.0,2.0,0.0,0.0,0.0,0.0,107.0,186
0.0,0.0,2004,1.0,0.0,0.0,0.0,0.0,0.0,0.0,0.0,0.0,0.0,12.0,13
0.0,0.0,2004,9.0,53.0,20.0,0.0,0.0,20.0,0.0,0.0,0.0,0.0,0.0,102
0.0,0.0,2004,0.0,1.0,0.0,0.0,0.0,3.0,0.0,0.0,0.0,0.0,6.0,10
0.0,0.0,2004,0.0,0.0,0.0,0.0,0.0,0.0,0.0,0.0,0.0,0.0,0.0,0
0.0,0.0,2004,3.0,26.0,0.0,0.0,1.0,0.0,0.0,0.0,0.0,0.0,37.0,67
0.0,0.0,2004,0.0,0.0,0.0,0.0,0.0,0.0,0.0,0.0,0.0,0.0,0.0,0
0.0,0.0,2004,3.0,3.0,0.0,0.0,0.0,0.0,0.0,0.0,0.0,0.0,31.0,37
0.0,0.0,2004,2.0,15.0,10.0,0.0,0.0,1.0,0.0,0.0,0.0,0.0,14.0,42
0.0,0.0,2004,2.0,25.0,3.0,1.0,0.0,6.0,0.0,0.0,0.0,0.0,6.0,43
0.0,0.0,2004,0.0,0.0,0.0,0.0,0.0,0.0,0.0,0.0,0.0,0.0,0.0,0
0.0,0.0,2004,0.0,7.0,1.0,0.0,0.0,0.0,0.0,0.0,0.0,0.0,0.0,8
0.0,0.0,2004,0.0,11.0,1.0,0.0,0.0,0.0,0.0,0.0,0.0,0.0,97.0,109
0.0,0.0,2004,2.0,8.0,18.0,1.0,0.0,10.0,0.0,0.0,0.0,0.0,42.0,81
0.0,0.0,2004,0.0,0.0,0.0,0.0,0.0,0.0,0.0,0.0,0.0,0.0,0.0,0
0.0,0.0,2004,2.0,1.0,0.0,0.0,0.0,0.0,0.0,0.0,0.0,0.0,32.0,35
0.0,0.0,2004,8.0,5.0,2.0,0.0,1.0,0.0,0.0,0.0,0.0,0.0,483.0,499
0.0,0.0,2004,0.0,0.0,0.0,0.0,0.0,0.0,0.0,0.0,0.0,0.0,0.0,0
0.0,0.0,2004,0.0,0.0,0.0,0.0,0.0,0.0,0.0,0.0,0.0,0.0,0.0,0
0.0,0.0,2004,0.0,0.0,0.0,0.0,0.0,0.0,0.0,0.0,0.0,0.0,0.0,0
0.0,0.0,2004,10.0,0.0,2.0,0.0,0.0,0.0,0.0,0.0,0.0,0.0,68.0,80
0.0,0.0,2004,8.0,13.0,1.0,1.0,0.0,0.0,0.0,0.0,0.0,0.0,67.0,90
0.0,0.0,2004,6.0,43.0,10.0,0.0,0.0,4.0,0.0,0.0,0.0,0.0,129.0,192
0.0,0.0,2004,2.0,19.0,2.0,0.0,0.0,1.0,0.0,0.0,0.0,0.0,34.0,58
0.0,0.0,2004,3.0,18.0,4.0,0.0,0.0,0.0,0.0,0.0,0.0,0.0,0.0,25
0.0,0.0,2004,3.0,17.0,7.0,0.0,0.0,0.0,0.0,0.0,0.0,0.0,18.0,45
0.0,0.0,2004,2.0,10.0,6.0,0.0,0.0,6.0,0.0,0.0,0.0,1.0,5.0,30
0.0,0.0,2004,0.0,23.0,4.0,0.0,0.0,2.0,0.0,0.0,0.0,0.0,63.0,92
0.0,0.0,2004,3.0,8.0,3.0,2.0,0.0,2.0,0.0,0.0,0.0,0.0,14.0,32
0.0,0.0,2004,0.0,4.0,0.0,0.0,0.0,3.0,0.0,0.0,0.0,0.0,13.0,20
0.0,0.0,2004,0.0,0.0,0.0,0.0,0.0,0.0,0.0,0.0,0.0,0.0,18.0,18
0.0,0.0,2004,2.0,7.0,1.0,0.0,0.0,0.0,0.0,0.0,0.0,0.0,231.0,241
0.0,0.0,2004,1.0,16.0,9.0,0.0,0.0,6.0,0.0,0.0,0.0,0.0,37.0,69
0.0,0.0,2004,2.0,22.0,4.0,2.0,0.0,6.0,0.0,0.0,0.0,0.0,99.0,135
0.0,0.0,2004,8.0,57.0,8.0,0.0,0.0,10.0,0.0,0.0,0.0,0.0,93.0,176
0.0,0.0,2004,3.0,23.0,1.0,1.0,0.0,19.0,2.0,0.0,0.0,0.0,148.0,197
0.0,0.0,2004,2.0,3.0,0.0,0.0,0.0,0.0,0.0,0.0,0.0,0.0,45.0,50
0.0,0.0,2004,0.0,17.0,5.0,0.0,0.0,0.0,0.0,0.0,0.0,0.0,24.0,46
0.0,0.0,2004,2.0,15.0,4.0,0.0,1.0,1.0,0.0,0.0,0.0,1.0,15.0,39
0.0,0.0,2004,0.0,2.0,1.0,0.0,0.0,0.0,0.0,0.0,0.0,0.0,1.0,4
0.0,0.0,2004,2.0,7.0,1.0,0.0,0.0,0.0,0.0,0.0,0.0,0.0,0.0,10
0.0,0.0,2004,2.0,12.0,8.0,1.0,0.0,6.0,0.0,0.0,0.0,0.0,86.0,115
0.0,0.0,2004,1.0,16.0,1.0,0.0,0.0,0.0,0.0,0.0,0.0,0.0,76.0,94
0.0,0.0,2004,9.0,15.0,7.0,0.0,0.0,5.0,0.0,0.0,0.0,0.0,86.0,122
0.0,0.0,2004,9.0,13.0,8.0,0.0,0.0,0.0,0.0,0.0,0.0,0.0,101.0,131
0.0,0.0,2004,1.0,10.0,0.0,0.0,0.0,0.0,0.0,0.0,0.0,0.0,13.0,24
0.0,0.0,2004,4.0,30.0,4.0,0.0,1.0,0.0,0.0,0.0,0.0,0.0,86.0,125
0.0,0.0,2004,144.0,710.0,179.0,9.0,5.0,115.0,2.0,0.0,0.0,2.0,2487.0,3653
0.0,0.0,2004,6.0,17.0,1.0,0.0,0.0,0.0,0.0,0.0,0.0,0.0,0.0,24
0.0,0.0,2004,4.0,14.0,2.0,0.0,0.0,1.0,0.0,0.0,0.0,0.0,7.0,28
0.0,0.0,2004,3.0,13.0,11.0,0.0,0.0,3.0,0.0,0.0,0.0,1.0,4.0,35
0.0,0.0,2004,4.0,25.0,7.0,0.0,0.0,0.0,0.0,0.0,0.0,0.0,0.0,36
0.0,0.0,2004,3.0,4.0,11.0,0.0,0.0,23.0,0.0,0.0,0.0,1.0,0.0,42
0.0,0.0,2004,5.0,1.0,1.0,0.0,0.0,0.0,0.0,0.0,0.0,1.0,11.0,19
0.0,0.0,2004,9.0,12.0,9.0,0.0,0.0,0.0,0.0,0.0,0.0,1.0,35.0,66
0.0,0.0,2004,3.0,22.0,15.0,0.0,0.0,0.0,0.0,0.0,0.0,0.0,4.0,44
0.0,0.0,2004,8.0,16.0,12.0,0.0,0.0,0.0,0.0,0.0,0.0,0.0,17.0,53
0.0,0.0,2004,5.0,20.0,13.0,1.0,1.0,1.0,0.0,0.0,0.0,2.0,0.0,43
0.0,0.0,2004,0.0,1.0,0.0,0.0,0.0,0.0,0.0,0.0,0.0,0.0,0.0,1
0.0,0.0,2004,1.0,18.0,0.0,0.0,0.0,0.0,5.0,0.0,0.0,1.0,20.0,45
0.0,0.0,2004,2.0,0.0,1.0,0.0,0.0,0.0,0.0,0.0,0.0,0.0,3.0,6
0.0,0.0,2004,2.0,5.0,6.0,0.0,0.0,3.0,0.0,0.0,0.0,0.0,1.0,17
0.0,0.0,2004,3.0,11.0,7.0,0.0,0.0,10.0,0.0,1.0,0.0,2.0,0.0,34
0.0,0.0,2004,7.0,4.0,8.0,0.0,0.0,9.0,0.0,0.0,0.0,0.0,0.0,28
0.0,0.0,2004,7.0,7.0,5.0,0.0,0.0,3.0,0.0,0.0,0.0,1.0,0.0,23
0.0,0.0,2004,0.0,5.0,0.0,0.0,0.0,0.0,0.0,0.0,0.0,0.0,0.0,5
0.0,0.0,2004,8.0,127.0,32.0,0.0,0.0,2.0,4.0,0.0,3.0,0.0,96.0,272
0.0,0.0,2004,1.0,1.0,2.0,0.0,0.0,8.0,0.0,0.0,0.0,0.0,1.0,13
0.0,0.0,2004,5.0,26.0,31.0,0.0,2.0,12.0,0.0,1.0,0.0,0.0,35.0,112
0.0,0.0,2004,0.0,0.0,1.0,0.0,0.0,13.0,0.0,0.0,0.0,0.0,0.0,14
0.0,0.0,2004,3.0,14.0,5.0,0.0,0.0,7.0,0.0,0.0,0.0,0.0,21.0,50
0.0,0.0,2004,5.0,15.0,14.0,0.0,0.0,18.0,0.0,0.0,0.0,0.0,28.0,80
0.0,0.0,2004,4.0,11.0,4.0,1.0,1.0,0.0,0.0,0.0,0.0,0.0,1.0,22
0.0,0.0,2004,3.0,10.0,11.0,0.0,0.0,2.0,0.0,0.0,0.0,0.0,0.0,26
0.0,0.0,2004,9.0,21.0,19.0,0.0,0.0,18.0,0.0,0.0,0.0,0.0,25.0,92
0.0,0.0,2004,5.0,12.0,10.0,0.0,0.0,2.0,0.0,0.0,0.0,0.0,41.0,70
0.0,0.0,2004,5.0,13.0,9.0,0.0,0.0,5.0,0.0,0.0,0.0,0.0,1.0,33
0.0,0.0,2004,4.0,4.0,3.0,0.0,0.0,5.0,5.0,0.0,0.0,0.0,0.0,21
0.0,0.0,2004,13.0,40.0,33.0,0.0,0.0,23.0,0.0,9.0,0.0,0.0,259.0,377
0.0,0.0,2004,0.0,0.0,0.0,0.0,0.0,4.0,0.0,0.0,0.0,0.0,0.0,4
0.0,0.0,2004,4.0,18.0,13.0,1.0,0.0,15.0,0.0,0.0,0.0,0.0,23.0,74
0.0,0.0,2004,0.0,10.0,6.0,0.0,0.0,0.0,0.0,0.0,0.0,0.0,0.0,16
0.0,0.0,2004,1.0,8.0,5.0,0.0,0.0,2.0,0.0,0.0,0.0,0.0,0.0,16
0.0,0.0,2004,10.0,18.0,7.0,0.0,3.0,7.0,0.0,0.0,0.0,1.0,1.0,47
0.0,0.0,2004,7.0,13.0,12.0,0.0,1.0,11.0,0.0,0.0,0.0,1.0,12.0,57
0.0,0.0,2004,1.0,2.0,1.0,0.0,0.0,1.0,0.0,0.0,0.0,0.0,1.0,6
0.0,0.0,2004,3.0,8.0,5.0,10.0,0.0,6.0,0.0,0.0,0.0,1.0,0.0,33
0.0,0.0,2004,9.0,11.0,0.0,0.0,0.0,11.0,0.0,0.0,0.0,0.0,0.0,31
0.0,0.0,2004,2.0,38.0,6.0,0.0,0.0,10.0,0.0,0.0,0.0,0.0,0.0,56
0.0,0.0,2004,6.0,2.0,2.0,2.0,0.0,4.0,0.0,0.0,0.0,0.0,47.0,63
0.0,0.0,2004,3.0,6.0,22.0,0.0,0.0,0.0,0.0,0.0,0.0,0.0,63.0,94
0.0,0.0,2004,4.0,11.0,13.0,0.0,0.0,0.0,0.0,0.0,0.0,0.0,9.0,37
0.0,0.0,2004,0.0,0.0,5.0,0.0,0.0,10.0,0.0,0.0,0.0,1.0,0.0,16
0.0,0.0,2004,187.0,634.0,380.0,15.0,8.0,249.0,14.0,11.0,3.0,14.0,766.0,2281
0.0,0.0,2004,0.0,0.0,0.0,0.0,0.0,0.0,0.0,0.0,0.0,0.0,0.0,0
0.0,0.0,2004,0.0,0.0,0.0,0.0,0.0,0.0,0.0,0.0,0.0,0.0,0.0,0
0.0,0.0,2004,0.0,0.0,0.0,0.0,0.0,0.0,0.0,0.0,0.0,0.0,0.0,0
0.0,0.0,2004,0.0,4.0,10.0,0.0,0.0,0.0,0.0,0.0,0.0,0.0,0.0,14
0.0,0.0,2004,0.0,0.0,17.0,0.0,0.0,0.0,0.0,0.0,0.0,0.0,0.0,17
0.0,0.0,2004,0.0,0.0,0.0,0.0,0.0,0.0,0.0,0.0,0.0,0.0,0.0,0
0.0,0.0,2004,0.0,0.0,0.0,0.0,0.0,0.0,0.0,0.0,0.0,0.0,0.0,0
0.0,0.0,2004,0.0,0.0,0.0,0.0,0.0,0.0,0.0,0.0,0.0,0.0,0.0,0
0.0,0.0,2004,0.0,0.0,0.0,0.0,0.0,0.0,0.0,0.0,0.0,0.0,0.0,0
0.0,0.0,2004,0.0,4.0,27.0,0.0,0.0,0.0,0.0,0.0,0.0,0.0,0.0,31
0.0,0.0,2004,0.0,0.0,0.0,0.0,0.0,0.0,0.0,0.0,0.0,0.0,0.0,0
0.0,0.0,2004,0.0,0.0,0.0,0.0,0.0,0.0,0.0,0.0,0.0,0.0,0.0,0
0.0,0.0,2004,0.0,0.0,0.0,0.0,0.0,0.0,0.0,0.0,0.0,0.0,0.0,0
0.0,0.0,2004,0.0,0.0,0.0,0.0,0.0,0.0,0.0,0.0,0.0,0.0,0.0,0
0.0,0.0,2004,0.0,0.0,0.0,0.0,0.0,0.0,0.0,0.0,0.0,0.0,0.0,0
0.0,0.0,2004,0.0,0.0,0.0,0.0,0.0,0.0,0.0,0.0,0.0,0.0,0.0,0
0.0,0.0,2004,0.0,0.0,0.0,0.0,0.0,0.0,0.0,0.0,0.0,0.0,0.0,0
0.0,0.0,2004,0.0,0.0,0.0,0.0,0.0,0.0,0.0,0.0,0.0,0.0,0.0,0
0.0,0.0,2004,0.0,0.0,0.0,0.0,0.0,0.0,0.0,0.0,0.0,0.0,0.0,0
0.0,0.0,2004,0.0,0.0,0.0,0.0,0.0,0.0,0.0,0.0,0.0,0.0,0.0,0
0.0,0.0,2004,0.0,0.0,0.0,0.0,0.0,0.0,0.0,0.0,0.0,0.0,0.0,0
0.0,0.0,2004,0.0,0.0,0.0,0.0,0.0,0.0,0.0,0.0,0.0,0.0,0.0,0
0.0,0.0,2004,0.0,0.0,0.0,0.0,0.0,0.0,0.0,0.0,0.0,0.0,0.0,0
0.0,0.0,2004,0.0,0.0,0.0,0.0,0.0,0.0,0.0,0.0,0.0,0.0,0.0,0
0.0,0.0,2004,0.0,0.0,0.0,0.0,0.0,0.0,0.0,0.0,0.0,0.0,0.0,0
0.0,0.0,2004,0.0,0.0,0.0,0.0,0.0,0.0,0.0,0.0,0.0,0.0,0.0,0
0.0,0.0,2004,0.0,0.0,0.0,0.0,0.0,0.0,0.0,0.0,0.0,0.0,0.0,0
0.0,0.0,2004,0.0,0.0,0.0,0.0,0.0,0.0,0.0,0.0,0.0,0.0,0.0,0
0.0,0.0,2004,0.0,0.0,0.0,0.0,0.0,0.0,0.0,0.0,0.0,0.0,0.0,0
0.0,0.0,2004,0.0,0.0,0.0,0.0,0.0,0.0,0.0,0.0,0.0,0.0,0.0,0
0.0,0.0,2004,0.0,0.0,0.0,0.0,0.0,0.0,0.0,0.0,0.0,0.0,0.0,0
0.0,0.0,2004,0.0,0.0,0.0,0.0,0.0,0.0,0.0,0.0,0.0,0.0,0.0,0
0.0,0.0,2004,0.0,0.0,0.0,0.0,0.0,0.0,0.0,0.0,0.0,0.0,0.0,0
0.0,0.0,2004,0.0,0.0,0.0,0.0,0.0,0.0,0.0,0.0,0.0,0.0,0.0,0
0.0,0.0,2004,0.0,0.0,0.0,0.0,0.0,0.0,0.0,0.0,0.0,0.0,0.0,0
0.0,0.0,2004,0.0,0.0,0.0,0.0,0.0,0.0,0.0,0.0,0.0,0.0,0.0,0
0.0,0.0,2004,0.0,1.0,0.0,0.0,0.0,0.0,0.0,0.0,0.0,0.0,0.0,1
0.0,0.0,2004,0.0,1.0,0.0,0.0,0.0,0.0,0.0,0.0,0.0,0.0,0.0,1
0.0,0.0,2004,0.0,2.0,0.0,0.0,0.0,0.0,0.0,0.0,0.0,0.0,12.0,14
0.0,0.0,2004,0.0,0.0,0.0,0.0,0.0,0.0,0.0,0.0,0.0,0.0,12.0,12
0.0,0.0,2004,0.0,2.0,0.0,0.0,0.0,0.0,0.0,0.0,0.0,0.0,0.0,2
0.0,0.0,2004,0.0,0.0,0.0,0.0,0.0,0.0,0.0,0.0,0.0,0.0,0.0,0
0.0,0.0,2004,0.0,0.0,0.0,0.0,0.0,0.0,0.0,0.0,0.0,0.0,0.0,0
0.0,0.0,2004,0.0,0.0,0.0,0.0,0.0,0.0,0.0,0.0,0.0,0.0,0.0,0
0.0,0.0,2004,0.0,0.0,0.0,0.0,0.0,0.0,0.0,0.0,0.0,0.0,0.0,0
0.0,0.0,2004,0.0,0.0,0.0,0.0,0.0,0.0,0.0,0.0,0.0,0.0,0.0,0
0.0,0.0,2004,0.0,2.0,0.0,0.0,0.0,0.0,0.0,0.0,0.0,0.0,0.0,2
0.0,0.0,2004,0.0,1.0,0.0,0.0,0.0,0.0,0.0,0.0,0.0,0.0,0.0,1
0.0,0.0,2004,0.0,0.0,0.0,0.0,0.0,0.0,0.0,0.0,0.0,0.0,2.0,2
0.0,0.0,2004,6.0,2.0,1.0,0.0,0.0,0.0,0.0,0.0,0.0,0.0,14.0,23
0.0,0.0,2004,0.0,0.0,0.0,0.0,0.0,0.0,0.0,0.0,0.0,0.0,0.0,0
0.0,0.0,2004,0.0,0.0,0.0,0.0,0.0,0.0,0.0,0.0,0.0,0.0,0.0,0
0.0,0.0,2004,0.0,0.0,0.0,0.0,0.0,0.0,0.0,0.0,0.0,0.0,0.0,0
0.0,0.0,2004,0.0,0.0,0.0,0.0,0.0,0.0,0.0,0.0,0.0,0.0,0.0,0
0.0,0.0,2004,0.0,1.0,0.0,0.0,0.0,0.0,0.0,0.0,0.0,0.0,5.0,6
0.0,0.0,2004,0.0,0.0,0.0,0.0,0.0,0.0,0.0,0.0,0.0,0.0,0.0,0
0.0,0.0,2004,0.0,0.0,0.0,0.0,0.0,0.0,0.0,0.0,0.0,0.0,0.0,0
0.0,0.0,2004,0.0,0.0,0.0,0.0,0.0,0.0,0.0,0.0,0.0,0.0,0.0,0
0.0,0.0,2004,0.0,0.0,0.0,0.0,0.0,0.0,0.0,0.0,0.0,0.0,0.0,0
0.0,0.0,2004,0.0,0.0,0.0,0.0,0.0,0.0,1.0,0.0,0.0,1.0,0.0,2
0.0,0.0,2004,0.0,3.0,5.0,0.0,0.0,0.0,2.0,0.0,0.0,0.0,4.0,14
0.0,0.0,2004,1.0,0.0,1.0,0.0,0.0,0.0,0.0,0.0,0.0,0.0,0.0,2
0.0,0.0,2004,0.0,0.0,0.0,0.0,0.0,0.0,0.0,0.0,0.0,0.0,0.0,0
0.0,0.0,2004,0.0,0.0,0.0,0.0,0.0,0.0,0.0,0.0,0.0,0.0,14.0,14
0.0,0.0,2004,0.0,0.0,0.0,0.0,0.0,0.0,0.0,0.0,0.0,0.0,0.0,0
0.0,0.0,2004,1.0,12.0,3.0,0.0,0.0,0.0,0.0,0.0,0.0,0.0,11.0,27
0.0,0.0,2004,0.0,3.0,0.0,0.0,0.0,0.0,0.0,0.0,0.0,0.0,0.0,3
0.0,0.0,2004,0.0,0.0,0.0,0.0,0.0,0.0,0.0,0.0,0.0,0.0,0.0,0
0.0,0.0,2004,0.0,0.0,0.0,0.0,0.0,0.0,0.0,0.0,0.0,0.0,0.0,0
0.0,0.0,2004,0.0,0.0,1.0,0.0,0.0,0.0,0.0,0.0,0.0,0.0,0.0,1
0.0,0.0,2004,0.0,0.0,0.0,0.0,0.0,0.0,0.0,0.0,0.0,0.0,0.0,0
0.0,0.0,2004,1.0,3.0,0.0,0.0,0.0,0.0,0.0,0.0,0.0,0.0,0.0,4
0.0,0.0,2004,9.0,31.0,11.0,0.0,0.0,0.0,3.0,0.0,0.0,1.0,74.0,129
0.0,0.0,2004,3.0,7.0,8.0,3.0,1.0,0.0,0.0,0.0,0.0,0.0,2.0,24
0.0,0.0,2004,0.0,0.0,0.0,0.0,0.0,0.0,0.0,0.0,0.0,0.0,0.0,0
0.0,0.0,2004,1.0,4.0,3.0,0.0,0.0,0.0,0.0,0.0,0.0,0.0,0.0,8
0.0,0.0,2004,2.0,3.0,2.0,0.0,0.0,0.0,0.0,0.0,1.0,0.0,3.0,11
0.0,0.0,2004,0.0,0.0,0.0,0.0,0.0,0.0,0.0,0.0,0.0,0.0,0.0,0
0.0,0.0,2004,0.0,0.0,0.0,0.0,0.0,0.0,0.0,0.0,0.0,0.0,0.0,0
0.0,0.0,2004,0.0,0.0,0.0,0.0,0.0,0.0,0.0,0.0,0.0,0.0,0.0,0
0.0,0.0,2004,0.0,0.0,0.0,0.0,0.0,0.0,0.0,0.0,0.0,0.0,0.0,0
0.0,0.0,2004,0.0,9.0,5.0,0.0,0.0,2.0,0.0,0.0,0.0,0.0,0.0,16
0.0,0.0,2004,0.0,0.0,0.0,0.0,0.0,0.0,0.0,0.0,0.0,0.0,0.0,0
0.0,0.0,2004,0.0,0.0,0.0,0.0,0.0,0.0,0.0,0.0,0.0,0.0,0.0,0
0.0,0.0,2004,7.0,3.0,4.0,0.0,0.0,0.0,0.0,0.0,0.0,1.0,2.0,17
0.0,0.0,2004,13.0,0.0,2.0,0.0,0.0,0.0,0.0,0.0,0.0,0.0,0.0,15
0.0,0.0,2004,0.0,0.0,0.0,0.0,0.0,0.0,0.0,0.0,0.0,0.0,0.0,0
0.0,0.0,2004,3.0,12.0,18.0,0.0,0.0,10.0,0.0,0.0,0.0,1.0,4.0,48
0.0,0.0,2004,2.0,6.0,6.0,0.0,0.0,0.0,0.0,0.0,0.0,0.0,0.0,14
0.0,0.0,2004,1.0,1.0,0.0,0.0,0.0,0.0,0.0,0.0,0.0,0.0,0.0,2
0.0,0.0,2004,0.0,0.0,0.0,0.0,0.0,0.0,0.0,0.0,0.0,0.0,0.0,0
0.0,0.0,2004,0.0,0.0,3.0,0.0,0.0,0.0,0.0,0.0,0.0,0.0,1.0,4
0.0,0.0,2004,1.0,3.0,0.0,2.0,0.0,0.0,0.0,0.0,0.0,0.0,1.0,7
0.0,0.0,2004,3.0,2.0,1.0,0.0,0.0,0.0,0.0,0.0,0.0,0.0,0.0,6
0.0,0.0,2004,0.0,0.0,0.0,0.0,0.0,0.0,0.0,0.0,0.0,0.0,0.0,0
0.0,0.0,2004,2.0,0.0,1.0,0.0,0.0,0.0,0.0,0.0,0.0,0.0,7.0,10
0.0,0.0,2004,4.0,4.0,0.0,3.0,0.0,0.0,0.0,0.0,0.0,0.0,0.0,11
0.0,0.0,2004,42.0,54.0,53.0,8.0,1.0,12.0,0.0,0.0,1.0,2.0,20.0,193
0.0,0.0,2004,0.0,6.0,31.0,0.0,0.0,1.0,0.0,0.0,0.0,0.0,0.0,38
0.0,0.0,2004,0.0,7.0,0.0,0.0,0.0,6.0,0.0,0.0,0.0,0.0,0.0,13
0.0,0.0,2004,1.0,3.0,11.0,0.0,0.0,5.0,0.0,0.0,0.0,0.0,0.0,20
0.0,0.0,2004,2.0,6.0,1.0,0.0,0.0,0.0,0.0,0.0,0.0,0.0,0.0,9
0.0,0.0,2004,0.0,3.0,11.0,0.0,0.0,1.0,0.0,0.0,0.0,0.0,0.0,15
0.0,0.0,2004,6.0,7.0,17.0,1.0,0.0,1.0,0.0,0.0,0.0,0.0,0.0,32
0.0,0.0,2004,0.0,0.0,0.0,0.0,0.0,6.0,0.0,0.0,0.0,0.0,1.0,7
0.0,0.0,2004,0.0,28.0,0.0,0.0,0.0,0.0,0.0,0.0,0.0,0.0,0.0,28
0.0,0.0,2004,0.0,0.0,0.0,1.0,0.0,4.0,0.0,0.0,0.0,1.0,0.0,6
0.0,0.0,2004,1.0,0.0,0.0,0.0,0.0,3.0,0.0,0.0,0.0,0.0,0.0,4
0.0,0.0,2004,0.0,0.0,0.0,0.0,0.0,0.0,0.0,0.0,0.0,0.0,0.0,0
0.0,0.0,2004,0.0,2.0,2.0,0.0,0.0,2.0,0.0,0.0,0.0,0.0,0.0,6
0.0,0.0,2004,3.0,4.0,4.0,0.0,0.0,0.0,0.0,0.0,0.0,0.0,0.0,11
0.0,0.0,2004,2.0,5.0,1.0,0.0,0.0,1.0,0.0,0.0,0.0,0.0,0.0,9
0.0,0.0,2004,0.0,0.0,1.0,0.0,0.0,4.0,0.0,0.0,0.0,0.0,0.0,5
0.0,0.0,2004,0.0,2.0,1.0,0.0,0.0,7.0,0.0,0.0,0.0,0.0,1.0,11
0.0,0.0,2004,1.0,3.0,0.0,9.0,0.0,1.0,0.0,0.0,1.0,0.0,0.0,15
0.0,0.0,2004,3.0,25.0,22.0,0.0,0.0,14.0,1.0,1.0,0.0,0.0,3.0,69
0.0,0.0,2004,0.0,0.0,0.0,0.0,0.0,1.0,0.0,0.0,0.0,0.0,0.0,1
0.0,0.0,2004,0.0,0.0,0.0,0.0,0.0,1.0,0.0,0.0,0.0,0.0,0.0,1
0.0,0.0,2004,0.0,0.0,0.0,0.0,0.0,3.0,0.0,0.0,0.0,0.0,0.0,3
0.0,0.0,2004,2.0,14.0,0.0,1.0,0.0,3.0,0.0,0.0,0.0,0.0,0.0,20
0.0,0.0,2004,0.0,0.0,20.0,0.0,0.0,0.0,0.0,0.0,0.0,1.0,0.0,21
0.0,0.0,2004,0.0,9.0,0.0,0.0,0.0,0.0,0.0,0.0,0.0,0.0,0.0,9
0.0,0.0,2004,0.0,2.0,3.0,1.0,0.0,7.0,0.0,0.0,0.0,0.0,0.0,13
0.0,0.0,2004,0.0,8.0,0.0,0.0,0.0,0.0,0.0,0.0,0.0,0.0,0.0,8
0.0,0.0,2004,0.0,0.0,0.0,0.0,0.0,1.0,0.0,0.0,0.0,0.0,0.0,1
0.0,0.0,2004,0.0,0.0,0.0,2.0,0.0,1.0,0.0,0.0,0.0,0.0,0.0,3
0.0,0.0,2004,0.0,2.0,0.0,0.0,0.0,3.0,0.0,0.0,0.0,0.0,0.0,5
0.0,0.0,2004,0.0,0.0,0.0,0.0,0.0,0.0,0.0,0.0,0.0,0.0,0.0,0
0.0,0.0,2004,0.0,0.0,0.0,0.0,0.0,0.0,0.0,0.0,0.0,0.0,0.0,0
0.0,0.0,2004,0.0,0.0,0.0,2.0,0.0,4.0,0.0,0.0,0.0,0.0,0.0,6
0.0,0.0,2004,0.0,1.0,3.0,0.0,0.0,10.0,0.0,0.0,0.0,0.0,0.0,14
0.0,0.0,2004,21.0,137.0,128.0,17.0,0.0,90.0,1.0,1.0,1.0,2.0,5.0,403
0.0,0.0,2004,2.0,1.0,0.0,1.0,0.0,0.0,0.0,0.0,0.0,0.0,1.0,5
0.0,0.0,2004,0.0,0.0,0.0,0.0,0.0,0.0,0.0,0.0,0.0,0.0,0.0,0
0.0,0.0,2004,0.0,0.0,2.0,0.0,0.0,0.0,0.0,0.0,0.0,0.0,1.0,3
0.0,0.0,2004,0.0,0.0,0.0,0.0,0.0,0.0,0.0,0.0,0.0,0.0,0.0,0
0.0,0.0,2004,2.0,1.0,2.0,1.0,0.0,0.0,0.0,0.0,0.0,0.0,2.0,8
0.0,0.0,2004,2.0,20.0,0.0,0.0,3.0,0.0,0.0,0.0,0.0,0.0,7.0,32
0.0,0.0,2004,2.0,3.0,7.0,0.0,0.0,0.0,0.0,0.0,0.0,0.0,0.0,12
0.0,0.0,2004,0.0,0.0,0.0,0.0,0.0,2.0,0.0,0.0,0.0,0.0,0.0,2
0.0,0.0,2004,1.0,0.0,0.0,0.0,0.0,0.0,0.0,0.0,0.0,0.0,0.0,1
0.0,0.0,2004,0.0,4.0,3.0,0.0,0.0,0.0,0.0,0.0,0.0,0.0,2.0,9
0.0,0.0,2004,0.0,0.0,0.0,0.0,0.0,0.0,0.0,0.0,0.0,0.0,0.0,0
0.0,0.0,2004,0.0,0.0,0.0,0.0,0.0,0.0,0.0,0.0,0.0,0.0,0.0,0
0.0,0.0,2004,0.0,1.0,0.0,0.0,0.0,0.0,0.0,0.0,0.0,0.0,0.0,1
0.0,0.0,2004,4.0,2.0,1.0,0.0,0.0,0.0,1.0,0.0,0.0,0.0,0.0,8
0.0,0.0,2004,0.0,0.0,0.0,0.0,0.0,0.0,0.0,0.0,0.0,0.0,0.0,0
0.0,0.0,2004,1.0,2.0,0.0,0.0,0.0,0.0,0.0,0.0,0.0,0.0,0.0,3
0.0,0.0,2004,4.0,2.0,0.0,0.0,0.0,0.0,0.0,0.0,0.0,0.0,0.0,6
0.0,0.0,2004,2.0,4.0,0.0,0.0,0.0,0.0,0.0,0.0,0.0,0.0,0.0,6
0.0,0.0,2004,3.0,3.0,0.0,0.0,0.0,0.0,0.0,0.0,0.0,0.0,1.0,7
0.0,0.0,2004,0.0,0.0,0.0,0.0,0.0,0.0,0.0,0.0,0.0,0.0,0.0,0
0.0,0.0,2004,1.0,1.0,0.0,0.0,0.0,0.0,0.0,0.0,0.0,0.0,16.0,18
0.0,0.0,2004,5.0,5.0,0.0,0.0,0.0,0.0,0.0,0.0,0.0,0.0,0.0,10
0.0,0.0,2004,1.0,13.0,3.0,0.0,0.0,0.0,0.0,0.0,0.0,0.0,0.0,17
0.0,0.0,2004,3.0,0.0,0.0,0.0,0.0,0.0,0.0,0.0,0.0,0.0,0.0,3
0.0,0.0,2004,0.0,0.0,0.0,0.0,0.0,0.0,0.0,0.0,0.0,0.0,0.0,0
0.0,0.0,2004,3.0,2.0,0.0,0.0,0.0,0.0,0.0,0.0,0.0,0.0,1.0,6
0.0,0.0,2004,9.0,33.0,46.0,0.0,0.0,0.0,0.0,0.0,0.0,0.0,1.0,89
0.0,0.0,2004,13.0,6.0,0.0,0.0,0.0,0.0,0.0,0.0,0.0,0.0,0.0,19
0.0,0.0,2004,2.0,9.0,3.0,0.0,0.0,0.0,5.0,0.0,0.0,0.0,0.0,19
0.0,0.0,2004,0.0,0.0,0.0,0.0,0.0,0.0,0.0,0.0,0.0,0.0,0.0,0
0.0,0.0,2004,1.0,0.0,0.0,0.0,0.0,0.0,0.0,0.0,0.0,1.0,1.0,3
0.0,0.0,2004,0.0,3.0,1.0,0.0,0.0,0.0,0.0,0.0,0.0,0.0,0.0,4
0.0,0.0,2004,0.0,0.0,0.0,0.0,0.0,0.0,0.0,0.0,0.0,0.0,0.0,0
0.0,0.0,2004,2.0,7.0,11.0,0.0,0.0,0.0,0.0,0.0,0.0,0.0,0.0,20
0.0,0.0,2004,0.0,0.0,0.0,0.0,0.0,0.0,0.0,0.0,0.0,0.0,0.0,0
0.0,0.0,2004,2.0,3.0,0.0,0.0,0.0,0.0,0.0,0.0,0.0,0.0,0.0,5
0.0,0.0,2004,1.0,21.0,11.0,0.0,0.0,0.0,0.0,0.0,0.0,0.0,0.0,33
0.0,0.0,2004,0.0,0.0,0.0,0.0,0.0,0.0,0.0,0.0,0.0,0.0,0.0,0
0.0,0.0,2004,1.0,0.0,0.0,0.0,0.0,0.0,0.0,0.0,0.0,0.0,0.0,1
0.0,0.0,2004,1.0,0.0,0.0,0.0,0.0,0.0,0.0,0.0,0.0,0.0,0.0,1
0.0,0.0,2004,0.0,8.0,0.0,0.0,0.0,17.0,0.0,0.0,0.0,4.0,0.0,29
0.0,0.0,2004,4.0,11.0,5.0,0.0,0.0,0.0,0.0,0.0,0.0,0.0,0.0,20
0.0,0.0,2004,3.0,3.0,2.0,0.0,0.0,1.0,0.0,0.0,0.0,0.0,0.0,9
0.0,0.0,2004,71.0,166.0,93.0,0.0,3.0,20.0,6.0,0.0,0.0,5.0,29.0,393
0.0,0.0,2004,0.0,1.0,2.0,0.0,0.0,0.0,0.0,0.0,0.0,0.0,0.0,3
0.0,0.0,2004,3.0,14.0,11.0,0.0,0.0,0.0,0.0,0.0,0.0,0.0,12.0,40
0.0,0.0,2004,2.0,3.0,1.0,0.0,0.0,0.0,0.0,0.0,0.0,0.0,0.0,6
0.0,0.0,2004,0.0,10.0,0.0,0.0,0.0,0.0,0.0,0.0,0.0,0.0,0.0,10
0.0,0.0,2004,5.0,28.0,14.0,0.0,0.0,0.0,0.0,0.0,0.0,0.0,12.0,59
0.0,0.0,2004,7.0,4.0,17.0,0.0,0.0,0.0,0.0,0.0,0.0,0.0,3.0,31
0.0,0.0,2004,22.0,28.0,61.0,0.0,0.0,0.0,0.0,0.0,0.0,0.0,9.0,120
0.0,0.0,2004,6.0,2.0,2.0,0.0,3.0,0.0,0.0,0.0,0.0,0.0,0.0,13
0.0,0.0,2004,4.0,3.0,3.0,0.0,0.0,0.0,0.0,0.0,0.0,0.0,3.0,13
0.0,0.0,2004,2.0,1.0,8.0,0.0,0.0,0.0,0.0,0.0,0.0,0.0,0.0,11
0.0,0.0,2004,6.0,2.0,6.0,0.0,0.0,0.0,0.0,0.0,0.0,0.0,0.0,14
0.0,0.0,2004,13.0,6.0,9.0,0.0,0.0,0.0,0.0,0.0,0.0,0.0,0.0,28
0.0,0.0,2004,13.0,6.0,17.0,0.0,0.0,0.0,0.0,0.0,0.0,0.0,7.0,43
0.0,0.0,2004,5.0,5.0,11.0,0.0,0.0,0.0,0.0,0.0,0.0,0.0,1.0,22
0.0,0.0,2004,1.0,2.0,4.0,0.0,0.0,0.0,0.0,0.0,0.0,0.0,0.0,7
0.0,0.0,2004,0.0,0.0,1.0,0.0,0.0,0.0,0.0,0.0,0.0,0.0,2.0,3
0.0,0.0,2004,1.0,10.0,2.0,0.0,0.0,0.0,0.0,0.0,0.0,0.0,13.0,26
0.0,0.0,2004,2.0,3.0,21.0,0.0,0.0,0.0,0.0,0.0,0.0,0.0,1.0,27
0.0,0.0,2004,24.0,7.0,17.0,0.0,0.0,0.0,0.0,0.0,0.0,0.0,8.0,56
0.0,0.0,2004,4.0,3.0,5.0,0.0,0.0,0.0,0.0,0.0,0.0,0.0,0.0,12
0.0,0.0,2004,17.0,12.0,21.0,0.0,0.0,0.0,0.0,0.0,0.0,0.0,3.0,53
0.0,0.0,2004,28.0,9.0,4.0,0.0,0.0,0.0,0.0,0.0,0.0,0.0,6.0,47
0.0,0.0,2004,2.0,2.0,2.0,0.0,0.0,0.0,0.0,0.0,0.0,0.0,1.0,7
0.0,0.0,2004,0.0,0.0,0.0,0.0,0.0,0.0,0.0,0.0,0.0,0.0,0.0,0
0.0,0.0,2004,2.0,0.0,13.0,0.0,0.0,0.0,0.0,0.0,0.0,0.0,3.0,18
0.0,0.0,2004,11.0,5.0,14.0,0.0,0.0,0.0,0.0,0.0,0.0,0.0,7.0,37
0.0,0.0,2004,8.0,0.0,13.0,0.0,0.0,0.0,0.0,0.0,0.0,0.0,0.0,21
0.0,0.0,2004,5.0,3.0,8.0,0.0,0.0,0.0,0.0,0.0,0.0,0.0,2.0,18
0.0,0.0,2004,9.0,1.0,6.0,0.0,0.0,0.0,0.0,0.0,0.0,0.0,3.0,19
0.0,0.0,2004,5.0,0.0,0.0,0.0,0.0,0.0,0.0,0.0,0.0,0.0,0.0,5
0.0,0.0,2004,8.0,1.0,6.0,0.0,0.0,0.0,0.0,0.0,0.0,0.0,4.0,19
0.0,0.0,2004,0.0,0.0,0.0,0.0,0.0,0.0,0.0,0.0,0.0,0.0,0.0,0
0.0,0.0,2004,10.0,3.0,4.0,0.0,0.0,0.0,0.0,0.0,0.0,0.0,2.0,19
0.0,0.0,2004,33.0,15.0,70.0,0.0,1.0,0.0,23.0,0.0,0.0,0.0,11.0,153
0.0,0.0,2004,1.0,2.0,8.0,0.0,0.0,0.0,0.0,0.0,0.0,0.0,0.0,11
0.0,0.0,2004,4.0,5.0,4.0,0.0,0.0,0.0,0.0,0.0,0.0,0.0,0.0,13
0.0,0.0,2004,20.0,0.0,8.0,0.0,0.0,0.0,0.0,0.0,0.0,0.0,0.0,28
0.0,0.0,2004,5.0,3.0,9.0,0.0,0.0,0.0,0.0,0.0,0.0,0.0,0.0,17
0.0,0.0,2004,11.0,7.0,14.0,0.0,0.0,0.0,0.0,0.0,0.0,0.0,2.0,34
0.0,0.0,2004,14.0,3.0,8.0,0.0,0.0,0.0,0.0,0.0,0.0,0.0,7.0,32
0.0,0.0,2004,10.0,20.0,11.0,0.0,0.0,0.0,0.0,0.0,0.0,0.0,0.0,41
0.0,0.0,2004,8.0,6.0,38.0,0.0,0.0,0.0,0.0,0.0,0.0,0.0,2.0,54
0.0,0.0,2004,3.0,2.0,0.0,0.0,0.0,0.0,0.0,0.0,0.0,0.0,0.0,5
0.0,0.0,2004,8.0,5.0,9.0,0.0,0.0,0.0,0.0,0.0,0.0,0.0,0.0,22
0.0,0.0,2004,6.0,2.0,6.0,0.0,0.0,0.0,0.0,0.0,0.0,0.0,6.0,20
0.0,0.0,2004,6.0,8.0,23.0,0.0,0.0,0.0,0.0,0.0,0.0,0.0,9.0,46
0.0,0.0,2004,4.0,7.0,4.0,0.0,0.0,0.0,0.0,0.0,0.0,0.0,0.0,15
0.0,0.0,2004,3.0,3.0,0.0,0.0,0.0,0.0,0.0,0.0,0.0,0.0,5.0,11
0.0,0.0,2004,0.0,12.0,15.0,0.0,0.0,0.0,0.0,0.0,0.0,0.0,5.0,32
0.0,0.0,2004,5.0,12.0,7.0,0.0,0.0,0.0,0.0,0.0,0.0,0.0,4.0,28
0.0,0.0,2004,1.0,2.0,2.0,0.0,0.0,0.0,0.0,0.0,0.0,1.0,2.0,8
0.0,0.0,2004,9.0,5.0,16.0,0.0,0.0,0.0,0.0,0.0,0.0,0.0,14.0,44
0.0,0.0,2004,2.0,4.0,4.0,2.0,0.0,0.0,0.0,0.0,0.0,0.0,1.0,13
0.0,0.0,2004,1.0,1.0,1.0,0.0,0.0,0.0,0.0,0.0,0.0,0.0,0.0,3
0.0,0.0,2004,2.0,2.0,4.0,0.0,0.0,0.0,0.0,0.0,0.0,0.0,0.0,8
0.0,0.0,2004,3.0,13.0,13.0,0.0,0.0,0.0,0.0,0.0,0.0,0.0,8.0,37
0.0,0.0,2004,7.0,1.0,2.0,0.0,0.0,0.0,0.0,0.0,0.0,0.0,3.0,13
0.0,0.0,2004,32.0,3.0,17.0,0.0,0.0,0.0,0.0,0.0,0.0,0.0,18.0,70
0.0,0.0,2004,3.0,8.0,8.0,0.0,0.0,0.0,0.0,0.0,0.0,0.0,0.0,19
0.0,0.0,2004,13.0,23.0,15.0,0.0,0.0,0.0,0.0,0.0,0.0,0.0,7.0,58
0.0,0.0,2004,28.0,0.0,1.0,0.0,0.0,0.0,0.0,0.0,0.0,0.0,9.0,38
0.0,0.0,2004,14.0,0.0,1.0,0.0,0.0,0.0,0.0,0.0,0.0,0.0,0.0,15
0.0,0.0,2004,4.0,12.0,5.0,0.0,0.0,0.0,0.0,0.0,0.0,0.0,0.0,21
0.0,0.0,2004,0.0,4.0,8.0,0.0,0.0,0.0,0.0,0.0,0.0,0.0,4.0,16
0.0,0.0,2004,7.0,13.0,9.0,0.0,0.0,0.0,0.0,0.0,0.0,0.0,2.0,31
0.0,0.0,2004,0.0,5.0,13.0,0.0,0.0,0.0,0.0,0.0,0.0,0.0,0.0,18
0.0,0.0,2004,2.0,3.0,2.0,0.0,0.0,0.0,0.0,0.0,0.0,0.0,0.0,7
0.0,0.0,2004,12.0,21.0,32.0,0.0,0.0,0.0,0.0,0.0,0.0,0.0,0.0,65
0.0,0.0,2004,0.0,1.0,0.0,0.0,0.0,0.0,0.0,0.0,0.0,0.0,0.0,1
0.0,0.0,2004,4.0,2.0,5.0,0.0,0.0,0.0,0.0,0.0,0.0,0.0,7.0,18
0.0,0.0,2004,5.0,10.0,23.0,0.0,0.0,0.0,0.0,0.0,0.0,0.0,0.0,38
0.0,0.0,2004,2.0,4.0,8.0,0.0,0.0,0.0,0.0,0.0,0.0,0.0,0.0,14
0.0,0.0,2004,0.0,0.0,1.0,0.0,0.0,0.0,0.0,0.0,0.0,0.0,0.0,1
0.0,0.0,2004,5.0,9.0,8.0,0.0,0.0,0.0,0.0,0.0,0.0,0.0,14.0,36
0.0,0.0,2004,14.0,15.0,25.0,0.0,0.0,0.0,0.0,0.0,0.0,0.0,16.0,70
0.0,0.0,2004,2.0,3.0,3.0,0.0,0.0,0.0,0.0,0.0,0.0,0.0,0.0,8
0.0,0.0,2004,528.0,394.0,735.0,2.0,4.0,0.0,23.0,0.0,0.0,1.0,234.0,1921
0.0,0.0,2004,1.0,0.0,0.0,0.0,0.0,1.0,0.0,0.0,0.0,0.0,0.0,2
0.0,0.0,2004,0.0,0.0,0.0,0.0,0.0,0.0,0.0,0.0,0.0,0.0,0.0,0
0.0,0.0,2004,0.0,0.0,0.0,0.0,0.0,0.0,0.0,0.0,0.0,0.0,0.0,0
0.0,0.0,2004,0.0,0.0,0.0,0.0,0.0,0.0,0.0,0.0,0.0,0.0,0.0,0
0.0,0.0,2004,0.0,0.0,0.0,0.0,0.0,0.0,0.0,0.0,0.0,0.0,0.0,0
0.0,0.0,2004,2.0,12.0,2.0,0.0,0.0,0.0,8.0,0.0,0.0,0.0,0.0,24
0.0,0.0,2004,1.0,4.0,0.0,0.0,0.0,0.0,24.0,0.0,0.0,0.0,0.0,29
0.0,0.0,2004,0.0,0.0,0.0,0.0,0.0,0.0,0.0,0.0,0.0,0.0,0.0,0
0.0,0.0,2004,0.0,0.0,0.0,0.0,0.0,0.0,0.0,0.0,0.0,0.0,0.0,0
0.0,0.0,2004,0.0,0.0,0.0,0.0,0.0,0.0,0.0,0.0,0.0,0.0,0.0,0
0.0,0.0,2004,0.0,0.0,0.0,0.0,0.0,0.0,0.0,0.0,0.0,0.0,0.0,0
0.0,0.0,2004,0.0,0.0,0.0,0.0,0.0,0.0,0.0,0.0,0.0,0.0,0.0,0
0.0,0.0,2004,0.0,1.0,0.0,0.0,0.0,0.0,0.0,0.0,0.0,0.0,0.0,1
0.0,0.0,2004,4.0,17.0,2.0,1.0,0.0,1.0,32.0,0.0,0.0,0.0,0.0,57
0.0,0.0,2004,0.0,0.0,0.0,0.0,0.0,0.0,0.0,0.0,3.0,8.0,0.0,11
0.0,0.0,2004,0.0,0.0,0.0,0.0,0.0,0.0,0.0,0.0,0.0,0.0,0.0,0
0.0,0.0,2004,0.0,0.0,0.0,0.0,0.0,0.0,0.0,0.0,0.0,0.0,0.0,0
0.0,0.0,2004,0.0,0.0,0.0,0.0,0.0,0.0,0.0,0.0,0.0,0.0,0.0,0
0.0,0.0,2004,0.0,0.0,0.0,0.0,0.0,0.0,0.0,0.0,0.0,0.0,0.0,0
0.0,0.0,2004,0.0,0.0,0.0,0.0,0.0,0.0,0.0,0.0,0.0,0.0,0.0,0
0.0,0.0,2004,0.0,0.0,0.0,0.0,0.0,0.0,0.0,0.0,0.0,0.0,0.0,0
0.0,0.0,2004,0.0,0.0,0.0,0.0,0.0,0.0,0.0,0.0,0.0,0.0,0.0,0
0.0,0.0,2004,0.0,0.0,0.0,0.0,0.0,0.0,0.0,0.0,0.0,0.0,0.0,0
0.0,0.0,2004,0.0,0.0,0.0,0.0,0.0,0.0,0.0,0.0,0.0,0.0,0.0,0
0.0,0.0,2004,0.0,0.0,1.0,0.0,0.0,0.0,1.0,0.0,0.0,0.0,0.0,2
0.0,0.0,2004,0.0,0.0,0.0,0.0,0.0,0.0,0.0,0.0,0.0,0.0,0.0,0
0.0,0.0,2004,0.0,0.0,0.0,0.0,0.0,0.0,0.0,0.0,0.0,0.0,0.0,0
0.0,0.0,2004,0.0,0.0,0.0,0.0,0.0,0.0,0.0,0.0,0.0,0.0,0.0,0
0.0,0.0,2004,0.0,0.0,0.0,0.0,0.0,0.0,0.0,0.0,0.0,0.0,0.0,0
0.0,0.0,2004,2.0,19.0,48.0,0.0,0.0,0.0,10.0,9.0,3.0,0.0,43.0,134
0.0,0.0,2004,0.0,0.0,37.0,0.0,0.0,0.0,0.0,0.0,4.0,0.0,0.0,41
0.0,0.0,2004,0.0,0.0,0.0,0.0,0.0,0.0,0.0,0.0,0.0,0.0,0.0,0
0.0,0.0,2004,0.0,0.0,0.0,0.0,0.0,0.0,0.0,0.0,0.0,0.0,0.0,0
0.0,0.0,2004,0.0,0.0,0.0,0.0,0.0,0.0,0.0,0.0,0.0,0.0,0.0,0
0.0,0.0,2004,0.0,0.0,13.0,0.0,1.0,0.0,0.0,0.0,0.0,0.0,0.0,14
0.0,0.0,2004,0.0,0.0,0.0,0.0,0.0,0.0,0.0,0.0,0.0,0.0,0.0,0
0.0,0.0,2004,0.0,0.0,0.0,0.0,0.0,0.0,0.0,0.0,0.0,0.0,0.0,0
0.0,0.0,2004,0.0,0.0,0.0,0.0,0.0,0.0,0.0,0.0,0.0,0.0,0.0,0
0.0,0.0,2004,0.0,0.0,0.0,0.0,0.0,0.0,2.0,0.0,2.0,0.0,0.0,4
0.0,0.0,2004,2.0,19.0,99.0,0.0,1.0,0.0,13.0,9.0,12.0,8.0,43.0,206
0.0,0.0,2004,0.0,8.0,3.0,0.0,0.0,0.0,0.0,0.0,0.0,0.0,2.0,13
0.0,0.0,2004,1.0,0.0,0.0,0.0,0.0,0.0,0.0,0.0,0.0,0.0,0.0,1
0.0,0.0,2004,1.0,8.0,3.0,0.0,0.0,0.0,0.0,0.0,0.0,0.0,2.0,14
0.0,0.0,2004,3.0,13.0,36.0,0.0,0.0,11.0,0.0,0.0,0.0,0.0,3.0,66
0.0,0.0,2004,3.0,13.0,36.0,0.0,0.0,11.0,0.0,0.0,0.0,0.0,3.0,66
0.0,0.0,2004,3.0,0.0,7.0,1.0,0.0,0.0,0.0,0.0,0.0,0.0,0.0,11
0.0,0.0,2004,3.0,0.0,7.0,1.0,0.0,0.0,0.0,0.0,0.0,0.0,0.0,11
0.0,0.0,2004,0.0,1.0,0.0,0.0,0.0,1.0,0.0,0.0,0.0,0.0,0.0,2
0.0,0.0,2004,0.0,0.0,0.0,0.0,0.0,0.0,0.0,0.0,0.0,0.0,0.0,0
0.0,0.0,2004,0.0,1.0,0.0,0.0,0.0,1.0,0.0,0.0,0.0,0.0,0.0,2
0.0,0.0,2004,0.0,4.0,16.0,0.0,0.0,1.0,0.0,0.0,0.0,0.0,5.0,26
0.0,0.0,2004,41.0,186.0,371.0,4.0,0.0,33.0,0.0,0.0,0.0,0.0,131.0,766
0.0,0.0,2004,5.0,18.0,56.0,0.0,0.0,11.0,0.0,0.0,0.0,0.0,7.0,97
0.0,0.0,2004,2.0,4.0,0.0,0.0,0.0,1.0,0.0,0.0,0.0,0.0,1.0,8
0.0,0.0,2004,0.0,0.0,1.0,0.0,0.0,0.0,0.0,0.0,0.0,0.0,1.0,2
0.0,0.0,2004,0.0,0.0,7.0,0.0,0.0,1.0,0.0,0.0,0.0,0.0,11.0,19
0.0,0.0,2004,0.0,7.0,35.0,0.0,0.0,0.0,0.0,0.0,0.0,0.0,3.0,45
0.0,0.0,2004,5.0,26.0,64.0,2.0,0.0,3.0,0.0,0.0,0.0,0.0,59.0,159
0.0,0.0,2004,9.0,43.0,57.0,0.0,0.0,6.0,0.0,0.0,0.0,0.0,7.0,122
0.0,0.0,2004,7.0,40.0,73.0,1.0,0.0,6.0,0.0,0.0,0.0,0.0,7.0,134
0.0,0.0,2004,5.0,24.0,33.0,1.0,0.0,2.0,0.0,0.0,0.0,0.0,20.0,85
0.0,0.0,2004,0.0,0.0,0.0,0.0,0.0,0.0,0.0,0.0,0.0,0.0,0.0,0
0.0,0.0,2004,8.0,20.0,29.0,0.0,0.0,2.0,0.0,0.0,0.0,0.0,10.0,69
0.0,0.0,2004,0.0,0.0,0.0,0.0,0.0,0.0,0.0,0.0,0.0,0.0,0.0,0
0.0,0.0,2004,0.0,0.0,0.0,0.0,0.0,0.0,0.0,0.0,0.0,0.0,0.0,0
0.0,0.0,2004,1.0,4.0,4.0,0.0,0.0,0.0,0.0,0.0,0.0,0.0,3.0,12
0.0,0.0,2004,1.0,4.0,4.0,0.0,0.0,0.0,0.0,0.0,0.0,0.0,3.0,12
0.0,0.0,2005,3.0,5.0,0.0,0.0,0.0,0.0,0.0,0.0,0.0,0.0,0.0,8
0.0,0.0,2005,0.0,0.0,0.0,0.0,0.0,0.0,0.0,0.0,0.0,0.0,0.0,0
0.0,0.0,2005,4.0,18.0,41.0,0.0,0.0,0.0,0.0,0.0,0.0,0.0,0.0,63
0.0,0.0,2005,3.0,15.0,21.0,0.0,0.0,0.0,0.0,0.0,0.0,1.0,0.0,40
0.0,0.0,2005,7.0,2.0,3.0,0.0,0.0,0.0,0.0,0.0,0.0,0.0,0.0,12
0.0,0.0,2005,0.0,1.0,1.0,0.0,0.0,0.0,0.0,1.0,0.0,0.0,0.0,3
0.0,0.0,2005,0.0,0.0,0.0,0.0,0.0,0.0,0.0,0.0,0.0,0.0,0.0,0
0.0,0.0,2005,8.0,33.0,39.0,0.0,0.0,0.0,0.0,8.0,0.0,0.0,1.0,89
0.0,0.0,2005,5.0,6.0,1.0,0.0,0.0,73.0,9.0,0.0,2.0,1.0,1.0,98
0.0,0.0,2005,3.0,44.0,32.0,0.0,0.0,2.0,0.0,0.0,0.0,4.0,5.0,90
0.0,0.0,2005,0.0,9.0,28.0,0.0,0.0,0.0,0.0,0.0,0.0,0.0,0.0,37
0.0,0.0,2005,1.0,15.0,5.0,0.0,0.0,0.0,0.0,0.0,0.0,0.0,11.0,32
0.0,0.0,2005,2.0,23.0,22.0,0.0,0.0,1.0,0.0,0.0,0.0,1.0,0.0,49
0.0,0.0,2005,0.0,34.0,7.0,0.0,0.0,3.0,0.0,0.0,0.0,0.0,7.0,51
0.0,0.0,2005,3.0,15.0,0.0,0.0,0.0,0.0,9.0,0.0,0.0,0.0,0.0,27
0.0,0.0,2005,0.0,33.0,31.0,0.0,0.0,9.0,0.0,0.0,0.0,0.0,0.0,73
0.0,0.0,2005,3.0,0.0,0.0,1.0,0.0,0.0,29.0,0.0,0.0,0.0,0.0,33
0.0,0.0,2005,6.0,8.0,4.0,0.0,0.0,11.0,0.0,0.0,0.0,0.0,0.0,29
0.0,0.0,2005,2.0,2.0,3.0,0.0,0.0,0.0,0.0,0.0,0.0,0.0,0.0,7
0.0,0.0,2005,0.0,0.0,0.0,0.0,0.0,0.0,0.0,0.0,0.0,2.0,0.0,2
0.0,0.0,2005,0.0,0.0,0.0,0.0,0.0,0.0,0.0,0.0,0.0,0.0,0.0,0
0.0,0.0,2005,0.0,0.0,0.0,0.0,0.0,0.0,0.0,0.0,0.0,0.0,0.0,0
0.0,0.0,2005,3.0,2.0,21.0,0.0,0.0,0.0,0.0,0.0,0.0,0.0,9.0,35
0.0,0.0,2005,0.0,0.0,0.0,0.0,0.0,0.0,0.0,0.0,0.0,0.0,0.0,0
0.0,0.0,2005,0.0,0.0,0.0,0.0,0.0,0.0,0.0,0.0,0.0,0.0,0.0,0
0.0,0.0,2005,1.0,10.0,23.0,0.0,0.0,0.0,0.0,0.0,0.0,0.0,0.0,34
0.0,0.0,2005,0.0,0.0,0.0,0.0,0.0,0.0,0.0,0.0,0.0,0.0,0.0,0
0.0,0.0,2005,2.0,22.0,44.0,0.0,4.0,0.0,0.0,0.0,0.0,0.0,40.0,112
0.0,0.0,2005,1.0,18.0,6.0,0.0,0.0,0.0,1.0,0.0,0.0,0.0,0.0,26
0.0,0.0,2005,57.0,315.0,332.0,1.0,4.0,99.0,48.0,9.0,2.0,9.0,74.0,950
0.0,0.0,2005,0.0,0.0,3.0,0.0,0.0,0.0,0.0,0.0,0.0,0.0,0.0,3
0.0,0.0,2005,0.0,0.0,0.0,0.0,0.0,0.0,0.0,0.0,0.0,0.0,0.0,0
0.0,0.0,2005,0.0,0.0,1.0,0.0,0.0,0.0,0.0,0.0,0.0,0.0,0.0,1
0.0,0.0,2005,0.0,1.0,2.0,0.0,0.0,0.0,0.0,0.0,0.0,0.0,0.0,3
0.0,0.0,2005,0.0,0.0,0.0,0.0,0.0,0.0,0.0,0.0,0.0,0.0,0.0,0
0.0,0.0,2005,0.0,1.0,1.0,0.0,0.0,0.0,0.0,0.0,0.0,0.0,0.0,2
0.0,0.0,2005,0.0,1.0,1.0,0.0,0.0,0.0,0.0,0.0,0.0,0.0,0.0,2
0.0,0.0,2005,0.0,3.0,0.0,0.0,0.0,0.0,0.0,0.0,0.0,0.0,0.0,3
0.0,0.0,2005,0.0,1.0,1.0,0.0,0.0,0.0,0.0,0.0,0.0,0.0,0.0,2
0.0,0.0,2005,0.0,1.0,1.0,0.0,0.0,0.0,0.0,0.0,0.0,0.0,0.0,2
0.0,0.0,2005,0.0,0.0,2.0,0.0,0.0,0.0,0.0,0.0,0.0,0.0,0.0,2
0.0,0.0,2005,0.0,1.0,0.0,0.0,0.0,0.0,0.0,0.0,0.0,0.0,0.0,1
0.0,0.0,2005,0.0,1.0,0.0,0.0,0.0,0.0,0.0,0.0,0.0,0.0,0.0,1
0.0,0.0,2005,0.0,0.0,0.0,0.0,0.0,0.0,0.0,0.0,0.0,0.0,0.0,0
0.0,0.0,2005,0.0,0.0,0.0,0.0,0.0,0.0,0.0,0.0,0.0,0.0,0.0,0
0.0,0.0,2005,0.0,10.0,12.0,0.0,0.0,0.0,0.0,0.0,0.0,0.0,0.0,22
0.0,0.0,2005,0.0,0.0,0.0,0.0,0.0,0.0,0.0,0.0,0.0,0.0,0.0,0
0.0,0.0,2005,0.0,0.0,0.0,0.0,0.0,0.0,0.0,0.0,0.0,0.0,0.0,0
0.0,0.0,2005,0.0,0.0,0.0,0.0,0.0,0.0,0.0,0.0,0.0,0.0,0.0,0
0.0,0.0,2005,0.0,0.0,0.0,0.0,0.0,0.0,0.0,0.0,0.0,0.0,0.0,0
0.0,0.0,2005,0.0,0.0,0.0,0.0,0.0,0.0,0.0,0.0,0.0,0.0,0.0,0
0.0,0.0,2005,0.0,0.0,0.0,0.0,0.0,0.0,0.0,0.0,0.0,0.0,0.0,0
0.0,0.0,2005,1.0,1.0,1.0,0.0,0.0,0.0,0.0,0.0,0.0,0.0,0.0,3
0.0,0.0,2005,0.0,0.0,0.0,0.0,0.0,0.0,0.0,0.0,0.0,0.0,0.0,0
0.0,0.0,2005,0.0,1.0,0.0,0.0,0.0,0.0,0.0,0.0,1.0,0.0,0.0,2
0.0,0.0,2005,0.0,15.0,0.0,0.0,0.0,0.0,0.0,0.0,0.0,0.0,0.0,15
0.0,0.0,2005,0.0,0.0,0.0,0.0,0.0,0.0,0.0,0.0,0.0,0.0,0.0,0
0.0,0.0,2005,0.0,20.0,6.0,0.0,0.0,0.0,0.0,0.0,0.0,0.0,0.0,26
0.0,0.0,2005,0.0,0.0,0.0,0.0,0.0,0.0,0.0,0.0,0.0,0.0,0.0,0
0.0,0.0,2005,0.0,4.0,0.0,0.0,0.0,0.0,0.0,0.0,0.0,0.0,0.0,4
0.0,0.0,2005,0.0,0.0,0.0,0.0,0.0,0.0,0.0,0.0,0.0,0.0,0.0,0
0.0,0.0,2005,0.0,0.0,0.0,0.0,0.0,0.0,0.0,0.0,0.0,0.0,0.0,0
0.0,0.0,2005,0.0,0.0,0.0,0.0,0.0,0.0,0.0,0.0,0.0,0.0,0.0,0
0.0,0.0,2005,0.0,1.0,6.0,0.0,0.0,0.0,0.0,0.0,0.0,0.0,0.0,7
0.0,0.0,2005,0.0,0.0,0.0,0.0,0.0,0.0,0.0,0.0,0.0,0.0,0.0,0
0.0,0.0,2005,0.0,6.0,0.0,0.0,0.0,0.0,0.0,0.0,0.0,0.0,0.0,6
0.0,0.0,2005,0.0,5.0,2.0,0.0,0.0,0.0,0.0,0.0,0.0,0.0,0.0,7
0.0,0.0,2005,2.0,0.0,0.0,0.0,0.0,0.0,0.0,0.0,0.0,0.0,0.0,2
0.0,0.0,2005,0.0,0.0,0.0,0.0,0.0,0.0,0.0,0.0,0.0,0.0,0.0,0
0.0,0.0,2005,2.0,5.0,0.0,0.0,0.0,0.0,0.0,0.0,0.0,0.0,12.0,19
0.0,0.0,2005,1.0,1.0,0.0,0.0,0.0,0.0,0.0,0.0,0.0,0.0,2.0,4
0.0,0.0,2005,0.0,0.0,0.0,0.0,0.0,0.0,0.0,0.0,0.0,0.0,0.0,0
0.0,0.0,2005,6.0,1.0,0.0,0.0,0.0,0.0,0.0,0.0,0.0,0.0,16.0,23
0.0,0.0,2005,1.0,30.0,3.0,1.0,5.0,0.0,0.0,0.0,1.0,0.0,40.0,81
0.0,0.0,2005,0.0,0.0,0.0,0.0,0.0,0.0,0.0,0.0,0.0,0.0,0.0,0
0.0,0.0,2005,0.0,0.0,0.0,0.0,0.0,0.0,0.0,0.0,0.0,0.0,0.0,0
0.0,0.0,2005,13.0,90.0,18.0,1.0,5.0,0.0,0.0,0.0,2.0,0.0,70.0,199
0.0,0.0,2005,4.0,1.0,0.0,0.0,0.0,0.0,0.0,0.0,0.0,0.0,0.0,5
0.0,0.0,2005,0.0,0.0,0.0,0.0,0.0,0.0,0.0,0.0,0.0,0.0,0.0,0
0.0,0.0,2005,0.0,0.0,0.0,0.0,0.0,0.0,0.0,0.0,0.0,0.0,0.0,0
0.0,0.0,2005,0.0,0.0,8.0,0.0,0.0,0.0,0.0,0.0,0.0,0.0,0.0,8
0.0,0.0,2005,0.0,0.0,0.0,0.0,0.0,0.0,0.0,0.0,0.0,0.0,0.0,0
0.0,0.0,2005,0.0,0.0,4.0,0.0,0.0,0.0,0.0,0.0,0.0,0.0,0.0,4
0.0,0.0,2005,0.0,0.0,10.0,0.0,0.0,0.0,0.0,0.0,0.0,0.0,0.0,10
0.0,0.0,2005,0.0,0.0,0.0,0.0,0.0,0.0,0.0,0.0,0.0,0.0,0.0,0
0.0,0.0,2005,0.0,1.0,0.0,0.0,0.0,0.0,0.0,0.0,0.0,0.0,0.0,1
0.0,0.0,2005,0.0,0.0,0.0,0.0,0.0,0.0,0.0,0.0,0.0,0.0,0.0,0
0.0,0.0,2005,0.0,0.0,0.0,0.0,0.0,0.0,0.0,0.0,0.0,0.0,0.0,0
0.0,0.0,2005,0.0,0.0,0.0,0.0,0.0,0.0,0.0,0.0,0.0,0.0,0.0,0
0.0,0.0,2005,0.0,0.0,0.0,0.0,0.0,0.0,0.0,0.0,0.0,1.0,0.0,1
0.0,0.0,2005,0.0,0.0,0.0,0.0,0.0,0.0,0.0,0.0,0.0,0.0,0.0,0
0.0,0.0,2005,0.0,0.0,0.0,0.0,0.0,0.0,0.0,0.0,0.0,0.0,0.0,0
0.0,0.0,2005,0.0,0.0,0.0,0.0,0.0,0.0,0.0,0.0,0.0,0.0,0.0,0
0.0,0.0,2005,0.0,0.0,2.0,0.0,0.0,0.0,0.0,0.0,0.0,0.0,0.0,2
0.0,0.0,2005,0.0,0.0,0.0,0.0,0.0,0.0,0.0,0.0,0.0,0.0,0.0,0
0.0,0.0,2005,0.0,0.0,0.0,0.0,0.0,0.0,0.0,0.0,0.0,0.0,0.0,0
0.0,0.0,2005,0.0,0.0,0.0,0.0,0.0,0.0,0.0,0.0,0.0,0.0,0.0,0
0.0,0.0,2005,0.0,2.0,0.0,0.0,0.0,0.0,3.0,0.0,0.0,0.0,0.0,5
0.0,0.0,2005,1.0,0.0,13.0,0.0,0.0,0.0,0.0,0.0,0.0,0.0,0.0,14
0.0,0.0,2005,0.0,0.0,0.0,0.0,0.0,0.0,0.0,0.0,0.0,0.0,0.0,0
0.0,0.0,2005,0.0,0.0,0.0,0.0,0.0,0.0,0.0,0.0,0.0,1.0,0.0,1
0.0,0.0,2005,0.0,1.0,6.0,0.0,0.0,0.0,0.0,0.0,0.0,1.0,0.0,8
0.0,0.0,2005,0.0,0.0,0.0,0.0,0.0,0.0,0.0,0.0,0.0,0.0,0.0,0
0.0,0.0,2005,0.0,0.0,0.0,0.0,0.0,0.0,0.0,0.0,0.0,0.0,0.0,0
0.0,0.0,2005,0.0,0.0,0.0,0.0,0.0,0.0,0.0,0.0,0.0,0.0,0.0,0
0.0,0.0,2005,0.0,0.0,0.0,0.0,0.0,0.0,0.0,0.0,0.0,0.0,0.0,0
0.0,0.0,2005,0.0,0.0,0.0,0.0,0.0,0.0,0.0,0.0,0.0,0.0,0.0,0
0.0,0.0,2005,5.0,0.0,0.0,0.0,0.0,0.0,0.0,0.0,0.0,0.0,0.0,5
0.0,0.0,2005,8.0,0.0,8.0,0.0,0.0,0.0,0.0,0.0,0.0,1.0,0.0,17
0.0,0.0,2005,0.0,0.0,0.0,0.0,0.0,0.0,0.0,0.0,0.0,0.0,0.0,0
0.0,0.0,2005,0.0,2.0,2.0,0.0,0.0,0.0,0.0,0.0,0.0,0.0,0.0,4
0.0,0.0,2005,0.0,0.0,0.0,0.0,0.0,0.0,0.0,0.0,0.0,0.0,0.0,0
0.0,0.0,2005,1.0,1.0,8.0,0.0,0.0,0.0,2.0,0.0,0.0,0.0,0.0,12
0.0,0.0,2005,4.0,0.0,5.0,0.0,0.0,0.0,0.0,0.0,0.0,0.0,0.0,9
0.0,0.0,2005,0.0,0.0,0.0,0.0,0.0,0.0,0.0,0.0,0.0,0.0,0.0,0
0.0,0.0,2005,0.0,0.0,0.0,0.0,0.0,0.0,0.0,0.0,0.0,0.0,0.0,0
0.0,0.0,2005,0.0,0.0,0.0,0.0,0.0,0.0,0.0,0.0,0.0,0.0,0.0,0
0.0,0.0,2005,0.0,0.0,4.0,0.0,0.0,0.0,0.0,0.0,0.0,0.0,0.0,4
0.0,0.0,2005,3.0,0.0,0.0,0.0,0.0,0.0,0.0,0.0,0.0,0.0,0.0,3
0.0,0.0,2005,0.0,0.0,0.0,0.0,0.0,0.0,0.0,0.0,0.0,0.0,0.0,0
0.0,0.0,2005,0.0,0.0,2.0,0.0,0.0,0.0,0.0,0.0,0.0,0.0,0.0,2
0.0,0.0,2005,26.0,8.0,72.0,0.0,0.0,0.0,5.0,0.0,0.0,4.0,0.0,115
0.0,0.0,2005,0.0,0.0,0.0,0.0,0.0,0.0,0.0,0.0,0.0,0.0,0.0,0
0.0,0.0,2005,2.0,17.0,13.0,14.0,0.0,0.0,0.0,0.0,0.0,0.0,20.0,66
0.0,0.0,2005,1.0,4.0,1.0,0.0,0.0,0.0,0.0,0.0,0.0,0.0,6.0,12
0.0,0.0,2005,0.0,4.0,3.0,0.0,0.0,0.0,0.0,0.0,0.0,0.0,5.0,12
0.0,0.0,2005,0.0,17.0,7.0,0.0,1.0,0.0,0.0,0.0,0.0,0.0,25.0,50
0.0,0.0,2005,7.0,70.0,18.0,0.0,0.0,0.0,0.0,0.0,0.0,0.0,155.0,250
0.0,0.0,2005,0.0,2.0,0.0,0.0,0.0,2.0,0.0,0.0,0.0,0.0,0.0,4
0.0,0.0,2005,0.0,15.0,3.0,3.0,0.0,0.0,0.0,0.0,0.0,1.0,0.0,22
0.0,0.0,2005,4.0,16.0,4.0,0.0,0.0,1.0,0.0,0.0,0.0,0.0,55.0,80
0.0,0.0,2005,2.0,14.0,9.0,0.0,0.0,0.0,0.0,0.0,0.0,0.0,2.0,27
0.0,0.0,2005,0.0,0.0,0.0,0.0,0.0,0.0,0.0,0.0,0.0,2.0,0.0,2
0.0,0.0,2005,0.0,7.0,2.0,0.0,0.0,0.0,0.0,0.0,0.0,0.0,0.0,9
0.0,0.0,2005,0.0,7.0,1.0,0.0,0.0,0.0,0.0,0.0,0.0,0.0,1.0,9
0.0,0.0,2005,3.0,21.0,2.0,2.0,0.0,2.0,0.0,0.0,0.0,0.0,0.0,30
0.0,0.0,2005,1.0,9.0,5.0,0.0,0.0,0.0,0.0,0.0,0.0,0.0,34.0,49
0.0,0.0,2005,0.0,0.0,0.0,0.0,0.0,0.0,0.0,0.0,0.0,0.0,2.0,2
0.0,0.0,2005,3.0,30.0,13.0,0.0,6.0,0.0,0.0,0.0,0.0,0.0,0.0,52
0.0,0.0,2005,6.0,73.0,19.0,2.0,1.0,0.0,0.0,0.0,0.0,0.0,50.0,151
0.0,0.0,2005,4.0,41.0,1.0,0.0,0.0,0.0,0.0,0.0,0.0,0.0,51.0,97
0.0,0.0,2005,4.0,34.0,9.0,0.0,0.0,1.0,0.0,0.0,0.0,0.0,21.0,69
0.0,0.0,2005,0.0,1.0,0.0,0.0,0.0,0.0,0.0,0.0,0.0,0.0,3.0,4
0.0,0.0,2005,37.0,382.0,110.0,21.0,8.0,6.0,0.0,0.0,0.0,3.0,430.0,997
0.0,0.0,2005,0.0,7.0,4.0,0.0,0.0,2.0,0.0,0.0,0.0,0.0,11.0,24
0.0,0.0,2005,4.0,8.0,7.0,0.0,0.0,0.0,0.0,0.0,0.0,0.0,10.0,29
0.0,0.0,2005,4.0,15.0,11.0,0.0,0.0,2.0,0.0,0.0,0.0,0.0,21.0,53
0.0,0.0,2005,5.0,14.0,21.0,0.0,0.0,22.0,0.0,0.0,0.0,2.0,83.0,147
0.0,0.0,2005,1.0,2.0,12.0,0.0,0.0,2.0,0.0,0.0,0.0,0.0,0.0,17
0.0,0.0,2005,1.0,2.0,0.0,0.0,0.0,0.0,0.0,0.0,0.0,0.0,0.0,3
0.0,0.0,2005,2.0,3.0,7.0,3.0,0.0,0.0,0.0,0.0,0.0,1.0,0.0,16
0.0,0.0,2005,5.0,3.0,15.0,0.0,0.0,4.0,0.0,0.0,0.0,2.0,2.0,31
0.0,0.0,2005,1.0,5.0,5.0,0.0,0.0,3.0,0.0,0.0,0.0,3.0,5.0,22
0.0,0.0,2005,12.0,0.0,34.0,0.0,0.0,16.0,0.0,0.0,0.0,5.0,10.0,77
0.0,0.0,2005,1.0,2.0,0.0,0.0,0.0,0.0,0.0,0.0,0.0,0.0,8.0,11
0.0,0.0,2005,2.0,6.0,1.0,0.0,0.0,2.0,0.0,0.0,0.0,0.0,0.0,11
0.0,0.0,2005,0.0,1.0,0.0,0.0,0.0,0.0,0.0,0.0,0.0,5.0,5.0,11
0.0,0.0,2005,2.0,0.0,1.0,0.0,0.0,0.0,12.0,0.0,0.0,1.0,1.0,17
0.0,0.0,2005,4.0,2.0,0.0,0.0,0.0,8.0,0.0,0.0,0.0,0.0,11.0,25
0.0,0.0,2005,1.0,1.0,12.0,0.0,0.0,4.0,0.0,0.0,0.0,0.0,0.0,18
0.0,0.0,2005,6.0,4.0,17.0,0.0,0.0,12.0,0.0,0.0,0.0,0.0,0.0,39
0.0,0.0,2005,3.0,1.0,4.0,0.0,0.0,4.0,0.0,0.0,0.0,0.0,11.0,23
0.0,0.0,2005,0.0,0.0,1.0,0.0,0.0,0.0,0.0,0.0,0.0,0.0,0.0,1
0.0,0.0,2005,0.0,0.0,0.0,0.0,0.0,0.0,0.0,0.0,0.0,0.0,0.0,0
0.0,0.0,2005,1.0,1.0,0.0,0.0,0.0,0.0,0.0,0.0,0.0,1.0,17.0,20
0.0,0.0,2005,0.0,0.0,0.0,0.0,0.0,0.0,0.0,0.0,0.0,3.0,0.0,3
0.0,0.0,2005,5.0,3.0,8.0,0.0,0.0,8.0,0.0,0.0,0.0,0.0,0.0,24
0.0,0.0,2005,1.0,1.0,3.0,0.0,0.0,0.0,0.0,0.0,0.0,0.0,11.0,16
0.0,0.0,2005,2.0,4.0,30.0,0.0,1.0,11.0,0.0,0.0,0.0,0.0,0.0,48
0.0,0.0,2005,8.0,5.0,16.0,0.0,0.0,7.0,0.0,0.0,0.0,0.0,15.0,51
0.0,0.0,2005,4.0,9.0,33.0,1.0,0.0,9.0,0.0,0.0,0.0,0.0,0.0,56
0.0,0.0,2005,0.0,0.0,0.0,0.0,0.0,0.0,0.0,0.0,0.0,1.0,1.0,2
0.0,0.0,2005,3.0,7.0,16.0,0.0,0.0,7.0,0.0,0.0,0.0,0.0,4.0,37
0.0,0.0,2005,0.0,2.0,23.0,0.0,0.0,9.0,0.0,0.0,0.0,1.0,9.0,44
0.0,0.0,2005,2.0,9.0,24.0,0.0,0.0,5.0,0.0,0.0,0.0,0.0,0.0,40
0.0,0.0,2005,1.0,3.0,0.0,0.0,0.0,0.0,0.0,0.0,0.0,0.0,0.0,4
0.0,0.0,2005,3.0,0.0,2.0,0.0,0.0,8.0,0.0,0.0,0.0,0.0,9.0,22
0.0,0.0,2005,76.0,90.0,285.0,4.0,1.0,141.0,12.0,0.0,0.0,25.0,202.0,836
0.0,0.0,2005,1.0,2.0,1.0,3.0,0.0,8.0,0.0,0.0,0.0,0.0,0.0,15
0.0,0.0,2005,0.0,1.0,0.0,0.0,0.0,0.0,0.0,0.0,0.0,1.0,0.0,2
0.0,0.0,2005,25.0,18.0,58.0,2.0,0.0,0.0,0.0,0.0,0.0,0.0,33.0,136
0.0,0.0,2005,2.0,1.0,0.0,1.0,0.0,0.0,0.0,0.0,0.0,0.0,2.0,6
0.0,0.0,2005,0.0,0.0,0.0,0.0,0.0,0.0,0.0,0.0,0.0,0.0,0.0,0
0.0,0.0,2005,0.0,7.0,11.0,1.0,0.0,4.0,0.0,0.0,0.0,0.0,0.0,23
0.0,0.0,2005,0.0,0.0,0.0,0.0,0.0,0.0,0.0,0.0,0.0,0.0,0.0,0
0.0,0.0,2005,0.0,0.0,0.0,0.0,0.0,0.0,0.0,0.0,0.0,0.0,0.0,0
0.0,0.0,2005,0.0,5.0,1.0,0.0,0.0,1.0,0.0,0.0,0.0,1.0,0.0,8
0.0,0.0,2005,0.0,0.0,0.0,0.0,0.0,0.0,0.0,0.0,0.0,0.0,0.0,0
0.0,0.0,2005,3.0,39.0,11.0,1.0,0.0,8.0,0.0,0.0,0.0,4.0,12.0,78
0.0,0.0,2005,0.0,0.0,0.0,0.0,0.0,0.0,0.0,0.0,0.0,0.0,0.0,0
0.0,0.0,2005,2.0,3.0,0.0,0.0,0.0,0.0,0.0,0.0,0.0,0.0,0.0,5
0.0,0.0,2005,0.0,9.0,2.0,0.0,0.0,0.0,0.0,0.0,0.0,0.0,0.0,11
0.0,0.0,2005,0.0,0.0,0.0,0.0,0.0,0.0,0.0,0.0,0.0,0.0,0.0,0
0.0,0.0,2005,3.0,41.0,15.0,0.0,0.0,5.0,0.0,0.0,0.0,0.0,7.0,71
0.0,0.0,2005,1.0,5.0,2.0,0.0,0.0,6.0,0.0,0.0,0.0,0.0,3.0,17
0.0,0.0,2005,0.0,0.0,0.0,0.0,0.0,0.0,0.0,0.0,0.0,1.0,0.0,1
0.0,0.0,2005,1.0,0.0,0.0,0.0,0.0,0.0,0.0,0.0,0.0,0.0,0.0,1
0.0,0.0,2005,0.0,0.0,0.0,0.0,0.0,0.0,0.0,0.0,0.0,0.0,0.0,0
0.0,0.0,2005,0.0,0.0,0.0,0.0,0.0,0.0,0.0,0.0,0.0,0.0,0.0,0
0.0,0.0,2005,38.0,131.0,101.0,8.0,0.0,32.0,0.0,0.0,0.0,7.0,57.0,374
0.0,0.0,2005,0.0,1.0,0.0,0.0,0.0,1.0,0.0,0.0,0.0,0.0,0.0,2
0.0,0.0,2005,1.0,0.0,0.0,0.0,0.0,0.0,0.0,0.0,0.0,0.0,3.0,4
0.0,0.0,2005,0.0,0.0,0.0,0.0,0.0,0.0,0.0,0.0,0.0,0.0,0.0,0
0.0,0.0,2005,0.0,3.0,0.0,0.0,0.0,1.0,0.0,0.0,0.0,0.0,0.0,4
0.0,0.0,2005,3.0,10.0,13.0,0.0,0.0,2.0,0.0,0.0,0.0,0.0,0.0,28
0.0,0.0,2005,0.0,0.0,0.0,0.0,0.0,0.0,0.0,0.0,0.0,0.0,0.0,0
0.0,0.0,2005,1.0,14.0,14.0,0.0,0.0,0.0,0.0,0.0,0.0,1.0,4.0,34
0.0,0.0,2005,0.0,0.0,0.0,0.0,0.0,0.0,0.0,0.0,0.0,0.0,0.0,0
0.0,0.0,2005,0.0,2.0,1.0,1.0,0.0,2.0,0.0,0.0,0.0,0.0,0.0,6
0.0,0.0,2005,0.0,9.0,4.0,0.0,0.0,4.0,0.0,0.0,0.0,1.0,1.0,19
0.0,0.0,2005,0.0,5.0,4.0,0.0,0.0,1.0,0.0,0.0,0.0,0.0,2.0,12
0.0,0.0,2005,0.0,12.0,1.0,0.0,0.0,1.0,0.0,0.0,0.0,1.0,1.0,16
0.0,0.0,2005,1.0,2.0,0.0,0.0,0.0,0.0,0.0,0.0,0.0,0.0,3.0,6
0.0,0.0,2005,6.0,58.0,37.0,1.0,0.0,12.0,0.0,0.0,0.0,3.0,14.0,131
0.0,0.0,2005,0.0,0.0,45.0,0.0,0.0,0.0,0.0,0.0,0.0,0.0,0.0,45
0.0,0.0,2005,0.0,0.0,0.0,0.0,0.0,0.0,0.0,0.0,0.0,0.0,0.0,0
0.0,0.0,2005,0.0,0.0,0.0,0.0,0.0,0.0,0.0,0.0,0.0,0.0,0.0,0
0.0,0.0,2005,0.0,1.0,0.0,0.0,0.0,0.0,0.0,0.0,0.0,0.0,0.0,1
0.0,0.0,2005,0.0,0.0,0.0,0.0,0.0,0.0,0.0,0.0,0.0,0.0,0.0,0
0.0,0.0,2005,0.0,0.0,0.0,0.0,0.0,0.0,0.0,0.0,0.0,0.0,0.0,0
0.0,0.0,2005,0.0,0.0,0.0,0.0,0.0,0.0,0.0,0.0,0.0,0.0,0.0,0
0.0,0.0,2005,0.0,0.0,0.0,0.0,0.0,0.0,0.0,0.0,0.0,0.0,0.0,0
0.0,0.0,2005,0.0,0.0,0.0,0.0,0.0,0.0,0.0,0.0,0.0,0.0,0.0,0
0.0,0.0,2005,0.0,0.0,0.0,0.0,0.0,0.0,0.0,0.0,0.0,0.0,0.0,0
0.0,0.0,2005,0.0,0.0,0.0,0.0,0.0,0.0,0.0,0.0,0.0,0.0,0.0,0
0.0,0.0,2005,0.0,0.0,0.0,0.0,0.0,0.0,0.0,0.0,0.0,0.0,0.0,0
0.0,0.0,2005,0.0,3.0,3.0,0.0,0.0,0.0,0.0,0.0,0.0,0.0,1.0,7
0.0,0.0,2005,0.0,0.0,0.0,0.0,0.0,0.0,0.0,0.0,0.0,0.0,0.0,0
0.0,0.0,2005,0.0,0.0,0.0,0.0,0.0,0.0,0.0,0.0,0.0,0.0,0.0,0
0.0,0.0,2005,0.0,0.0,0.0,0.0,0.0,0.0,0.0,0.0,0.0,0.0,0.0,0
0.0,0.0,2005,4.0,0.0,0.0,0.0,0.0,0.0,0.0,0.0,0.0,0.0,0.0,4
0.0,0.0,2005,0.0,0.0,0.0,0.0,0.0,0.0,0.0,0.0,0.0,0.0,0.0,0
0.0,0.0,2005,0.0,0.0,0.0,0.0,0.0,0.0,0.0,0.0,0.0,0.0,0.0,0
0.0,0.0,2005,0.0,0.0,0.0,0.0,0.0,0.0,0.0,0.0,0.0,0.0,0.0,0
0.0,0.0,2005,0.0,0.0,0.0,0.0,0.0,0.0,0.0,0.0,0.0,0.0,0.0,0
0.0,0.0,2005,0.0,0.0,0.0,0.0,0.0,0.0,0.0,0.0,0.0,0.0,0.0,0
0.0,0.0,2005,0.0,0.0,0.0,0.0,0.0,0.0,0.0,0.0,0.0,0.0,0.0,0
0.0,0.0,2005,0.0,0.0,0.0,0.0,0.0,0.0,0.0,0.0,0.0,0.0,0.0,0
0.0,0.0,2005,4.0,4.0,48.0,0.0,0.0,0.0,0.0,0.0,0.0,0.0,1.0,57
0.0,0.0,2005,2.0,2.0,1.0,0.0,0.0,0.0,1.0,0.0,0.0,0.0,0.0,6
0.0,0.0,2005,1.0,0.0,0.0,0.0,0.0,0.0,0.0,0.0,0.0,0.0,1.0,2
0.0,0.0,2005,1.0,1.0,1.0,0.0,0.0,0.0,0.0,0.0,0.0,0.0,0.0,3
0.0,0.0,2005,0.0,0.0,1.0,0.0,0.0,0.0,0.0,0.0,0.0,0.0,1.0,2
0.0,0.0,2005,2.0,1.0,0.0,0.0,0.0,0.0,0.0,0.0,0.0,0.0,1.0,4
0.0,0.0,2005,0.0,0.0,0.0,0.0,0.0,0.0,0.0,0.0,0.0,0.0,0.0,0
0.0,0.0,2005,1.0,1.0,1.0,0.0,0.0,0.0,0.0,0.0,0.0,0.0,2.0,5
0.0,0.0,2005,0.0,0.0,1.0,0.0,0.0,0.0,0.0,0.0,0.0,0.0,2.0,3
0.0,0.0,2005,2.0,0.0,0.0,0.0,0.0,0.0,0.0,0.0,0.0,0.0,0.0,2
0.0,0.0,2005,2.0,0.0,1.0,0.0,0.0,0.0,1.0,0.0,0.0,0.0,0.0,4
0.0,0.0,2005,3.0,2.0,1.0,0.0,0.0,0.0,0.0,0.0,0.0,0.0,2.0,8
0.0,0.0,2005,4.0,2.0,0.0,0.0,0.0,0.0,0.0,0.0,0.0,0.0,3.0,9
0.0,0.0,2005,3.0,2.0,0.0,0.0,0.0,0.0,1.0,0.0,0.0,0.0,0.0,6
0.0,0.0,2005,0.0,0.0,0.0,0.0,0.0,0.0,0.0,0.0,0.0,0.0,0.0,0
0.0,0.0,2005,0.0,1.0,0.0,0.0,0.0,0.0,0.0,0.0,0.0,0.0,1.0,2
0.0,0.0,2005,0.0,1.0,0.0,0.0,0.0,0.0,0.0,0.0,0.0,0.0,0.0,1
0.0,0.0,2005,2.0,1.0,0.0,0.0,0.0,0.0,0.0,0.0,0.0,0.0,2.0,5
0.0,0.0,2005,0.0,2.0,0.0,0.0,0.0,0.0,0.0,0.0,0.0,0.0,2.0,4
0.0,0.0,2005,1.0,0.0,0.0,0.0,0.0,0.0,0.0,0.0,0.0,0.0,1.0,2
0.0,0.0,2005,2.0,1.0,1.0,0.0,0.0,0.0,0.0,0.0,0.0,0.0,1.0,5
0.0,0.0,2005,5.0,4.0,2.0,0.0,0.0,0.0,1.0,0.0,0.0,0.0,4.0,16
0.0,0.0,2005,0.0,0.0,1.0,0.0,0.0,0.0,0.0,0.0,0.0,0.0,2.0,3
0.0,0.0,2005,2.0,1.0,0.0,0.0,0.0,0.0,0.0,0.0,0.0,0.0,1.0,4
0.0,0.0,2005,0.0,0.0,0.0,0.0,0.0,0.0,0.0,0.0,0.0,0.0,1.0,1
0.0,0.0,2005,33.0,22.0,11.0,0.0,0.0,0.0,4.0,0.0,0.0,0.0,27.0,97
0.0,0.0,2005,4.0,0.0,0.0,0.0,0.0,0.0,0.0,0.0,0.0,0.0,4.0,8
0.0,0.0,2005,1.0,0.0,3.0,0.0,0.0,0.0,0.0,0.0,0.0,1.0,1.0,6
0.0,0.0,2005,0.0,0.0,0.0,0.0,0.0,0.0,0.0,0.0,0.0,0.0,0.0,0
0.0,0.0,2005,8.0,8.0,8.0,0.0,0.0,4.0,0.0,0.0,0.0,0.0,0.0,28
0.0,0.0,2005,0.0,0.0,0.0,0.0,0.0,0.0,0.0,0.0,0.0,1.0,0.0,1
0.0,0.0,2005,1.0,1.0,2.0,0.0,0.0,14.0,0.0,0.0,0.0,0.0,0.0,18
0.0,0.0,2005,0.0,0.0,0.0,0.0,0.0,0.0,0.0,0.0,0.0,0.0,0.0,0
0.0,0.0,2005,0.0,0.0,0.0,0.0,0.0,0.0,0.0,0.0,0.0,0.0,0.0,0
0.0,0.0,2005,7.0,4.0,3.0,0.0,0.0,0.0,0.0,0.0,0.0,0.0,5.0,19
0.0,0.0,2005,2.0,4.0,0.0,0.0,0.0,0.0,0.0,0.0,0.0,0.0,0.0,6
0.0,0.0,2005,2.0,7.0,1.0,1.0,0.0,0.0,0.0,0.0,0.0,0.0,0.0,11
0.0,0.0,2005,8.0,9.0,1.0,0.0,0.0,0.0,0.0,0.0,0.0,0.0,0.0,18
0.0,0.0,2005,0.0,0.0,2.0,6.0,0.0,0.0,0.0,0.0,0.0,0.0,0.0,8
0.0,0.0,2005,0.0,0.0,0.0,0.0,0.0,0.0,0.0,0.0,0.0,0.0,0.0,0
0.0,0.0,2005,0.0,1.0,0.0,0.0,0.0,0.0,0.0,0.0,0.0,0.0,0.0,1
0.0,0.0,2005,0.0,0.0,0.0,0.0,0.0,0.0,0.0,0.0,0.0,1.0,0.0,1
0.0,0.0,2005,0.0,0.0,0.0,0.0,0.0,0.0,0.0,0.0,0.0,0.0,0.0,0
0.0,0.0,2005,0.0,0.0,0.0,0.0,0.0,0.0,0.0,0.0,0.0,0.0,0.0,0
0.0,0.0,2005,0.0,0.0,0.0,0.0,0.0,0.0,0.0,0.0,0.0,0.0,0.0,0
0.0,0.0,2005,2.0,0.0,2.0,0.0,0.0,0.0,0.0,0.0,0.0,0.0,11.0,15
0.0,0.0,2005,0.0,0.0,0.0,0.0,0.0,0.0,0.0,0.0,0.0,0.0,0.0,0
0.0,0.0,2005,0.0,0.0,0.0,0.0,0.0,0.0,0.0,0.0,0.0,0.0,0.0,0
0.0,0.0,2005,0.0,0.0,0.0,0.0,0.0,0.0,0.0,0.0,0.0,0.0,0.0,0
0.0,0.0,2005,1.0,3.0,7.0,0.0,0.0,0.0,0.0,0.0,0.0,0.0,0.0,11
0.0,0.0,2005,3.0,0.0,1.0,0.0,0.0,0.0,0.0,0.0,0.0,0.0,0.0,4
0.0,0.0,2005,3.0,2.0,2.0,0.0,1.0,0.0,0.0,0.0,0.0,0.0,0.0,8
0.0,0.0,2005,1.0,0.0,0.0,0.0,0.0,0.0,0.0,0.0,0.0,0.0,0.0,1
0.0,0.0,2005,4.0,8.0,0.0,0.0,0.0,0.0,6.0,0.0,0.0,0.0,0.0,18
0.0,0.0,2005,0.0,1.0,2.0,0.0,0.0,0.0,0.0,0.0,0.0,0.0,3.0,6
0.0,0.0,2005,0.0,0.0,1.0,0.0,0.0,0.0,1.0,0.0,0.0,0.0,1.0,3
0.0,0.0,2005,0.0,0.0,0.0,0.0,0.0,0.0,0.0,0.0,0.0,0.0,0.0,0
0.0,0.0,2005,47.0,48.0,35.0,7.0,1.0,18.0,7.0,0.0,0.0,3.0,25.0,191
0.0,0.0,2005,1.0,3.0,0.0,0.0,0.0,0.0,0.0,0.0,0.0,0.0,0.0,4
0.0,0.0,2005,1.0,2.0,0.0,0.0,0.0,0.0,0.0,0.0,0.0,0.0,0.0,3
0.0,0.0,2005,0.0,2.0,0.0,0.0,0.0,0.0,0.0,0.0,0.0,0.0,1.0,3
0.0,0.0,2005,0.0,4.0,2.0,0.0,0.0,0.0,0.0,0.0,0.0,0.0,5.0,11
0.0,0.0,2005,6.0,12.0,0.0,0.0,0.0,0.0,0.0,0.0,0.0,0.0,3.0,21
0.0,0.0,2005,2.0,6.0,2.0,0.0,0.0,0.0,1.0,0.0,0.0,2.0,7.0,20
0.0,0.0,2005,2.0,9.0,3.0,0.0,0.0,1.0,0.0,0.0,0.0,1.0,13.0,29
0.0,0.0,2005,5.0,18.0,13.0,0.0,0.0,0.0,0.0,0.0,0.0,0.0,16.0,52
0.0,0.0,2005,1.0,2.0,2.0,0.0,0.0,0.0,4.0,0.0,0.0,0.0,5.0,14
0.0,0.0,2005,3.0,3.0,2.0,0.0,0.0,0.0,2.0,0.0,0.0,0.0,4.0,14
0.0,0.0,2005,2.0,9.0,2.0,0.0,0.0,0.0,0.0,0.0,0.0,0.0,17.0,30
0.0,0.0,2005,5.0,4.0,4.0,0.0,0.0,0.0,0.0,0.0,0.0,0.0,1.0,14
0.0,0.0,2005,3.0,20.0,2.0,0.0,0.0,0.0,0.0,0.0,0.0,0.0,10.0,35
0.0,0.0,2005,2.0,4.0,3.0,0.0,0.0,0.0,2.0,0.0,0.0,0.0,0.0,11
0.0,0.0,2005,0.0,0.0,0.0,0.0,0.0,0.0,0.0,0.0,0.0,0.0,1.0,1
0.0,0.0,2005,6.0,7.0,2.0,0.0,0.0,0.0,0.0,0.0,0.0,0.0,9.0,24
0.0,0.0,2005,0.0,6.0,3.0,1.0,1.0,0.0,4.0,0.0,0.0,0.0,6.0,21
0.0,0.0,2005,4.0,26.0,5.0,0.0,0.0,1.0,6.0,0.0,0.0,0.0,15.0,57
0.0,0.0,2005,2.0,3.0,0.0,0.0,0.0,1.0,2.0,0.0,0.0,0.0,14.0,22
0.0,0.0,2005,45.0,140.0,45.0,1.0,1.0,3.0,21.0,0.0,0.0,3.0,127.0,386
0.0,0.0,2005,3.0,14.0,5.0,0.0,0.0,0.0,0.0,0.0,0.0,3.0,0.0,25
0.0,0.0,2005,2.0,12.0,4.0,0.0,0.0,0.0,0.0,0.0,0.0,0.0,27.0,45
0.0,0.0,2005,4.0,25.0,3.0,0.0,0.0,2.0,0.0,0.0,0.0,0.0,0.0,34
0.0,0.0,2005,4.0,24.0,4.0,1.0,0.0,3.0,0.0,0.0,0.0,0.0,49.0,85
0.0,0.0,2005,4.0,91.0,13.0,0.0,0.0,0.0,0.0,0.0,0.0,1.0,112.0,221
0.0,0.0,2005,3.0,12.0,0.0,0.0,0.0,0.0,0.0,0.0,0.0,0.0,123.0,138
0.0,0.0,2005,5.0,43.0,19.0,0.0,0.0,9.0,0.0,0.0,0.0,1.0,0.0,77
0.0,0.0,2005,4.0,1.0,0.0,0.0,0.0,4.0,1.0,0.0,0.0,0.0,9.0,19
0.0,0.0,2005,0.0,0.0,0.0,0.0,0.0,0.0,0.0,0.0,0.0,0.0,0.0,0
0.0,0.0,2005,0.0,23.0,5.0,0.0,0.0,0.0,0.0,0.0,0.0,0.0,85.0,113
0.0,0.0,2005,0.0,0.0,0.0,0.0,0.0,0.0,0.0,0.0,0.0,1.0,0.0,1
0.0,0.0,2005,1.0,3.0,1.0,0.0,0.0,0.0,0.0,0.0,0.0,0.0,38.0,43
0.0,0.0,2005,1.0,9.0,8.0,0.0,1.0,0.0,0.0,0.0,0.0,0.0,40.0,59
0.0,0.0,2005,1.0,16.0,2.0,0.0,0.0,5.0,0.0,0.0,0.0,0.0,11.0,35
0.0,0.0,2005,5.0,67.0,33.0,0.0,0.0,0.0,0.0,0.0,0.0,0.0,0.0,105
0.0,0.0,2005,0.0,4.0,0.0,0.0,0.0,0.0,0.0,0.0,0.0,1.0,0.0,5
0.0,0.0,2005,1.0,28.0,0.0,0.0,0.0,0.0,0.0,0.0,0.0,0.0,99.0,128
0.0,0.0,2005,6.0,10.0,16.0,0.0,0.0,8.0,1.0,0.0,0.0,0.0,36.0,77
0.0,0.0,2005,1.0,5.0,1.0,0.0,0.0,0.0,0.0,0.0,0.0,0.0,5.0,12
0.0,0.0,2005,4.0,13.0,3.0,0.0,2.0,0.0,0.0,0.0,0.0,0.0,30.0,52
0.0,0.0,2005,10.0,10.0,2.0,0.0,0.0,0.0,0.0,0.0,0.0,0.0,533.0,555
0.0,0.0,2005,0.0,0.0,0.0,0.0,0.0,0.0,0.0,0.0,0.0,0.0,0.0,0
0.0,0.0,2005,0.0,0.0,4.0,1.0,0.0,2.0,0.0,0.0,0.0,0.0,0.0,7
0.0,0.0,2005,0.0,0.0,0.0,0.0,0.0,0.0,0.0,0.0,0.0,0.0,0.0,0
0.0,0.0,2005,1.0,0.0,2.0,0.0,0.0,0.0,0.0,0.0,0.0,0.0,26.0,29
0.0,0.0,2005,3.0,8.0,1.0,0.0,0.0,0.0,0.0,0.0,0.0,0.0,71.0,83
0.0,0.0,2005,15.0,30.0,28.0,0.0,2.0,4.0,0.0,0.0,0.0,2.0,120.0,201
0.0,0.0,2005,0.0,2.0,0.0,0.0,0.0,0.0,0.0,0.0,0.0,0.0,6.0,8
0.0,0.0,2005,10.0,34.0,8.0,0.0,0.0,0.0,0.0,0.0,0.0,0.0,0.0,52
0.0,0.0,2005,1.0,13.0,6.0,0.0,0.0,0.0,0.0,0.0,0.0,0.0,13.0,33
0.0,0.0,2005,2.0,6.0,10.0,0.0,0.0,4.0,0.0,0.0,0.0,0.0,8.0,30
0.0,0.0,2005,3.0,36.0,0.0,0.0,0.0,5.0,0.0,0.0,0.0,0.0,65.0,109
0.0,0.0,2005,1.0,12.0,3.0,0.0,0.0,3.0,0.0,0.0,0.0,0.0,21.0,40
0.0,0.0,2005,1.0,13.0,0.0,0.0,0.0,0.0,0.0,1.0,0.0,0.0,16.0,31
0.0,0.0,2005,0.0,0.0,0.0,0.0,0.0,0.0,0.0,0.0,0.0,0.0,23.0,23
0.0,0.0,2005,2.0,27.0,9.0,0.0,0.0,0.0,0.0,0.0,0.0,0.0,124.0,162
0.0,0.0,2005,5.0,29.0,5.0,0.0,0.0,13.0,0.0,0.0,0.0,2.0,23.0,77
0.0,0.0,2005,2.0,11.0,3.0,0.0,0.0,13.0,0.0,0.0,0.0,0.0,90.0,119
0.0,0.0,2005,6.0,11.0,0.0,0.0,0.0,0.0,0.0,0.0,0.0,0.0,8.0,25
0.0,0.0,2005,2.0,45.0,1.0,1.0,0.0,8.0,2.0,0.0,0.0,0.0,56.0,115
0.0,0.0,2005,4.0,6.0,1.0,0.0,0.0,0.0,0.0,0.0,0.0,0.0,24.0,35
0.0,0.0,2005,3.0,13.0,0.0,0.0,0.0,0.0,0.0,0.0,0.0,2.0,18.0,36
0.0,0.0,2005,0.0,9.0,2.0,0.0,0.0,4.0,0.0,0.0,0.0,4.0,15.0,34
0.0,0.0,2005,1.0,1.0,0.0,0.0,0.0,0.0,0.0,0.0,0.0,0.0,28.0,30
0.0,0.0,2005,1.0,5.0,0.0,0.0,0.0,0.0,0.0,0.0,0.0,0.0,0.0,6
0.0,0.0,2005,5.0,23.0,17.0,5.0,0.0,5.0,0.0,0.0,0.0,1.0,46.0,102
0.0,0.0,2005,4.0,26.0,0.0,0.0,0.0,0.0,0.0,0.0,0.0,0.0,83.0,113
0.0,0.0,2005,3.0,22.0,4.0,0.0,0.0,3.0,0.0,0.0,0.0,0.0,44.0,76
0.0,0.0,2005,7.0,21.0,8.0,0.0,0.0,0.0,0.0,0.0,0.0,0.0,70.0,106
0.0,0.0,2005,1.0,20.0,1.0,0.0,0.0,0.0,0.0,0.0,0.0,0.0,49.0,71
0.0,0.0,2005,8.0,37.0,8.0,4.0,2.0,0.0,0.0,0.0,0.0,0.0,80.0,139
0.0,0.0,2005,150.0,870.0,240.0,12.0,7.0,95.0,4.0,1.0,0.0,18.0,2324.0,3721
0.0,0.0,2005,8.0,18.0,0.0,0.0,0.0,0.0,0.0,0.0,0.0,0.0,0.0,26
0.0,0.0,2005,5.0,1.0,7.0,0.0,0.0,11.0,0.0,0.0,0.0,0.0,0.0,24
0.0,0.0,2005,1.0,11.0,9.0,0.0,0.0,5.0,0.0,0.0,0.0,0.0,0.0,26
0.0,0.0,2005,6.0,23.0,12.0,0.0,0.0,0.0,0.0,0.0,0.0,1.0,25.0,67
0.0,0.0,2005,4.0,15.0,8.0,0.0,0.0,24.0,0.0,0.0,0.0,0.0,0.0,51
0.0,0.0,2005,8.0,3.0,2.0,0.0,0.0,10.0,0.0,0.0,0.0,0.0,3.0,26
0.0,0.0,2005,5.0,11.0,12.0,0.0,0.0,0.0,0.0,0.0,0.0,0.0,0.0,28
0.0,0.0,2005,3.0,14.0,11.0,0.0,0.0,0.0,0.0,0.0,0.0,0.0,2.0,30
0.0,0.0,2005,3.0,19.0,8.0,0.0,0.0,0.0,0.0,0.0,0.0,0.0,16.0,46
0.0,0.0,2005,4.0,26.0,16.0,1.0,0.0,2.0,0.0,0.0,0.0,1.0,0.0,50
0.0,0.0,2005,0.0,3.0,0.0,0.0,0.0,11.0,0.0,0.0,0.0,0.0,0.0,14
0.0,0.0,2005,3.0,11.0,2.0,0.0,0.0,0.0,0.0,0.0,0.0,0.0,26.0,42
0.0,0.0,2005,4.0,5.0,3.0,0.0,0.0,0.0,0.0,0.0,0.0,1.0,4.0,17
0.0,0.0,2005,4.0,1.0,4.0,0.0,0.0,5.0,0.0,0.0,0.0,0.0,0.0,14
0.0,0.0,2005,5.0,12.0,4.0,0.0,0.0,24.0,0.0,0.0,0.0,0.0,4.0,49
0.0,0.0,2005,6.0,5.0,7.0,0.0,0.0,13.0,0.0,0.0,0.0,0.0,1.0,32
0.0,0.0,2005,7.0,0.0,2.0,0.0,0.0,0.0,0.0,0.0,0.0,2.0,0.0,11
0.0,0.0,2005,1.0,0.0,0.0,0.0,0.0,0.0,0.0,0.0,0.0,0.0,0.0,1
0.0,0.0,2005,9.0,78.0,35.0,1.0,0.0,0.0,2.0,0.0,0.0,0.0,178.0,303
0.0,0.0,2005,0.0,1.0,4.0,0.0,1.0,11.0,0.0,1.0,0.0,0.0,0.0,18
0.0,0.0,2005,7.0,34.0,44.0,0.0,0.0,5.0,0.0,0.0,0.0,1.0,43.0,134
0.0,0.0,2005,2.0,0.0,1.0,0.0,0.0,15.0,0.0,0.0,0.0,0.0,0.0,18
0.0,0.0,2005,1.0,35.0,19.0,0.0,0.0,2.0,0.0,0.0,0.0,0.0,34.0,91
0.0,0.0,2005,5.0,16.0,13.0,0.0,0.0,28.0,0.0,0.0,0.0,2.0,2.0,66
0.0,0.0,2005,2.0,10.0,2.0,0.0,0.0,1.0,0.0,0.0,0.0,0.0,0.0,15
0.0,0.0,2005,5.0,3.0,2.0,0.0,0.0,5.0,0.0,0.0,0.0,1.0,1.0,17
0.0,0.0,2005,11.0,28.0,15.0,1.0,0.0,24.0,0.0,0.0,0.0,0.0,23.0,102
0.0,0.0,2005,4.0,9.0,10.0,0.0,0.0,4.0,0.0,0.0,0.0,0.0,52.0,79
0.0,0.0,2005,5.0,8.0,3.0,0.0,0.0,8.0,0.0,0.0,0.0,1.0,3.0,28
0.0,0.0,2005,8.0,6.0,4.0,0.0,0.0,9.0,0.0,0.0,0.0,1.0,1.0,29
0.0,0.0,2005,11.0,47.0,49.0,0.0,0.0,16.0,0.0,5.0,0.0,5.0,181.0,314
0.0,0.0,2005,0.0,0.0,0.0,0.0,0.0,2.0,0.0,0.0,0.0,0.0,0.0,2
0.0,0.0,2005,10.0,31.0,11.0,0.0,0.0,8.0,0.0,0.0,0.0,0.0,11.0,71
0.0,0.0,2005,5.0,0.0,5.0,0.0,0.0,3.0,1.0,0.0,0.0,0.0,0.0,14
0.0,0.0,2005,1.0,11.0,4.0,0.0,0.0,6.0,0.0,0.0,0.0,1.0,6.0,29
0.0,0.0,2005,9.0,20.0,10.0,0.0,1.0,10.0,0.0,0.0,0.0,0.0,0.0,50
0.0,0.0,2005,9.0,24.0,13.0,0.0,1.0,14.0,0.0,0.0,0.0,0.0,24.0,85
0.0,0.0,2005,1.0,2.0,2.0,0.0,0.0,1.0,0.0,0.0,0.0,0.0,0.0,6
0.0,0.0,2005,1.0,15.0,5.0,0.0,0.0,10.0,0.0,0.0,0.0,0.0,0.0,31
0.0,0.0,2005,5.0,3.0,2.0,0.0,7.0,8.0,2.0,0.0,0.0,1.0,2.0,30
0.0,0.0,2005,1.0,22.0,31.0,0.0,0.0,18.0,0.0,0.0,0.0,1.0,0.0,73
0.0,0.0,2005,1.0,3.0,9.0,1.0,0.0,2.0,0.0,0.0,1.0,0.0,21.0,38
0.0,0.0,2005,1.0,3.0,0.0,0.0,0.0,0.0,0.0,0.0,0.0,0.0,22.0,26
0.0,0.0,2005,1.0,6.0,8.0,0.0,1.0,1.0,0.0,0.0,0.0,2.0,4.0,23
0.0,0.0,2005,0.0,41.0,12.0,0.0,0.0,5.0,0.0,0.0,0.0,1.0,0.0,59
0.0,0.0,2005,192.0,634.0,420.0,4.0,11.0,321.0,5.0,6.0,1.0,22.0,689.0,2305
0.0,0.0,2005,1.0,1.0,2.0,0.0,0.0,0.0,0.0,0.0,0.0,0.0,0.0,4
0.0,0.0,2005,0.0,0.0,0.0,0.0,0.0,0.0,0.0,0.0,0.0,0.0,0.0,0
0.0,0.0,2005,0.0,0.0,1.0,0.0,0.0,0.0,0.0,0.0,0.0,0.0,0.0,1
0.0,0.0,2005,0.0,0.0,2.0,0.0,0.0,0.0,0.0,0.0,0.0,0.0,0.0,2
0.0,0.0,2005,0.0,3.0,5.0,0.0,0.0,0.0,0.0,0.0,0.0,0.0,0.0,8
0.0,0.0,2005,0.0,0.0,0.0,0.0,0.0,0.0,0.0,0.0,0.0,0.0,0.0,0
0.0,0.0,2005,0.0,0.0,0.0,0.0,0.0,0.0,0.0,0.0,0.0,0.0,0.0,0
0.0,0.0,2005,2.0,0.0,3.0,0.0,0.0,0.0,0.0,0.0,0.0,0.0,0.0,5
0.0,0.0,2005,0.0,0.0,0.0,0.0,0.0,0.0,0.0,0.0,0.0,0.0,0.0,0
0.0,0.0,2005,3.0,4.0,13.0,0.0,0.0,0.0,0.0,0.0,0.0,0.0,0.0,20
0.0,0.0,2005,0.0,4.0,0.0,0.0,0.0,0.0,0.0,0.0,0.0,0.0,0.0,4
0.0,0.0,2005,0.0,0.0,0.0,0.0,0.0,0.0,0.0,0.0,0.0,0.0,0.0,0
0.0,0.0,2005,0.0,1.0,3.0,0.0,0.0,0.0,4.0,0.0,0.0,0.0,0.0,8
0.0,0.0,2005,2.0,9.0,1.0,0.0,0.0,0.0,0.0,0.0,0.0,0.0,6.0,18
0.0,0.0,2005,4.0,20.0,6.0,0.0,0.0,0.0,0.0,0.0,0.0,0.0,0.0,30
0.0,0.0,2005,2.0,9.0,0.0,0.0,0.0,0.0,0.0,0.0,0.0,0.0,0.0,11
0.0,0.0,2005,1.0,8.0,1.0,0.0,0.0,0.0,0.0,0.0,0.0,0.0,0.0,10
0.0,0.0,2005,9.0,51.0,11.0,0.0,0.0,0.0,4.0,0.0,0.0,0.0,6.0,81
0.0,0.0,2005,4.0,10.0,5.0,0.0,0.0,0.0,0.0,0.0,0.0,0.0,0.0,19
0.0,0.0,2005,4.0,5.0,1.0,0.0,0.0,0.0,0.0,0.0,0.0,0.0,0.0,10
0.0,0.0,2005,2.0,2.0,0.0,0.0,0.0,0.0,0.0,0.0,0.0,0.0,0.0,4
0.0,0.0,2005,3.0,2.0,2.0,0.0,0.0,0.0,0.0,0.0,0.0,0.0,0.0,7
0.0,0.0,2005,4.0,6.0,2.0,0.0,0.0,0.0,0.0,0.0,0.0,0.0,0.0,12
0.0,0.0,2005,4.0,6.0,2.0,0.0,0.0,0.0,0.0,0.0,0.0,0.0,0.0,12
0.0,0.0,2005,2.0,2.0,1.0,0.0,0.0,0.0,0.0,0.0,0.0,0.0,0.0,5
0.0,0.0,2005,1.0,4.0,0.0,0.0,0.0,0.0,0.0,0.0,0.0,0.0,0.0,5
0.0,0.0,2005,24.0,37.0,13.0,0.0,0.0,0.0,0.0,0.0,0.0,0.0,0.0,74
0.0,0.0,2005,0.0,0.0,0.0,0.0,0.0,0.0,0.0,0.0,0.0,0.0,0.0,0
0.0,0.0,2005,0.0,0.0,0.0,0.0,0.0,0.0,0.0,0.0,0.0,0.0,0.0,0
0.0,0.0,2005,0.0,0.0,0.0,0.0,0.0,0.0,0.0,0.0,0.0,0.0,0.0,0
0.0,0.0,2005,0.0,0.0,0.0,0.0,0.0,0.0,0.0,0.0,0.0,0.0,0.0,0
0.0,0.0,2005,0.0,0.0,0.0,0.0,0.0,0.0,0.0,0.0,0.0,0.0,0.0,0
0.0,0.0,2005,0.0,0.0,0.0,0.0,0.0,0.0,0.0,0.0,0.0,0.0,0.0,0
0.0,0.0,2005,0.0,0.0,0.0,0.0,0.0,0.0,0.0,0.0,0.0,0.0,0.0,0
0.0,0.0,2005,0.0,0.0,0.0,0.0,0.0,0.0,0.0,0.0,0.0,0.0,0.0,0
0.0,0.0,2005,0.0,0.0,0.0,0.0,0.0,0.0,0.0,0.0,0.0,0.0,0.0,0
0.0,0.0,2005,0.0,0.0,0.0,0.0,0.0,0.0,0.0,0.0,0.0,0.0,0.0,0
0.0,0.0,2005,0.0,0.0,0.0,0.0,0.0,0.0,0.0,0.0,0.0,0.0,0.0,0
0.0,0.0,2005,0.0,0.0,0.0,0.0,0.0,0.0,0.0,0.0,0.0,0.0,0.0,0
0.0,0.0,2005,0.0,3.0,0.0,0.0,0.0,0.0,0.0,0.0,0.0,0.0,14.0,17
0.0,0.0,2005,0.0,0.0,0.0,0.0,0.0,0.0,0.0,0.0,0.0,0.0,0.0,0
0.0,0.0,2005,0.0,2.0,0.0,0.0,0.0,0.0,0.0,0.0,0.0,0.0,0.0,2
0.0,0.0,2005,0.0,0.0,0.0,0.0,0.0,0.0,0.0,0.0,0.0,0.0,0.0,0
0.0,0.0,2005,0.0,0.0,0.0,0.0,0.0,0.0,0.0,0.0,0.0,0.0,0.0,0
0.0,0.0,2005,0.0,0.0,0.0,0.0,0.0,0.0,0.0,0.0,0.0,0.0,0.0,0
0.0,0.0,2005,0.0,1.0,0.0,0.0,0.0,0.0,0.0,0.0,0.0,0.0,1.0,2
0.0,0.0,2005,0.0,0.0,0.0,0.0,0.0,0.0,0.0,0.0,0.0,0.0,0.0,0
0.0,0.0,2005,1.0,2.0,0.0,0.0,0.0,0.0,0.0,0.0,0.0,0.0,0.0,3
0.0,0.0,2005,0.0,0.0,0.0,0.0,0.0,0.0,0.0,0.0,0.0,0.0,0.0,0
0.0,0.0,2005,0.0,0.0,0.0,0.0,0.0,0.0,0.0,0.0,0.0,0.0,0.0,0
0.0,0.0,2005,1.0,0.0,8.0,0.0,0.0,0.0,0.0,0.0,0.0,0.0,12.0,21
0.0,0.0,2005,0.0,0.0,0.0,0.0,0.0,0.0,0.0,0.0,0.0,0.0,0.0,0
0.0,0.0,2005,0.0,0.0,0.0,0.0,0.0,0.0,0.0,0.0,0.0,0.0,0.0,0
0.0,0.0,2005,0.0,2.0,0.0,0.0,0.0,0.0,0.0,0.0,0.0,0.0,0.0,2
0.0,0.0,2005,0.0,0.0,0.0,0.0,0.0,0.0,0.0,0.0,0.0,0.0,0.0,0
0.0,0.0,2005,0.0,0.0,0.0,0.0,0.0,0.0,0.0,0.0,0.0,0.0,0.0,0
0.0,0.0,2005,0.0,0.0,0.0,0.0,0.0,0.0,0.0,0.0,0.0,0.0,0.0,0
0.0,0.0,2005,0.0,0.0,0.0,0.0,0.0,0.0,0.0,0.0,0.0,0.0,0.0,0
0.0,0.0,2005,0.0,0.0,0.0,0.0,0.0,0.0,0.0,0.0,0.0,0.0,0.0,0
0.0,0.0,2005,1.0,0.0,0.0,0.0,0.0,0.0,0.0,0.0,0.0,0.0,0.0,1
0.0,0.0,2005,0.0,0.0,0.0,0.0,0.0,0.0,0.0,0.0,0.0,0.0,0.0,0
0.0,0.0,2005,0.0,2.0,3.0,0.0,0.0,0.0,0.0,0.0,0.0,0.0,0.0,5
0.0,0.0,2005,1.0,4.0,0.0,0.0,0.0,0.0,0.0,0.0,0.0,0.0,0.0,5
0.0,0.0,2005,1.0,0.0,0.0,0.0,0.0,0.0,0.0,0.0,0.0,0.0,0.0,1
0.0,0.0,2005,0.0,0.0,0.0,0.0,0.0,0.0,0.0,0.0,0.0,0.0,2.0,2
0.0,0.0,2005,0.0,1.0,0.0,0.0,0.0,0.0,0.0,0.0,0.0,0.0,0.0,1
0.0,0.0,2005,0.0,1.0,0.0,0.0,0.0,0.0,0.0,0.0,0.0,0.0,3.0,4
0.0,0.0,2005,0.0,2.0,0.0,0.0,0.0,0.0,0.0,0.0,0.0,0.0,0.0,2
0.0,0.0,2005,0.0,0.0,0.0,0.0,0.0,0.0,0.0,0.0,0.0,0.0,0.0,0
0.0,0.0,2005,3.0,0.0,1.0,0.0,0.0,0.0,0.0,0.0,0.0,0.0,0.0,4
0.0,0.0,2005,0.0,0.0,1.0,0.0,0.0,0.0,0.0,0.0,0.0,0.0,0.0,1
0.0,0.0,2005,0.0,0.0,0.0,0.0,0.0,0.0,0.0,0.0,0.0,0.0,0.0,0
0.0,0.0,2005,2.0,8.0,3.0,0.0,0.0,0.0,0.0,0.0,0.0,0.0,0.0,13
0.0,0.0,2005,10.0,28.0,16.0,0.0,0.0,0.0,0.0,0.0,0.0,0.0,32.0,86
0.0,0.0,2005,0.0,2.0,11.0,0.0,0.0,0.0,1.0,0.0,0.0,0.0,12.0,26
0.0,0.0,2005,0.0,0.0,0.0,0.0,0.0,0.0,0.0,0.0,0.0,0.0,0.0,0
0.0,0.0,2005,5.0,11.0,11.0,0.0,0.0,5.0,0.0,0.0,0.0,1.0,2.0,35
0.0,0.0,2005,3.0,4.0,4.0,0.0,0.0,0.0,1.0,0.0,0.0,1.0,7.0,20
0.0,0.0,2005,0.0,0.0,0.0,0.0,0.0,0.0,0.0,0.0,0.0,0.0,0.0,0
0.0,0.0,2005,0.0,0.0,0.0,0.0,0.0,0.0,0.0,0.0,0.0,0.0,0.0,0
0.0,0.0,2005,0.0,0.0,0.0,0.0,0.0,0.0,0.0,0.0,0.0,0.0,0.0,0
0.0,0.0,2005,0.0,0.0,0.0,0.0,0.0,2.0,0.0,0.0,0.0,0.0,0.0,2
0.0,0.0,2005,2.0,10.0,3.0,0.0,0.0,4.0,0.0,0.0,0.0,1.0,1.0,21
0.0,0.0,2005,0.0,0.0,0.0,0.0,0.0,0.0,0.0,0.0,0.0,1.0,0.0,1
0.0,0.0,2005,0.0,1.0,2.0,0.0,0.0,0.0,0.0,0.0,0.0,0.0,1.0,4
0.0,0.0,2005,0.0,0.0,0.0,0.0,0.0,0.0,0.0,0.0,0.0,2.0,3.0,5
0.0,0.0,2005,1.0,1.0,3.0,0.0,0.0,0.0,0.0,0.0,0.0,1.0,0.0,6
0.0,0.0,2005,0.0,0.0,0.0,0.0,0.0,0.0,0.0,0.0,0.0,0.0,0.0,0
0.0,0.0,2005,7.0,10.0,8.0,4.0,0.0,2.0,0.0,0.0,0.0,0.0,7.0,38
0.0,0.0,2005,3.0,5.0,14.0,4.0,0.0,0.0,0.0,0.0,0.0,0.0,0.0,26
0.0,0.0,2005,0.0,0.0,0.0,0.0,0.0,0.0,0.0,0.0,0.0,1.0,0.0,1
0.0,0.0,2005,0.0,0.0,0.0,0.0,0.0,0.0,0.0,0.0,0.0,0.0,0.0,0
0.0,0.0,2005,0.0,0.0,0.0,0.0,0.0,0.0,0.0,0.0,0.0,0.0,0.0,0
0.0,0.0,2005,0.0,0.0,0.0,0.0,0.0,0.0,0.0,0.0,0.0,3.0,0.0,3
0.0,0.0,2005,0.0,0.0,0.0,0.0,0.0,0.0,0.0,0.0,0.0,0.0,3.0,3
0.0,0.0,2005,0.0,0.0,0.0,0.0,0.0,0.0,0.0,0.0,0.0,0.0,0.0,0
0.0,0.0,2005,0.0,0.0,0.0,0.0,0.0,0.0,0.0,0.0,0.0,0.0,0.0,0
0.0,0.0,2005,5.0,7.0,3.0,4.0,0.0,0.0,0.0,0.0,0.0,0.0,0.0,19
0.0,0.0,2005,26.0,51.0,59.0,12.0,0.0,13.0,2.0,0.0,0.0,11.0,36.0,210
0.0,0.0,2005,1.0,8.0,4.0,0.0,0.0,1.0,0.0,0.0,0.0,0.0,0.0,14
0.0,0.0,2005,0.0,12.0,0.0,0.0,0.0,4.0,0.0,0.0,0.0,0.0,0.0,16
0.0,0.0,2005,5.0,4.0,3.0,0.0,0.0,2.0,0.0,0.0,0.0,0.0,0.0,14
0.0,0.0,2005,2.0,19.0,10.0,2.0,0.0,0.0,0.0,0.0,0.0,0.0,0.0,33
0.0,0.0,2005,4.0,3.0,11.0,0.0,0.0,4.0,0.0,0.0,0.0,0.0,0.0,22
0.0,0.0,2005,12.0,5.0,24.0,0.0,0.0,3.0,0.0,0.0,0.0,0.0,0.0,44
0.0,0.0,2005,0.0,2.0,0.0,0.0,0.0,2.0,0.0,0.0,0.0,0.0,0.0,4
0.0,0.0,2005,0.0,12.0,0.0,0.0,0.0,0.0,0.0,0.0,0.0,0.0,0.0,12
0.0,0.0,2005,0.0,14.0,0.0,1.0,0.0,4.0,0.0,0.0,0.0,0.0,0.0,19
0.0,0.0,2005,1.0,12.0,0.0,2.0,0.0,2.0,0.0,0.0,0.0,1.0,0.0,18
0.0,0.0,2005,0.0,15.0,0.0,0.0,0.0,0.0,0.0,0.0,0.0,0.0,0.0,15
0.0,0.0,2005,0.0,1.0,0.0,0.0,0.0,2.0,0.0,0.0,0.0,0.0,0.0,3
0.0,0.0,2005,3.0,4.0,0.0,0.0,0.0,0.0,0.0,0.0,0.0,0.0,1.0,8
0.0,0.0,2005,1.0,2.0,1.0,0.0,0.0,3.0,0.0,0.0,0.0,0.0,2.0,9
0.0,0.0,2005,0.0,1.0,1.0,0.0,0.0,14.0,1.0,0.0,1.0,0.0,0.0,18
0.0,0.0,2005,0.0,14.0,2.0,1.0,0.0,4.0,0.0,0.0,0.0,0.0,2.0,23
0.0,0.0,2005,0.0,14.0,0.0,1.0,0.0,4.0,0.0,0.0,0.0,0.0,0.0,19
0.0,0.0,2005,8.0,30.0,29.0,0.0,0.0,23.0,0.0,0.0,0.0,1.0,1.0,92
0.0,0.0,2005,0.0,0.0,0.0,0.0,0.0,0.0,0.0,0.0,0.0,0.0,0.0,0
0.0,0.0,2005,4.0,2.0,3.0,0.0,0.0,0.0,0.0,0.0,0.0,0.0,0.0,9
0.0,0.0,2005,5.0,13.0,5.0,0.0,0.0,4.0,0.0,0.0,0.0,0.0,0.0,27
0.0,0.0,2005,0.0,15.0,0.0,0.0,0.0,6.0,0.0,0.0,0.0,0.0,0.0,21
0.0,0.0,2005,6.0,2.0,21.0,0.0,0.0,9.0,0.0,0.0,0.0,1.0,0.0,39
0.0,0.0,2005,0.0,3.0,0.0,0.0,0.0,0.0,0.0,0.0,0.0,0.0,0.0,3
0.0,0.0,2005,0.0,5.0,2.0,3.0,0.0,11.0,0.0,0.0,0.0,0.0,0.0,21
0.0,0.0,2005,0.0,13.0,0.0,0.0,0.0,0.0,0.0,0.0,0.0,0.0,0.0,13
0.0,0.0,2005,0.0,0.0,0.0,0.0,0.0,0.0,0.0,0.0,0.0,0.0,0.0,0
0.0,0.0,2005,0.0,2.0,0.0,0.0,0.0,0.0,0.0,0.0,0.0,0.0,0.0,2
0.0,0.0,2005,0.0,0.0,0.0,0.0,0.0,3.0,0.0,0.0,0.0,0.0,0.0,3
0.0,0.0,2005,0.0,0.0,0.0,0.0,0.0,4.0,0.0,0.0,0.0,0.0,1.0,5
0.0,0.0,2005,1.0,9.0,3.0,0.0,0.0,0.0,0.0,0.0,0.0,0.0,0.0,13
0.0,0.0,2005,2.0,7.0,11.0,0.0,0.0,8.0,0.0,0.0,0.0,0.0,0.0,28
0.0,0.0,2005,2.0,3.0,2.0,0.0,0.0,6.0,0.0,0.0,0.0,0.0,0.0,13
0.0,0.0,2005,57.0,246.0,132.0,10.0,0.0,123.0,1.0,0.0,1.0,3.0,7.0,580
0.0,0.0,2005,1.0,7.0,1.0,1.0,0.0,4.0,0.0,0.0,0.0,0.0,1.0,15
0.0,0.0,2005,0.0,1.0,0.0,0.0,0.0,1.0,0.0,0.0,0.0,0.0,0.0,2
0.0,0.0,2005,0.0,4.0,1.0,0.0,1.0,0.0,0.0,0.0,0.0,0.0,0.0,6
0.0,0.0,2005,0.0,2.0,0.0,0.0,0.0,0.0,0.0,0.0,0.0,0.0,0.0,2
0.0,0.0,2005,1.0,14.0,2.0,1.0,1.0,5.0,0.0,0.0,0.0,0.0,1.0,25
0.0,0.0,2005,9.0,27.0,8.0,0.0,1.0,0.0,0.0,0.0,0.0,0.0,0.0,45
0.0,0.0,2005,0.0,0.0,0.0,0.0,0.0,0.0,0.0,0.0,0.0,0.0,0.0,0
0.0,0.0,2005,1.0,2.0,1.0,0.0,0.0,0.0,0.0,0.0,0.0,0.0,0.0,4
0.0,0.0,2005,2.0,5.0,2.0,0.0,0.0,0.0,0.0,0.0,0.0,0.0,0.0,9
0.0,0.0,2005,0.0,0.0,0.0,0.0,0.0,0.0,0.0,0.0,0.0,0.0,0.0,0
0.0,0.0,2005,0.0,0.0,0.0,0.0,0.0,0.0,0.0,0.0,0.0,0.0,0.0,0
0.0,0.0,2005,0.0,0.0,0.0,0.0,0.0,0.0,0.0,0.0,0.0,0.0,0.0,0
0.0,0.0,2005,1.0,3.0,0.0,0.0,0.0,0.0,0.0,0.0,0.0,0.0,0.0,4
0.0,0.0,2005,0.0,0.0,0.0,0.0,0.0,0.0,0.0,0.0,0.0,0.0,0.0,0
0.0,0.0,2005,0.0,0.0,0.0,0.0,0.0,0.0,0.0,0.0,0.0,0.0,0.0,0
0.0,0.0,2005,2.0,0.0,0.0,0.0,0.0,0.0,0.0,0.0,0.0,0.0,0.0,2
0.0,0.0,2005,2.0,1.0,0.0,0.0,0.0,0.0,0.0,0.0,0.0,2.0,0.0,5
0.0,0.0,2005,3.0,1.0,0.0,0.0,0.0,0.0,0.0,0.0,0.0,0.0,0.0,4
0.0,0.0,2005,0.0,3.0,0.0,0.0,0.0,0.0,0.0,0.0,0.0,0.0,0.0,3
0.0,0.0,2005,0.0,0.0,0.0,0.0,0.0,0.0,0.0,0.0,0.0,0.0,16.0,16
0.0,0.0,2005,3.0,0.0,0.0,0.0,0.0,0.0,0.0,0.0,0.0,0.0,0.0,3
0.0,0.0,2005,1.0,7.0,0.0,0.0,0.0,0.0,0.0,0.0,0.0,0.0,0.0,8
0.0,0.0,2005,2.0,1.0,0.0,0.0,0.0,0.0,0.0,0.0,0.0,0.0,13.0,16
0.0,0.0,2005,5.0,3.0,0.0,0.0,0.0,0.0,0.0,0.0,0.0,0.0,0.0,8
0.0,0.0,2005,1.0,1.0,2.0,0.0,0.0,0.0,0.0,0.0,0.0,0.0,0.0,4
0.0,0.0,2005,1.0,13.0,8.0,0.0,0.0,0.0,0.0,0.0,0.0,0.0,0.0,22
0.0,0.0,2005,0.0,0.0,0.0,0.0,0.0,0.0,0.0,0.0,0.0,0.0,0.0,0
0.0,0.0,2005,0.0,2.0,2.0,0.0,0.0,0.0,0.0,0.0,0.0,0.0,0.0,4
0.0,0.0,2005,0.0,3.0,0.0,0.0,0.0,0.0,0.0,0.0,0.0,0.0,1.0,4
0.0,0.0,2005,3.0,1.0,0.0,0.0,0.0,0.0,0.0,0.0,0.0,0.0,2.0,6
0.0,0.0,2005,0.0,0.0,0.0,0.0,0.0,0.0,0.0,0.0,0.0,0.0,0.0,0
0.0,0.0,2005,0.0,0.0,0.0,0.0,0.0,0.0,0.0,0.0,0.0,1.0,0.0,1
0.0,0.0,2005,1.0,7.0,17.0,0.0,0.0,0.0,0.0,0.0,0.0,0.0,0.0,25
0.0,0.0,2005,2.0,0.0,0.0,0.0,0.0,0.0,0.0,0.0,0.0,0.0,0.0,2
0.0,0.0,2005,0.0,1.0,0.0,0.0,0.0,0.0,0.0,0.0,0.0,0.0,0.0,1
0.0,0.0,2005,3.0,13.0,6.0,0.0,0.0,0.0,0.0,0.0,0.0,0.0,0.0,22
0.0,0.0,2005,0.0,0.0,0.0,0.0,0.0,2.0,0.0,0.0,0.0,0.0,0.0,2
0.0,0.0,2005,0.0,0.0,0.0,0.0,0.0,0.0,0.0,0.0,0.0,0.0,0.0,0
0.0,0.0,2005,0.0,0.0,0.0,0.0,0.0,0.0,0.0,0.0,0.0,0.0,0.0,0
0.0,0.0,2005,0.0,4.0,1.0,0.0,0.0,0.0,0.0,0.0,0.0,1.0,0.0,6
0.0,0.0,2005,7.0,6.0,9.0,0.0,0.0,0.0,0.0,0.0,0.0,0.0,0.0,22
0.0,0.0,2005,5.0,11.0,13.0,0.0,0.0,4.0,0.0,0.0,0.0,0.0,7.0,40
0.0,0.0,2005,54.0,115.0,69.0,0.0,1.0,6.0,0.0,0.0,0.0,4.0,39.0,288
0.0,0.0,2005,0.0,1.0,0.0,0.0,0.0,0.0,0.0,0.0,0.0,0.0,0.0,1
0.0,0.0,2005,1.0,14.0,5.0,0.0,0.0,0.0,0.0,0.0,0.0,0.0,0.0,20
0.0,0.0,2005,0.0,0.0,0.0,0.0,0.0,0.0,0.0,0.0,0.0,0.0,0.0,0
0.0,0.0,2005,0.0,5.0,1.0,0.0,0.0,0.0,0.0,0.0,0.0,1.0,0.0,7
0.0,0.0,2005,1.0,20.0,6.0,0.0,0.0,0.0,0.0,0.0,0.0,1.0,0.0,28
0.0,0.0,2005,1.0,4.0,41.0,0.0,0.0,0.0,0.0,0.0,0.0,0.0,4.0,50
0.0,0.0,2005,0.0,13.0,32.0,0.0,0.0,0.0,0.0,0.0,0.0,0.0,4.0,49
0.0,0.0,2005,20.0,9.0,10.0,0.0,1.0,0.0,0.0,0.0,0.0,1.0,8.0,49
0.0,0.0,2005,4.0,5.0,5.0,0.0,0.0,0.0,0.0,0.0,0.0,0.0,0.0,14
0.0,0.0,2005,1.0,0.0,22.0,0.0,0.0,0.0,0.0,0.0,0.0,1.0,1.0,25
0.0,0.0,2005,4.0,2.0,5.0,0.0,0.0,0.0,0.0,0.0,0.0,0.0,3.0,14
0.0,0.0,2005,7.0,9.0,36.0,0.0,0.0,0.0,0.0,0.0,0.0,0.0,8.0,60
0.0,0.0,2005,11.0,4.0,5.0,0.0,0.0,0.0,0.0,0.0,0.0,0.0,2.0,22
0.0,0.0,2005,0.0,3.0,5.0,0.0,0.0,0.0,0.0,0.0,0.0,0.0,2.0,10
0.0,0.0,2005,2.0,1.0,3.0,0.0,0.0,0.0,0.0,0.0,0.0,0.0,1.0,7
0.0,0.0,2005,5.0,1.0,1.0,0.0,0.0,0.0,0.0,0.0,0.0,0.0,0.0,7
0.0,0.0,2005,1.0,11.0,8.0,0.0,0.0,0.0,0.0,0.0,0.0,0.0,11.0,31
0.0,0.0,2005,6.0,9.0,16.0,0.0,0.0,0.0,0.0,0.0,0.0,0.0,5.0,36
0.0,0.0,2005,18.0,23.0,11.0,0.0,0.0,0.0,0.0,0.0,0.0,0.0,7.0,59
0.0,0.0,2005,1.0,4.0,3.0,0.0,0.0,0.0,0.0,0.0,0.0,0.0,0.0,8
0.0,0.0,2005,4.0,16.0,22.0,0.0,0.0,0.0,0.0,0.0,0.0,0.0,13.0,55
0.0,0.0,2005,13.0,4.0,5.0,0.0,0.0,0.0,0.0,0.0,0.0,0.0,0.0,22
0.0,0.0,2005,2.0,2.0,2.0,0.0,0.0,0.0,0.0,0.0,0.0,0.0,3.0,9
0.0,0.0,2005,2.0,5.0,1.0,0.0,0.0,0.0,0.0,0.0,0.0,0.0,2.0,10
0.0,0.0,2005,4.0,5.0,13.0,0.0,0.0,0.0,0.0,0.0,0.0,0.0,4.0,26
0.0,0.0,2005,12.0,3.0,2.0,0.0,0.0,0.0,0.0,0.0,0.0,0.0,0.0,17
0.0,0.0,2005,7.0,0.0,6.0,0.0,0.0,0.0,0.0,0.0,0.0,0.0,4.0,17
0.0,0.0,2005,3.0,1.0,6.0,0.0,0.0,0.0,0.0,0.0,0.0,0.0,0.0,10
0.0,0.0,2005,3.0,2.0,5.0,0.0,0.0,0.0,0.0,0.0,0.0,0.0,0.0,10
0.0,0.0,2005,9.0,0.0,1.0,0.0,0.0,0.0,0.0,0.0,0.0,0.0,0.0,10
0.0,0.0,2005,7.0,3.0,8.0,0.0,0.0,0.0,0.0,0.0,0.0,0.0,29.0,47
0.0,0.0,2005,0.0,0.0,0.0,0.0,0.0,0.0,0.0,0.0,0.0,0.0,0.0,0
0.0,0.0,2005,5.0,2.0,3.0,0.0,0.0,0.0,0.0,0.0,0.0,0.0,7.0,17
0.0,0.0,2005,14.0,15.0,53.0,0.0,0.0,0.0,0.0,0.0,0.0,0.0,6.0,88
0.0,0.0,2005,0.0,2.0,5.0,0.0,0.0,0.0,0.0,0.0,0.0,0.0,0.0,7
0.0,0.0,2005,2.0,4.0,3.0,0.0,0.0,0.0,0.0,0.0,0.0,0.0,2.0,11
0.0,0.0,2005,4.0,6.0,9.0,0.0,0.0,0.0,0.0,0.0,0.0,0.0,7.0,26
0.0,0.0,2005,2.0,0.0,0.0,0.0,0.0,0.0,0.0,0.0,0.0,0.0,0.0,2
0.0,0.0,2005,8.0,16.0,30.0,0.0,0.0,0.0,0.0,0.0,0.0,0.0,4.0,58
0.0,0.0,2005,4.0,3.0,6.0,0.0,0.0,0.0,0.0,0.0,0.0,0.0,8.0,21
0.0,0.0,2005,2.0,16.0,1.0,0.0,0.0,0.0,0.0,0.0,0.0,0.0,0.0,19
0.0,0.0,2005,7.0,3.0,1.0,0.0,0.0,0.0,0.0,0.0,0.0,0.0,2.0,13
0.0,0.0,2005,1.0,1.0,3.0,0.0,0.0,0.0,0.0,0.0,0.0,0.0,4.0,9
0.0,0.0,2005,0.0,1.0,5.0,0.0,0.0,0.0,0.0,0.0,0.0,0.0,5.0,11
0.0,0.0,2005,7.0,2.0,11.0,0.0,0.0,0.0,0.0,0.0,0.0,0.0,3.0,23
0.0,0.0,2005,2.0,3.0,33.0,0.0,0.0,0.0,0.0,0.0,0.0,0.0,1.0,39
0.0,0.0,2005,4.0,6.0,4.0,0.0,0.0,0.0,0.0,0.0,0.0,0.0,4.0,18
0.0,0.0,2005,7.0,2.0,0.0,0.0,0.0,0.0,0.0,0.0,0.0,0.0,14.0,23
0.0,0.0,2005,0.0,7.0,9.0,0.0,0.0,0.0,0.0,0.0,0.0,0.0,0.0,16
0.0,0.0,2005,5.0,5.0,13.0,0.0,0.0,0.0,3.0,0.0,0.0,0.0,0.0,26
0.0,0.0,2005,0.0,1.0,0.0,0.0,0.0,0.0,0.0,0.0,0.0,0.0,0.0,1
0.0,0.0,2005,12.0,11.0,14.0,0.0,0.0,0.0,0.0,0.0,0.0,0.0,5.0,42
0.0,0.0,2005,3.0,8.0,12.0,0.0,0.0,0.0,0.0,0.0,0.0,0.0,0.0,23
0.0,0.0,2005,1.0,1.0,1.0,0.0,0.0,0.0,0.0,0.0,0.0,0.0,1.0,4
0.0,0.0,2005,3.0,1.0,7.0,0.0,0.0,0.0,0.0,0.0,0.0,0.0,0.0,11
0.0,0.0,2005,7.0,8.0,20.0,0.0,0.0,0.0,0.0,0.0,0.0,2.0,9.0,46
0.0,0.0,2005,3.0,1.0,1.0,0.0,0.0,0.0,0.0,0.0,0.0,0.0,2.0,7
0.0,0.0,2005,21.0,5.0,21.0,0.0,1.0,0.0,0.0,0.0,0.0,0.0,13.0,61
0.0,0.0,2005,2.0,2.0,3.0,0.0,0.0,0.0,0.0,0.0,0.0,0.0,0.0,7
0.0,0.0,2005,26.0,27.0,49.0,0.0,0.0,0.0,0.0,0.0,0.0,0.0,5.0,107
0.0,0.0,2005,25.0,0.0,0.0,0.0,0.0,0.0,0.0,0.0,0.0,0.0,0.0,25
0.0,0.0,2005,9.0,0.0,7.0,0.0,0.0,0.0,0.0,0.0,0.0,0.0,3.0,19
0.0,0.0,2005,5.0,10.0,6.0,0.0,0.0,0.0,0.0,0.0,0.0,0.0,2.0,23
0.0,0.0,2005,0.0,3.0,5.0,0.0,0.0,0.0,0.0,0.0,0.0,0.0,4.0,12
0.0,0.0,2005,2.0,5.0,7.0,0.0,0.0,0.0,0.0,0.0,0.0,0.0,0.0,14
0.0,0.0,2005,7.0,1.0,22.0,0.0,0.0,0.0,0.0,0.0,0.0,0.0,0.0,30
0.0,0.0,2005,2.0,3.0,3.0,0.0,0.0,0.0,0.0,0.0,0.0,0.0,0.0,8
0.0,0.0,2005,5.0,18.0,9.0,0.0,0.0,0.0,0.0,0.0,0.0,0.0,0.0,32
0.0,0.0,2005,1.0,0.0,0.0,0.0,0.0,0.0,0.0,0.0,0.0,0.0,0.0,1
0.0,0.0,2005,8.0,1.0,3.0,0.0,0.0,0.0,0.0,0.0,0.0,0.0,2.0,14
0.0,0.0,2005,10.0,33.0,53.0,0.0,0.0,0.0,0.0,0.0,0.0,0.0,0.0,96
0.0,0.0,2005,2.0,2.0,3.0,0.0,0.0,0.0,0.0,0.0,0.0,0.0,14.0,21
0.0,0.0,2005,0.0,1.0,2.0,0.0,0.0,0.0,0.0,0.0,0.0,0.0,1.0,4
0.0,0.0,2005,1.0,4.0,12.0,0.0,0.0,0.0,0.0,0.0,0.0,0.0,3.0,20
0.0,0.0,2005,14.0,7.0,10.0,0.0,0.0,0.0,0.0,0.0,0.0,0.0,7.0,38
0.0,0.0,2005,0.0,8.0,16.0,0.0,0.0,0.0,0.0,0.0,0.0,0.0,10.0,34
0.0,0.0,2005,390.0,394.0,749.0,0.0,2.0,0.0,3.0,0.0,0.0,4.0,259.0,1801
0.0,0.0,2005,0.0,0.0,0.0,0.0,0.0,0.0,0.0,0.0,0.0,0.0,2.0,2
0.0,0.0,2005,0.0,0.0,1.0,0.0,0.0,0.0,0.0,0.0,0.0,0.0,0.0,1
0.0,0.0,2005,0.0,0.0,0.0,0.0,0.0,0.0,0.0,0.0,0.0,0.0,0.0,0
0.0,0.0,2005,0.0,0.0,0.0,0.0,0.0,0.0,0.0,0.0,0.0,0.0,0.0,0
0.0,0.0,2005,2.0,4.0,39.0,0.0,0.0,0.0,0.0,0.0,0.0,0.0,0.0,45
0.0,0.0,2005,4.0,13.0,0.0,0.0,0.0,0.0,9.0,0.0,0.0,0.0,0.0,26
0.0,0.0,2005,0.0,0.0,0.0,0.0,0.0,0.0,0.0,0.0,0.0,0.0,0.0,0
0.0,0.0,2005,0.0,0.0,0.0,0.0,0.0,0.0,0.0,0.0,0.0,0.0,0.0,0
0.0,0.0,2005,0.0,0.0,0.0,0.0,0.0,0.0,0.0,0.0,0.0,0.0,0.0,0
0.0,0.0,2005,0.0,0.0,0.0,0.0,0.0,0.0,0.0,0.0,0.0,0.0,0.0,0
0.0,0.0,2005,0.0,0.0,0.0,0.0,0.0,0.0,0.0,0.0,0.0,0.0,0.0,0
0.0,0.0,2005,0.0,0.0,0.0,0.0,0.0,0.0,0.0,0.0,0.0,0.0,0.0,0
0.0,0.0,2005,0.0,1.0,1.0,0.0,0.0,0.0,0.0,0.0,0.0,0.0,0.0,2
0.0,0.0,2005,6.0,18.0,41.0,0.0,0.0,0.0,9.0,0.0,0.0,0.0,2.0,76
0.0,0.0,2005,0.0,0.0,1.0,0.0,0.0,0.0,0.0,0.0,15.0,0.0,0.0,16
0.0,0.0,2005,0.0,0.0,2.0,0.0,0.0,0.0,0.0,0.0,0.0,0.0,0.0,2
0.0,0.0,2005,0.0,0.0,0.0,0.0,0.0,0.0,0.0,0.0,0.0,0.0,0.0,0
0.0,0.0,2005,0.0,0.0,0.0,0.0,0.0,0.0,0.0,0.0,0.0,0.0,0.0,0
0.0,0.0,2005,0.0,0.0,0.0,0.0,0.0,0.0,0.0,0.0,0.0,0.0,0.0,0
0.0,0.0,2005,0.0,0.0,0.0,0.0,0.0,0.0,0.0,0.0,0.0,0.0,0.0,0
0.0,0.0,2005,0.0,0.0,0.0,0.0,0.0,0.0,7.0,1.0,2.0,0.0,0.0,10
0.0,0.0,2005,0.0,0.0,18.0,0.0,1.0,0.0,1.0,0.0,0.0,0.0,0.0,20
0.0,0.0,2005,0.0,0.0,0.0,0.0,0.0,0.0,0.0,0.0,1.0,0.0,0.0,1
0.0,0.0,2005,0.0,0.0,0.0,0.0,0.0,0.0,0.0,0.0,0.0,0.0,0.0,0
0.0,0.0,2005,0.0,0.0,3.0,0.0,0.0,0.0,0.0,0.0,0.0,0.0,0.0,3
0.0,0.0,2005,0.0,0.0,0.0,0.0,0.0,0.0,0.0,0.0,0.0,0.0,0.0,0
0.0,0.0,2005,0.0,0.0,2.0,0.0,0.0,0.0,1.0,0.0,0.0,0.0,0.0,3
0.0,0.0,2005,0.0,0.0,0.0,0.0,0.0,0.0,0.0,0.0,2.0,0.0,0.0,2
0.0,0.0,2005,0.0,0.0,0.0,0.0,0.0,0.0,0.0,0.0,0.0,0.0,0.0,0
0.0,0.0,2005,2.0,6.0,43.0,0.0,0.0,0.0,9.0,1.0,1.0,0.0,57.0,119
0.0,0.0,2005,0.0,0.0,24.0,0.0,0.0,0.0,0.0,0.0,0.0,0.0,0.0,24
0.0,0.0,2005,0.0,0.0,2.0,0.0,0.0,0.0,0.0,0.0,17.0,2.0,0.0,21
0.0,0.0,2005,0.0,0.0,1.0,0.0,0.0,0.0,1.0,0.0,2.0,0.0,0.0,4
0.0,0.0,2005,0.0,0.0,0.0,0.0,0.0,0.0,0.0,0.0,0.0,0.0,0.0,0
0.0,0.0,2005,0.0,0.0,6.0,0.0,0.0,0.0,0.0,0.0,0.0,0.0,0.0,6
0.0,0.0,2005,0.0,0.0,0.0,0.0,0.0,0.0,0.0,0.0,0.0,0.0,0.0,0
0.0,0.0,2005,0.0,0.0,0.0,0.0,0.0,0.0,0.0,0.0,0.0,0.0,0.0,0
0.0,0.0,2005,0.0,0.0,0.0,0.0,0.0,0.0,0.0,0.0,1.0,0.0,0.0,1
0.0,0.0,2005,0.0,0.0,0.0,0.0,0.0,0.0,1.0,0.0,3.0,0.0,0.0,4
0.0,0.0,2005,2.0,6.0,102.0,0.0,1.0,0.0,20.0,2.0,44.0,2.0,57.0,236
0.0,0.0,2005,1.0,2.0,2.0,0.0,0.0,2.0,0.0,0.0,0.0,0.0,1.0,8
0.0,0.0,2005,0.0,0.0,0.0,0.0,0.0,0.0,0.0,0.0,0.0,0.0,0.0,0
0.0,0.0,2005,1.0,2.0,2.0,0.0,0.0,2.0,0.0,0.0,0.0,0.0,1.0,8
0.0,0.0,2005,3.0,21.0,23.0,0.0,0.0,7.0,0.0,0.0,0.0,0.0,3.0,57
0.0,0.0,2005,3.0,21.0,23.0,0.0,0.0,7.0,0.0,0.0,0.0,0.0,3.0,57
0.0,0.0,2005,1.0,0.0,4.0,0.0,0.0,0.0,0.0,0.0,0.0,0.0,0.0,5
0.0,0.0,2005,1.0,0.0,4.0,0.0,0.0,0.0,0.0,0.0,0.0,0.0,0.0,5
0.0,0.0,2005,0.0,1.0,2.0,0.0,0.0,1.0,0.0,0.0,0.0,0.0,0.0,4
0.0,0.0,2005,1.0,0.0,0.0,0.0,0.0,0.0,0.0,0.0,0.0,0.0,0.0,1
0.0,0.0,2005,1.0,1.0,2.0,0.0,0.0,1.0,0.0,0.0,0.0,0.0,0.0,5
0.0,0.0,2005,0.0,4.0,16.0,0.0,0.0,1.0,0.0,0.0,0.0,0.0,7.0,28
0.0,0.0,2005,34.0,235.0,507.0,3.0,0.0,47.0,0.0,9.0,0.0,0.0,191.0,1026
0.0,0.0,2005,1.0,0.0,0.0,0.0,0.0,0.0,0.0,0.0,0.0,0.0,0.0,1
0.0,0.0,2005,3.0,18.0,57.0,1.0,0.0,15.0,0.0,8.0,0.0,0.0,20.0,122
0.0,0.0,2005,0.0,0.0,0.0,1.0,0.0,0.0,0.0,0.0,0.0,0.0,1.0,2
0.0,0.0,2005,0.0,0.0,15.0,0.0,0.0,5.0,0.0,0.0,0.0,0.0,7.0,27
0.0,0.0,2005,3.0,6.0,26.0,0.0,0.0,1.0,0.0,0.0,0.0,0.0,3.0,39
0.0,0.0,2005,7.0,31.0,74.0,1.0,0.0,4.0,0.0,1.0,0.0,0.0,61.0,179
0.0,0.0,2005,8.0,97.0,211.0,0.0,0.0,7.0,0.0,0.0,0.0,0.0,42.0,365
0.0,0.0,2005,7.0,28.0,39.0,0.0,0.0,7.0,0.0,0.0,0.0,0.0,20.0,101
0.0,0.0,2005,2.0,26.0,23.0,0.0,0.0,4.0,0.0,0.0,0.0,0.0,16.0,71
0.0,0.0,2005,0.0,0.0,0.0,0.0,0.0,0.0,0.0,0.0,0.0,0.0,0.0,0
0.0,0.0,2005,3.0,25.0,46.0,0.0,0.0,3.0,0.0,0.0,0.0,0.0,14.0,91
0.0,0.0,2005,0.0,0.0,0.0,0.0,0.0,0.0,0.0,0.0,0.0,0.0,0.0,0
0.0,0.0,2005,0.0,0.0,0.0,0.0,0.0,0.0,0.0,0.0,0.0,0.0,0.0,0
0.0,0.0,2005,0.0,3.0,3.0,0.0,0.0,0.0,0.0,0.0,0.0,0.0,2.0,8
0.0,0.0,2005,0.0,3.0,3.0,0.0,0.0,0.0,0.0,0.0,0.0,0.0,2.0,8
0.0,0.0,2006,3.0,6.0,4.0,0.0,0.0,0.0,0.0,0.0,0.0,3.0,3.0,19
0.0,0.0,2006,0.0,7.0,3.0,0.0,0.0,0.0,0.0,0.0,3.0,0.0,0.0,13
0.0,0.0,2006,3.0,14.0,17.0,0.0,0.0,0.0,0.0,0.0,0.0,0.0,0.0,34
0.0,0.0,2006,3.0,17.0,32.0,0.0,1.0,0.0,0.0,0.0,0.0,0.0,0.0,53
0.0,0.0,2006,1.0,6.0,1.0,0.0,1.0,0.0,0.0,0.0,1.0,0.0,1.0,11
0.0,0.0,2006,0.0,0.0,7.0,0.0,0.0,0.0,0.0,0.0,0.0,0.0,0.0,7
0.0,0.0,2006,0.0,0.0,0.0,0.0,0.0,0.0,0.0,0.0,0.0,0.0,0.0,0
0.0,0.0,2006,4.0,35.0,35.0,0.0,0.0,0.0,0.0,3.0,0.0,0.0,0.0,77
0.0,0.0,2006,4.0,44.0,40.0,0.0,0.0,58.0,0.0,0.0,1.0,0.0,0.0,147
0.0,0.0,2006,0.0,44.0,78.0,1.0,0.0,5.0,1.0,0.0,1.0,3.0,11.0,144
0.0,0.0,2006,4.0,21.0,25.0,0.0,0.0,0.0,0.0,0.0,0.0,0.0,0.0,50
0.0,0.0,2006,6.0,20.0,2.0,0.0,0.0,0.0,0.0,0.0,0.0,1.0,3.0,32
0.0,0.0,2006,0.0,2.0,8.0,0.0,0.0,0.0,0.0,0.0,0.0,2.0,0.0,12
0.0,0.0,2006,0.0,11.0,6.0,4.0,1.0,4.0,0.0,0.0,0.0,0.0,6.0,32
0.0,0.0,2006,13.0,29.0,18.0,0.0,0.0,0.0,7.0,0.0,0.0,3.0,0.0,70
0.0,0.0,2006,0.0,42.0,53.0,0.0,0.0,5.0,0.0,0.0,0.0,3.0,0.0,103
0.0,0.0,2006,1.0,18.0,6.0,0.0,1.0,0.0,27.0,0.0,0.0,0.0,125.0,178
0.0,0.0,2006,0.0,9.0,6.0,0.0,0.0,4.0,0.0,2.0,0.0,0.0,0.0,21
0.0,0.0,2006,0.0,5.0,5.0,0.0,0.0,1.0,0.0,0.0,0.0,0.0,5.0,16
0.0,0.0,2006,0.0,0.0,0.0,0.0,0.0,0.0,0.0,0.0,0.0,1.0,0.0,1
0.0,0.0,2006,0.0,0.0,0.0,0.0,0.0,0.0,0.0,0.0,0.0,0.0,0.0,0
0.0,0.0,2006,0.0,0.0,0.0,0.0,0.0,0.0,0.0,0.0,0.0,0.0,0.0,0
0.0,0.0,2006,2.0,14.0,32.0,0.0,0.0,10.0,0.0,0.0,0.0,0.0,25.0,83
0.0,0.0,2006,0.0,0.0,0.0,0.0,0.0,0.0,0.0,0.0,0.0,0.0,0.0,0
0.0,0.0,2006,0.0,0.0,0.0,0.0,0.0,0.0,0.0,0.0,0.0,0.0,0.0,0
0.0,0.0,2006,1.0,11.0,28.0,0.0,0.0,0.0,0.0,0.0,0.0,0.0,0.0,40
0.0,0.0,2006,0.0,0.0,0.0,0.0,0.0,0.0,0.0,0.0,0.0,0.0,0.0,0
0.0,0.0,2006,9.0,25.0,59.0,0.0,6.0,0.0,0.0,0.0,0.0,1.0,68.0,168
0.0,0.0,2006,7.0,32.0,33.0,0.0,1.0,2.0,0.0,0.0,0.0,0.0,0.0,75
0.0,0.0,2006,61.0,412.0,498.0,5.0,11.0,89.0,35.0,5.0,6.0,17.0,247.0,1386
0.0,0.0,2006,0.0,0.0,1.0,0.0,0.0,0.0,0.0,0.0,0.0,0.0,0.0,1
0.0,0.0,2006,0.0,0.0,0.0,0.0,0.0,0.0,0.0,0.0,0.0,0.0,0.0,0
0.0,0.0,2006,0.0,0.0,2.0,0.0,0.0,0.0,0.0,0.0,0.0,0.0,0.0,2
0.0,0.0,2006,0.0,0.0,0.0,0.0,0.0,0.0,0.0,0.0,0.0,0.0,0.0,0
0.0,0.0,2006,0.0,0.0,0.0,0.0,0.0,0.0,0.0,0.0,0.0,0.0,0.0,0
0.0,0.0,2006,0.0,0.0,1.0,0.0,0.0,0.0,0.0,0.0,0.0,0.0,0.0,1
0.0,0.0,2006,0.0,0.0,8.0,0.0,0.0,0.0,0.0,0.0,0.0,0.0,0.0,8
0.0,0.0,2006,0.0,0.0,4.0,0.0,0.0,0.0,0.0,0.0,0.0,0.0,0.0,4
0.0,0.0,2006,0.0,0.0,2.0,0.0,0.0,0.0,0.0,0.0,0.0,0.0,0.0,2
0.0,0.0,2006,0.0,0.0,3.0,0.0,0.0,0.0,0.0,0.0,0.0,0.0,0.0,3
0.0,0.0,2006,0.0,0.0,3.0,0.0,0.0,0.0,0.0,0.0,0.0,0.0,0.0,3
0.0,0.0,2006,0.0,0.0,2.0,0.0,0.0,0.0,0.0,0.0,0.0,0.0,0.0,2
0.0,0.0,2006,0.0,0.0,0.0,0.0,0.0,0.0,0.0,0.0,0.0,0.0,0.0,0
0.0,0.0,2006,0.0,0.0,1.0,0.0,0.0,0.0,0.0,0.0,0.0,0.0,0.0,1
0.0,0.0,2006,0.0,0.0,0.0,0.0,0.0,0.0,0.0,0.0,0.0,0.0,0.0,0
0.0,0.0,2006,0.0,0.0,27.0,0.0,0.0,0.0,0.0,0.0,0.0,0.0,0.0,27
0.0,0.0,2006,0.0,0.0,0.0,0.0,0.0,0.0,0.0,0.0,0.0,0.0,0.0,0
0.0,0.0,2006,0.0,0.0,0.0,0.0,0.0,0.0,0.0,0.0,0.0,0.0,0.0,0
0.0,0.0,2006,0.0,0.0,0.0,0.0,0.0,0.0,0.0,0.0,0.0,0.0,0.0,0
0.0,0.0,2006,0.0,0.0,0.0,0.0,0.0,0.0,0.0,0.0,0.0,0.0,0.0,0
0.0,0.0,2006,0.0,0.0,0.0,0.0,0.0,0.0,0.0,0.0,0.0,0.0,0.0,0
0.0,0.0,2006,0.0,0.0,0.0,0.0,0.0,0.0,0.0,0.0,0.0,0.0,0.0,0
0.0,0.0,2006,3.0,13.0,8.0,0.0,0.0,0.0,0.0,0.0,0.0,0.0,1.0,25
0.0,0.0,2006,0.0,0.0,0.0,0.0,0.0,0.0,0.0,0.0,0.0,0.0,0.0,0
0.0,0.0,2006,0.0,0.0,0.0,0.0,0.0,0.0,0.0,0.0,0.0,1.0,0.0,1
0.0,0.0,2006,1.0,3.0,0.0,0.0,0.0,0.0,0.0,0.0,0.0,0.0,0.0,4
0.0,0.0,2006,0.0,0.0,0.0,0.0,0.0,0.0,0.0,0.0,0.0,0.0,0.0,0
0.0,0.0,2006,0.0,12.0,4.0,0.0,0.0,0.0,0.0,0.0,0.0,0.0,0.0,16
0.0,0.0,2006,0.0,0.0,0.0,0.0,0.0,0.0,0.0,0.0,0.0,0.0,0.0,0
0.0,0.0,2006,0.0,5.0,0.0,0.0,0.0,0.0,0.0,0.0,0.0,0.0,0.0,5
0.0,0.0,2006,0.0,0.0,0.0,0.0,0.0,0.0,0.0,0.0,0.0,0.0,0.0,0
0.0,0.0,2006,0.0,0.0,0.0,0.0,0.0,0.0,0.0,0.0,0.0,0.0,0.0,0
0.0,0.0,2006,0.0,0.0,0.0,0.0,0.0,0.0,0.0,0.0,0.0,0.0,0.0,0
0.0,0.0,2006,1.0,0.0,7.0,0.0,0.0,0.0,0.0,0.0,0.0,0.0,0.0,8
0.0,0.0,2006,0.0,0.0,0.0,0.0,0.0,0.0,0.0,0.0,0.0,0.0,0.0,0
0.0,0.0,2006,0.0,0.0,0.0,0.0,0.0,0.0,0.0,0.0,0.0,0.0,0.0,0
0.0,0.0,2006,0.0,21.0,0.0,0.0,0.0,0.0,0.0,0.0,0.0,0.0,0.0,21
0.0,0.0,2006,0.0,0.0,0.0,0.0,0.0,0.0,0.0,0.0,0.0,0.0,0.0,0
0.0,0.0,2006,0.0,0.0,0.0,0.0,0.0,0.0,0.0,0.0,0.0,0.0,0.0,0
0.0,0.0,2006,3.0,3.0,4.0,0.0,0.0,0.0,0.0,0.0,0.0,0.0,106.0,116
0.0,0.0,2006,0.0,0.0,0.0,0.0,0.0,0.0,0.0,0.0,0.0,0.0,0.0,0
0.0,0.0,2006,0.0,0.0,0.0,0.0,0.0,0.0,0.0,0.0,0.0,0.0,0.0,0
0.0,0.0,2006,0.0,3.0,0.0,0.0,0.0,0.0,0.0,0.0,0.0,0.0,0.0,3
0.0,0.0,2006,3.0,1.0,2.0,1.0,5.0,0.0,0.0,0.0,1.0,0.0,40.0,53
0.0,0.0,2006,0.0,0.0,0.0,0.0,0.0,0.0,0.0,0.0,0.0,0.0,0.0,0
0.0,0.0,2006,0.0,0.0,0.0,0.0,0.0,0.0,0.0,0.0,0.0,0.0,0.0,0
0.0,0.0,2006,11.0,61.0,25.0,1.0,5.0,0.0,0.0,0.0,1.0,1.0,147.0,252
0.0,0.0,2006,2.0,0.0,0.0,0.0,0.0,0.0,0.0,0.0,0.0,0.0,2.0,4
0.0,0.0,2006,0.0,0.0,0.0,0.0,0.0,0.0,0.0,0.0,0.0,0.0,0.0,0
0.0,0.0,2006,0.0,0.0,0.0,0.0,0.0,0.0,0.0,0.0,0.0,0.0,0.0,0
0.0,0.0,2006,0.0,0.0,0.0,0.0,0.0,0.0,0.0,0.0,0.0,0.0,0.0,0
0.0,0.0,2006,0.0,0.0,0.0,0.0,0.0,0.0,0.0,0.0,0.0,0.0,0.0,0
0.0,0.0,2006,0.0,0.0,0.0,0.0,0.0,0.0,0.0,0.0,0.0,1.0,0.0,1
0.0,0.0,2006,0.0,0.0,0.0,0.0,0.0,0.0,0.0,0.0,0.0,0.0,0.0,0
0.0,0.0,2006,0.0,3.0,0.0,0.0,0.0,0.0,0.0,0.0,0.0,0.0,0.0,3
0.0,0.0,2006,0.0,0.0,0.0,0.0,0.0,0.0,0.0,0.0,0.0,0.0,0.0,0
0.0,0.0,2006,0.0,0.0,0.0,0.0,0.0,0.0,0.0,0.0,0.0,0.0,0.0,0
0.0,0.0,2006,0.0,0.0,0.0,0.0,0.0,0.0,0.0,0.0,0.0,0.0,0.0,0
0.0,0.0,2006,0.0,0.0,0.0,0.0,0.0,0.0,0.0,0.0,0.0,0.0,0.0,0
0.0,0.0,2006,0.0,2.0,0.0,0.0,0.0,0.0,0.0,0.0,0.0,0.0,0.0,2
0.0,0.0,2006,0.0,0.0,0.0,0.0,0.0,0.0,0.0,0.0,0.0,0.0,0.0,0
0.0,0.0,2006,0.0,0.0,0.0,0.0,0.0,0.0,0.0,0.0,0.0,0.0,0.0,0
0.0,0.0,2006,0.0,0.0,0.0,0.0,0.0,0.0,0.0,0.0,0.0,0.0,0.0,0
0.0,0.0,2006,0.0,1.0,0.0,0.0,0.0,0.0,0.0,0.0,0.0,0.0,2.0,3
0.0,0.0,2006,0.0,0.0,0.0,0.0,0.0,0.0,0.0,0.0,0.0,0.0,0.0,0
0.0,0.0,2006,0.0,0.0,0.0,0.0,0.0,0.0,0.0,0.0,0.0,0.0,0.0,0
0.0,0.0,2006,0.0,0.0,0.0,0.0,0.0,0.0,0.0,0.0,0.0,0.0,0.0,0
0.0,0.0,2006,0.0,0.0,0.0,0.0,0.0,0.0,2.0,0.0,0.0,0.0,0.0,2
0.0,0.0,2006,5.0,3.0,11.0,0.0,0.0,0.0,0.0,0.0,0.0,0.0,0.0,19
0.0,0.0,2006,0.0,0.0,0.0,0.0,0.0,0.0,0.0,0.0,0.0,0.0,0.0,0
0.0,0.0,2006,0.0,0.0,0.0,0.0,0.0,0.0,0.0,0.0,0.0,0.0,0.0,0
0.0,0.0,2006,3.0,0.0,2.0,0.0,0.0,0.0,0.0,0.0,0.0,0.0,0.0,5
0.0,0.0,2006,0.0,0.0,0.0,0.0,0.0,0.0,0.0,0.0,0.0,0.0,0.0,0
0.0,0.0,2006,0.0,0.0,0.0,0.0,0.0,0.0,0.0,0.0,0.0,0.0,0.0,0
0.0,0.0,2006,0.0,0.0,0.0,0.0,0.0,0.0,0.0,0.0,0.0,0.0,0.0,0
0.0,0.0,2006,1.0,4.0,3.0,0.0,0.0,0.0,0.0,0.0,0.0,0.0,2.0,10
0.0,0.0,2006,0.0,0.0,0.0,0.0,0.0,0.0,0.0,0.0,0.0,0.0,0.0,0
0.0,0.0,2006,0.0,0.0,0.0,0.0,0.0,0.0,0.0,0.0,0.0,1.0,0.0,1
0.0,0.0,2006,0.0,3.0,5.0,0.0,0.0,0.0,0.0,0.0,0.0,0.0,0.0,8
0.0,0.0,2006,0.0,0.0,0.0,0.0,0.0,0.0,0.0,0.0,0.0,0.0,0.0,0
0.0,0.0,2006,0.0,0.0,0.0,0.0,0.0,0.0,0.0,0.0,0.0,0.0,0.0,0
0.0,0.0,2006,0.0,0.0,0.0,0.0,0.0,0.0,0.0,0.0,0.0,0.0,0.0,0
0.0,0.0,2006,1.0,1.0,3.0,0.0,0.0,0.0,2.0,0.0,0.0,0.0,0.0,7
0.0,0.0,2006,0.0,0.0,0.0,0.0,0.0,0.0,0.0,0.0,0.0,0.0,0.0,0
0.0,0.0,2006,0.0,0.0,0.0,0.0,0.0,0.0,0.0,0.0,0.0,0.0,0.0,0
0.0,0.0,2006,0.0,0.0,0.0,0.0,0.0,0.0,0.0,0.0,0.0,0.0,0.0,0
0.0,0.0,2006,0.0,0.0,0.0,0.0,0.0,0.0,0.0,0.0,0.0,0.0,0.0,0
0.0,0.0,2006,0.0,0.0,1.0,0.0,0.0,0.0,0.0,0.0,0.0,0.0,0.0,1
0.0,0.0,2006,0.0,0.0,0.0,0.0,0.0,0.0,0.0,0.0,0.0,0.0,0.0,0
0.0,0.0,2006,0.0,0.0,0.0,0.0,0.0,0.0,0.0,0.0,0.0,0.0,0.0,0
0.0,0.0,2006,0.0,0.0,0.0,0.0,0.0,0.0,0.0,0.0,0.0,0.0,0.0,0
0.0,0.0,2006,12.0,17.0,25.0,0.0,0.0,0.0,4.0,0.0,0.0,2.0,6.0,66
0.0,0.0,2006,0.0,11.0,1.0,0.0,0.0,0.0,0.0,0.0,0.0,0.0,0.0,12
0.0,0.0,2006,4.0,21.0,5.0,0.0,0.0,2.0,0.0,0.0,0.0,0.0,49.0,81
0.0,0.0,2006,0.0,5.0,1.0,0.0,0.0,0.0,0.0,0.0,0.0,0.0,1.0,7
0.0,0.0,2006,2.0,5.0,6.0,0.0,0.0,0.0,0.0,0.0,0.0,0.0,14.0,27
0.0,0.0,2006,1.0,8.0,3.0,0.0,0.0,0.0,0.0,0.0,0.0,0.0,50.0,62
0.0,0.0,2006,6.0,64.0,18.0,0.0,0.0,7.0,0.0,0.0,0.0,0.0,133.0,228
0.0,0.0,2006,1.0,0.0,0.0,0.0,0.0,0.0,0.0,0.0,0.0,0.0,5.0,6
0.0,0.0,2006,3.0,42.0,7.0,2.0,0.0,0.0,0.0,0.0,0.0,1.0,0.0,55
0.0,0.0,2006,2.0,15.0,5.0,0.0,0.0,1.0,0.0,0.0,0.0,0.0,58.0,81
0.0,0.0,2006,4.0,20.0,4.0,0.0,0.0,1.0,0.0,0.0,0.0,0.0,20.0,49
0.0,0.0,2006,1.0,5.0,1.0,0.0,0.0,0.0,0.0,0.0,0.0,1.0,50.0,58
0.0,0.0,2006,0.0,0.0,0.0,0.0,0.0,1.0,0.0,0.0,0.0,0.0,0.0,1
0.0,0.0,2006,2.0,15.0,3.0,0.0,0.0,0.0,0.0,0.0,0.0,1.0,14.0,35
0.0,0.0,2006,2.0,24.0,3.0,0.0,0.0,1.0,0.0,0.0,0.0,0.0,49.0,79
0.0,0.0,2006,2.0,15.0,2.0,0.0,0.0,0.0,0.0,0.0,0.0,0.0,24.0,43
0.0,0.0,2006,0.0,0.0,0.0,0.0,0.0,0.0,0.0,0.0,0.0,0.0,0.0,0
0.0,0.0,2006,8.0,19.0,5.0,0.0,0.0,0.0,0.0,0.0,0.0,1.0,1.0,34
0.0,0.0,2006,6.0,82.0,31.0,3.0,1.0,1.0,0.0,0.0,0.0,1.0,40.0,165
0.0,0.0,2006,2.0,43.0,7.0,0.0,0.0,0.0,0.0,0.0,0.0,0.0,62.0,114
0.0,0.0,2006,2.0,40.0,10.0,0.0,0.0,0.0,0.0,0.0,0.0,0.0,26.0,78
0.0,0.0,2006,0.0,14.0,1.0,0.0,0.0,0.0,0.0,0.0,0.0,0.0,8.0,23
0.0,0.0,2006,48.0,448.0,113.0,5.0,1.0,14.0,0.0,0.0,0.0,5.0,604.0,1238
0.0,0.0,2006,3.0,5.0,5.0,0.0,1.0,5.0,1.0,0.0,0.0,0.0,5.0,25
0.0,0.0,2006,0.0,9.0,5.0,0.0,0.0,3.0,0.0,0.0,0.0,0.0,12.0,29
0.0,0.0,2006,3.0,14.0,10.0,0.0,1.0,8.0,1.0,0.0,0.0,0.0,17.0,54
0.0,0.0,2006,3.0,14.0,21.0,0.0,0.0,33.0,1.0,0.0,0.0,0.0,87.0,159
0.0,0.0,2006,1.0,2.0,1.0,0.0,0.0,0.0,0.0,0.0,0.0,0.0,6.0,10
0.0,0.0,2006,0.0,2.0,0.0,0.0,0.0,0.0,0.0,0.0,0.0,0.0,0.0,2
0.0,0.0,2006,3.0,10.0,21.0,5.0,0.0,0.0,0.0,0.0,0.0,1.0,4.0,44
0.0,0.0,2006,5.0,6.0,20.0,0.0,0.0,5.0,1.0,0.0,0.0,0.0,1.0,38
0.0,0.0,2006,1.0,5.0,7.0,0.0,0.0,1.0,0.0,0.0,0.0,1.0,1.0,16
0.0,0.0,2006,8.0,16.0,104.0,1.0,0.0,12.0,0.0,0.0,0.0,2.0,27.0,170
0.0,0.0,2006,0.0,0.0,0.0,0.0,0.0,0.0,0.0,0.0,0.0,2.0,3.0,5
0.0,0.0,2006,2.0,3.0,6.0,0.0,0.0,1.0,0.0,0.0,0.0,0.0,0.0,12
0.0,0.0,2006,0.0,0.0,0.0,0.0,0.0,0.0,0.0,0.0,0.0,3.0,3.0,6
0.0,0.0,2006,3.0,0.0,0.0,0.0,0.0,0.0,7.0,0.0,0.0,0.0,0.0,10
0.0,0.0,2006,11.0,2.0,0.0,0.0,0.0,12.0,0.0,0.0,0.0,0.0,20.0,45
0.0,0.0,2006,2.0,3.0,16.0,0.0,0.0,9.0,0.0,0.0,0.0,0.0,0.0,30
0.0,0.0,2006,3.0,3.0,20.0,0.0,0.0,8.0,0.0,0.0,0.0,0.0,8.0,42
0.0,0.0,2006,2.0,1.0,8.0,0.0,0.0,3.0,0.0,0.0,0.0,0.0,8.0,22
0.0,0.0,2006,0.0,0.0,0.0,0.0,0.0,0.0,0.0,0.0,0.0,0.0,0.0,0
0.0,0.0,2006,1.0,1.0,0.0,0.0,0.0,2.0,0.0,0.0,0.0,0.0,0.0,4
0.0,0.0,2006,1.0,1.0,0.0,0.0,0.0,0.0,0.0,0.0,0.0,0.0,11.0,13
0.0,0.0,2006,0.0,0.0,0.0,0.0,0.0,0.0,0.0,0.0,0.0,0.0,0.0,0
0.0,0.0,2006,1.0,2.0,4.0,0.0,0.0,7.0,0.0,0.0,0.0,0.0,0.0,14
0.0,0.0,2006,0.0,0.0,2.0,0.0,0.0,3.0,0.0,0.0,0.0,0.0,3.0,8
0.0,0.0,2006,7.0,3.0,18.0,0.0,1.0,12.0,0.0,0.0,0.0,0.0,0.0,41
0.0,0.0,2006,8.0,5.0,17.0,0.0,0.0,5.0,0.0,0.0,0.0,0.0,6.0,41
0.0,0.0,2006,5.0,12.0,18.0,0.0,0.0,16.0,0.0,0.0,0.0,0.0,15.0,66
0.0,0.0,2006,2.0,4.0,6.0,0.0,0.0,0.0,0.0,0.0,0.0,0.0,0.0,12
0.0,0.0,2006,3.0,10.0,15.0,0.0,0.0,4.0,0.0,0.0,0.0,0.0,26.0,58
0.0,0.0,2006,2.0,3.0,39.0,0.0,0.0,3.0,0.0,0.0,0.0,1.0,6.0,54
0.0,0.0,2006,6.0,4.0,13.0,0.0,0.0,6.0,0.0,0.0,0.0,2.0,1.0,32
0.0,0.0,2006,3.0,0.0,4.0,0.0,0.0,0.0,0.0,0.0,0.0,0.0,0.0,7
0.0,0.0,2006,4.0,0.0,0.0,0.0,0.0,8.0,0.0,0.0,0.0,0.0,4.0,16
0.0,0.0,2006,87.0,112.0,360.0,6.0,1.0,150.0,9.0,0.0,0.0,12.0,240.0,977
0.0,0.0,2006,0.0,0.0,0.0,0.0,0.0,0.0,0.0,0.0,0.0,0.0,0.0,0
0.0,0.0,2006,0.0,0.0,0.0,0.0,0.0,0.0,0.0,0.0,0.0,0.0,0.0,0
0.0,0.0,2006,17.0,46.0,58.0,4.0,0.0,0.0,0.0,0.0,0.0,0.0,29.0,154
0.0,0.0,2006,2.0,1.0,0.0,1.0,0.0,0.0,0.0,0.0,0.0,0.0,3.0,7
0.0,0.0,2006,0.0,0.0,0.0,0.0,0.0,0.0,0.0,0.0,0.0,0.0,0.0,0
0.0,0.0,2006,1.0,16.0,36.0,0.0,0.0,4.0,0.0,0.0,0.0,0.0,0.0,57
0.0,0.0,2006,0.0,0.0,0.0,0.0,0.0,0.0,0.0,0.0,0.0,0.0,0.0,0
0.0,0.0,2006,0.0,0.0,0.0,0.0,0.0,0.0,0.0,0.0,0.0,0.0,0.0,0
0.0,0.0,2006,0.0,0.0,0.0,0.0,0.0,0.0,0.0,0.0,0.0,0.0,0.0,0
0.0,0.0,2006,0.0,0.0,0.0,0.0,0.0,0.0,0.0,0.0,0.0,0.0,0.0,0
0.0,0.0,2006,4.0,49.0,28.0,1.0,0.0,4.0,0.0,0.0,0.0,5.0,23.0,114
0.0,0.0,2006,0.0,0.0,0.0,0.0,0.0,0.0,0.0,0.0,0.0,1.0,0.0,1
0.0,0.0,2006,1.0,0.0,0.0,0.0,0.0,0.0,0.0,0.0,0.0,1.0,0.0,2
0.0,0.0,2006,1.0,11.0,2.0,2.0,0.0,5.0,0.0,0.0,0.0,0.0,0.0,21
0.0,0.0,2006,0.0,0.0,0.0,0.0,0.0,0.0,0.0,0.0,0.0,0.0,0.0,0
0.0,0.0,2006,0.0,0.0,0.0,0.0,0.0,0.0,0.0,0.0,0.0,0.0,0.0,0
0.0,0.0,2006,2.0,46.0,29.0,0.0,0.0,9.0,0.0,0.0,0.0,0.0,3.0,89
0.0,0.0,2006,1.0,5.0,2.0,0.0,0.0,0.0,0.0,0.0,0.0,0.0,0.0,8
0.0,0.0,2006,0.0,0.0,0.0,0.0,0.0,0.0,0.0,0.0,0.0,0.0,0.0,0
0.0,0.0,2006,0.0,2.0,3.0,1.0,0.0,2.0,0.0,0.0,0.0,0.0,1.0,9
0.0,0.0,2006,0.0,0.0,0.0,0.0,0.0,0.0,0.0,0.0,0.0,0.0,0.0,0
0.0,0.0,2006,0.0,0.0,0.0,0.0,0.0,0.0,0.0,0.0,0.0,0.0,0.0,0
0.0,0.0,2006,29.0,176.0,158.0,9.0,0.0,24.0,0.0,0.0,0.0,7.0,59.0,462
0.0,0.0,2006,0.0,5.0,0.0,0.0,0.0,0.0,0.0,0.0,0.0,0.0,0.0,5
0.0,0.0,2006,0.0,0.0,1.0,0.0,0.0,0.0,0.0,0.0,0.0,0.0,0.0,1
0.0,0.0,2006,0.0,0.0,0.0,0.0,0.0,0.0,0.0,0.0,0.0,0.0,0.0,0
0.0,0.0,2006,1.0,1.0,2.0,0.0,0.0,0.0,0.0,0.0,0.0,0.0,2.0,6
0.0,0.0,2006,0.0,8.0,15.0,5.0,0.0,3.0,0.0,0.0,0.0,0.0,3.0,34
0.0,0.0,2006,0.0,0.0,1.0,0.0,0.0,0.0,0.0,0.0,0.0,0.0,0.0,1
0.0,0.0,2006,0.0,2.0,4.0,0.0,1.0,0.0,0.0,0.0,0.0,1.0,2.0,10
0.0,0.0,2006,0.0,0.0,0.0,0.0,0.0,0.0,0.0,0.0,0.0,0.0,0.0,0
0.0,0.0,2006,0.0,3.0,0.0,0.0,0.0,2.0,0.0,0.0,0.0,0.0,1.0,6
0.0,0.0,2006,0.0,11.0,14.0,0.0,0.0,4.0,0.0,0.0,0.0,0.0,2.0,31
0.0,0.0,2006,0.0,1.0,4.0,0.0,0.0,0.0,0.0,0.0,0.0,0.0,4.0,9
0.0,0.0,2006,2.0,4.0,10.0,0.0,0.0,0.0,2.0,0.0,0.0,0.0,2.0,20
0.0,0.0,2006,1.0,6.0,1.0,0.0,0.0,3.0,0.0,0.0,0.0,0.0,2.0,13
0.0,0.0,2006,4.0,41.0,52.0,5.0,1.0,12.0,2.0,0.0,0.0,1.0,18.0,136
0.0,0.0,2006,0.0,4.0,67.0,0.0,0.0,0.0,0.0,0.0,0.0,0.0,0.0,71
0.0,0.0,2006,0.0,0.0,0.0,0.0,0.0,0.0,0.0,0.0,0.0,0.0,0.0,0
0.0,0.0,2006,0.0,0.0,0.0,0.0,0.0,0.0,0.0,0.0,0.0,0.0,0.0,0
0.0,0.0,2006,0.0,1.0,1.0,0.0,0.0,0.0,0.0,0.0,0.0,0.0,1.0,3
0.0,0.0,2006,0.0,0.0,0.0,0.0,0.0,0.0,0.0,0.0,0.0,0.0,0.0,0
0.0,0.0,2006,0.0,0.0,0.0,0.0,0.0,0.0,0.0,0.0,0.0,0.0,0.0,0
0.0,0.0,2006,0.0,0.0,0.0,0.0,0.0,0.0,0.0,0.0,0.0,0.0,0.0,0
0.0,0.0,2006,0.0,0.0,0.0,0.0,0.0,0.0,0.0,0.0,0.0,0.0,0.0,0
0.0,0.0,2006,0.0,0.0,0.0,0.0,0.0,0.0,0.0,0.0,0.0,0.0,0.0,0
0.0,0.0,2006,0.0,0.0,0.0,0.0,0.0,0.0,0.0,0.0,0.0,0.0,0.0,0
0.0,0.0,2006,0.0,0.0,1.0,0.0,0.0,0.0,0.0,0.0,0.0,0.0,0.0,1
0.0,0.0,2006,0.0,0.0,0.0,0.0,0.0,0.0,0.0,0.0,0.0,0.0,0.0,0
0.0,0.0,2006,0.0,3.0,2.0,0.0,0.0,0.0,0.0,0.0,0.0,0.0,0.0,5
0.0,0.0,2006,0.0,0.0,0.0,0.0,0.0,0.0,0.0,0.0,0.0,0.0,0.0,0
0.0,0.0,2006,0.0,0.0,0.0,0.0,0.0,0.0,0.0,0.0,0.0,0.0,0.0,0
0.0,0.0,2006,0.0,0.0,0.0,0.0,0.0,0.0,0.0,0.0,0.0,0.0,0.0,0
0.0,0.0,2006,0.0,0.0,0.0,0.0,0.0,1.0,0.0,0.0,0.0,0.0,0.0,1
0.0,0.0,2006,0.0,0.0,0.0,0.0,0.0,0.0,0.0,0.0,0.0,0.0,0.0,0
0.0,0.0,2006,0.0,0.0,0.0,0.0,0.0,0.0,0.0,0.0,0.0,0.0,0.0,0
0.0,0.0,2006,0.0,0.0,0.0,0.0,0.0,0.0,0.0,0.0,0.0,0.0,0.0,0
0.0,0.0,2006,2.0,0.0,0.0,0.0,0.0,0.0,0.0,0.0,0.0,0.0,0.0,2
0.0,0.0,2006,1.0,0.0,1.0,0.0,0.0,0.0,0.0,0.0,0.0,0.0,0.0,2
0.0,0.0,2006,0.0,0.0,0.0,0.0,0.0,0.0,0.0,0.0,0.0,0.0,0.0,0
0.0,0.0,2006,0.0,0.0,0.0,0.0,0.0,0.0,0.0,0.0,0.0,0.0,0.0,0
0.0,0.0,2006,3.0,8.0,72.0,0.0,0.0,1.0,0.0,0.0,0.0,0.0,1.0,85
0.0,0.0,2006,1.0,0.0,0.0,0.0,0.0,0.0,0.0,0.0,0.0,0.0,0.0,1
0.0,0.0,2006,0.0,0.0,0.0,0.0,0.0,0.0,0.0,0.0,0.0,0.0,0.0,0
0.0,0.0,2006,0.0,0.0,0.0,0.0,0.0,0.0,0.0,0.0,0.0,0.0,0.0,0
0.0,0.0,2006,0.0,0.0,0.0,0.0,0.0,0.0,0.0,0.0,0.0,0.0,0.0,0
0.0,0.0,2006,1.0,1.0,3.0,0.0,0.0,0.0,0.0,0.0,0.0,0.0,27.0,32
0.0,0.0,2006,0.0,0.0,0.0,0.0,0.0,0.0,0.0,0.0,0.0,0.0,0.0,0
0.0,0.0,2006,0.0,0.0,0.0,0.0,0.0,0.0,1.0,0.0,0.0,0.0,1.0,2
0.0,0.0,2006,0.0,0.0,0.0,0.0,0.0,0.0,0.0,0.0,0.0,0.0,3.0,3
0.0,0.0,2006,0.0,0.0,0.0,0.0,0.0,0.0,0.0,0.0,0.0,0.0,0.0,0
0.0,0.0,2006,0.0,0.0,0.0,0.0,0.0,0.0,0.0,0.0,0.0,0.0,0.0,0
0.0,0.0,2006,5.0,22.0,5.0,1.0,0.0,0.0,11.0,0.0,0.0,0.0,5.0,49
0.0,0.0,2006,0.0,0.0,0.0,0.0,0.0,0.0,0.0,0.0,0.0,0.0,0.0,0
0.0,0.0,2006,2.0,4.0,2.0,0.0,0.0,0.0,1.0,0.0,0.0,0.0,0.0,9
0.0,0.0,2006,0.0,0.0,0.0,0.0,0.0,0.0,0.0,0.0,0.0,0.0,0.0,0
0.0,0.0,2006,0.0,0.0,0.0,0.0,0.0,0.0,0.0,0.0,0.0,0.0,0.0,0
0.0,0.0,2006,0.0,0.0,0.0,0.0,0.0,0.0,0.0,0.0,0.0,0.0,0.0,0
0.0,0.0,2006,0.0,0.0,0.0,0.0,0.0,0.0,0.0,0.0,0.0,0.0,0.0,0
0.0,0.0,2006,0.0,0.0,0.0,0.0,0.0,0.0,0.0,0.0,0.0,0.0,0.0,0
0.0,0.0,2006,1.0,0.0,1.0,0.0,0.0,0.0,10.0,0.0,0.0,0.0,0.0,12
0.0,0.0,2006,0.0,0.0,0.0,0.0,0.0,0.0,0.0,0.0,0.0,0.0,0.0,0
0.0,0.0,2006,0.0,1.0,0.0,0.0,0.0,0.0,3.0,0.0,0.0,0.0,0.0,4
0.0,0.0,2006,0.0,0.0,0.0,0.0,0.0,0.0,0.0,0.0,0.0,0.0,0.0,0
0.0,0.0,2006,0.0,0.0,0.0,0.0,0.0,0.0,0.0,0.0,0.0,0.0,0.0,0
0.0,0.0,2006,0.0,0.0,0.0,0.0,0.0,0.0,0.0,0.0,0.0,0.0,0.0,0
0.0,0.0,2006,10.0,28.0,11.0,1.0,0.0,0.0,26.0,0.0,0.0,0.0,36.0,112
0.0,0.0,2006,4.0,10.0,4.0,0.0,0.0,0.0,0.0,0.0,0.0,0.0,0.0,18
0.0,0.0,2006,0.0,0.0,0.0,0.0,0.0,0.0,0.0,0.0,0.0,3.0,0.0,3
0.0,0.0,2006,0.0,0.0,0.0,0.0,0.0,0.0,0.0,0.0,0.0,0.0,0.0,0
0.0,0.0,2006,8.0,10.0,10.0,0.0,0.0,9.0,1.0,0.0,0.0,1.0,0.0,39
0.0,0.0,2006,1.0,0.0,0.0,0.0,0.0,0.0,0.0,0.0,0.0,0.0,0.0,1
0.0,0.0,2006,1.0,5.0,6.0,0.0,0.0,15.0,0.0,0.0,0.0,1.0,0.0,28
0.0,0.0,2006,7.0,11.0,6.0,0.0,0.0,0.0,0.0,0.0,0.0,0.0,0.0,24
0.0,0.0,2006,0.0,0.0,0.0,0.0,0.0,0.0,0.0,0.0,0.0,0.0,0.0,0
0.0,0.0,2006,3.0,0.0,1.0,0.0,0.0,0.0,0.0,0.0,0.0,0.0,1.0,5
0.0,0.0,2006,6.0,2.0,0.0,0.0,0.0,0.0,0.0,0.0,0.0,0.0,0.0,8
0.0,0.0,2006,3.0,7.0,3.0,1.0,0.0,2.0,0.0,0.0,0.0,0.0,1.0,17
0.0,0.0,2006,1.0,0.0,0.0,0.0,0.0,0.0,0.0,0.0,0.0,0.0,0.0,1
0.0,0.0,2006,2.0,2.0,5.0,12.0,0.0,0.0,0.0,0.0,0.0,0.0,0.0,21
0.0,0.0,2006,0.0,0.0,0.0,0.0,0.0,1.0,0.0,0.0,0.0,0.0,0.0,1
0.0,0.0,2006,0.0,0.0,0.0,0.0,0.0,0.0,0.0,0.0,0.0,0.0,0.0,0
0.0,0.0,2006,0.0,0.0,0.0,0.0,0.0,0.0,0.0,0.0,0.0,0.0,0.0,0
0.0,0.0,2006,0.0,0.0,0.0,0.0,0.0,0.0,0.0,0.0,0.0,0.0,0.0,0
0.0,0.0,2006,0.0,0.0,0.0,0.0,0.0,0.0,0.0,0.0,0.0,0.0,0.0,0
0.0,0.0,2006,0.0,0.0,0.0,0.0,0.0,0.0,0.0,0.0,0.0,0.0,0.0,0
0.0,0.0,2006,1.0,4.0,3.0,0.0,0.0,0.0,0.0,0.0,0.0,0.0,3.0,11
0.0,0.0,2006,0.0,0.0,0.0,0.0,0.0,0.0,0.0,0.0,0.0,0.0,3.0,3
0.0,0.0,2006,0.0,0.0,0.0,0.0,0.0,0.0,0.0,0.0,0.0,0.0,0.0,0
0.0,0.0,2006,0.0,0.0,0.0,0.0,0.0,0.0,0.0,0.0,0.0,0.0,0.0,0
0.0,0.0,2006,1.0,11.0,2.0,0.0,0.0,0.0,0.0,0.0,0.0,0.0,0.0,14
0.0,0.0,2006,8.0,6.0,2.0,0.0,0.0,0.0,0.0,0.0,0.0,0.0,0.0,16
0.0,0.0,2006,7.0,4.0,9.0,0.0,0.0,0.0,0.0,0.0,0.0,1.0,1.0,22
0.0,0.0,2006,0.0,0.0,0.0,0.0,0.0,0.0,0.0,0.0,0.0,0.0,0.0,0
0.0,0.0,2006,9.0,9.0,11.0,0.0,0.0,1.0,0.0,0.0,0.0,0.0,0.0,30
0.0,0.0,2006,0.0,0.0,0.0,0.0,0.0,0.0,0.0,0.0,0.0,0.0,3.0,3
0.0,0.0,2006,1.0,3.0,0.0,0.0,0.0,3.0,1.0,0.0,0.0,0.0,3.0,11
0.0,0.0,2006,0.0,0.0,0.0,0.0,0.0,0.0,0.0,0.0,0.0,0.0,0.0,0
0.0,0.0,2006,63.0,84.0,62.0,13.0,0.0,31.0,2.0,0.0,0.0,6.0,15.0,276
0.0,0.0,2006,4.0,3.0,0.0,0.0,0.0,0.0,0.0,0.0,0.0,0.0,1.0,8
0.0,0.0,2006,2.0,1.0,1.0,0.0,0.0,0.0,0.0,0.0,0.0,0.0,1.0,5
0.0,0.0,2006,0.0,6.0,7.0,0.0,0.0,0.0,0.0,0.0,0.0,0.0,4.0,17
0.0,0.0,2006,1.0,7.0,5.0,0.0,0.0,0.0,2.0,0.0,0.0,0.0,7.0,22
0.0,0.0,2006,2.0,13.0,5.0,0.0,0.0,0.0,0.0,0.0,0.0,0.0,3.0,23
0.0,0.0,2006,3.0,9.0,0.0,0.0,0.0,0.0,1.0,0.0,0.0,0.0,12.0,25
0.0,0.0,2006,2.0,12.0,0.0,0.0,0.0,2.0,0.0,0.0,0.0,0.0,18.0,34
0.0,0.0,2006,2.0,37.0,26.0,0.0,0.0,0.0,0.0,0.0,0.0,0.0,25.0,90
0.0,0.0,2006,3.0,7.0,3.0,0.0,0.0,0.0,1.0,0.0,0.0,0.0,6.0,20
0.0,0.0,2006,2.0,10.0,1.0,0.0,0.0,0.0,2.0,0.0,0.0,0.0,4.0,19
0.0,0.0,2006,2.0,7.0,0.0,0.0,0.0,0.0,0.0,0.0,0.0,0.0,15.0,24
0.0,0.0,2006,3.0,14.0,0.0,0.0,0.0,0.0,0.0,0.0,0.0,0.0,3.0,20
0.0,0.0,2006,10.0,25.0,0.0,0.0,0.0,0.0,1.0,0.0,0.0,0.0,4.0,40
0.0,0.0,2006,3.0,15.0,6.0,0.0,0.0,0.0,0.0,0.0,0.0,0.0,6.0,30
0.0,0.0,2006,0.0,0.0,0.0,0.0,0.0,0.0,0.0,0.0,0.0,0.0,6.0,6
0.0,0.0,2006,9.0,9.0,0.0,0.0,0.0,0.0,0.0,0.0,0.0,1.0,13.0,32
0.0,0.0,2006,0.0,13.0,4.0,0.0,0.0,1.0,6.0,0.0,0.0,0.0,16.0,40
0.0,0.0,2006,2.0,20.0,15.0,0.0,0.0,1.0,21.0,0.0,0.0,0.0,16.0,75
0.0,0.0,2006,1.0,11.0,0.0,0.0,0.0,0.0,1.0,0.0,0.0,0.0,10.0,23
0.0,0.0,2006,51.0,219.0,73.0,0.0,0.0,4.0,35.0,0.0,0.0,1.0,170.0,553
0.0,0.0,2006,1.0,25.0,7.0,3.0,0.0,2.0,0.0,0.0,0.0,0.0,0.0,38
0.0,0.0,2006,3.0,21.0,4.0,0.0,0.0,0.0,0.0,0.0,0.0,0.0,44.0,72
0.0,0.0,2006,7.0,34.0,4.0,0.0,0.0,1.0,0.0,0.0,0.0,0.0,0.0,46
0.0,0.0,2006,4.0,27.0,1.0,0.0,0.0,1.0,0.0,0.0,0.0,0.0,37.0,70
0.0,0.0,2006,4.0,78.0,19.0,0.0,0.0,0.0,0.0,0.0,0.0,1.0,110.0,212
0.0,0.0,2006,8.0,17.0,4.0,0.0,0.0,4.0,0.0,0.0,0.0,0.0,123.0,156
0.0,0.0,2006,7.0,36.0,30.0,0.0,0.0,12.0,0.0,0.0,0.0,0.0,0.0,85
0.0,0.0,2006,3.0,0.0,2.0,0.0,0.0,7.0,0.0,0.0,0.0,0.0,13.0,25
0.0,0.0,2006,0.0,0.0,0.0,0.0,0.0,0.0,0.0,0.0,0.0,0.0,0.0,0
0.0,0.0,2006,5.0,18.0,12.0,1.0,7.0,0.0,0.0,0.0,0.0,0.0,74.0,117
0.0,0.0,2006,0.0,0.0,0.0,0.0,0.0,0.0,0.0,0.0,0.0,0.0,0.0,0
0.0,0.0,2006,0.0,0.0,0.0,0.0,0.0,0.0,0.0,0.0,0.0,0.0,0.0,0
0.0,0.0,2006,1.0,8.0,4.0,0.0,0.0,0.0,0.0,0.0,0.0,0.0,47.0,60
0.0,0.0,2006,4.0,21.0,5.0,2.0,0.0,6.0,0.0,0.0,0.0,0.0,14.0,52
0.0,0.0,2006,0.0,0.0,0.0,0.0,0.0,0.0,0.0,0.0,0.0,0.0,0.0,0
0.0,0.0,2006,0.0,0.0,0.0,0.0,0.0,0.0,0.0,0.0,0.0,0.0,0.0,0
0.0,0.0,2006,4.0,19.0,1.0,0.0,0.0,2.0,0.0,0.0,0.0,1.0,83.0,110
0.0,0.0,2006,1.0,1.0,0.0,0.0,0.0,0.0,0.0,0.0,0.0,0.0,26.0,28
0.0,0.0,2006,0.0,0.0,0.0,0.0,0.0,0.0,0.0,0.0,0.0,0.0,0.0,0
0.0,0.0,2006,7.0,22.0,0.0,0.0,0.0,0.0,0.0,0.0,0.0,0.0,64.0,93
0.0,0.0,2006,9.0,7.0,1.0,0.0,0.0,0.0,0.0,0.0,0.0,0.0,456.0,473
0.0,0.0,2006,0.0,0.0,0.0,0.0,0.0,0.0,0.0,0.0,0.0,0.0,0.0,0
0.0,0.0,2006,2.0,0.0,5.0,0.0,0.0,0.0,0.0,0.0,0.0,0.0,2.0,9
0.0,0.0,2006,0.0,0.0,0.0,0.0,0.0,0.0,0.0,0.0,0.0,0.0,0.0,0
0.0,0.0,2006,0.0,0.0,2.0,0.0,0.0,0.0,0.0,0.0,0.0,0.0,26.0,28
0.0,0.0,2006,3.0,9.0,1.0,0.0,0.0,0.0,0.0,0.0,0.0,0.0,59.0,72
0.0,0.0,2006,11.0,28.0,18.0,0.0,0.0,0.0,0.0,0.0,0.0,0.0,137.0,194
0.0,0.0,2006,0.0,0.0,1.0,0.0,0.0,0.0,0.0,0.0,0.0,0.0,0.0,1
0.0,0.0,2006,2.0,26.0,1.0,0.0,0.0,0.0,0.0,0.0,0.0,0.0,0.0,29
0.0,0.0,2006,2.0,21.0,11.0,0.0,0.0,0.0,0.0,0.0,0.0,0.0,15.0,49
0.0,0.0,2006,0.0,5.0,11.0,0.0,0.0,6.0,0.0,0.0,0.0,1.0,10.0,33
0.0,0.0,2006,4.0,37.0,3.0,0.0,3.0,1.0,0.0,0.0,0.0,0.0,44.0,92
0.0,0.0,2006,1.0,10.0,4.0,0.0,0.0,0.0,0.0,0.0,0.0,0.0,22.0,37
0.0,0.0,2006,1.0,10.0,3.0,0.0,0.0,0.0,0.0,0.0,0.0,0.0,7.0,21
0.0,0.0,2006,0.0,0.0,0.0,0.0,0.0,0.0,0.0,0.0,0.0,0.0,0.0,0
0.0,0.0,2006,0.0,39.0,4.0,0.0,0.0,0.0,0.0,0.0,0.0,0.0,148.0,191
0.0,0.0,2006,1.0,6.0,7.0,0.0,0.0,14.0,0.0,0.0,0.0,0.0,45.0,73
0.0,0.0,2006,1.0,14.0,2.0,0.0,0.0,8.0,0.0,0.0,0.0,0.0,75.0,100
0.0,0.0,2006,0.0,19.0,10.0,0.0,0.0,0.0,0.0,0.0,0.0,0.0,102.0,131
0.0,0.0,2006,7.0,40.0,2.0,0.0,1.0,23.0,6.0,0.0,0.0,0.0,143.0,222
0.0,0.0,2006,4.0,19.0,1.0,0.0,0.0,0.0,0.0,0.0,0.0,0.0,28.0,52
0.0,0.0,2006,1.0,25.0,3.0,0.0,0.0,0.0,0.0,0.0,0.0,0.0,57.0,86
0.0,0.0,2006,3.0,19.0,7.0,0.0,0.0,2.0,0.0,0.0,0.0,0.0,73.0,104
0.0,0.0,2006,0.0,0.0,0.0,0.0,0.0,0.0,0.0,0.0,0.0,0.0,0.0,0
0.0,0.0,2006,7.0,27.0,1.0,0.0,0.0,2.0,0.0,0.0,0.0,0.0,1.0,38
0.0,0.0,2006,10.0,25.0,20.0,3.0,0.0,7.0,0.0,0.0,0.0,1.0,47.0,113
0.0,0.0,2006,1.0,30.0,1.0,1.0,0.0,0.0,0.0,0.0,0.0,0.0,75.0,108
0.0,0.0,2006,5.0,22.0,6.0,0.0,0.0,4.0,0.0,0.0,0.0,0.0,127.0,164
0.0,0.0,2006,21.0,29.0,9.0,0.0,0.0,0.0,0.0,0.0,0.0,0.0,128.0,187
0.0,0.0,2006,0.0,12.0,0.0,0.0,0.0,3.0,0.0,0.0,0.0,0.0,34.0,49
0.0,0.0,2006,5.0,23.0,10.0,4.0,1.0,0.0,0.0,0.0,0.0,0.0,76.0,119
0.0,0.0,2006,160.0,829.0,237.0,14.0,12.0,105.0,6.0,0.0,0.0,4.0,2572.0,3939
0.0,0.0,2006,8.0,38.0,0.0,0.0,0.0,0.0,0.0,0.0,0.0,0.0,0.0,46
0.0,0.0,2006,3.0,9.0,16.0,0.0,0.0,6.0,0.0,0.0,0.0,2.0,0.0,36
0.0,0.0,2006,0.0,13.0,11.0,0.0,0.0,3.0,0.0,0.0,0.0,1.0,0.0,28
0.0,0.0,2006,3.0,21.0,17.0,0.0,0.0,0.0,0.0,0.0,0.0,1.0,3.0,45
0.0,0.0,2006,2.0,15.0,16.0,0.0,0.0,15.0,0.0,0.0,0.0,0.0,0.0,48
0.0,0.0,2006,4.0,3.0,6.0,0.0,2.0,0.0,0.0,0.0,0.0,1.0,18.0,34
0.0,0.0,2006,2.0,11.0,13.0,0.0,0.0,0.0,0.0,0.0,0.0,0.0,19.0,45
0.0,0.0,2006,11.0,25.0,13.0,0.0,0.0,0.0,0.0,0.0,0.0,0.0,14.0,63
0.0,0.0,2006,9.0,8.0,5.0,0.0,0.0,0.0,0.0,0.0,0.0,0.0,33.0,55
0.0,0.0,2006,3.0,25.0,14.0,0.0,0.0,1.0,0.0,0.0,0.0,1.0,41.0,85
0.0,0.0,2006,3.0,0.0,1.0,0.0,0.0,2.0,0.0,0.0,0.0,0.0,14.0,20
0.0,0.0,2006,3.0,10.0,6.0,0.0,0.0,0.0,0.0,0.0,0.0,2.0,21.0,42
0.0,0.0,2006,2.0,5.0,3.0,0.0,0.0,0.0,0.0,0.0,0.0,1.0,16.0,27
0.0,0.0,2006,5.0,11.0,6.0,0.0,0.0,0.0,0.0,0.0,0.0,0.0,6.0,28
0.0,0.0,2006,5.0,7.0,7.0,0.0,0.0,9.0,1.0,0.0,0.0,0.0,6.0,35
0.0,0.0,2006,4.0,6.0,7.0,0.0,0.0,11.0,0.0,0.0,0.0,0.0,11.0,39
0.0,0.0,2006,6.0,2.0,2.0,0.0,0.0,0.0,0.0,0.0,0.0,1.0,60.0,71
0.0,0.0,2006,6.0,3.0,5.0,0.0,0.0,0.0,0.0,0.0,0.0,0.0,14.0,28
0.0,0.0,2006,11.0,61.0,66.0,7.0,1.0,18.0,2.0,0.0,1.0,0.0,213.0,380
0.0,0.0,2006,3.0,2.0,4.0,1.0,0.0,7.0,0.0,0.0,0.0,0.0,1.0,18
0.0,0.0,2006,6.0,37.0,39.0,0.0,0.0,9.0,0.0,0.0,0.0,0.0,40.0,131
0.0,0.0,2006,1.0,0.0,2.0,0.0,0.0,16.0,0.0,0.0,0.0,0.0,0.0,19
0.0,0.0,2006,2.0,14.0,5.0,0.0,0.0,3.0,0.0,0.0,0.0,0.0,31.0,55
0.0,0.0,2006,5.0,7.0,17.0,0.0,0.0,16.0,0.0,0.0,0.0,0.0,5.0,50
0.0,0.0,2006,0.0,11.0,3.0,0.0,0.0,3.0,0.0,0.0,0.0,0.0,0.0,17
0.0,0.0,2006,5.0,7.0,12.0,0.0,2.0,5.0,0.0,0.0,0.0,1.0,4.0,36
0.0,0.0,2006,8.0,40.0,22.0,0.0,0.0,16.0,0.0,0.0,0.0,0.0,36.0,122
0.0,0.0,2006,6.0,12.0,9.0,0.0,0.0,9.0,0.0,0.0,0.0,0.0,51.0,87
0.0,0.0,2006,7.0,20.0,7.0,0.0,1.0,9.0,0.0,0.0,0.0,0.0,11.0,55
0.0,0.0,2006,10.0,6.0,6.0,0.0,0.0,7.0,2.0,0.0,0.0,0.0,3.0,34
0.0,0.0,2006,6.0,45.0,40.0,0.0,0.0,12.0,0.0,23.0,0.0,0.0,257.0,383
0.0,0.0,2006,0.0,1.0,1.0,0.0,0.0,1.0,0.0,0.0,0.0,0.0,1.0,4
0.0,0.0,2006,6.0,20.0,21.0,0.0,0.0,12.0,1.0,0.0,0.0,0.0,40.0,100
0.0,0.0,2006,0.0,7.0,7.0,0.0,0.0,0.0,0.0,0.0,0.0,0.0,5.0,19
0.0,0.0,2006,0.0,11.0,7.0,0.0,0.0,6.0,0.0,0.0,0.0,0.0,4.0,28
0.0,0.0,2006,6.0,16.0,10.0,1.0,1.0,7.0,0.0,0.0,0.0,1.0,2.0,44
0.0,0.0,2006,15.0,19.0,26.0,0.0,0.0,10.0,0.0,0.0,0.0,1.0,51.0,122
0.0,0.0,2006,0.0,3.0,3.0,0.0,0.0,2.0,0.0,0.0,0.0,0.0,0.0,8
0.0,0.0,2006,1.0,4.0,4.0,0.0,0.0,11.0,0.0,0.0,0.0,0.0,5.0,25
0.0,0.0,2006,7.0,19.0,26.0,0.0,0.0,11.0,1.0,0.0,0.0,1.0,14.0,79
0.0,0.0,2006,1.0,19.0,16.0,0.0,0.0,12.0,8.0,0.0,0.0,1.0,3.0,60
0.0,0.0,2006,9.0,18.0,5.0,1.0,0.0,0.0,0.0,0.0,0.0,0.0,23.0,56
0.0,0.0,2006,1.0,1.0,12.0,0.0,0.0,0.0,0.0,0.0,0.0,0.0,14.0,28
0.0,0.0,2006,9.0,4.0,7.0,0.0,0.0,1.0,0.0,0.0,0.0,0.0,11.0,32
0.0,0.0,2006,3.0,39.0,27.0,0.0,0.0,5.0,0.0,0.0,0.0,0.0,0.0,74
0.0,0.0,2006,207.0,655.0,552.0,10.0,7.0,255.0,15.0,23.0,1.0,15.0,1101.0,2841
0.0,0.0,2006,0.0,0.0,2.0,0.0,0.0,0.0,0.0,0.0,0.0,0.0,0.0,2
0.0,0.0,2006,0.0,2.0,0.0,0.0,0.0,0.0,0.0,0.0,0.0,0.0,0.0,2
0.0,0.0,2006,1.0,9.0,1.0,0.0,0.0,0.0,0.0,0.0,0.0,0.0,1.0,12
0.0,0.0,2006,1.0,1.0,7.0,0.0,0.0,0.0,0.0,0.0,0.0,0.0,0.0,9
0.0,0.0,2006,0.0,2.0,12.0,0.0,0.0,0.0,0.0,0.0,0.0,0.0,0.0,14
0.0,0.0,2006,3.0,0.0,1.0,0.0,0.0,0.0,0.0,0.0,0.0,0.0,0.0,4
0.0,0.0,2006,1.0,0.0,0.0,0.0,0.0,0.0,0.0,0.0,0.0,0.0,0.0,1
0.0,0.0,2006,0.0,1.0,9.0,0.0,0.0,0.0,0.0,0.0,0.0,0.0,0.0,10
0.0,0.0,2006,0.0,0.0,0.0,0.0,0.0,0.0,0.0,0.0,0.0,0.0,0.0,0
0.0,0.0,2006,6.0,15.0,32.0,0.0,0.0,0.0,0.0,0.0,0.0,0.0,1.0,54
0.0,0.0,2006,0.0,3.0,1.0,0.0,0.0,0.0,0.0,0.0,0.0,0.0,0.0,4
0.0,0.0,2006,0.0,0.0,1.0,0.0,0.0,0.0,0.0,0.0,0.0,0.0,0.0,1
0.0,0.0,2006,1.0,7.0,3.0,0.0,0.0,0.0,3.0,0.0,0.0,2.0,0.0,16
0.0,0.0,2006,1.0,13.0,1.0,0.0,0.0,0.0,0.0,0.0,0.0,0.0,0.0,15
0.0,0.0,2006,4.0,17.0,7.0,0.0,0.0,0.0,0.0,0.0,0.0,0.0,0.0,28
0.0,0.0,2006,0.0,3.0,0.0,0.0,0.0,0.0,0.0,0.0,0.0,0.0,0.0,3
0.0,0.0,2006,0.0,4.0,0.0,0.0,0.0,0.0,0.0,0.0,0.0,0.0,0.0,4
0.0,0.0,2006,6.0,47.0,13.0,0.0,0.0,0.0,3.0,0.0,0.0,2.0,0.0,71
0.0,0.0,2006,0.0,19.0,0.0,0.0,0.0,0.0,0.0,0.0,0.0,0.0,0.0,19
0.0,0.0,2006,0.0,9.0,0.0,0.0,0.0,0.0,0.0,0.0,0.0,0.0,0.0,9
0.0,0.0,2006,0.0,7.0,0.0,0.0,0.0,0.0,0.0,0.0,0.0,0.0,0.0,7
0.0,0.0,2006,0.0,0.0,0.0,0.0,0.0,0.0,0.0,0.0,0.0,0.0,0.0,0
0.0,0.0,2006,0.0,0.0,0.0,0.0,0.0,0.0,0.0,0.0,0.0,0.0,0.0,0
0.0,0.0,2006,0.0,0.0,0.0,0.0,0.0,0.0,0.0,0.0,0.0,0.0,0.0,0
0.0,0.0,2006,0.0,0.0,0.0,0.0,0.0,0.0,0.0,0.0,0.0,0.0,0.0,0
0.0,0.0,2006,0.0,0.0,0.0,0.0,0.0,0.0,0.0,0.0,0.0,0.0,0.0,0
0.0,0.0,2006,0.0,35.0,0.0,0.0,0.0,0.0,0.0,0.0,0.0,0.0,0.0,35
0.0,0.0,2006,0.0,0.0,0.0,0.0,0.0,0.0,0.0,0.0,0.0,0.0,0.0,0
0.0,0.0,2006,0.0,0.0,0.0,0.0,0.0,0.0,0.0,0.0,0.0,0.0,0.0,0
0.0,0.0,2006,3.0,8.0,0.0,0.0,0.0,0.0,0.0,0.0,0.0,0.0,0.0,11
0.0,0.0,2006,0.0,0.0,0.0,0.0,0.0,0.0,0.0,0.0,0.0,0.0,0.0,0
0.0,0.0,2006,0.0,0.0,0.0,0.0,0.0,0.0,0.0,0.0,0.0,0.0,0.0,0
0.0,0.0,2006,0.0,0.0,0.0,0.0,0.0,0.0,0.0,0.0,0.0,0.0,0.0,0
0.0,0.0,2006,0.0,0.0,0.0,0.0,0.0,0.0,0.0,0.0,0.0,0.0,0.0,0
0.0,0.0,2006,0.0,1.0,0.0,0.0,0.0,0.0,0.0,0.0,0.0,0.0,0.0,1
0.0,0.0,2006,0.0,0.0,0.0,0.0,0.0,0.0,0.0,0.0,0.0,0.0,0.0,0
0.0,0.0,2006,0.0,2.0,0.0,0.0,0.0,0.0,0.0,0.0,0.0,0.0,0.0,2
0.0,0.0,2006,3.0,11.0,0.0,0.0,0.0,0.0,0.0,0.0,0.0,0.0,0.0,14
0.0,0.0,2006,0.0,2.0,0.0,0.0,1.0,0.0,0.0,0.0,0.0,0.0,7.0,10
0.0,0.0,2006,4.0,11.0,0.0,0.0,0.0,0.0,0.0,0.0,0.0,3.0,0.0,18
0.0,0.0,2006,0.0,1.0,0.0,0.0,0.0,0.0,0.0,0.0,0.0,0.0,0.0,1
0.0,0.0,2006,0.0,0.0,0.0,0.0,0.0,0.0,0.0,0.0,0.0,0.0,0.0,0
0.0,0.0,2006,0.0,0.0,0.0,0.0,0.0,0.0,0.0,0.0,0.0,0.0,0.0,0
0.0,0.0,2006,0.0,0.0,0.0,0.0,0.0,0.0,0.0,0.0,0.0,0.0,0.0,0
0.0,0.0,2006,0.0,1.0,0.0,0.0,0.0,0.0,0.0,0.0,0.0,0.0,1.0,2
0.0,0.0,2006,0.0,0.0,0.0,0.0,0.0,0.0,0.0,0.0,0.0,0.0,0.0,0
0.0,0.0,2006,1.0,0.0,0.0,0.0,0.0,0.0,0.0,0.0,0.0,0.0,0.0,1
0.0,0.0,2006,0.0,16.0,0.0,0.0,0.0,0.0,0.0,0.0,0.0,0.0,0.0,16
0.0,0.0,2006,1.0,4.0,0.0,0.0,0.0,0.0,0.0,0.0,0.0,0.0,0.0,5
0.0,0.0,2006,1.0,4.0,1.0,0.0,0.0,0.0,0.0,0.0,0.0,0.0,0.0,6
0.0,0.0,2006,0.0,0.0,0.0,0.0,0.0,0.0,0.0,0.0,0.0,0.0,0.0,0
0.0,0.0,2006,0.0,0.0,0.0,0.0,0.0,0.0,0.0,0.0,0.0,0.0,0.0,0
0.0,0.0,2006,0.0,3.0,0.0,0.0,0.0,0.0,0.0,0.0,0.0,0.0,0.0,3
0.0,0.0,2006,0.0,21.0,2.0,0.0,0.0,0.0,0.0,0.0,0.0,0.0,0.0,23
0.0,0.0,2006,0.0,0.0,0.0,0.0,0.0,0.0,0.0,0.0,0.0,0.0,0.0,0
0.0,0.0,2006,0.0,1.0,0.0,0.0,0.0,0.0,0.0,0.0,0.0,0.0,2.0,3
0.0,0.0,2006,0.0,13.0,0.0,0.0,0.0,0.0,0.0,0.0,0.0,0.0,0.0,13
0.0,0.0,2006,0.0,0.0,0.0,0.0,0.0,0.0,0.0,0.0,0.0,0.0,0.0,0
0.0,0.0,2006,0.0,6.0,8.0,0.0,0.0,0.0,0.0,0.0,0.0,0.0,0.0,14
0.0,0.0,2006,0.0,0.0,0.0,0.0,0.0,0.0,0.0,0.0,0.0,0.0,0.0,0
0.0,0.0,2006,0.0,2.0,0.0,0.0,0.0,0.0,0.0,0.0,0.0,0.0,7.0,9
0.0,0.0,2006,0.0,2.0,0.0,0.0,0.0,0.0,0.0,0.0,0.0,0.0,0.0,2
0.0,0.0,2006,0.0,0.0,0.0,0.0,0.0,0.0,0.0,0.0,0.0,0.0,0.0,0
0.0,0.0,2006,0.0,0.0,0.0,0.0,0.0,0.0,0.0,0.0,0.0,0.0,2.0,2
0.0,0.0,2006,0.0,0.0,0.0,0.0,0.0,0.0,0.0,0.0,0.0,0.0,0.0,0
0.0,0.0,2006,0.0,0.0,0.0,0.0,0.0,0.0,0.0,0.0,0.0,0.0,0.0,0
0.0,0.0,2006,0.0,3.0,1.0,0.0,0.0,0.0,0.0,0.0,0.0,0.0,0.0,4
0.0,0.0,2006,0.0,0.0,0.0,0.0,0.0,0.0,0.0,0.0,0.0,0.0,0.0,0
0.0,0.0,2006,1.0,0.0,0.0,0.0,0.0,0.0,0.0,0.0,0.0,0.0,0.0,1
0.0,0.0,2006,0.0,0.0,0.0,0.0,0.0,0.0,0.0,0.0,0.0,0.0,0.0,0
0.0,0.0,2006,1.0,1.0,0.0,0.0,0.0,0.0,0.0,0.0,0.0,0.0,0.0,2
0.0,0.0,2006,4.0,10.0,5.0,0.0,0.0,0.0,0.0,0.0,0.0,0.0,0.0,19
0.0,0.0,2006,13.0,101.0,17.0,0.0,1.0,0.0,0.0,0.0,0.0,3.0,19.0,154
0.0,0.0,2006,4.0,5.0,12.0,0.0,0.0,0.0,0.0,0.0,0.0,0.0,0.0,21
0.0,0.0,2006,0.0,0.0,0.0,0.0,0.0,0.0,0.0,0.0,0.0,0.0,0.0,0
0.0,0.0,2006,1.0,1.0,3.0,0.0,0.0,0.0,0.0,0.0,0.0,1.0,14.0,20
0.0,0.0,2006,0.0,6.0,2.0,2.0,0.0,0.0,0.0,0.0,0.0,1.0,0.0,11
0.0,0.0,2006,0.0,0.0,0.0,0.0,0.0,0.0,0.0,0.0,0.0,0.0,1.0,1
0.0,0.0,2006,0.0,0.0,0.0,0.0,0.0,0.0,0.0,0.0,0.0,0.0,0.0,0
0.0,0.0,2006,0.0,0.0,0.0,0.0,0.0,0.0,0.0,0.0,0.0,1.0,0.0,1
0.0,0.0,2006,0.0,1.0,0.0,4.0,0.0,0.0,0.0,0.0,0.0,0.0,0.0,5
0.0,0.0,2006,4.0,7.0,11.0,0.0,0.0,2.0,0.0,0.0,0.0,0.0,2.0,26
0.0,0.0,2006,0.0,0.0,10.0,0.0,0.0,0.0,0.0,0.0,0.0,0.0,0.0,10
0.0,0.0,2006,0.0,0.0,8.0,0.0,0.0,3.0,0.0,0.0,0.0,0.0,0.0,11
0.0,0.0,2006,2.0,0.0,72.0,0.0,0.0,0.0,0.0,0.0,0.0,2.0,0.0,76
0.0,0.0,2006,0.0,0.0,0.0,0.0,0.0,0.0,0.0,0.0,0.0,0.0,0.0,0
0.0,0.0,2006,0.0,0.0,3.0,0.0,0.0,1.0,0.0,0.0,0.0,0.0,0.0,4
0.0,0.0,2006,3.0,18.0,32.0,4.0,0.0,7.0,0.0,0.0,1.0,0.0,5.0,70
0.0,0.0,2006,0.0,4.0,7.0,3.0,0.0,0.0,0.0,0.0,0.0,0.0,0.0,14
0.0,0.0,2006,4.0,8.0,0.0,0.0,0.0,0.0,0.0,0.0,0.0,0.0,0.0,12
0.0,0.0,2006,0.0,0.0,0.0,0.0,0.0,0.0,0.0,0.0,0.0,0.0,0.0,0
0.0,0.0,2006,1.0,2.0,2.0,2.0,0.0,0.0,0.0,0.0,0.0,0.0,2.0,9
0.0,0.0,2006,0.0,0.0,0.0,0.0,0.0,0.0,0.0,0.0,0.0,0.0,0.0,0
0.0,0.0,2006,2.0,0.0,0.0,2.0,0.0,1.0,0.0,0.0,0.0,3.0,6.0,14
0.0,0.0,2006,0.0,0.0,3.0,0.0,0.0,1.0,0.0,0.0,0.0,0.0,0.0,4
0.0,0.0,2006,0.0,0.0,0.0,0.0,0.0,0.0,0.0,0.0,0.0,0.0,0.0,0
0.0,0.0,2006,0.0,0.0,0.0,0.0,0.0,0.0,0.0,0.0,0.0,0.0,0.0,0
0.0,0.0,2006,3.0,6.0,4.0,5.0,0.0,0.0,0.0,0.0,0.0,1.0,1.0,20
0.0,0.0,2006,24.0,58.0,169.0,22.0,0.0,15.0,0.0,0.0,1.0,9.0,31.0,329
0.0,0.0,2006,1.0,23.0,31.0,2.0,0.0,0.0,0.0,0.0,0.0,0.0,0.0,57
0.0,0.0,2006,0.0,23.0,17.0,0.0,0.0,12.0,0.0,0.0,0.0,0.0,0.0,52
0.0,0.0,2006,1.0,4.0,19.0,1.0,0.0,6.0,0.0,0.0,0.0,0.0,0.0,31
0.0,0.0,2006,0.0,12.0,4.0,0.0,0.0,0.0,0.0,0.0,0.0,0.0,0.0,16
0.0,0.0,2006,3.0,3.0,10.0,0.0,0.0,1.0,0.0,0.0,0.0,0.0,0.0,17
0.0,0.0,2006,5.0,7.0,27.0,0.0,0.0,9.0,0.0,0.0,0.0,0.0,0.0,48
0.0,0.0,2006,2.0,20.0,0.0,1.0,0.0,5.0,0.0,0.0,0.0,0.0,0.0,28
0.0,0.0,2006,3.0,6.0,6.0,2.0,0.0,6.0,0.0,0.0,0.0,0.0,0.0,23
0.0,0.0,2006,1.0,9.0,1.0,0.0,0.0,2.0,0.0,0.0,0.0,0.0,0.0,13
0.0,0.0,2006,1.0,13.0,12.0,5.0,0.0,9.0,0.0,0.0,0.0,0.0,0.0,40
0.0,0.0,2006,0.0,5.0,0.0,0.0,0.0,0.0,0.0,0.0,0.0,0.0,0.0,5
0.0,0.0,2006,1.0,7.0,10.0,0.0,0.0,0.0,0.0,0.0,0.0,0.0,0.0,18
0.0,0.0,2006,1.0,9.0,17.0,0.0,0.0,3.0,0.0,0.0,0.0,0.0,0.0,30
0.0,0.0,2006,2.0,4.0,10.0,1.0,0.0,4.0,0.0,0.0,0.0,0.0,0.0,21
0.0,0.0,2006,0.0,0.0,2.0,0.0,0.0,14.0,0.0,0.0,0.0,0.0,0.0,16
0.0,0.0,2006,4.0,9.0,4.0,3.0,0.0,4.0,0.0,0.0,0.0,0.0,5.0,29
0.0,0.0,2006,1.0,6.0,6.0,2.0,0.0,0.0,1.0,0.0,0.0,1.0,0.0,17
0.0,0.0,2006,1.0,5.0,15.0,0.0,0.0,0.0,0.0,0.0,0.0,0.0,0.0,21
0.0,0.0,2006,7.0,9.0,0.0,0.0,0.0,0.0,0.0,0.0,0.0,0.0,0.0,16
0.0,0.0,2006,3.0,13.0,17.0,1.0,0.0,6.0,0.0,0.0,0.0,0.0,0.0,40
0.0,0.0,2006,3.0,6.0,21.0,0.0,0.0,0.0,0.0,0.0,0.0,0.0,0.0,30
0.0,0.0,2006,0.0,0.0,0.0,0.0,0.0,0.0,0.0,0.0,0.0,0.0,0.0,0
0.0,0.0,2006,2.0,0.0,4.0,0.0,0.0,3.0,0.0,0.0,0.0,0.0,0.0,9
0.0,0.0,2006,0.0,15.0,13.0,1.0,0.0,4.0,0.0,0.0,0.0,0.0,0.0,33
0.0,0.0,2006,0.0,14.0,10.0,0.0,0.0,5.0,0.0,0.0,0.0,0.0,0.0,29
0.0,0.0,2006,1.0,0.0,7.0,0.0,0.0,10.0,0.0,0.0,0.0,0.0,0.0,18
0.0,0.0,2006,1.0,9.0,10.0,0.0,0.0,2.0,0.0,0.0,0.0,0.0,0.0,22
0.0,0.0,2006,2.0,5.0,12.0,0.0,0.0,0.0,0.0,0.0,0.0,0.0,0.0,19
0.0,0.0,2006,0.0,7.0,1.0,0.0,0.0,9.0,0.0,0.0,0.0,0.0,0.0,17
0.0,0.0,2006,0.0,10.0,0.0,0.0,0.0,1.0,0.0,0.0,0.0,0.0,0.0,11
0.0,0.0,2006,7.0,13.0,21.0,0.0,0.0,1.0,0.0,0.0,0.0,0.0,0.0,42
0.0,0.0,2006,0.0,0.0,0.0,0.0,0.0,0.0,0.0,0.0,0.0,0.0,0.0,0
0.0,0.0,2006,0.0,3.0,0.0,0.0,0.0,0.0,0.0,0.0,0.0,0.0,0.0,3
0.0,0.0,2006,2.0,6.0,2.0,2.0,0.0,8.0,0.0,0.0,0.0,0.0,0.0,20
0.0,0.0,2006,7.0,12.0,4.0,1.0,0.0,1.0,0.0,0.0,0.0,0.0,0.0,25
0.0,0.0,2006,1.0,7.0,6.0,1.0,0.0,1.0,0.0,0.0,0.0,0.0,0.0,16
0.0,0.0,2006,2.0,3.0,4.0,0.0,0.0,2.0,0.0,2.0,0.0,0.0,0.0,13
0.0,0.0,2006,12.0,14.0,69.0,2.0,0.0,9.0,0.0,0.0,0.0,0.0,0.0,106
0.0,0.0,2006,77.0,311.0,392.0,25.0,0.0,137.0,1.0,2.0,0.0,1.0,5.0,951
0.0,0.0,2006,3.0,8.0,4.0,0.0,0.0,1.0,0.0,0.0,0.0,0.0,5.0,21
0.0,0.0,2006,0.0,2.0,0.0,0.0,0.0,0.0,0.0,0.0,0.0,0.0,0.0,2
0.0,0.0,2006,1.0,3.0,1.0,0.0,0.0,0.0,0.0,0.0,0.0,0.0,1.0,6
0.0,0.0,2006,0.0,1.0,1.0,0.0,0.0,0.0,0.0,0.0,0.0,0.0,4.0,6
0.0,0.0,2006,4.0,14.0,6.0,0.0,0.0,1.0,0.0,0.0,0.0,0.0,10.0,35
0.0,0.0,2006,5.0,14.0,10.0,0.0,0.0,2.0,1.0,0.0,0.0,1.0,3.0,36
0.0,0.0,2006,0.0,0.0,0.0,0.0,0.0,1.0,0.0,0.0,0.0,0.0,0.0,1
0.0,0.0,2006,1.0,0.0,0.0,0.0,0.0,0.0,0.0,0.0,0.0,0.0,0.0,1
0.0,0.0,2006,3.0,7.0,1.0,0.0,0.0,0.0,0.0,0.0,0.0,0.0,0.0,11
0.0,0.0,2006,0.0,0.0,0.0,0.0,0.0,0.0,0.0,0.0,0.0,0.0,0.0,0
0.0,0.0,2006,0.0,0.0,0.0,0.0,0.0,0.0,0.0,0.0,0.0,0.0,0.0,0
0.0,0.0,2006,0.0,0.0,0.0,0.0,0.0,0.0,0.0,0.0,0.0,0.0,0.0,0
0.0,0.0,2006,3.0,7.0,0.0,0.0,0.0,0.0,0.0,0.0,0.0,0.0,0.0,10
0.0,0.0,2006,0.0,0.0,0.0,0.0,0.0,0.0,0.0,0.0,0.0,0.0,0.0,0
0.0,0.0,2006,2.0,0.0,0.0,0.0,0.0,0.0,0.0,0.0,0.0,0.0,0.0,2
0.0,0.0,2006,0.0,0.0,0.0,0.0,0.0,0.0,0.0,0.0,0.0,0.0,8.0,8
0.0,0.0,2006,0.0,1.0,0.0,0.0,0.0,0.0,0.0,0.0,0.0,1.0,0.0,2
0.0,0.0,2006,2.0,1.0,1.0,0.0,0.0,0.0,0.0,0.0,0.0,0.0,2.0,6
0.0,0.0,2006,0.0,3.0,4.0,0.0,0.0,0.0,0.0,0.0,0.0,0.0,0.0,7
0.0,0.0,2006,0.0,0.0,0.0,0.0,0.0,0.0,0.0,0.0,0.0,0.0,14.0,14
0.0,0.0,2006,3.0,3.0,0.0,0.0,0.0,0.0,0.0,0.0,0.0,0.0,0.0,6
0.0,0.0,2006,1.0,5.0,1.0,0.0,0.0,0.0,0.0,0.0,0.0,0.0,0.0,7
0.0,0.0,2006,3.0,1.0,12.0,0.0,0.0,0.0,0.0,0.0,0.0,1.0,0.0,17
0.0,0.0,2006,1.0,4.0,0.0,0.0,0.0,0.0,0.0,0.0,0.0,0.0,0.0,5
0.0,0.0,2006,0.0,2.0,5.0,0.0,0.0,0.0,0.0,0.0,0.0,0.0,0.0,7
0.0,0.0,2006,8.0,15.0,23.0,0.0,0.0,0.0,0.0,0.0,0.0,0.0,4.0,50
0.0,0.0,2006,0.0,0.0,0.0,0.0,0.0,0.0,0.0,0.0,0.0,0.0,0.0,0
0.0,0.0,2006,2.0,0.0,7.0,0.0,0.0,0.0,0.0,0.0,0.0,0.0,0.0,9
0.0,0.0,2006,0.0,0.0,0.0,0.0,0.0,0.0,0.0,0.0,0.0,0.0,0.0,0
0.0,0.0,2006,0.0,2.0,0.0,0.0,0.0,0.0,0.0,0.0,0.0,0.0,0.0,2
0.0,0.0,2006,0.0,5.0,0.0,0.0,0.0,1.0,0.0,0.0,0.0,0.0,0.0,6
0.0,0.0,2006,0.0,0.0,0.0,0.0,0.0,0.0,0.0,0.0,0.0,0.0,0.0,0
0.0,0.0,2006,0.0,0.0,11.0,0.0,0.0,0.0,0.0,0.0,0.0,0.0,0.0,11
0.0,0.0,2006,0.0,10.0,16.0,0.0,0.0,0.0,0.0,0.0,0.0,0.0,0.0,26
0.0,0.0,2006,0.0,5.0,6.0,0.0,0.0,0.0,0.0,0.0,0.0,0.0,0.0,11
0.0,0.0,2006,5.0,8.0,4.0,0.0,0.0,0.0,0.0,0.0,0.0,1.0,0.0,18
0.0,0.0,2006,0.0,0.0,0.0,0.0,0.0,4.0,0.0,0.0,0.0,0.0,0.0,4
0.0,0.0,2006,2.0,3.0,0.0,0.0,0.0,0.0,0.0,0.0,0.0,0.0,0.0,5
0.0,0.0,2006,1.0,0.0,1.0,0.0,0.0,0.0,0.0,0.0,0.0,0.0,0.0,2
0.0,0.0,2006,14.0,20.0,10.0,0.0,0.0,0.0,0.0,0.0,0.0,2.0,0.0,46
0.0,0.0,2006,2.0,4.0,0.0,0.0,0.0,0.0,0.0,0.0,0.0,0.0,0.0,6
0.0,0.0,2006,2.0,5.0,6.0,0.0,0.0,4.0,0.0,0.0,0.0,0.0,0.0,17
0.0,0.0,2006,60.0,125.0,118.0,0.0,0.0,12.0,1.0,0.0,0.0,6.0,31.0,353
0.0,0.0,2006,0.0,3.0,0.0,0.0,0.0,0.0,0.0,0.0,0.0,0.0,0.0,3
0.0,0.0,2006,3.0,13.0,0.0,0.0,0.0,0.0,0.0,0.0,0.0,0.0,0.0,16
0.0,0.0,2006,0.0,0.0,0.0,0.0,0.0,0.0,0.0,0.0,0.0,0.0,0.0,0
0.0,0.0,2006,0.0,21.0,0.0,0.0,0.0,0.0,0.0,0.0,0.0,1.0,0.0,22
0.0,0.0,2006,3.0,37.0,0.0,0.0,0.0,0.0,0.0,0.0,0.0,1.0,0.0,41
0.0,0.0,2006,0.0,4.0,30.0,0.0,0.0,0.0,0.0,0.0,0.0,0.0,10.0,44
0.0,0.0,2006,1.0,10.0,37.0,0.0,0.0,0.0,0.0,0.0,0.0,0.0,7.0,55
0.0,0.0,2006,18.0,11.0,8.0,0.0,0.0,0.0,0.0,0.0,0.0,0.0,0.0,37
0.0,0.0,2006,6.0,5.0,8.0,0.0,0.0,0.0,0.0,0.0,0.0,0.0,0.0,19
0.0,0.0,2006,6.0,5.0,23.0,0.0,0.0,0.0,0.0,0.0,0.0,0.0,3.0,37
0.0,0.0,2006,3.0,2.0,5.0,0.0,3.0,0.0,0.0,0.0,0.0,0.0,0.0,13
0.0,0.0,2006,2.0,11.0,5.0,0.0,0.0,0.0,0.0,0.0,0.0,0.0,0.0,18
0.0,0.0,2006,9.0,3.0,5.0,0.0,0.0,0.0,0.0,0.0,0.0,0.0,1.0,18
0.0,0.0,2006,7.0,3.0,9.0,0.0,0.0,0.0,0.0,0.0,0.0,0.0,1.0,20
0.0,0.0,2006,7.0,4.0,4.0,0.0,0.0,0.0,0.0,0.0,0.0,0.0,3.0,18
0.0,0.0,2006,0.0,1.0,4.0,0.0,0.0,0.0,0.0,0.0,0.0,0.0,0.0,5
0.0,0.0,2006,7.0,3.0,3.0,0.0,0.0,0.0,0.0,0.0,0.0,0.0,19.0,32
0.0,0.0,2006,6.0,4.0,10.0,0.0,0.0,0.0,0.0,0.0,0.0,0.0,5.0,25
0.0,0.0,2006,6.0,8.0,23.0,0.0,0.0,0.0,0.0,0.0,0.0,0.0,11.0,48
0.0,0.0,2006,3.0,3.0,6.0,0.0,0.0,0.0,0.0,0.0,0.0,0.0,5.0,17
0.0,0.0,2006,3.0,13.0,20.0,0.0,0.0,0.0,0.0,0.0,0.0,0.0,2.0,38
0.0,0.0,2006,9.0,3.0,0.0,0.0,0.0,0.0,0.0,0.0,0.0,0.0,5.0,17
0.0,0.0,2006,3.0,1.0,3.0,0.0,0.0,0.0,0.0,0.0,0.0,0.0,0.0,7
0.0,0.0,2006,4.0,7.0,4.0,0.0,0.0,0.0,0.0,0.0,0.0,0.0,1.0,16
0.0,0.0,2006,1.0,3.0,7.0,0.0,0.0,0.0,0.0,0.0,0.0,0.0,3.0,14
0.0,0.0,2006,14.0,12.0,14.0,0.0,0.0,0.0,0.0,0.0,0.0,0.0,0.0,40
0.0,0.0,2006,6.0,0.0,21.0,0.0,0.0,0.0,0.0,0.0,0.0,0.0,1.0,28
0.0,0.0,2006,3.0,3.0,3.0,0.0,0.0,0.0,0.0,0.0,0.0,0.0,0.0,9
0.0,0.0,2006,4.0,2.0,5.0,0.0,0.0,0.0,0.0,0.0,0.0,0.0,2.0,13
0.0,0.0,2006,3.0,0.0,2.0,0.0,0.0,0.0,0.0,0.0,0.0,0.0,0.0,5
0.0,0.0,2006,2.0,2.0,7.0,0.0,0.0,0.0,0.0,0.0,0.0,0.0,21.0,32
0.0,0.0,2006,2.0,0.0,1.0,0.0,0.0,0.0,0.0,0.0,0.0,0.0,0.0,3
0.0,0.0,2006,11.0,8.0,14.0,0.0,0.0,0.0,0.0,0.0,0.0,0.0,4.0,37
0.0,0.0,2006,6.0,9.0,22.0,0.0,0.0,0.0,0.0,0.0,0.0,0.0,21.0,58
0.0,0.0,2006,0.0,2.0,5.0,0.0,0.0,0.0,0.0,0.0,0.0,0.0,0.0,7
0.0,0.0,2006,6.0,5.0,6.0,0.0,0.0,0.0,0.0,0.0,0.0,0.0,0.0,17
0.0,0.0,2006,11.0,6.0,9.0,0.0,0.0,0.0,0.0,0.0,0.0,0.0,7.0,33
0.0,0.0,2006,7.0,4.0,4.0,0.0,0.0,0.0,0.0,0.0,0.0,0.0,9.0,24
0.0,0.0,2006,0.0,6.0,11.0,0.0,0.0,0.0,0.0,0.0,0.0,0.0,5.0,22
0.0,0.0,2006,6.0,2.0,8.0,0.0,0.0,0.0,0.0,0.0,0.0,0.0,5.0,21
0.0,0.0,2006,0.0,0.0,12.0,0.0,0.0,0.0,0.0,0.0,0.0,0.0,4.0,16
0.0,0.0,2006,5.0,4.0,5.0,0.0,0.0,0.0,0.0,0.0,0.0,0.0,2.0,16
0.0,0.0,2006,3.0,7.0,14.0,0.0,0.0,0.0,0.0,0.0,0.0,0.0,4.0,28
0.0,0.0,2006,12.0,1.0,0.0,0.0,0.0,0.0,0.0,0.0,0.0,0.0,0.0,13
0.0,0.0,2006,7.0,3.0,11.0,0.0,0.0,0.0,0.0,0.0,0.0,0.0,5.0,26
0.0,0.0,2006,1.0,7.0,7.0,0.0,0.0,0.0,0.0,0.0,0.0,0.0,2.0,17
0.0,0.0,2006,13.0,12.0,14.0,0.0,0.0,0.0,0.0,0.0,0.0,0.0,4.0,43
0.0,0.0,2006,4.0,5.0,6.0,0.0,0.0,0.0,0.0,0.0,0.0,0.0,7.0,22
0.0,0.0,2006,0.0,7.0,12.0,0.0,0.0,0.0,0.0,0.0,0.0,0.0,6.0,25
0.0,0.0,2006,1.0,7.0,20.0,0.0,0.0,0.0,0.0,0.0,0.0,0.0,4.0,32
0.0,0.0,2006,0.0,2.0,6.0,0.0,0.0,0.0,0.0,0.0,0.0,0.0,3.0,11
0.0,0.0,2006,18.0,8.0,28.0,0.0,0.0,0.0,0.0,0.0,0.0,0.0,11.0,65
0.0,0.0,2006,4.0,14.0,16.0,1.0,0.0,0.0,0.0,0.0,0.0,0.0,0.0,35
0.0,0.0,2006,2.0,0.0,0.0,0.0,0.0,0.0,0.0,0.0,0.0,0.0,0.0,2
0.0,0.0,2006,8.0,4.0,5.0,0.0,0.0,0.0,0.0,0.0,0.0,0.0,0.0,17
0.0,0.0,2006,25.0,5.0,20.0,0.0,0.0,0.0,0.0,0.0,0.0,0.0,0.0,50
0.0,0.0,2006,9.0,2.0,8.0,0.0,0.0,0.0,0.0,0.0,0.0,0.0,1.0,20
0.0,0.0,2006,12.0,3.0,29.0,0.0,0.0,0.0,0.0,0.0,0.0,0.0,14.0,58
0.0,0.0,2006,6.0,8.0,15.0,0.0,0.0,0.0,0.0,0.0,0.0,0.0,0.0,29
0.0,0.0,2006,16.0,4.0,19.0,0.0,0.0,0.0,0.0,0.0,0.0,0.0,4.0,43
0.0,0.0,2006,27.0,3.0,9.0,0.0,0.0,0.0,0.0,0.0,0.0,0.0,0.0,39
0.0,0.0,2006,10.0,4.0,7.0,0.0,0.0,0.0,0.0,0.0,0.0,0.0,1.0,22
0.0,0.0,2006,5.0,16.0,18.0,0.0,0.0,0.0,0.0,0.0,0.0,0.0,3.0,42
0.0,0.0,2006,0.0,4.0,2.0,0.0,0.0,0.0,0.0,0.0,0.0,0.0,0.0,6
0.0,0.0,2006,0.0,1.0,6.0,1.0,0.0,0.0,0.0,0.0,0.0,0.0,1.0,9
0.0,0.0,2006,9.0,3.0,10.0,0.0,0.0,0.0,0.0,0.0,0.0,0.0,2.0,24
0.0,0.0,2006,5.0,4.0,18.0,0.0,0.0,0.0,0.0,0.0,0.0,0.0,0.0,27
0.0,0.0,2006,8.0,0.0,0.0,0.0,0.0,0.0,0.0,0.0,0.0,0.0,0.0,8
0.0,0.0,2006,4.0,2.0,14.0,0.0,0.0,0.0,0.0,0.0,0.0,0.0,0.0,20
0.0,0.0,2006,5.0,3.0,4.0,0.0,0.0,0.0,0.0,0.0,0.0,0.0,0.0,12
0.0,0.0,2006,12.0,15.0,15.0,0.0,0.0,0.0,0.0,0.0,0.0,0.0,12.0,54
0.0,0.0,2006,1.0,3.0,2.0,0.0,0.0,0.0,0.0,0.0,0.0,0.0,1.0,7
0.0,0.0,2006,0.0,0.0,0.0,0.0,0.0,0.0,0.0,0.0,0.0,0.0,0.0,0
0.0,0.0,2006,5.0,5.0,10.0,0.0,0.0,0.0,0.0,0.0,0.0,0.0,3.0,23
0.0,0.0,2006,6.0,8.0,13.0,0.0,0.0,0.0,0.0,0.0,0.0,0.0,6.0,33
0.0,0.0,2006,1.0,8.0,13.0,0.0,0.0,0.0,0.0,0.0,0.0,0.0,4.0,26
0.0,0.0,2006,426.0,347.0,734.0,2.0,3.0,0.0,0.0,0.0,0.0,0.0,255.0,1767
0.0,0.0,2006,0.0,0.0,0.0,0.0,0.0,0.0,0.0,0.0,0.0,0.0,0.0,0
0.0,0.0,2006,0.0,1.0,0.0,0.0,0.0,0.0,0.0,0.0,0.0,0.0,0.0,1
0.0,0.0,2006,0.0,0.0,0.0,0.0,0.0,0.0,0.0,0.0,0.0,0.0,0.0,0
0.0,0.0,2006,0.0,0.0,0.0,0.0,0.0,0.0,0.0,0.0,0.0,0.0,0.0,0
0.0,0.0,2006,3.0,5.0,4.0,0.0,0.0,0.0,4.0,0.0,0.0,0.0,0.0,16
0.0,0.0,2006,7.0,14.0,0.0,0.0,0.0,0.0,9.0,0.0,0.0,0.0,0.0,30
0.0,0.0,2006,0.0,0.0,0.0,0.0,0.0,0.0,0.0,0.0,0.0,0.0,0.0,0
0.0,0.0,2006,0.0,0.0,0.0,0.0,0.0,0.0,0.0,0.0,0.0,0.0,0.0,0
0.0,0.0,2006,0.0,1.0,0.0,0.0,0.0,0.0,0.0,0.0,0.0,0.0,0.0,1
0.0,0.0,2006,0.0,0.0,0.0,0.0,0.0,0.0,0.0,0.0,0.0,0.0,0.0,0
0.0,0.0,2006,0.0,0.0,0.0,0.0,0.0,0.0,0.0,0.0,0.0,0.0,0.0,0
0.0,0.0,2006,0.0,0.0,0.0,0.0,0.0,0.0,0.0,0.0,0.0,0.0,0.0,0
0.0,0.0,2006,0.0,2.0,1.0,0.0,0.0,0.0,0.0,0.0,0.0,0.0,0.0,3
0.0,0.0,2006,10.0,23.0,5.0,0.0,0.0,0.0,13.0,0.0,0.0,0.0,0.0,51
0.0,0.0,2006,0.0,0.0,4.0,0.0,0.0,0.0,0.0,0.0,27.0,2.0,0.0,33
0.0,0.0,2006,0.0,0.0,20.0,0.0,0.0,0.0,8.0,0.0,17.0,0.0,0.0,45
0.0,0.0,2006,0.0,0.0,0.0,0.0,0.0,0.0,0.0,0.0,0.0,0.0,0.0,0
0.0,0.0,2006,0.0,0.0,13.0,0.0,0.0,0.0,0.0,0.0,0.0,0.0,0.0,13
0.0,0.0,2006,0.0,0.0,0.0,0.0,0.0,0.0,0.0,0.0,0.0,0.0,0.0,0
0.0,0.0,2006,0.0,0.0,1.0,0.0,0.0,0.0,2.0,0.0,0.0,0.0,0.0,3
0.0,0.0,2006,0.0,0.0,0.0,0.0,0.0,0.0,3.0,0.0,4.0,0.0,0.0,7
0.0,0.0,2006,0.0,0.0,11.0,0.0,0.0,0.0,1.0,0.0,4.0,0.0,0.0,16
0.0,0.0,2006,0.0,0.0,1.0,0.0,0.0,3.0,7.0,0.0,1.0,1.0,0.0,13
0.0,0.0,2006,0.0,0.0,0.0,0.0,0.0,0.0,0.0,0.0,0.0,0.0,0.0,0
0.0,0.0,2006,0.0,0.0,1.0,0.0,0.0,0.0,5.0,0.0,1.0,0.0,0.0,7
0.0,0.0,2006,0.0,0.0,1.0,0.0,0.0,0.0,0.0,0.0,0.0,0.0,0.0,1
0.0,0.0,2006,0.0,0.0,2.0,0.0,0.0,0.0,16.0,0.0,0.0,0.0,0.0,18
0.0,0.0,2006,0.0,0.0,0.0,0.0,0.0,0.0,0.0,0.0,0.0,0.0,0.0,0
0.0,0.0,2006,3.0,20.0,46.0,0.0,0.0,0.0,11.0,3.0,6.0,0.0,49.0,138
0.0,0.0,2006,0.0,0.0,35.0,0.0,0.0,0.0,1.0,0.0,3.0,2.0,0.0,41
0.0,0.0,2006,0.0,0.0,0.0,0.0,0.0,0.0,1.0,0.0,28.0,1.0,0.0,30
0.0,0.0,2006,0.0,0.0,7.0,0.0,0.0,0.0,5.0,1.0,12.0,0.0,0.0,25
0.0,0.0,2006,0.0,0.0,0.0,0.0,0.0,0.0,0.0,0.0,1.0,0.0,0.0,1
0.0,0.0,2006,0.0,0.0,7.0,0.0,0.0,0.0,5.0,0.0,6.0,0.0,0.0,18
0.0,0.0,2006,0.0,0.0,0.0,0.0,0.0,0.0,0.0,0.0,0.0,0.0,0.0,0
0.0,0.0,2006,0.0,0.0,0.0,0.0,0.0,0.0,1.0,0.0,0.0,0.0,0.0,1
0.0,0.0,2006,0.0,0.0,0.0,0.0,0.0,0.0,2.0,0.0,0.0,0.0,0.0,2
0.0,0.0,2006,0.0,0.0,7.0,0.0,0.0,0.0,9.0,0.0,4.0,0.0,0.0,20
0.0,0.0,2006,3.0,20.0,156.0,0.0,0.0,3.0,77.0,4.0,114.0,6.0,49.0,432
0.0,0.0,2006,0.0,5.0,4.0,0.0,0.0,0.0,0.0,0.0,0.0,0.0,0.0,9
0.0,0.0,2006,0.0,0.0,0.0,0.0,0.0,0.0,0.0,0.0,0.0,0.0,0.0,0
0.0,0.0,2006,0.0,5.0,4.0,0.0,0.0,0.0,0.0,0.0,0.0,0.0,0.0,9
0.0,0.0,2006,1.0,8.0,43.0,0.0,0.0,11.0,0.0,0.0,0.0,0.0,1.0,64
0.0,0.0,2006,1.0,8.0,43.0,0.0,0.0,11.0,0.0,0.0,0.0,0.0,1.0,64
0.0,0.0,2006,1.0,3.0,10.0,0.0,0.0,1.0,0.0,0.0,0.0,0.0,0.0,15
0.0,0.0,2006,1.0,3.0,10.0,0.0,0.0,1.0,0.0,0.0,0.0,0.0,0.0,15
0.0,0.0,2006,1.0,1.0,1.0,0.0,0.0,0.0,0.0,0.0,0.0,0.0,0.0,3
0.0,0.0,2006,0.0,0.0,0.0,0.0,0.0,0.0,0.0,0.0,0.0,0.0,0.0,0
0.0,0.0,2006,1.0,1.0,1.0,0.0,0.0,0.0,0.0,0.0,0.0,0.0,0.0,3
0.0,0.0,2006,2.0,3.0,48.0,0.0,0.0,2.0,0.0,0.0,0.0,0.0,6.0,61
0.0,0.0,2006,4.0,48.0,86.0,1.0,1.0,5.0,0.0,0.0,0.0,0.0,29.0,174
0.0,0.0,2006,0.0,0.0,4.0,0.0,0.0,0.0,0.0,0.0,0.0,0.0,5.0,9
0.0,0.0,2006,0.0,0.0,4.0,0.0,0.0,0.0,0.0,0.0,0.0,0.0,0.0,4
0.0,0.0,2006,3.0,2.0,18.0,0.0,0.0,2.0,0.0,0.0,0.0,0.0,12.0,37
0.0,0.0,2006,6.0,15.0,28.0,0.0,0.0,2.0,0.0,0.0,0.0,0.0,14.0,65
0.0,0.0,2006,11.0,70.0,156.0,1.0,0.0,1.0,0.0,0.0,0.0,0.0,106.0,345
0.0,0.0,2006,12.0,136.0,353.0,1.0,1.0,7.0,1.0,1.0,0.0,0.0,219.0,731
0.0,0.0,2006,10.0,45.0,179.0,3.0,0.0,8.0,0.0,0.0,0.0,0.0,26.0,271
0.0,0.0,2006,8.0,61.0,116.0,0.0,0.0,7.0,0.0,0.0,0.0,0.0,53.0,245
0.0,0.0,2006,0.0,0.0,0.0,0.0,0.0,0.0,0.0,0.0,0.0,0.0,0.0,0
0.0,0.0,2006,6.0,68.0,122.0,1.0,0.0,2.0,0.0,0.0,0.0,0.0,19.0,218
0.0,0.0,2006,62.0,448.0,1114.0,7.0,2.0,36.0,1.0,1.0,0.0,0.0,489.0,2160
0.0,0.0,2006,0.0,0.0,0.0,0.0,0.0,0.0,0.0,0.0,0.0,0.0,0.0,0
0.0,0.0,2006,0.0,0.0,0.0,0.0,0.0,0.0,0.0,0.0,0.0,0.0,0.0,0
0.0,0.0,2006,0.0,0.0,0.0,0.0,0.0,0.0,0.0,0.0,0.0,0.0,0.0,0
0.0,0.0,2006,1.0,8.0,13.0,0.0,0.0,0.0,0.0,0.0,0.0,0.0,3.0,25
0.0,0.0,2006,1.0,8.0,13.0,0.0,0.0,0.0,0.0,0.0,0.0,0.0,3.0,25
0.0,0.0,2007,4.0,2.0,0.0,0.0,0.0,4.0,0.0,0.0,0.0,0.0,0.0,10
0.0,0.0,2007,0.0,0.0,0.0,0.0,0.0,0.0,0.0,0.0,0.0,0.0,0.0,0
0.0,0.0,2007,5.0,1.0,2.0,0.0,0.0,0.0,0.0,0.0,0.0,0.0,0.0,8
0.0,0.0,2007,4.0,22.0,48.0,0.0,1.0,0.0,0.0,0.0,0.0,0.0,0.0,75
0.0,0.0,2007,0.0,0.0,0.0,0.0,0.0,0.0,0.0,0.0,0.0,0.0,0.0,0
0.0,0.0,2007,0.0,0.0,0.0,0.0,0.0,0.0,0.0,0.0,0.0,0.0,0.0,0
0.0,0.0,2007,0.0,0.0,2.0,0.0,0.0,0.0,0.0,0.0,0.0,0.0,0.0,2
0.0,0.0,2007,6.0,28.0,47.0,0.0,0.0,0.0,0.0,0.0,9.0,0.0,0.0,90
0.0,0.0,2007,2.0,12.0,9.0,0.0,0.0,1.0,0.0,0.0,0.0,0.0,37.0,61
0.0,0.0,2007,5.0,46.0,95.0,0.0,0.0,5.0,1.0,0.0,1.0,1.0,5.0,159
0.0,0.0,2007,6.0,29.0,28.0,0.0,0.0,0.0,0.0,0.0,0.0,2.0,0.0,65
0.0,0.0,2007,2.0,19.0,22.0,0.0,1.0,0.0,0.0,0.0,1.0,1.0,31.0,77
0.0,0.0,2007,4.0,23.0,50.0,0.0,0.0,6.0,2.0,0.0,0.0,1.0,0.0,86
0.0,0.0,2007,6.0,3.0,5.0,0.0,0.0,0.0,0.0,0.0,0.0,0.0,0.0,14
0.0,0.0,2007,4.0,24.0,9.0,0.0,0.0,0.0,4.0,0.0,0.0,1.0,0.0,42
0.0,0.0,2007,0.0,46.0,65.0,0.0,0.0,8.0,0.0,0.0,0.0,4.0,0.0,123
0.0,0.0,2007,5.0,17.0,12.0,0.0,0.0,0.0,27.0,0.0,0.0,0.0,138.0,199
0.0,0.0,2007,3.0,2.0,7.0,0.0,0.0,2.0,2.0,0.0,0.0,0.0,11.0,27
0.0,0.0,2007,4.0,8.0,4.0,0.0,0.0,0.0,1.0,0.0,0.0,0.0,4.0,21
0.0,0.0,2007,0.0,0.0,0.0,0.0,0.0,0.0,0.0,0.0,0.0,0.0,0.0,0
0.0,0.0,2007,0.0,0.0,0.0,0.0,0.0,0.0,0.0,0.0,0.0,0.0,0.0,0
0.0,0.0,2007,3.0,3.0,5.0,0.0,0.0,0.0,0.0,0.0,0.0,0.0,3.0,14
0.0,0.0,2007,1.0,11.0,46.0,0.0,0.0,6.0,0.0,0.0,0.0,1.0,51.0,116
0.0,0.0,2007,0.0,0.0,0.0,0.0,0.0,3.0,0.0,0.0,0.0,0.0,0.0,3
0.0,0.0,2007,0.0,0.0,0.0,0.0,0.0,0.0,0.0,0.0,0.0,0.0,0.0,0
0.0,0.0,2007,1.0,4.0,27.0,0.0,0.0,0.0,0.0,0.0,0.0,0.0,0.0,32
0.0,0.0,2007,1.0,0.0,0.0,0.0,0.0,0.0,0.0,0.0,0.0,0.0,0.0,1
0.0,0.0,2007,5.0,36.0,60.0,0.0,4.0,0.0,0.0,0.0,0.0,10.0,61.0,176
0.0,0.0,2007,5.0,27.0,66.0,0.0,0.0,0.0,0.0,0.0,0.0,0.0,0.0,98
0.0,0.0,2007,76.0,363.0,609.0,0.0,6.0,35.0,37.0,0.0,11.0,21.0,341.0,1499
0.0,0.0,2007,0.0,0.0,1.0,0.0,0.0,0.0,0.0,0.0,0.0,0.0,0.0,1
0.0,0.0,2007,0.0,0.0,0.0,0.0,0.0,0.0,0.0,0.0,0.0,0.0,0.0,0
0.0,0.0,2007,0.0,0.0,0.0,0.0,0.0,0.0,0.0,0.0,0.0,0.0,0.0,0
0.0,0.0,2007,0.0,0.0,0.0,0.0,0.0,0.0,0.0,0.0,0.0,0.0,0.0,0
0.0,0.0,2007,0.0,0.0,0.0,0.0,0.0,0.0,0.0,0.0,0.0,0.0,0.0,0
0.0,0.0,2007,0.0,0.0,0.0,0.0,0.0,0.0,0.0,0.0,0.0,0.0,0.0,0
0.0,0.0,2007,0.0,1.0,1.0,0.0,0.0,0.0,0.0,0.0,0.0,0.0,0.0,2
0.0,0.0,2007,0.0,0.0,0.0,0.0,0.0,0.0,0.0,0.0,0.0,0.0,0.0,0
0.0,0.0,2007,0.0,0.0,0.0,0.0,0.0,0.0,0.0,0.0,0.0,0.0,0.0,0
0.0,0.0,2007,0.0,0.0,1.0,0.0,0.0,0.0,0.0,0.0,0.0,0.0,0.0,1
0.0,0.0,2007,0.0,0.0,0.0,0.0,0.0,0.0,0.0,0.0,0.0,0.0,0.0,0
0.0,0.0,2007,0.0,0.0,0.0,0.0,0.0,0.0,0.0,0.0,0.0,0.0,0.0,0
0.0,0.0,2007,0.0,0.0,0.0,0.0,0.0,0.0,0.0,0.0,0.0,0.0,0.0,0
0.0,0.0,2007,0.0,0.0,0.0,0.0,0.0,0.0,0.0,0.0,0.0,0.0,0.0,0
0.0,0.0,2007,0.0,0.0,0.0,0.0,0.0,0.0,0.0,0.0,0.0,0.0,0.0,0
0.0,0.0,2007,0.0,1.0,3.0,0.0,0.0,0.0,0.0,0.0,0.0,0.0,0.0,4
0.0,0.0,2007,1.0,0.0,0.0,0.0,0.0,0.0,0.0,0.0,0.0,0.0,0.0,1
0.0,0.0,2007,0.0,1.0,2.0,0.0,0.0,0.0,0.0,0.0,0.0,0.0,0.0,3
0.0,0.0,2007,0.0,0.0,0.0,0.0,0.0,0.0,0.0,0.0,0.0,0.0,0.0,0
0.0,0.0,2007,0.0,0.0,0.0,0.0,0.0,0.0,0.0,0.0,0.0,0.0,0.0,0
0.0,0.0,2007,0.0,0.0,0.0,0.0,0.0,0.0,0.0,0.0,0.0,0.0,0.0,0
0.0,0.0,2007,0.0,0.0,0.0,0.0,0.0,0.0,0.0,0.0,0.0,0.0,0.0,0
0.0,0.0,2007,0.0,2.0,0.0,0.0,0.0,0.0,0.0,0.0,0.0,0.0,0.0,2
0.0,0.0,2007,0.0,0.0,0.0,0.0,0.0,0.0,0.0,0.0,0.0,0.0,0.0,0
0.0,0.0,2007,0.0,0.0,0.0,0.0,0.0,0.0,0.0,0.0,0.0,1.0,1.0,2
0.0,0.0,2007,0.0,12.0,0.0,0.0,0.0,0.0,0.0,0.0,0.0,0.0,0.0,12
0.0,0.0,2007,0.0,0.0,0.0,0.0,0.0,0.0,0.0,0.0,0.0,0.0,0.0,0
0.0,0.0,2007,0.0,0.0,0.0,0.0,0.0,0.0,0.0,0.0,0.0,0.0,0.0,0
0.0,0.0,2007,0.0,0.0,0.0,0.0,0.0,0.0,0.0,0.0,0.0,0.0,0.0,0
0.0,0.0,2007,0.0,0.0,0.0,0.0,0.0,0.0,0.0,0.0,0.0,0.0,0.0,0
0.0,0.0,2007,0.0,0.0,0.0,0.0,0.0,0.0,0.0,0.0,0.0,0.0,0.0,0
0.0,0.0,2007,0.0,0.0,0.0,0.0,0.0,0.0,0.0,0.0,0.0,0.0,0.0,0
0.0,0.0,2007,1.0,7.0,1.0,0.0,0.0,0.0,0.0,0.0,0.0,0.0,36.0,45
0.0,0.0,2007,0.0,0.0,6.0,0.0,0.0,0.0,0.0,0.0,0.0,0.0,10.0,16
0.0,0.0,2007,0.0,0.0,0.0,0.0,0.0,0.0,0.0,0.0,0.0,0.0,0.0,0
0.0,0.0,2007,0.0,0.0,0.0,0.0,0.0,0.0,0.0,0.0,0.0,0.0,0.0,0
0.0,0.0,2007,0.0,8.0,20.0,0.0,0.0,0.0,0.0,0.0,0.0,0.0,0.0,28
0.0,0.0,2007,0.0,0.0,0.0,0.0,0.0,0.0,0.0,0.0,0.0,0.0,0.0,0
0.0,0.0,2007,0.0,1.0,0.0,0.0,0.0,0.0,0.0,0.0,0.0,0.0,0.0,1
0.0,0.0,2007,0.0,0.0,0.0,0.0,0.0,0.0,0.0,0.0,0.0,0.0,0.0,0
0.0,0.0,2007,0.0,3.0,0.0,0.0,0.0,0.0,0.0,0.0,0.0,0.0,13.0,16
0.0,0.0,2007,0.0,0.0,0.0,0.0,0.0,0.0,0.0,0.0,0.0,0.0,0.0,0
0.0,0.0,2007,0.0,0.0,0.0,0.0,0.0,0.0,0.0,0.0,0.0,0.0,0.0,0
0.0,0.0,2007,0.0,0.0,0.0,0.0,0.0,0.0,0.0,0.0,0.0,0.0,41.0,41
0.0,0.0,2007,0.0,0.0,0.0,0.0,0.0,0.0,0.0,0.0,0.0,0.0,0.0,0
0.0,0.0,2007,0.0,0.0,0.0,0.0,0.0,0.0,0.0,0.0,0.0,0.0,0.0,0
0.0,0.0,2007,2.0,34.0,29.0,0.0,0.0,0.0,0.0,0.0,0.0,1.0,101.0,167
0.0,0.0,2007,2.0,0.0,0.0,0.0,0.0,0.0,0.0,0.0,0.0,0.0,1.0,3
0.0,0.0,2007,0.0,0.0,0.0,0.0,0.0,0.0,0.0,0.0,0.0,0.0,0.0,0
0.0,0.0,2007,6.0,8.0,11.0,0.0,0.0,0.0,0.0,0.0,0.0,0.0,0.0,25
0.0,0.0,2007,0.0,0.0,0.0,0.0,0.0,0.0,0.0,0.0,0.0,0.0,0.0,0
0.0,0.0,2007,0.0,0.0,0.0,0.0,0.0,0.0,0.0,0.0,0.0,0.0,0.0,0
0.0,0.0,2007,0.0,0.0,0.0,0.0,0.0,0.0,0.0,0.0,0.0,0.0,0.0,0
0.0,0.0,2007,0.0,0.0,0.0,0.0,0.0,0.0,0.0,0.0,0.0,0.0,0.0,0
0.0,0.0,2007,0.0,0.0,0.0,0.0,0.0,0.0,8.0,0.0,1.0,1.0,0.0,10
0.0,0.0,2007,0.0,0.0,0.0,0.0,0.0,0.0,0.0,0.0,0.0,0.0,0.0,0
0.0,0.0,2007,1.0,1.0,7.0,0.0,0.0,0.0,10.0,0.0,0.0,0.0,0.0,19
0.0,0.0,2007,0.0,0.0,0.0,0.0,0.0,0.0,0.0,0.0,0.0,0.0,0.0,0
0.0,0.0,2007,0.0,0.0,0.0,0.0,0.0,0.0,0.0,0.0,0.0,0.0,0.0,0
0.0,0.0,2007,0.0,5.0,41.0,0.0,0.0,0.0,0.0,0.0,0.0,0.0,0.0,46
0.0,0.0,2007,0.0,0.0,0.0,0.0,0.0,0.0,0.0,0.0,0.0,0.0,0.0,0
0.0,0.0,2007,0.0,0.0,0.0,0.0,0.0,0.0,0.0,0.0,0.0,0.0,0.0,0
0.0,0.0,2007,2.0,4.0,4.0,0.0,0.0,0.0,0.0,0.0,0.0,0.0,0.0,10
0.0,0.0,2007,2.0,0.0,0.0,0.0,0.0,0.0,1.0,0.0,0.0,0.0,1.0,4
0.0,0.0,2007,0.0,0.0,0.0,0.0,0.0,0.0,0.0,0.0,0.0,0.0,0.0,0
0.0,0.0,2007,0.0,0.0,0.0,0.0,0.0,0.0,0.0,0.0,0.0,0.0,0.0,0
0.0,0.0,2007,9.0,10.0,22.0,0.0,0.0,0.0,0.0,0.0,0.0,2.0,1.0,44
0.0,0.0,2007,0.0,0.0,0.0,0.0,0.0,0.0,4.0,0.0,0.0,0.0,0.0,4
0.0,0.0,2007,6.0,11.0,17.0,0.0,0.0,0.0,0.0,0.0,0.0,0.0,0.0,34
0.0,0.0,2007,0.0,0.0,0.0,0.0,0.0,0.0,0.0,0.0,0.0,0.0,0.0,0
0.0,0.0,2007,0.0,0.0,0.0,0.0,0.0,0.0,4.0,0.0,0.0,0.0,0.0,4
0.0,0.0,2007,6.0,3.0,38.0,0.0,0.0,0.0,0.0,0.0,0.0,0.0,0.0,47
0.0,0.0,2007,0.0,0.0,2.0,0.0,0.0,0.0,0.0,0.0,0.0,0.0,0.0,2
0.0,0.0,2007,0.0,0.0,2.0,0.0,0.0,0.0,0.0,0.0,0.0,0.0,0.0,2
0.0,0.0,2007,0.0,0.0,0.0,0.0,0.0,0.0,0.0,0.0,0.0,0.0,0.0,0
0.0,0.0,2007,2.0,1.0,2.0,0.0,0.0,0.0,0.0,0.0,0.0,0.0,2.0,7
0.0,0.0,2007,0.0,0.0,0.0,0.0,0.0,0.0,0.0,0.0,0.0,0.0,0.0,0
0.0,0.0,2007,0.0,0.0,0.0,0.0,0.0,0.0,0.0,0.0,0.0,2.0,0.0,2
0.0,0.0,2007,6.0,25.0,95.0,0.0,0.0,0.0,0.0,0.0,0.0,3.0,3.0,132
0.0,0.0,2007,0.0,0.0,0.0,0.0,0.0,0.0,0.0,0.0,0.0,0.0,0.0,0
0.0,0.0,2007,0.0,3.0,3.0,0.0,0.0,0.0,0.0,0.0,0.0,0.0,0.0,6
0.0,0.0,2007,1.0,5.0,10.0,0.0,0.0,0.0,0.0,0.0,0.0,0.0,0.0,16
0.0,0.0,2007,2.0,1.0,2.0,0.0,0.0,0.0,3.0,0.0,0.0,0.0,2.0,10
0.0,0.0,2007,19.0,14.0,30.0,0.0,0.0,0.0,0.0,0.0,0.0,0.0,0.0,63
0.0,0.0,2007,0.0,6.0,17.0,0.0,0.0,0.0,0.0,0.0,0.0,0.0,0.0,23
0.0,0.0,2007,4.0,0.0,5.0,0.0,0.0,0.0,6.0,0.0,0.0,0.0,0.0,15
0.0,0.0,2007,0.0,0.0,0.0,0.0,0.0,0.0,0.0,0.0,0.0,0.0,0.0,0
0.0,0.0,2007,3.0,1.0,26.0,0.0,0.0,0.0,0.0,0.0,0.0,0.0,0.0,30
0.0,0.0,2007,1.0,0.0,4.0,0.0,0.0,0.0,0.0,0.0,0.0,0.0,0.0,5
0.0,0.0,2007,0.0,0.0,0.0,0.0,0.0,0.0,0.0,0.0,0.0,0.0,0.0,0
0.0,0.0,2007,16.0,12.0,83.0,0.0,0.0,0.0,0.0,0.0,0.0,0.0,1.0,112
0.0,0.0,2007,88.0,110.0,421.0,0.0,0.0,0.0,36.0,0.0,1.0,8.0,11.0,675
0.0,0.0,2007,2.0,15.0,1.0,0.0,0.0,0.0,0.0,0.0,0.0,0.0,9.0,27
0.0,0.0,2007,7.0,22.0,5.0,4.0,0.0,1.0,0.0,0.0,0.0,0.0,7.0,46
0.0,0.0,2007,0.0,1.0,0.0,0.0,0.0,0.0,0.0,0.0,0.0,0.0,4.0,5
0.0,0.0,2007,0.0,3.0,2.0,0.0,0.0,0.0,0.0,0.0,0.0,0.0,4.0,9
0.0,0.0,2007,1.0,16.0,6.0,1.0,0.0,0.0,0.0,0.0,0.0,0.0,31.0,55
0.0,0.0,2007,6.0,70.0,24.0,0.0,1.0,0.0,0.0,0.0,0.0,0.0,114.0,215
0.0,0.0,2007,0.0,0.0,1.0,0.0,0.0,1.0,0.0,0.0,0.0,0.0,3.0,5
0.0,0.0,2007,1.0,41.0,4.0,0.0,0.0,0.0,0.0,0.0,0.0,0.0,0.0,46
0.0,0.0,2007,5.0,23.0,5.0,0.0,0.0,3.0,0.0,0.0,0.0,0.0,57.0,93
0.0,0.0,2007,2.0,5.0,1.0,0.0,0.0,0.0,0.0,0.0,0.0,0.0,23.0,31
0.0,0.0,2007,0.0,3.0,3.0,0.0,0.0,0.0,0.0,0.0,0.0,1.0,37.0,44
0.0,0.0,2007,1.0,1.0,0.0,1.0,0.0,0.0,0.0,0.0,0.0,0.0,0.0,3
0.0,0.0,2007,1.0,12.0,3.0,0.0,0.0,0.0,0.0,0.0,0.0,0.0,20.0,36
0.0,0.0,2007,2.0,16.0,2.0,0.0,0.0,1.0,0.0,0.0,0.0,0.0,11.0,32
0.0,0.0,2007,2.0,6.0,6.0,0.0,0.0,0.0,0.0,0.0,0.0,0.0,15.0,29
0.0,0.0,2007,0.0,0.0,0.0,0.0,0.0,0.0,0.0,0.0,0.0,0.0,0.0,0
0.0,0.0,2007,0.0,3.0,0.0,0.0,0.0,0.0,0.0,0.0,0.0,2.0,17.0,22
0.0,0.0,2007,7.0,52.0,24.0,4.0,2.0,1.0,0.0,0.0,0.0,0.0,53.0,143
0.0,0.0,2007,2.0,25.0,8.0,0.0,0.0,0.0,0.0,0.0,0.0,1.0,45.0,81
0.0,0.0,2007,3.0,37.0,7.0,0.0,0.0,0.0,0.0,0.0,0.0,0.0,21.0,68
0.0,0.0,2007,3.0,17.0,1.0,0.0,0.0,0.0,3.0,0.0,0.0,0.0,10.0,34
0.0,0.0,2007,45.0,368.0,103.0,10.0,3.0,7.0,3.0,0.0,0.0,4.0,481.0,1024
0.0,0.0,2007,1.0,4.0,3.0,0.0,0.0,3.0,0.0,0.0,0.0,0.0,14.0,25
0.0,0.0,2007,2.0,11.0,4.0,0.0,0.0,3.0,0.0,0.0,0.0,0.0,25.0,45
0.0,0.0,2007,3.0,15.0,7.0,0.0,0.0,6.0,0.0,0.0,0.0,0.0,39.0,70
0.0,0.0,2007,2.0,8.0,22.0,0.0,0.0,26.0,0.0,0.0,0.0,0.0,103.0,161
0.0,0.0,2007,2.0,1.0,1.0,0.0,0.0,0.0,0.0,0.0,0.0,0.0,12.0,16
0.0,0.0,2007,1.0,4.0,0.0,0.0,0.0,0.0,0.0,0.0,0.0,0.0,0.0,5
0.0,0.0,2007,2.0,6.0,31.0,0.0,0.0,6.0,0.0,0.0,0.0,2.0,0.0,47
0.0,0.0,2007,5.0,1.0,35.0,0.0,0.0,7.0,0.0,0.0,0.0,2.0,2.0,52
0.0,0.0,2007,3.0,6.0,14.0,0.0,0.0,2.0,0.0,0.0,0.0,1.0,12.0,38
0.0,0.0,2007,5.0,5.0,57.0,0.0,0.0,23.0,0.0,0.0,0.0,1.0,33.0,124
0.0,0.0,2007,0.0,0.0,1.0,0.0,0.0,0.0,0.0,0.0,0.0,1.0,12.0,14
0.0,0.0,2007,1.0,7.0,15.0,0.0,0.0,1.0,0.0,0.0,0.0,0.0,0.0,24
0.0,0.0,2007,3.0,0.0,0.0,0.0,0.0,0.0,0.0,0.0,0.0,0.0,0.0,3
0.0,0.0,2007,1.0,5.0,0.0,0.0,0.0,0.0,9.0,0.0,0.0,0.0,0.0,15
0.0,0.0,2007,6.0,5.0,41.0,0.0,0.0,8.0,0.0,0.0,0.0,1.0,0.0,61
0.0,0.0,2007,1.0,0.0,15.0,0.0,0.0,15.0,0.0,0.0,0.0,0.0,0.0,31
0.0,0.0,2007,5.0,3.0,18.0,0.0,0.0,4.0,0.0,0.0,0.0,0.0,0.0,30
0.0,0.0,2007,1.0,1.0,0.0,0.0,0.0,1.0,12.0,0.0,0.0,0.0,18.0,33
0.0,0.0,2007,0.0,0.0,0.0,0.0,0.0,0.0,0.0,0.0,0.0,0.0,0.0,0
0.0,0.0,2007,2.0,0.0,5.0,0.0,0.0,1.0,0.0,0.0,0.0,0.0,0.0,8
0.0,0.0,2007,3.0,2.0,2.0,0.0,0.0,8.0,0.0,0.0,0.0,0.0,18.0,33
0.0,0.0,2007,1.0,0.0,0.0,0.0,0.0,0.0,0.0,0.0,0.0,0.0,0.0,1
0.0,0.0,2007,2.0,2.0,16.0,0.0,0.0,3.0,0.0,0.0,0.0,1.0,0.0,24
0.0,0.0,2007,0.0,0.0,2.0,0.0,0.0,0.0,0.0,0.0,0.0,0.0,0.0,2
0.0,0.0,2007,2.0,1.0,17.0,0.0,0.0,5.0,1.0,0.0,0.0,0.0,30.0,56
0.0,0.0,2007,5.0,10.0,21.0,0.0,0.0,6.0,0.0,0.0,0.0,2.0,10.0,54
0.0,0.0,2007,14.0,16.0,24.0,1.0,0.0,13.0,3.0,0.0,0.0,0.0,16.0,87
0.0,0.0,2007,3.0,1.0,1.0,0.0,0.0,0.0,0.0,0.0,0.0,0.0,4.0,9
0.0,0.0,2007,0.0,7.0,18.0,0.0,0.0,4.0,0.0,0.0,0.0,1.0,29.0,59
0.0,0.0,2007,3.0,2.0,44.0,0.0,0.0,5.0,0.0,0.0,0.0,0.0,5.0,59
0.0,0.0,2007,2.0,4.0,31.0,0.0,0.0,2.0,0.0,0.0,0.0,2.0,0.0,41
0.0,0.0,2007,0.0,1.0,2.0,0.0,0.0,0.0,0.0,0.0,0.0,0.0,0.0,3
0.0,0.0,2007,8.0,0.0,3.0,0.0,0.0,9.0,0.0,0.0,0.0,0.0,0.0,20
0.0,0.0,2007,83.0,98.0,436.0,1.0,0.0,149.0,25.0,0.0,0.0,14.0,304.0,1110
0.0,0.0,2007,0.0,0.0,0.0,0.0,0.0,0.0,0.0,0.0,0.0,0.0,0.0,0
0.0,0.0,2007,0.0,0.0,0.0,0.0,0.0,0.0,0.0,0.0,0.0,0.0,0.0,0
0.0,0.0,2007,0.0,0.0,0.0,0.0,0.0,0.0,0.0,0.0,0.0,0.0,12.0,12
0.0,0.0,2007,3.0,0.0,3.0,0.0,0.0,0.0,0.0,0.0,0.0,1.0,4.0,11
0.0,0.0,2007,0.0,0.0,0.0,0.0,0.0,0.0,0.0,0.0,0.0,0.0,0.0,0
0.0,0.0,2007,4.0,27.0,46.0,0.0,0.0,0.0,0.0,0.0,0.0,2.0,8.0,87
0.0,0.0,2007,0.0,0.0,0.0,0.0,0.0,0.0,0.0,0.0,0.0,0.0,0.0,0
0.0,0.0,2007,0.0,0.0,0.0,0.0,0.0,0.0,0.0,0.0,0.0,0.0,0.0,0
0.0,0.0,2007,0.0,9.0,14.0,0.0,0.0,0.0,0.0,0.0,0.0,0.0,0.0,23
0.0,0.0,2007,0.0,0.0,0.0,0.0,0.0,0.0,0.0,0.0,0.0,0.0,0.0,0
0.0,0.0,2007,4.0,33.0,14.0,0.0,1.0,4.0,0.0,0.0,0.0,0.0,26.0,82
0.0,0.0,2007,2.0,5.0,0.0,4.0,0.0,0.0,0.0,0.0,0.0,0.0,0.0,11
0.0,0.0,2007,0.0,0.0,0.0,0.0,0.0,0.0,0.0,0.0,0.0,0.0,0.0,0
0.0,0.0,2007,5.0,19.0,11.0,0.0,0.0,1.0,0.0,0.0,0.0,0.0,0.0,36
0.0,0.0,2007,0.0,0.0,0.0,0.0,0.0,0.0,0.0,0.0,0.0,0.0,0.0,0
0.0,0.0,2007,0.0,0.0,0.0,0.0,0.0,0.0,0.0,0.0,0.0,0.0,0.0,0
0.0,0.0,2007,0.0,21.0,8.0,0.0,0.0,1.0,0.0,0.0,0.0,0.0,4.0,34
0.0,0.0,2007,2.0,8.0,11.0,0.0,0.0,6.0,0.0,0.0,0.0,0.0,1.0,28
0.0,0.0,2007,0.0,0.0,0.0,0.0,0.0,0.0,0.0,0.0,0.0,0.0,0.0,0
0.0,0.0,2007,0.0,0.0,0.0,0.0,0.0,0.0,0.0,0.0,0.0,0.0,0.0,0
0.0,0.0,2007,0.0,0.0,0.0,0.0,0.0,0.0,0.0,0.0,0.0,1.0,0.0,1
0.0,0.0,2007,0.0,0.0,0.0,0.0,0.0,0.0,0.0,0.0,0.0,0.0,0.0,0
0.0,0.0,2007,20.0,122.0,107.0,4.0,1.0,12.0,0.0,0.0,0.0,4.0,55.0,325
0.0,0.0,2007,0.0,0.0,0.0,0.0,0.0,0.0,0.0,0.0,0.0,0.0,0.0,0
0.0,0.0,2007,0.0,0.0,0.0,0.0,0.0,0.0,0.0,0.0,0.0,0.0,0.0,0
0.0,0.0,2007,0.0,0.0,0.0,0.0,0.0,0.0,0.0,0.0,0.0,0.0,0.0,0
0.0,0.0,2007,0.0,0.0,0.0,0.0,0.0,0.0,0.0,0.0,0.0,0.0,0.0,0
0.0,0.0,2007,1.0,9.0,17.0,0.0,0.0,2.0,0.0,0.0,0.0,0.0,9.0,38
0.0,0.0,2007,0.0,3.0,0.0,0.0,0.0,0.0,0.0,0.0,0.0,0.0,0.0,3
0.0,0.0,2007,0.0,12.0,6.0,0.0,0.0,0.0,0.0,0.0,0.0,1.0,5.0,24
0.0,0.0,2007,0.0,1.0,0.0,0.0,0.0,0.0,0.0,0.0,0.0,0.0,1.0,2
0.0,0.0,2007,0.0,2.0,0.0,0.0,0.0,0.0,0.0,0.0,0.0,0.0,0.0,2
0.0,0.0,2007,1.0,9.0,19.0,0.0,0.0,4.0,0.0,0.0,0.0,0.0,3.0,36
0.0,0.0,2007,1.0,3.0,6.0,1.0,0.0,0.0,0.0,0.0,0.0,0.0,8.0,19
0.0,0.0,2007,1.0,3.0,7.0,0.0,0.0,0.0,2.0,0.0,0.0,0.0,0.0,13
0.0,0.0,2007,2.0,6.0,6.0,0.0,0.0,0.0,0.0,0.0,0.0,0.0,0.0,14
0.0,0.0,2007,6.0,48.0,61.0,1.0,0.0,6.0,2.0,0.0,0.0,1.0,26.0,151
0.0,0.0,2007,0.0,0.0,0.0,0.0,0.0,0.0,0.0,0.0,0.0,0.0,0.0,0
0.0,0.0,2007,0.0,0.0,0.0,0.0,0.0,0.0,0.0,0.0,0.0,0.0,0.0,0
0.0,0.0,2007,0.0,0.0,0.0,0.0,0.0,0.0,0.0,0.0,0.0,0.0,0.0,0
0.0,0.0,2007,0.0,1.0,0.0,0.0,0.0,0.0,0.0,0.0,0.0,0.0,1.0,2
0.0,0.0,2007,0.0,0.0,0.0,0.0,0.0,0.0,0.0,0.0,0.0,0.0,0.0,0
0.0,0.0,2007,0.0,0.0,0.0,0.0,0.0,0.0,0.0,0.0,0.0,0.0,0.0,0
0.0,0.0,2007,0.0,0.0,0.0,0.0,0.0,0.0,0.0,0.0,0.0,0.0,0.0,0
0.0,0.0,2007,0.0,0.0,0.0,0.0,0.0,0.0,0.0,0.0,0.0,0.0,0.0,0
0.0,0.0,2007,0.0,0.0,0.0,0.0,0.0,0.0,0.0,0.0,0.0,0.0,0.0,0
0.0,0.0,2007,0.0,0.0,0.0,0.0,0.0,0.0,0.0,0.0,0.0,0.0,0.0,0
0.0,0.0,2007,0.0,0.0,0.0,0.0,0.0,0.0,0.0,0.0,0.0,0.0,0.0,0
0.0,0.0,2007,0.0,0.0,0.0,0.0,0.0,0.0,0.0,0.0,0.0,0.0,0.0,0
0.0,0.0,2007,0.0,9.0,8.0,0.0,0.0,0.0,0.0,0.0,0.0,0.0,4.0,21
0.0,0.0,2007,0.0,0.0,0.0,0.0,0.0,0.0,0.0,0.0,0.0,0.0,0.0,0
0.0,0.0,2007,0.0,0.0,0.0,0.0,0.0,0.0,0.0,0.0,0.0,0.0,0.0,0
0.0,0.0,2007,0.0,0.0,0.0,0.0,0.0,0.0,0.0,0.0,0.0,0.0,0.0,0
0.0,0.0,2007,0.0,0.0,0.0,0.0,0.0,0.0,0.0,0.0,0.0,0.0,0.0,0
0.0,0.0,2007,0.0,0.0,0.0,0.0,0.0,0.0,0.0,0.0,0.0,0.0,0.0,0
0.0,0.0,2007,0.0,0.0,0.0,0.0,0.0,0.0,0.0,0.0,0.0,0.0,0.0,0
0.0,0.0,2007,0.0,0.0,0.0,0.0,0.0,0.0,0.0,0.0,0.0,0.0,0.0,0
0.0,0.0,2007,0.0,0.0,0.0,0.0,0.0,0.0,0.0,0.0,0.0,0.0,0.0,0
0.0,0.0,2007,0.0,2.0,0.0,0.0,0.0,1.0,0.0,0.0,0.0,0.0,0.0,3
0.0,0.0,2007,0.0,0.0,0.0,0.0,0.0,0.0,0.0,0.0,0.0,0.0,0.0,0
0.0,0.0,2007,0.0,0.0,0.0,0.0,0.0,0.0,0.0,0.0,0.0,0.0,0.0,0
0.0,0.0,2007,0.0,12.0,8.0,0.0,0.0,1.0,0.0,0.0,0.0,0.0,5.0,26
0.0,0.0,2007,0.0,0.0,0.0,0.0,0.0,0.0,0.0,0.0,0.0,0.0,0.0,0
0.0,0.0,2007,0.0,0.0,0.0,0.0,0.0,0.0,0.0,0.0,0.0,0.0,0.0,0
0.0,0.0,2007,0.0,0.0,0.0,0.0,0.0,0.0,0.0,0.0,0.0,0.0,0.0,0
0.0,0.0,2007,0.0,0.0,0.0,0.0,0.0,0.0,0.0,0.0,0.0,0.0,0.0,0
0.0,0.0,2007,0.0,2.0,4.0,0.0,0.0,0.0,0.0,0.0,0.0,0.0,6.0,12
0.0,0.0,2007,0.0,0.0,0.0,0.0,0.0,0.0,0.0,0.0,0.0,0.0,0.0,0
0.0,0.0,2007,1.0,0.0,0.0,0.0,0.0,0.0,1.0,0.0,0.0,0.0,1.0,3
0.0,0.0,2007,0.0,0.0,0.0,0.0,0.0,0.0,0.0,0.0,0.0,0.0,0.0,0
0.0,0.0,2007,0.0,0.0,0.0,0.0,0.0,0.0,0.0,0.0,0.0,0.0,0.0,0
0.0,0.0,2007,0.0,0.0,0.0,0.0,0.0,0.0,0.0,0.0,0.0,0.0,0.0,0
0.0,0.0,2007,0.0,19.0,2.0,0.0,0.0,0.0,23.0,0.0,0.0,0.0,5.0,49
0.0,0.0,2007,0.0,0.0,0.0,0.0,0.0,0.0,0.0,0.0,0.0,0.0,0.0,0
0.0,0.0,2007,0.0,0.0,0.0,0.0,0.0,0.0,0.0,0.0,0.0,0.0,0.0,0
0.0,0.0,2007,0.0,0.0,0.0,0.0,0.0,0.0,0.0,0.0,0.0,0.0,0.0,0
0.0,0.0,2007,0.0,0.0,0.0,0.0,0.0,0.0,0.0,0.0,0.0,0.0,0.0,0
0.0,0.0,2007,0.0,0.0,0.0,0.0,0.0,0.0,0.0,0.0,0.0,0.0,0.0,0
0.0,0.0,2007,0.0,0.0,0.0,0.0,0.0,0.0,0.0,0.0,0.0,0.0,0.0,0
0.0,0.0,2007,0.0,0.0,0.0,0.0,0.0,0.0,0.0,0.0,0.0,0.0,0.0,0
0.0,0.0,2007,0.0,0.0,0.0,0.0,0.0,0.0,0.0,0.0,0.0,0.0,0.0,0
0.0,0.0,2007,0.0,1.0,0.0,0.0,0.0,0.0,1.0,0.0,0.0,0.0,0.0,2
0.0,0.0,2007,0.0,0.0,0.0,0.0,0.0,0.0,0.0,0.0,0.0,0.0,0.0,0
0.0,0.0,2007,1.0,0.0,1.0,0.0,0.0,0.0,0.0,0.0,0.0,0.0,0.0,2
0.0,0.0,2007,1.0,1.0,0.0,0.0,0.0,0.0,0.0,0.0,0.0,4.0,0.0,6
0.0,0.0,2007,0.0,0.0,0.0,0.0,0.0,0.0,0.0,0.0,0.0,0.0,0.0,0
0.0,0.0,2007,0.0,0.0,0.0,0.0,0.0,0.0,0.0,0.0,0.0,0.0,0.0,0
0.0,0.0,2007,0.0,0.0,0.0,0.0,0.0,0.0,0.0,0.0,0.0,0.0,0.0,0
0.0,0.0,2007,3.0,23.0,7.0,0.0,0.0,0.0,25.0,0.0,0.0,4.0,12.0,74
0.0,0.0,2007,4.0,0.0,1.0,0.0,0.0,0.0,0.0,0.0,0.0,0.0,0.0,5
0.0,0.0,2007,1.0,0.0,2.0,0.0,0.0,0.0,0.0,0.0,0.0,1.0,0.0,4
0.0,0.0,2007,0.0,0.0,0.0,0.0,0.0,0.0,0.0,0.0,0.0,0.0,0.0,0
0.0,0.0,2007,10.0,9.0,17.0,0.0,0.0,8.0,3.0,0.0,0.0,1.0,0.0,48
0.0,0.0,2007,1.0,4.0,0.0,0.0,0.0,0.0,0.0,0.0,0.0,0.0,0.0,5
0.0,0.0,2007,1.0,2.0,0.0,0.0,0.0,9.0,0.0,0.0,0.0,0.0,0.0,12
0.0,0.0,2007,3.0,9.0,5.0,0.0,0.0,0.0,0.0,0.0,0.0,0.0,0.0,17
0.0,0.0,2007,0.0,0.0,0.0,0.0,0.0,0.0,0.0,0.0,0.0,0.0,1.0,1
0.0,0.0,2007,4.0,4.0,0.0,0.0,0.0,0.0,0.0,0.0,0.0,0.0,2.0,10
0.0,0.0,2007,1.0,4.0,0.0,0.0,0.0,0.0,0.0,0.0,0.0,0.0,0.0,5
0.0,0.0,2007,1.0,5.0,4.0,2.0,0.0,3.0,0.0,0.0,0.0,0.0,8.0,23
0.0,0.0,2007,0.0,0.0,0.0,0.0,0.0,0.0,0.0,0.0,0.0,0.0,0.0,0
0.0,0.0,2007,3.0,2.0,4.0,5.0,0.0,0.0,0.0,0.0,0.0,0.0,0.0,14
0.0,0.0,2007,1.0,0.0,0.0,0.0,0.0,0.0,0.0,0.0,0.0,0.0,0.0,1
0.0,0.0,2007,0.0,0.0,0.0,0.0,0.0,0.0,0.0,0.0,0.0,0.0,0.0,0
0.0,0.0,2007,0.0,0.0,0.0,0.0,0.0,0.0,0.0,0.0,0.0,2.0,0.0,2
0.0,0.0,2007,0.0,0.0,0.0,0.0,0.0,0.0,0.0,0.0,0.0,0.0,0.0,0
0.0,0.0,2007,2.0,2.0,2.0,0.0,0.0,0.0,0.0,0.0,0.0,0.0,0.0,6
0.0,0.0,2007,0.0,0.0,1.0,0.0,0.0,0.0,0.0,0.0,0.0,0.0,0.0,1
0.0,0.0,2007,0.0,3.0,0.0,0.0,0.0,1.0,0.0,0.0,0.0,0.0,7.0,11
0.0,0.0,2007,0.0,0.0,0.0,0.0,0.0,0.0,0.0,0.0,0.0,0.0,0.0,0
0.0,0.0,2007,0.0,0.0,0.0,0.0,0.0,0.0,0.0,0.0,0.0,0.0,0.0,0
0.0,0.0,2007,0.0,0.0,0.0,0.0,0.0,0.0,0.0,0.0,0.0,0.0,0.0,0
0.0,0.0,2007,2.0,10.0,8.0,0.0,0.0,0.0,0.0,0.0,0.0,0.0,0.0,20
0.0,0.0,2007,12.0,6.0,0.0,0.0,0.0,0.0,0.0,0.0,0.0,0.0,0.0,18
0.0,0.0,2007,3.0,8.0,10.0,0.0,0.0,0.0,0.0,0.0,0.0,0.0,1.0,22
0.0,0.0,2007,0.0,0.0,0.0,0.0,0.0,0.0,0.0,0.0,0.0,0.0,0.0,0
0.0,0.0,2007,2.0,12.0,8.0,0.0,0.0,3.0,5.0,0.0,0.0,0.0,0.0,30
0.0,0.0,2007,2.0,0.0,0.0,0.0,0.0,0.0,0.0,0.0,0.0,0.0,2.0,4
0.0,0.0,2007,0.0,4.0,0.0,0.0,0.0,1.0,0.0,0.0,0.0,0.0,2.0,7
0.0,0.0,2007,0.0,0.0,0.0,0.0,0.0,0.0,0.0,0.0,0.0,0.0,0.0,0
0.0,0.0,2007,53.0,84.0,62.0,7.0,0.0,25.0,8.0,0.0,0.0,4.0,23.0,266
0.0,0.0,2007,0.0,6.0,6.0,0.0,0.0,0.0,0.0,0.0,0.0,0.0,2.0,14
0.0,0.0,2007,0.0,1.0,0.0,0.0,0.0,0.0,0.0,0.0,0.0,0.0,0.0,1
0.0,0.0,2007,0.0,8.0,0.0,0.0,0.0,0.0,0.0,0.0,0.0,0.0,6.0,14
0.0,0.0,2007,3.0,5.0,4.0,0.0,0.0,0.0,0.0,0.0,0.0,0.0,10.0,22
0.0,0.0,2007,4.0,9.0,5.0,0.0,0.0,0.0,0.0,0.0,0.0,0.0,7.0,25
0.0,0.0,2007,1.0,7.0,4.0,0.0,0.0,0.0,2.0,0.0,0.0,1.0,13.0,28
0.0,0.0,2007,3.0,5.0,1.0,0.0,0.0,1.0,0.0,0.0,0.0,0.0,17.0,27
0.0,0.0,2007,6.0,25.0,15.0,0.0,0.0,2.0,0.0,0.0,0.0,0.0,21.0,69
0.0,0.0,2007,2.0,11.0,3.0,0.0,0.0,0.0,2.0,0.0,0.0,0.0,8.0,26
0.0,0.0,2007,0.0,3.0,1.0,0.0,0.0,0.0,0.0,0.0,0.0,0.0,7.0,11
0.0,0.0,2007,1.0,9.0,5.0,0.0,0.0,1.0,0.0,0.0,0.0,0.0,20.0,36
0.0,0.0,2007,5.0,5.0,0.0,0.0,0.0,0.0,0.0,0.0,0.0,0.0,0.0,10
0.0,0.0,2007,6.0,9.0,0.0,0.0,0.0,0.0,1.0,0.0,0.0,0.0,0.0,16
0.0,0.0,2007,2.0,8.0,9.0,0.0,0.0,1.0,3.0,0.0,0.0,0.0,1.0,24
0.0,0.0,2007,0.0,0.0,1.0,0.0,0.0,0.0,0.0,0.0,0.0,0.0,1.0,2
0.0,0.0,2007,4.0,19.0,6.0,0.0,0.0,0.0,0.0,0.0,0.0,0.0,18.0,47
0.0,0.0,2007,0.0,8.0,6.0,0.0,0.0,1.0,4.0,0.0,0.0,0.0,14.0,33
0.0,0.0,2007,0.0,37.0,7.0,0.0,1.0,0.0,8.0,0.0,0.0,0.0,5.0,58
0.0,0.0,2007,1.0,8.0,0.0,0.0,0.0,0.0,2.0,0.0,0.0,0.0,13.0,24
0.0,0.0,2007,38.0,183.0,73.0,0.0,1.0,6.0,22.0,0.0,0.0,1.0,163.0,487
0.0,0.0,2007,0.0,28.0,6.0,1.0,0.0,1.0,0.0,0.0,0.0,0.0,0.0,36
0.0,0.0,2007,1.0,27.0,4.0,0.0,0.0,2.0,0.0,0.0,0.0,0.0,49.0,83
0.0,0.0,2007,8.0,28.0,5.0,0.0,0.0,0.0,0.0,0.0,0.0,0.0,83.0,124
0.0,0.0,2007,1.0,28.0,5.0,0.0,0.0,0.0,0.0,0.0,0.0,0.0,36.0,70
0.0,0.0,2007,6.0,85.0,13.0,0.0,0.0,5.0,0.0,0.0,0.0,0.0,118.0,227
0.0,0.0,2007,2.0,11.0,7.0,0.0,0.0,2.0,0.0,0.0,0.0,0.0,66.0,88
0.0,0.0,2007,9.0,63.0,27.0,0.0,0.0,22.0,0.0,0.0,1.0,0.0,0.0,122
0.0,0.0,2007,0.0,0.0,0.0,0.0,0.0,12.0,0.0,0.0,0.0,0.0,9.0,21
0.0,0.0,2007,0.0,0.0,0.0,0.0,0.0,0.0,0.0,0.0,0.0,0.0,0.0,0
0.0,0.0,2007,1.0,23.0,10.0,0.0,1.0,0.0,0.0,0.0,0.0,0.0,131.0,166
0.0,0.0,2007,0.0,0.0,0.0,0.0,0.0,0.0,0.0,0.0,0.0,0.0,0.0,0
0.0,0.0,2007,0.0,0.0,0.0,0.0,0.0,0.0,0.0,0.0,0.0,0.0,0.0,0
0.0,0.0,2007,4.0,6.0,10.0,0.0,0.0,1.0,0.0,0.0,0.0,0.0,55.0,76
0.0,0.0,2007,1.0,22.0,5.0,0.0,0.0,1.0,0.0,0.0,0.0,0.0,16.0,45
0.0,0.0,2007,0.0,1.0,0.0,0.0,0.0,0.0,0.0,0.0,0.0,1.0,0.0,2
0.0,0.0,2007,2.0,15.0,0.0,0.0,0.0,0.0,0.0,0.0,0.0,0.0,13.0,30
0.0,0.0,2007,0.0,30.0,0.0,0.0,0.0,5.0,0.0,0.0,0.0,0.0,119.0,154
0.0,0.0,2007,12.0,26.0,47.0,1.0,0.0,17.0,0.0,0.0,1.0,0.0,13.0,117
0.0,0.0,2007,0.0,0.0,0.0,0.0,0.0,0.0,0.0,0.0,0.0,0.0,0.0,0
0.0,0.0,2007,2.0,20.0,4.0,0.0,0.0,0.0,0.0,0.0,0.0,0.0,72.0,98
0.0,0.0,2007,14.0,8.0,3.0,0.0,0.0,0.0,0.0,0.0,0.0,0.0,550.0,575
0.0,0.0,2007,0.0,0.0,0.0,0.0,0.0,0.0,0.0,0.0,0.0,0.0,0.0,0
0.0,0.0,2007,0.0,0.0,0.0,5.0,0.0,0.0,0.0,0.0,0.0,0.0,1.0,6
0.0,0.0,2007,0.0,0.0,0.0,0.0,0.0,0.0,0.0,0.0,0.0,0.0,0.0,0
0.0,0.0,2007,2.0,17.0,2.0,0.0,0.0,0.0,0.0,0.0,0.0,0.0,60.0,81
0.0,0.0,2007,5.0,17.0,5.0,0.0,0.0,0.0,0.0,0.0,0.0,0.0,49.0,76
0.0,0.0,2007,3.0,43.0,10.0,0.0,0.0,0.0,0.0,0.0,0.0,0.0,127.0,183
0.0,0.0,2007,0.0,31.0,6.0,0.0,0.0,7.0,0.0,0.0,0.0,0.0,8.0,52
0.0,0.0,2007,2.0,24.0,0.0,0.0,0.0,0.0,0.0,0.0,0.0,0.0,0.0,26
0.0,0.0,2007,2.0,17.0,13.0,0.0,0.0,0.0,0.0,0.0,0.0,0.0,7.0,39
0.0,0.0,2007,1.0,7.0,6.0,0.0,0.0,6.0,0.0,0.0,0.0,0.0,16.0,36
0.0,0.0,2007,2.0,24.0,3.0,0.0,2.0,5.0,0.0,0.0,0.0,0.0,41.0,77
0.0,0.0,2007,0.0,13.0,5.0,0.0,0.0,0.0,0.0,0.0,0.0,0.0,31.0,49
0.0,0.0,2007,2.0,18.0,6.0,0.0,0.0,0.0,0.0,0.0,0.0,0.0,9.0,35
0.0,0.0,2007,0.0,0.0,0.0,0.0,0.0,0.0,0.0,0.0,0.0,0.0,0.0,0
0.0,0.0,2007,1.0,24.0,6.0,0.0,0.0,0.0,0.0,0.0,0.0,0.0,165.0,196
0.0,0.0,2007,2.0,35.0,4.0,0.0,0.0,11.0,0.0,0.0,0.0,2.0,29.0,83
0.0,0.0,2007,3.0,26.0,7.0,0.0,0.0,10.0,0.0,0.0,0.0,0.0,61.0,107
0.0,0.0,2007,2.0,48.0,3.0,0.0,0.0,0.0,0.0,0.0,0.0,0.0,96.0,149
0.0,0.0,2007,9.0,45.0,0.0,0.0,0.0,19.0,16.0,0.0,0.0,0.0,64.0,153
0.0,0.0,2007,7.0,8.0,1.0,0.0,0.0,0.0,0.0,0.0,0.0,0.0,30.0,46
0.0,0.0,2007,2.0,20.0,6.0,0.0,1.0,0.0,0.0,0.0,0.0,1.0,69.0,99
0.0,0.0,2007,5.0,23.0,9.0,1.0,0.0,3.0,0.0,0.0,0.0,0.0,87.0,128
0.0,0.0,2007,0.0,7.0,0.0,0.0,0.0,0.0,0.0,0.0,0.0,0.0,4.0,11
0.0,0.0,2007,5.0,36.0,0.0,0.0,0.0,0.0,0.0,0.0,0.0,0.0,0.0,41
0.0,0.0,2007,10.0,31.0,26.0,1.0,0.0,6.0,0.0,0.0,0.0,1.0,32.0,107
0.0,0.0,2007,0.0,21.0,4.0,0.0,0.0,0.0,0.0,0.0,0.0,0.0,64.0,89
0.0,0.0,2007,5.0,23.0,4.0,0.0,0.0,6.0,0.0,0.0,0.0,0.0,128.0,166
0.0,0.0,2007,24.0,10.0,0.0,0.0,0.0,0.0,0.0,0.0,0.0,0.0,10.0,44
0.0,0.0,2007,0.0,21.0,1.0,0.0,0.0,0.0,0.0,0.0,0.0,0.0,26.0,48
0.0,0.0,2007,3.0,33.0,10.0,1.0,1.0,0.0,0.0,0.0,0.0,0.0,81.0,129
0.0,0.0,2007,160.0,1043.0,283.0,10.0,5.0,141.0,16.0,0.0,2.0,5.0,2625.0,4290
0.0,0.0,2007,15.0,11.0,0.0,0.0,0.0,0.0,0.0,0.0,0.0,0.0,0.0,26
0.0,0.0,2007,5.0,7.0,16.0,0.0,0.0,16.0,0.0,0.0,0.0,0.0,39.0,83
0.0,0.0,2007,2.0,2.0,9.0,0.0,2.0,2.0,0.0,0.0,0.0,0.0,16.0,33
0.0,0.0,2007,5.0,40.0,22.0,0.0,0.0,0.0,0.0,0.0,0.0,0.0,3.0,70
0.0,0.0,2007,1.0,10.0,23.0,0.0,0.0,13.0,0.0,0.0,0.0,0.0,0.0,47
0.0,0.0,2007,7.0,4.0,3.0,0.0,0.0,0.0,0.0,0.0,0.0,0.0,19.0,33
0.0,0.0,2007,8.0,12.0,15.0,0.0,0.0,0.0,0.0,0.0,0.0,0.0,8.0,43
0.0,0.0,2007,2.0,8.0,5.0,0.0,1.0,0.0,0.0,0.0,0.0,0.0,21.0,37
0.0,0.0,2007,5.0,23.0,16.0,0.0,0.0,14.0,0.0,0.0,0.0,0.0,6.0,64
0.0,0.0,2007,3.0,26.0,21.0,0.0,0.0,5.0,0.0,0.0,0.0,1.0,47.0,103
0.0,0.0,2007,3.0,4.0,4.0,0.0,0.0,0.0,0.0,0.0,0.0,0.0,7.0,18
0.0,0.0,2007,1.0,9.0,4.0,0.0,0.0,0.0,0.0,0.0,0.0,0.0,22.0,36
0.0,0.0,2007,2.0,3.0,1.0,0.0,0.0,0.0,0.0,0.0,0.0,0.0,10.0,16
0.0,0.0,2007,1.0,2.0,1.0,0.0,0.0,2.0,0.0,0.0,0.0,0.0,3.0,9
0.0,0.0,2007,6.0,9.0,9.0,0.0,0.0,19.0,0.0,0.0,0.0,0.0,1.0,44
0.0,0.0,2007,4.0,5.0,9.0,0.0,0.0,2.0,0.0,0.0,0.0,0.0,21.0,41
0.0,0.0,2007,13.0,11.0,7.0,0.0,0.0,0.0,0.0,0.0,0.0,0.0,37.0,68
0.0,0.0,2007,2.0,1.0,0.0,0.0,0.0,0.0,0.0,0.0,0.0,0.0,7.0,10
0.0,0.0,2007,8.0,65.0,73.0,0.0,1.0,23.0,5.0,0.0,0.0,0.0,103.0,278
0.0,0.0,2007,0.0,1.0,0.0,0.0,0.0,7.0,0.0,0.0,0.0,0.0,1.0,9
0.0,0.0,2007,11.0,37.0,47.0,0.0,0.0,15.0,0.0,0.0,0.0,2.0,52.0,164
0.0,0.0,2007,1.0,0.0,1.0,0.0,0.0,7.0,0.0,0.0,0.0,0.0,0.0,9
0.0,0.0,2007,5.0,17.0,15.0,0.0,0.0,0.0,0.0,0.0,0.0,0.0,14.0,51
0.0,0.0,2007,3.0,10.0,16.0,0.0,0.0,14.0,0.0,0.0,0.0,1.0,64.0,108
0.0,0.0,2007,5.0,10.0,0.0,0.0,0.0,2.0,0.0,0.0,0.0,0.0,0.0,17
0.0,0.0,2007,4.0,3.0,14.0,0.0,0.0,17.0,0.0,0.0,0.0,0.0,3.0,41
0.0,0.0,2007,6.0,23.0,3.0,0.0,0.0,16.0,5.0,0.0,0.0,0.0,13.0,66
0.0,0.0,2007,1.0,11.0,6.0,0.0,0.0,5.0,0.0,0.0,0.0,0.0,35.0,58
0.0,0.0,2007,8.0,15.0,19.0,0.0,3.0,5.0,0.0,0.0,0.0,0.0,36.0,86
0.0,0.0,2007,6.0,9.0,8.0,0.0,0.0,4.0,2.0,0.0,0.0,0.0,5.0,34
0.0,0.0,2007,12.0,42.0,37.0,0.0,0.0,6.0,0.0,31.0,0.0,1.0,202.0,331
0.0,0.0,2007,0.0,0.0,0.0,0.0,0.0,7.0,0.0,0.0,0.0,0.0,0.0,7
0.0,0.0,2007,9.0,22.0,19.0,0.0,0.0,11.0,0.0,0.0,0.0,0.0,37.0,98
0.0,0.0,2007,3.0,14.0,9.0,0.0,0.0,0.0,0.0,0.0,0.0,0.0,7.0,33
0.0,0.0,2007,0.0,7.0,3.0,0.0,0.0,1.0,0.0,0.0,0.0,0.0,13.0,24
0.0,0.0,2007,12.0,17.0,7.0,0.0,1.0,14.0,0.0,0.0,0.0,1.0,9.0,61
0.0,0.0,2007,7.0,31.0,18.0,0.0,0.0,11.0,0.0,0.0,0.0,0.0,28.0,95
0.0,0.0,2007,1.0,1.0,2.0,0.0,0.0,1.0,0.0,0.0,0.0,0.0,0.0,5
0.0,0.0,2007,2.0,4.0,12.0,0.0,0.0,5.0,0.0,0.0,0.0,0.0,2.0,25
0.0,0.0,2007,6.0,1.0,1.0,0.0,0.0,18.0,0.0,0.0,0.0,0.0,4.0,30
0.0,0.0,2007,5.0,45.0,73.0,0.0,0.0,26.0,1.0,0.0,0.0,1.0,23.0,174
0.0,0.0,2007,2.0,0.0,0.0,1.0,0.0,1.0,0.0,0.0,0.0,0.0,0.0,4
0.0,0.0,2007,5.0,12.0,7.0,0.0,0.0,0.0,0.0,0.0,0.0,0.0,3.0,27
0.0,0.0,2007,1.0,6.0,8.0,0.0,0.0,2.0,0.0,0.0,0.0,0.0,11.0,28
0.0,0.0,2007,5.0,25.0,27.0,0.0,0.0,6.0,0.0,0.0,0.0,0.0,0.0,63
0.0,0.0,2007,213.0,615.0,590.0,1.0,8.0,297.0,13.0,31.0,0.0,7.0,932.0,2707
0.0,0.0,2007,0.0,1.0,4.0,0.0,0.0,0.0,0.0,0.0,0.0,0.0,0.0,5
0.0,0.0,2007,0.0,0.0,1.0,0.0,0.0,0.0,0.0,0.0,0.0,0.0,0.0,1
0.0,0.0,2007,0.0,0.0,2.0,0.0,0.0,0.0,0.0,0.0,0.0,0.0,0.0,2
0.0,0.0,2007,2.0,0.0,10.0,0.0,0.0,0.0,0.0,0.0,0.0,0.0,0.0,12
0.0,0.0,2007,1.0,1.0,14.0,0.0,0.0,0.0,0.0,0.0,0.0,0.0,0.0,16
0.0,0.0,2007,0.0,0.0,2.0,0.0,0.0,0.0,0.0,0.0,0.0,0.0,0.0,2
0.0,0.0,2007,0.0,0.0,0.0,0.0,0.0,0.0,0.0,0.0,0.0,0.0,0.0,0
0.0,0.0,2007,0.0,2.0,8.0,0.0,0.0,0.0,0.0,0.0,0.0,0.0,0.0,10
0.0,0.0,2007,0.0,0.0,1.0,0.0,0.0,0.0,0.0,0.0,0.0,0.0,0.0,1
0.0,0.0,2007,3.0,4.0,42.0,0.0,0.0,0.0,0.0,0.0,0.0,0.0,0.0,49
0.0,0.0,2007,0.0,4.0,0.0,0.0,0.0,0.0,0.0,0.0,0.0,0.0,0.0,4
0.0,0.0,2007,0.0,0.0,0.0,0.0,0.0,0.0,0.0,0.0,0.0,0.0,0.0,0
0.0,0.0,2007,0.0,1.0,3.0,0.0,0.0,0.0,0.0,0.0,0.0,0.0,0.0,4
0.0,0.0,2007,10.0,13.0,0.0,0.0,0.0,0.0,0.0,0.0,0.0,0.0,0.0,23
0.0,0.0,2007,0.0,14.0,5.0,0.0,0.0,0.0,8.0,0.0,0.0,1.0,0.0,28
0.0,0.0,2007,1.0,2.0,0.0,0.0,0.0,0.0,0.0,0.0,0.0,0.0,0.0,3
0.0,0.0,2007,1.0,7.0,1.0,0.0,0.0,0.0,0.0,0.0,0.0,0.0,0.0,9
0.0,0.0,2007,12.0,41.0,9.0,0.0,0.0,0.0,8.0,0.0,0.0,1.0,0.0,71
0.0,0.0,2007,1.0,28.0,0.0,0.0,0.0,0.0,0.0,0.0,0.0,0.0,1.0,30
0.0,0.0,2007,0.0,8.0,0.0,0.0,0.0,0.0,0.0,0.0,0.0,0.0,0.0,8
0.0,0.0,2007,0.0,7.0,0.0,0.0,0.0,0.0,0.0,0.0,0.0,0.0,0.0,7
0.0,0.0,2007,0.0,3.0,0.0,0.0,0.0,0.0,0.0,0.0,0.0,0.0,0.0,3
0.0,0.0,2007,0.0,6.0,0.0,0.0,0.0,0.0,0.0,0.0,0.0,0.0,0.0,6
0.0,0.0,2007,0.0,1.0,0.0,0.0,0.0,0.0,0.0,0.0,0.0,0.0,0.0,1
0.0,0.0,2007,2.0,2.0,0.0,0.0,0.0,0.0,0.0,0.0,0.0,0.0,0.0,4
0.0,0.0,2007,0.0,5.0,0.0,0.0,0.0,0.0,0.0,0.0,0.0,0.0,0.0,5
0.0,0.0,2007,3.0,60.0,0.0,0.0,0.0,0.0,0.0,0.0,0.0,0.0,1.0,64
0.0,0.0,2007,2.0,1.0,2.0,0.0,0.0,0.0,0.0,0.0,0.0,0.0,0.0,5
0.0,0.0,2007,0.0,0.0,0.0,0.0,0.0,0.0,0.0,0.0,0.0,0.0,0.0,0
0.0,0.0,2007,0.0,0.0,0.0,0.0,0.0,0.0,0.0,0.0,0.0,0.0,0.0,0
0.0,0.0,2007,0.0,0.0,0.0,0.0,0.0,0.0,0.0,0.0,0.0,0.0,0.0,0
0.0,0.0,2007,0.0,0.0,0.0,0.0,0.0,0.0,0.0,0.0,0.0,0.0,0.0,0
0.0,0.0,2007,0.0,0.0,0.0,0.0,0.0,0.0,0.0,0.0,0.0,0.0,0.0,0
0.0,0.0,2007,0.0,0.0,0.0,0.0,0.0,0.0,0.0,0.0,0.0,0.0,0.0,0
0.0,0.0,2007,0.0,0.0,0.0,0.0,0.0,0.0,0.0,0.0,0.0,0.0,0.0,0
0.0,0.0,2007,0.0,0.0,0.0,0.0,0.0,0.0,0.0,0.0,0.0,0.0,0.0,0
0.0,0.0,2007,1.0,1.0,0.0,0.0,0.0,0.0,0.0,0.0,0.0,0.0,0.0,2
0.0,0.0,2007,0.0,0.0,0.0,0.0,0.0,0.0,0.0,0.0,0.0,0.0,0.0,0
0.0,0.0,2007,3.0,2.0,2.0,0.0,0.0,0.0,0.0,0.0,0.0,0.0,0.0,7
0.0,0.0,2007,0.0,0.0,9.0,0.0,0.0,0.0,0.0,0.0,0.0,0.0,5.0,14
0.0,0.0,2007,0.0,5.0,6.0,0.0,0.0,0.0,0.0,0.0,0.0,0.0,0.0,11
0.0,0.0,2007,2.0,1.0,0.0,0.0,0.0,0.0,0.0,0.0,0.0,0.0,0.0,3
0.0,0.0,2007,0.0,0.0,0.0,0.0,0.0,0.0,0.0,0.0,0.0,0.0,0.0,0
0.0,0.0,2007,0.0,0.0,0.0,0.0,0.0,0.0,0.0,0.0,0.0,0.0,0.0,0
0.0,0.0,2007,0.0,0.0,0.0,0.0,0.0,0.0,0.0,0.0,0.0,0.0,0.0,0
0.0,0.0,2007,0.0,0.0,0.0,0.0,0.0,0.0,0.0,0.0,0.0,0.0,0.0,0
0.0,0.0,2007,0.0,0.0,0.0,0.0,0.0,0.0,0.0,0.0,0.0,0.0,0.0,0
0.0,0.0,2007,0.0,0.0,0.0,0.0,0.0,0.0,0.0,0.0,0.0,0.0,0.0,0
0.0,0.0,2007,1.0,8.0,3.0,0.0,0.0,0.0,0.0,0.0,0.0,0.0,0.0,12
0.0,0.0,2007,0.0,0.0,0.0,0.0,0.0,0.0,0.0,0.0,0.0,0.0,0.0,0
0.0,0.0,2007,0.0,0.0,0.0,0.0,0.0,0.0,0.0,0.0,0.0,0.0,0.0,0
0.0,0.0,2007,0.0,0.0,0.0,0.0,0.0,0.0,0.0,0.0,0.0,0.0,0.0,0
0.0,0.0,2007,0.0,0.0,0.0,0.0,0.0,0.0,0.0,0.0,0.0,0.0,0.0,0
0.0,0.0,2007,0.0,6.0,0.0,0.0,0.0,0.0,0.0,0.0,0.0,0.0,0.0,6
0.0,0.0,2007,0.0,18.0,0.0,0.0,0.0,0.0,0.0,0.0,0.0,0.0,0.0,18
0.0,0.0,2007,0.0,0.0,0.0,0.0,0.0,0.0,0.0,0.0,0.0,0.0,0.0,0
0.0,0.0,2007,0.0,0.0,0.0,0.0,0.0,0.0,0.0,0.0,0.0,0.0,0.0,0
0.0,0.0,2007,0.0,7.0,0.0,0.0,0.0,0.0,0.0,0.0,0.0,0.0,0.0,7
0.0,0.0,2007,0.0,0.0,3.0,0.0,0.0,0.0,0.0,0.0,0.0,0.0,0.0,3
0.0,0.0,2007,0.0,7.0,1.0,0.0,0.0,0.0,0.0,0.0,0.0,0.0,0.0,8
0.0,0.0,2007,0.0,0.0,1.0,0.0,0.0,0.0,0.0,0.0,0.0,0.0,0.0,1
0.0,0.0,2007,5.0,8.0,2.0,0.0,0.0,0.0,0.0,0.0,0.0,1.0,15.0,31
0.0,0.0,2007,0.0,0.0,0.0,5.0,0.0,0.0,0.0,0.0,0.0,0.0,0.0,5
0.0,0.0,2007,0.0,0.0,0.0,0.0,0.0,0.0,0.0,0.0,0.0,0.0,0.0,0
0.0,0.0,2007,0.0,0.0,0.0,0.0,0.0,0.0,0.0,0.0,0.0,0.0,13.0,13
0.0,0.0,2007,0.0,0.0,0.0,0.0,0.0,0.0,0.0,0.0,0.0,0.0,0.0,0
0.0,0.0,2007,0.0,0.0,0.0,0.0,0.0,0.0,0.0,0.0,0.0,0.0,0.0,0
0.0,0.0,2007,0.0,2.0,0.0,0.0,0.0,0.0,0.0,0.0,0.0,0.0,4.0,6
0.0,0.0,2007,0.0,0.0,0.0,0.0,0.0,0.0,0.0,0.0,0.0,0.0,0.0,0
0.0,0.0,2007,0.0,0.0,0.0,0.0,0.0,0.0,0.0,0.0,0.0,0.0,0.0,0
0.0,0.0,2007,0.0,0.0,1.0,0.0,0.0,0.0,0.0,0.0,0.0,0.0,0.0,1
0.0,0.0,2007,0.0,0.0,0.0,0.0,0.0,0.0,0.0,0.0,0.0,0.0,0.0,0
0.0,0.0,2007,22.0,30.0,10.0,0.0,0.0,0.0,0.0,0.0,0.0,0.0,0.0,62
0.0,0.0,2007,30.0,92.0,36.0,5.0,0.0,0.0,0.0,0.0,0.0,1.0,37.0,201
0.0,0.0,2007,3.0,6.0,22.0,10.0,0.0,0.0,0.0,0.0,0.0,1.0,2.0,44
0.0,0.0,2007,3.0,2.0,20.0,1.0,0.0,0.0,0.0,0.0,0.0,0.0,0.0,26
0.0,0.0,2007,0.0,0.0,0.0,0.0,0.0,0.0,0.0,0.0,0.0,0.0,0.0,0
0.0,0.0,2007,1.0,8.0,8.0,2.0,0.0,0.0,0.0,0.0,0.0,0.0,0.0,19
0.0,0.0,2007,1.0,0.0,0.0,3.0,0.0,0.0,0.0,0.0,0.0,0.0,5.0,9
0.0,0.0,2007,0.0,0.0,0.0,0.0,0.0,0.0,0.0,0.0,0.0,0.0,0.0,0
0.0,0.0,2007,0.0,0.0,0.0,0.0,0.0,0.0,0.0,0.0,0.0,0.0,0.0,0
0.0,0.0,2007,0.0,26.0,20.0,0.0,0.0,0.0,0.0,0.0,0.0,1.0,0.0,47
0.0,0.0,2007,0.0,0.0,0.0,0.0,0.0,0.0,0.0,0.0,0.0,0.0,0.0,0
0.0,0.0,2007,0.0,0.0,0.0,0.0,0.0,0.0,0.0,0.0,0.0,0.0,0.0,0
0.0,0.0,2007,1.0,15.0,20.0,0.0,0.0,0.0,0.0,0.0,0.0,0.0,0.0,36
0.0,0.0,2007,0.0,6.0,1.0,0.0,0.0,0.0,0.0,0.0,0.0,0.0,0.0,7
0.0,0.0,2007,5.0,9.0,68.0,0.0,0.0,0.0,0.0,0.0,0.0,0.0,0.0,82
0.0,0.0,2007,0.0,7.0,10.0,4.0,0.0,0.0,0.0,0.0,0.0,0.0,0.0,21
0.0,0.0,2007,0.0,0.0,0.0,0.0,0.0,0.0,0.0,0.0,0.0,0.0,0.0,0
0.0,0.0,2007,5.0,25.0,87.0,0.0,0.0,8.0,0.0,0.0,0.0,0.0,4.0,129
0.0,0.0,2007,1.0,13.0,3.0,0.0,0.0,1.0,0.0,0.0,0.0,2.0,0.0,20
0.0,0.0,2007,0.0,2.0,12.0,0.0,0.0,0.0,0.0,0.0,0.0,0.0,0.0,14
0.0,0.0,2007,2.0,2.0,12.0,0.0,0.0,0.0,0.0,0.0,0.0,0.0,0.0,16
0.0,0.0,2007,2.0,0.0,1.0,0.0,0.0,0.0,0.0,0.0,0.0,0.0,0.0,3
0.0,0.0,2007,2.0,3.0,3.0,9.0,0.0,0.0,0.0,0.0,0.0,0.0,1.0,18
0.0,0.0,2007,0.0,2.0,3.0,0.0,0.0,0.0,0.0,0.0,0.0,0.0,3.0,8
0.0,0.0,2007,1.0,5.0,3.0,2.0,0.0,0.0,0.0,0.0,0.0,1.0,3.0,15
0.0,0.0,2007,1.0,0.0,1.0,0.0,0.0,0.0,0.0,0.0,0.0,0.0,0.0,2
0.0,0.0,2007,1.0,4.0,2.0,4.0,0.0,0.0,0.0,0.0,0.0,0.0,0.0,11
0.0,0.0,2007,29.0,135.0,296.0,35.0,0.0,9.0,0.0,0.0,0.0,5.0,18.0,527
0.0,0.0,2007,7.0,12.0,25.0,1.0,0.0,0.0,0.0,0.0,0.0,0.0,0.0,45
0.0,0.0,2007,0.0,37.0,30.0,0.0,0.0,5.0,0.0,0.0,0.0,0.0,0.0,72
0.0,0.0,2007,5.0,7.0,12.0,0.0,0.0,6.0,0.0,0.0,0.0,0.0,0.0,30
0.0,0.0,2007,0.0,23.0,8.0,2.0,0.0,4.0,0.0,0.0,0.0,0.0,0.0,37
0.0,0.0,2007,6.0,4.0,11.0,0.0,0.0,1.0,0.0,0.0,0.0,0.0,0.0,22
0.0,0.0,2007,3.0,18.0,37.0,2.0,0.0,11.0,0.0,0.0,0.0,0.0,0.0,71
0.0,0.0,2007,0.0,15.0,10.0,0.0,0.0,12.0,0.0,0.0,0.0,0.0,0.0,37
0.0,0.0,2007,1.0,6.0,10.0,2.0,0.0,0.0,0.0,0.0,0.0,0.0,0.0,19
0.0,0.0,2007,3.0,4.0,15.0,0.0,0.0,1.0,0.0,0.0,0.0,0.0,0.0,23
0.0,0.0,2007,2.0,29.0,0.0,0.0,0.0,2.0,0.0,0.0,0.0,0.0,0.0,33
0.0,0.0,2007,0.0,13.0,15.0,0.0,0.0,0.0,0.0,0.0,0.0,0.0,0.0,28
0.0,0.0,2007,0.0,4.0,21.0,0.0,0.0,0.0,0.0,0.0,0.0,0.0,0.0,25
0.0,0.0,2007,3.0,4.0,8.0,0.0,0.0,2.0,0.0,0.0,0.0,0.0,0.0,17
0.0,0.0,2007,1.0,1.0,8.0,2.0,0.0,5.0,0.0,0.0,0.0,0.0,0.0,17
0.0,0.0,2007,0.0,0.0,3.0,0.0,0.0,4.0,0.0,0.0,0.0,0.0,0.0,7
0.0,0.0,2007,2.0,18.0,19.0,1.0,0.0,7.0,1.0,0.0,0.0,1.0,1.0,50
0.0,0.0,2007,2.0,17.0,5.0,0.0,0.0,3.0,0.0,0.0,0.0,1.0,1.0,29
0.0,0.0,2007,2.0,8.0,18.0,1.0,0.0,3.0,0.0,0.0,0.0,0.0,0.0,32
0.0,0.0,2007,4.0,9.0,28.0,0.0,0.0,0.0,0.0,0.0,0.0,0.0,0.0,41
0.0,0.0,2007,5.0,13.0,17.0,1.0,0.0,30.0,0.0,0.0,0.0,0.0,0.0,66
0.0,0.0,2007,1.0,3.0,22.0,0.0,0.0,0.0,0.0,0.0,0.0,0.0,0.0,26
0.0,0.0,2007,1.0,0.0,2.0,0.0,0.0,0.0,0.0,0.0,0.0,0.0,0.0,3
0.0,0.0,2007,3.0,5.0,11.0,0.0,0.0,1.0,0.0,0.0,0.0,0.0,0.0,20
0.0,0.0,2007,0.0,12.0,18.0,0.0,0.0,0.0,0.0,0.0,0.0,0.0,0.0,30
0.0,0.0,2007,3.0,22.0,17.0,0.0,0.0,6.0,0.0,0.0,0.0,0.0,0.0,48
0.0,0.0,2007,0.0,7.0,25.0,0.0,0.0,7.0,0.0,0.0,0.0,0.0,0.0,39
0.0,0.0,2007,2.0,11.0,3.0,1.0,0.0,0.0,0.0,0.0,0.0,0.0,0.0,17
0.0,0.0,2007,5.0,3.0,7.0,0.0,0.0,0.0,0.0,0.0,0.0,0.0,0.0,15
0.0,0.0,2007,8.0,7.0,2.0,1.0,0.0,7.0,0.0,0.0,0.0,0.0,0.0,25
0.0,0.0,2007,1.0,9.0,0.0,0.0,0.0,4.0,0.0,0.0,0.0,0.0,0.0,14
0.0,0.0,2007,0.0,15.0,14.0,0.0,0.0,0.0,0.0,0.0,0.0,0.0,0.0,29
0.0,0.0,2007,0.0,13.0,31.0,0.0,0.0,1.0,0.0,0.0,0.0,0.0,0.0,45
0.0,0.0,2007,0.0,1.0,12.0,0.0,0.0,3.0,0.0,0.0,0.0,0.0,0.0,16
0.0,0.0,2007,1.0,2.0,0.0,1.0,0.0,4.0,0.0,0.0,0.0,0.0,0.0,8
0.0,0.0,2007,8.0,15.0,33.0,0.0,0.0,2.0,0.0,0.0,0.0,0.0,0.0,58
0.0,0.0,2007,1.0,8.0,7.0,1.0,0.0,0.0,0.0,0.0,0.0,0.0,0.0,17
0.0,0.0,2007,0.0,4.0,16.0,0.0,0.0,5.0,0.0,0.0,0.0,1.0,0.0,26
0.0,0.0,2007,9.0,27.0,69.0,0.0,0.0,10.0,0.0,0.0,0.0,0.0,0.0,115
0.0,0.0,2007,89.0,406.0,589.0,16.0,0.0,146.0,1.0,0.0,0.0,3.0,2.0,1252
0.0,0.0,2007,0.0,5.0,4.0,0.0,0.0,2.0,0.0,0.0,0.0,0.0,1.0,12
0.0,0.0,2007,0.0,0.0,0.0,0.0,0.0,0.0,0.0,0.0,0.0,0.0,0.0,0
0.0,0.0,2007,0.0,10.0,1.0,0.0,0.0,2.0,0.0,0.0,0.0,0.0,2.0,15
0.0,0.0,2007,1.0,2.0,0.0,0.0,0.0,0.0,0.0,0.0,0.0,0.0,1.0,4
0.0,0.0,2007,1.0,17.0,5.0,0.0,0.0,4.0,0.0,0.0,0.0,0.0,4.0,31
0.0,0.0,2007,4.0,15.0,21.0,0.0,0.0,0.0,1.0,0.0,0.0,0.0,6.0,47
0.0,0.0,2007,0.0,0.0,2.0,0.0,0.0,2.0,0.0,0.0,0.0,0.0,0.0,4
0.0,0.0,2007,0.0,2.0,0.0,0.0,0.0,0.0,0.0,0.0,0.0,0.0,0.0,2
0.0,0.0,2007,1.0,8.0,3.0,0.0,0.0,0.0,0.0,0.0,0.0,0.0,0.0,12
0.0,0.0,2007,2.0,0.0,5.0,0.0,0.0,0.0,0.0,0.0,0.0,0.0,0.0,7
0.0,0.0,2007,0.0,0.0,0.0,0.0,0.0,0.0,0.0,0.0,0.0,0.0,0.0,0
0.0,0.0,2007,0.0,0.0,0.0,0.0,0.0,0.0,0.0,0.0,0.0,0.0,0.0,0
0.0,0.0,2007,3.0,10.0,5.0,0.0,0.0,0.0,0.0,0.0,0.0,0.0,0.0,18
0.0,0.0,2007,0.0,0.0,0.0,0.0,0.0,0.0,0.0,0.0,0.0,0.0,0.0,0
0.0,0.0,2007,0.0,0.0,0.0,0.0,0.0,0.0,0.0,0.0,0.0,0.0,0.0,0
0.0,0.0,2007,1.0,1.0,0.0,0.0,0.0,0.0,0.0,0.0,0.0,0.0,0.0,2
0.0,0.0,2007,4.0,0.0,2.0,0.0,0.0,0.0,0.0,0.0,0.0,0.0,1.0,7
0.0,0.0,2007,1.0,3.0,0.0,0.0,0.0,0.0,0.0,0.0,0.0,0.0,1.0,5
0.0,0.0,2007,3.0,0.0,0.0,0.0,0.0,0.0,0.0,0.0,0.0,0.0,0.0,3
0.0,0.0,2007,3.0,6.0,8.0,0.0,0.0,0.0,0.0,0.0,0.0,0.0,0.0,17
0.0,0.0,2007,1.0,8.0,0.0,0.0,0.0,0.0,0.0,0.0,0.0,0.0,0.0,9
0.0,0.0,2007,2.0,6.0,3.0,0.0,0.0,0.0,0.0,0.0,0.0,0.0,0.0,11
0.0,0.0,2007,3.0,0.0,0.0,0.0,0.0,0.0,0.0,0.0,0.0,0.0,0.0,3
0.0,0.0,2007,1.0,0.0,0.0,0.0,0.0,0.0,0.0,0.0,0.0,0.0,0.0,1
0.0,0.0,2007,2.0,4.0,8.0,0.0,0.0,0.0,0.0,0.0,0.0,0.0,3.0,17
0.0,0.0,2007,4.0,7.0,14.0,0.0,0.0,1.0,1.0,0.0,0.0,0.0,0.0,27
0.0,0.0,2007,1.0,8.0,11.0,0.0,0.0,0.0,0.0,0.0,0.0,0.0,0.0,20
0.0,0.0,2007,1.0,2.0,14.0,0.0,0.0,0.0,0.0,0.0,0.0,0.0,0.0,17
0.0,0.0,2007,0.0,0.0,0.0,0.0,0.0,0.0,0.0,0.0,0.0,0.0,0.0,0
0.0,0.0,2007,1.0,0.0,6.0,0.0,0.0,0.0,0.0,0.0,0.0,0.0,0.0,7
0.0,0.0,2007,1.0,0.0,0.0,0.0,0.0,1.0,0.0,0.0,0.0,0.0,1.0,3
0.0,0.0,2007,1.0,4.0,0.0,0.0,0.0,0.0,0.0,0.0,0.0,0.0,1.0,6
0.0,0.0,2007,0.0,0.0,16.0,0.0,0.0,0.0,0.0,0.0,0.0,0.0,0.0,16
0.0,0.0,2007,2.0,10.0,14.0,0.0,0.0,0.0,0.0,0.0,0.0,0.0,0.0,26
0.0,0.0,2007,0.0,2.0,6.0,0.0,0.0,0.0,0.0,0.0,0.0,0.0,0.0,8
0.0,0.0,2007,0.0,8.0,4.0,0.0,0.0,1.0,0.0,0.0,0.0,0.0,0.0,13
0.0,0.0,2007,0.0,0.0,0.0,0.0,0.0,0.0,0.0,0.0,0.0,0.0,0.0,0
0.0,0.0,2007,0.0,1.0,0.0,0.0,0.0,0.0,0.0,0.0,0.0,0.0,0.0,1
0.0,0.0,2007,2.0,1.0,0.0,0.0,0.0,0.0,0.0,0.0,0.0,0.0,0.0,3
0.0,0.0,2007,2.0,18.0,25.0,0.0,0.0,17.0,0.0,0.0,0.0,1.0,3.0,66
0.0,0.0,2007,6.0,13.0,28.0,0.0,0.0,0.0,0.0,0.0,0.0,1.0,1.0,49
0.0,0.0,2007,2.0,4.0,2.0,0.0,0.0,6.0,0.0,0.0,0.0,0.0,0.0,14
0.0,0.0,2007,54.0,141.0,197.0,0.0,0.0,28.0,2.0,0.0,0.0,2.0,17.0,441
0.0,0.0,2007,3.0,9.0,0.0,0.0,0.0,0.0,0.0,0.0,0.0,1.0,9.0,22
0.0,0.0,2007,3.0,9.0,11.0,0.0,0.0,0.0,0.0,0.0,0.0,0.0,0.0,23
0.0,0.0,2007,3.0,3.0,0.0,0.0,0.0,0.0,0.0,0.0,0.0,0.0,0.0,6
0.0,0.0,2007,0.0,12.0,0.0,0.0,0.0,0.0,0.0,0.0,0.0,0.0,0.0,12
0.0,0.0,2007,9.0,33.0,11.0,0.0,0.0,0.0,0.0,0.0,0.0,1.0,9.0,63
0.0,0.0,2007,0.0,6.0,52.0,0.0,0.0,0.0,0.0,1.0,0.0,0.0,20.0,79
0.0,0.0,2007,0.0,10.0,33.0,0.0,0.0,0.0,0.0,0.0,0.0,0.0,7.0,50
0.0,0.0,2007,20.0,6.0,18.0,0.0,0.0,0.0,0.0,0.0,0.0,0.0,5.0,49
0.0,0.0,2007,6.0,4.0,7.0,0.0,0.0,0.0,0.0,0.0,0.0,0.0,3.0,20
0.0,0.0,2007,1.0,4.0,13.0,0.0,0.0,0.0,0.0,0.0,0.0,0.0,3.0,21
0.0,0.0,2007,1.0,2.0,3.0,0.0,0.0,0.0,0.0,0.0,0.0,0.0,0.0,6
0.0,0.0,2007,3.0,5.0,11.0,0.0,0.0,0.0,0.0,0.0,0.0,0.0,13.0,32
0.0,0.0,2007,14.0,3.0,9.0,0.0,0.0,0.0,0.0,0.0,0.0,0.0,2.0,28
0.0,0.0,2007,3.0,3.0,2.0,0.0,0.0,0.0,0.0,0.0,0.0,0.0,5.0,13
0.0,0.0,2007,3.0,5.0,6.0,0.0,0.0,0.0,0.0,0.0,0.0,0.0,7.0,21
0.0,0.0,2007,2.0,1.0,2.0,0.0,0.0,0.0,0.0,0.0,0.0,0.0,0.0,5
0.0,0.0,2007,3.0,7.0,6.0,0.0,0.0,0.0,0.0,0.0,0.0,0.0,16.0,32
0.0,0.0,2007,8.0,8.0,13.0,0.0,0.0,0.0,0.0,0.0,0.0,0.0,7.0,36
0.0,0.0,2007,9.0,6.0,16.0,0.0,0.0,0.0,0.0,0.0,0.0,0.0,0.0,31
0.0,0.0,2007,0.0,7.0,10.0,0.0,0.0,0.0,0.0,0.0,0.0,0.0,3.0,20
0.0,0.0,2007,9.0,17.0,20.0,0.0,0.0,0.0,0.0,0.0,0.0,0.0,19.0,65
0.0,0.0,2007,6.0,16.0,26.0,0.0,0.0,0.0,0.0,0.0,0.0,0.0,2.0,50
0.0,0.0,2007,4.0,4.0,6.0,0.0,0.0,0.0,0.0,0.0,0.0,0.0,5.0,19
0.0,0.0,2007,2.0,3.0,2.0,0.0,0.0,0.0,0.0,0.0,0.0,0.0,0.0,7
0.0,0.0,2007,4.0,1.0,6.0,0.0,0.0,0.0,0.0,0.0,0.0,0.0,4.0,15
0.0,0.0,2007,17.0,13.0,32.0,1.0,0.0,0.0,0.0,0.0,0.0,0.0,2.0,65
0.0,0.0,2007,6.0,3.0,25.0,0.0,0.0,0.0,0.0,0.0,0.0,0.0,3.0,37
0.0,0.0,2007,2.0,11.0,8.0,0.0,0.0,0.0,0.0,0.0,0.0,0.0,0.0,21
0.0,0.0,2007,0.0,4.0,7.0,0.0,0.0,0.0,0.0,0.0,0.0,0.0,0.0,11
0.0,0.0,2007,7.0,0.0,0.0,0.0,0.0,0.0,0.0,0.0,0.0,0.0,0.0,7
0.0,0.0,2007,3.0,2.0,8.0,0.0,0.0,0.0,0.0,0.0,0.0,0.0,12.0,25
0.0,0.0,2007,1.0,0.0,0.0,0.0,0.0,0.0,0.0,0.0,0.0,0.0,0.0,1
0.0,0.0,2007,6.0,9.0,15.0,0.0,0.0,0.0,0.0,0.0,0.0,0.0,2.0,32
0.0,0.0,2007,8.0,21.0,61.0,0.0,0.0,0.0,0.0,0.0,0.0,0.0,10.0,100
0.0,0.0,2007,7.0,4.0,5.0,0.0,0.0,0.0,0.0,0.0,0.0,0.0,6.0,22
0.0,0.0,2007,8.0,3.0,4.0,0.0,0.0,0.0,0.0,0.0,0.0,0.0,0.0,15
0.0,0.0,2007,6.0,9.0,8.0,0.0,0.0,0.0,0.0,0.0,0.0,0.0,3.0,26
0.0,0.0,2007,5.0,3.0,6.0,0.0,0.0,0.0,0.0,0.0,0.0,0.0,6.0,20
0.0,0.0,2007,6.0,15.0,22.0,0.0,0.0,0.0,0.0,0.0,0.0,0.0,4.0,47
0.0,0.0,2007,8.0,3.0,8.0,0.0,0.0,0.0,0.0,0.0,0.0,0.0,2.0,21
0.0,0.0,2007,2.0,4.0,5.0,0.0,0.0,0.0,0.0,0.0,0.0,0.0,4.0,15
0.0,0.0,2007,6.0,4.0,19.0,0.0,0.0,0.0,0.0,0.0,0.0,0.0,2.0,31
0.0,0.0,2007,2.0,6.0,7.0,0.0,0.0,0.0,0.0,0.0,0.0,0.0,6.0,21
0.0,0.0,2007,3.0,8.0,14.0,0.0,0.0,0.0,0.0,0.0,0.0,0.0,3.0,28
0.0,0.0,2007,6.0,4.0,10.0,0.0,0.0,0.0,0.0,0.0,0.0,0.0,0.0,20
0.0,0.0,2007,5.0,3.0,13.0,0.0,0.0,0.0,0.0,0.0,0.0,0.0,1.0,22
0.0,0.0,2007,6.0,6.0,45.0,0.0,0.0,0.0,0.0,0.0,0.0,0.0,5.0,62
0.0,0.0,2007,3.0,13.0,15.0,0.0,0.0,0.0,0.0,0.0,0.0,0.0,7.0,38
0.0,0.0,2007,0.0,9.0,10.0,0.0,0.0,0.0,0.0,0.0,0.0,0.0,0.0,19
0.0,0.0,2007,1.0,4.0,7.0,0.0,0.0,0.0,0.0,0.0,0.0,0.0,9.0,21
0.0,0.0,2007,3.0,1.0,9.0,0.0,0.0,0.0,0.0,0.0,0.0,0.0,4.0,17
0.0,0.0,2007,14.0,31.0,64.0,0.0,0.0,0.0,0.0,0.0,0.0,0.0,19.0,128
0.0,0.0,2007,6.0,12.0,13.0,0.0,0.0,0.0,0.0,0.0,0.0,0.0,5.0,36
0.0,0.0,2007,3.0,1.0,6.0,0.0,0.0,0.0,0.0,0.0,0.0,0.0,1.0,11
0.0,0.0,2007,13.0,4.0,7.0,0.0,0.0,0.0,0.0,0.0,0.0,0.0,3.0,27
0.0,0.0,2007,6.0,11.0,17.0,0.0,0.0,0.0,0.0,0.0,0.0,0.0,12.0,46
0.0,0.0,2007,5.0,8.0,30.0,0.0,0.0,0.0,0.0,0.0,0.0,0.0,3.0,46
0.0,0.0,2007,13.0,8.0,32.0,0.0,0.0,0.0,0.0,0.0,0.0,0.0,18.0,71
0.0,0.0,2007,1.0,4.0,7.0,0.0,0.0,0.0,0.0,0.0,0.0,0.0,5.0,17
0.0,0.0,2007,8.0,13.0,25.0,0.0,0.0,0.0,0.0,0.0,0.0,0.0,6.0,52
0.0,0.0,2007,14.0,3.0,12.0,0.0,0.0,0.0,0.0,0.0,0.0,0.0,0.0,29
0.0,0.0,2007,5.0,5.0,6.0,0.0,0.0,0.0,0.0,0.0,0.0,0.0,1.0,17
0.0,0.0,2007,5.0,8.0,19.0,0.0,0.0,0.0,0.0,0.0,0.0,0.0,4.0,36
0.0,0.0,2007,0.0,5.0,8.0,0.0,0.0,0.0,0.0,0.0,0.0,0.0,0.0,13
0.0,0.0,2007,9.0,7.0,16.0,0.0,0.0,0.0,0.0,0.0,0.0,0.0,1.0,33
0.0,0.0,2007,18.0,5.0,7.0,0.0,0.0,0.0,0.0,0.0,0.0,0.0,3.0,33
0.0,0.0,2007,0.0,4.0,6.0,0.0,0.0,0.0,0.0,0.0,0.0,0.0,5.0,15
0.0,0.0,2007,10.0,15.0,30.0,0.0,0.0,0.0,0.0,0.0,0.0,0.0,6.0,61
0.0,0.0,2007,3.0,3.0,9.0,0.0,0.0,0.0,0.0,0.0,0.0,0.0,7.0,22
0.0,0.0,2007,3.0,3.0,15.0,0.0,0.0,0.0,0.0,0.0,0.0,0.0,4.0,25
0.0,0.0,2007,11.0,13.0,21.0,0.0,0.0,0.0,0.0,0.0,0.0,0.0,7.0,52
0.0,0.0,2007,0.0,5.0,4.0,0.0,0.0,0.0,0.0,0.0,0.0,0.0,8.0,17
0.0,0.0,2007,0.0,0.0,7.0,0.0,0.0,0.0,0.0,0.0,0.0,0.0,0.0,7
0.0,0.0,2007,6.0,6.0,6.0,0.0,0.0,0.0,0.0,0.0,0.0,0.0,0.0,18
0.0,0.0,2007,16.0,9.0,40.0,0.0,0.0,0.0,0.0,0.0,0.0,0.0,0.0,65
0.0,0.0,2007,3.0,8.0,10.0,0.0,0.0,0.0,0.0,0.0,0.0,0.0,7.0,28
0.0,0.0,2007,397.0,471.0,1041.0,1.0,0.0,0.0,0.0,1.0,0.0,0.0,337.0,2248
0.0,0.0,2007,0.0,0.0,0.0,0.0,0.0,0.0,0.0,0.0,0.0,0.0,0.0,0
0.0,0.0,2007,0.0,0.0,0.0,0.0,0.0,0.0,0.0,0.0,0.0,0.0,0.0,0
0.0,0.0,2007,0.0,1.0,0.0,0.0,0.0,0.0,0.0,0.0,0.0,0.0,0.0,1
0.0,0.0,2007,0.0,0.0,0.0,0.0,0.0,0.0,0.0,0.0,0.0,0.0,0.0,0
0.0,0.0,2007,5.0,4.0,10.0,0.0,0.0,0.0,0.0,0.0,0.0,0.0,2.0,21
0.0,0.0,2007,5.0,9.0,0.0,0.0,0.0,0.0,1.0,0.0,0.0,0.0,0.0,15
0.0,0.0,2007,1.0,0.0,0.0,0.0,0.0,0.0,0.0,0.0,0.0,0.0,8.0,9
0.0,0.0,2007,0.0,0.0,0.0,0.0,0.0,0.0,0.0,0.0,0.0,0.0,0.0,0
0.0,0.0,2007,0.0,0.0,0.0,0.0,0.0,0.0,0.0,0.0,0.0,0.0,0.0,0
0.0,0.0,2007,0.0,0.0,0.0,0.0,0.0,0.0,0.0,0.0,0.0,0.0,0.0,0
0.0,0.0,2007,0.0,0.0,0.0,0.0,0.0,0.0,0.0,0.0,0.0,0.0,0.0,0
0.0,0.0,2007,2.0,2.0,33.0,0.0,0.0,0.0,0.0,0.0,0.0,0.0,13.0,50
0.0,0.0,2007,1.0,1.0,3.0,0.0,0.0,0.0,0.0,0.0,0.0,0.0,0.0,5
0.0,0.0,2007,14.0,17.0,46.0,0.0,0.0,0.0,1.0,0.0,0.0,0.0,23.0,101
0.0,0.0,2007,7.0,56.0,15.0,0.0,0.0,1.0,11.0,2.0,29.0,0.0,0.0,121
0.0,0.0,2007,0.0,0.0,0.0,0.0,0.0,0.0,0.0,0.0,0.0,0.0,0.0,0
0.0,0.0,2007,0.0,0.0,0.0,0.0,0.0,0.0,0.0,0.0,0.0,0.0,0.0,0
0.0,0.0,2007,3.0,0.0,1.0,1.0,0.0,0.0,3.0,0.0,0.0,1.0,0.0,9
0.0,0.0,2007,2.0,5.0,2.0,0.0,0.0,0.0,0.0,0.0,1.0,0.0,0.0,10
0.0,0.0,2007,0.0,0.0,0.0,0.0,0.0,0.0,0.0,0.0,0.0,0.0,0.0,0
0.0,0.0,2007,1.0,4.0,8.0,0.0,0.0,0.0,0.0,1.0,0.0,0.0,1.0,15
0.0,0.0,2007,0.0,0.0,0.0,0.0,0.0,0.0,0.0,0.0,0.0,1.0,0.0,1
0.0,0.0,2007,0.0,0.0,0.0,0.0,0.0,0.0,0.0,0.0,0.0,0.0,0.0,0
0.0,0.0,2007,0.0,0.0,0.0,0.0,0.0,0.0,0.0,0.0,0.0,0.0,0.0,0
0.0,0.0,2007,0.0,0.0,0.0,0.0,0.0,0.0,0.0,0.0,0.0,0.0,0.0,0
0.0,0.0,2007,0.0,0.0,0.0,0.0,0.0,0.0,0.0,0.0,0.0,0.0,0.0,0
0.0,0.0,2007,0.0,0.0,0.0,0.0,0.0,0.0,0.0,0.0,0.0,1.0,0.0,1
0.0,0.0,2007,0.0,0.0,0.0,0.0,0.0,0.0,0.0,0.0,0.0,0.0,0.0,0
0.0,0.0,2007,2.0,20.0,47.0,0.0,0.0,0.0,13.0,3.0,7.0,0.0,38.0,130
0.0,0.0,2007,0.0,0.0,0.0,0.0,0.0,0.0,8.0,0.0,2.0,0.0,0.0,10
0.0,0.0,2007,0.0,0.0,0.0,0.0,0.0,0.0,0.0,0.0,0.0,5.0,0.0,5
0.0,0.0,2007,0.0,0.0,0.0,0.0,0.0,0.0,0.0,0.0,0.0,0.0,0.0,0
0.0,0.0,2007,0.0,0.0,0.0,0.0,0.0,0.0,0.0,0.0,0.0,0.0,0.0,0
0.0,0.0,2007,0.0,0.0,0.0,0.0,0.0,0.0,6.0,0.0,6.0,0.0,0.0,12
0.0,0.0,2007,0.0,7.0,0.0,0.0,0.0,0.0,0.0,0.0,0.0,0.0,0.0,7
0.0,0.0,2007,0.0,0.0,0.0,0.0,0.0,0.0,0.0,0.0,0.0,0.0,0.0,0
0.0,0.0,2007,0.0,0.0,0.0,0.0,0.0,0.0,0.0,0.0,0.0,0.0,0.0,0
0.0,0.0,2007,0.0,0.0,15.0,0.0,0.0,0.0,13.0,0.0,10.0,1.0,1.0,40
0.0,0.0,2007,15.0,92.0,88.0,1.0,0.0,1.0,54.0,6.0,55.0,9.0,40.0,361
0.0,0.0,2007,0.0,3.0,7.0,0.0,0.0,0.0,0.0,0.0,0.0,0.0,0.0,10
0.0,0.0,2007,0.0,3.0,7.0,0.0,0.0,0.0,0.0,0.0,0.0,0.0,0.0,10
0.0,0.0,2007,1.0,8.0,30.0,0.0,1.0,12.0,0.0,0.0,0.0,0.0,1.0,53
0.0,0.0,2007,1.0,8.0,30.0,0.0,1.0,12.0,0.0,0.0,0.0,0.0,1.0,53
0.0,0.0,2007,1.0,3.0,6.0,0.0,0.0,1.0,0.0,0.0,0.0,0.0,0.0,11
0.0,0.0,2007,1.0,3.0,6.0,0.0,0.0,1.0,0.0,0.0,0.0,0.0,0.0,11
0.0,0.0,2007,2.0,0.0,0.0,0.0,0.0,1.0,0.0,0.0,0.0,0.0,0.0,3
0.0,0.0,2007,0.0,0.0,0.0,0.0,0.0,0.0,0.0,0.0,0.0,0.0,0.0,0
0.0,0.0,2007,2.0,0.0,0.0,0.0,0.0,1.0,0.0,0.0,0.0,0.0,0.0,3
0.0,0.0,2007,1.0,19.0,43.0,0.0,0.0,0.0,0.0,0.0,0.0,0.0,14.0,77
0.0,0.0,2007,7.0,54.0,149.0,0.0,0.0,5.0,0.0,0.0,0.0,0.0,18.0,233
0.0,0.0,2007,2.0,1.0,9.0,0.0,0.0,1.0,0.0,0.0,0.0,0.0,0.0,13
0.0,0.0,2007,2.0,0.0,1.0,0.0,0.0,0.0,0.0,0.0,0.0,0.0,3.0,6
0.0,0.0,2007,4.0,0.0,6.0,0.0,0.0,1.0,0.0,0.0,0.0,0.0,27.0,38
0.0,0.0,2007,3.0,23.0,34.0,0.0,0.0,2.0,0.0,0.0,0.0,0.0,36.0,98
0.0,0.0,2007,0.0,0.0,0.0,0.0,0.0,0.0,0.0,0.0,0.0,0.0,0.0,0
0.0,0.0,2007,11.0,55.0,165.0,0.0,1.0,1.0,0.0,1.0,0.0,0.0,88.0,322
0.0,0.0,2007,3.0,85.0,286.0,2.0,0.0,4.0,0.0,0.0,0.0,0.0,23.0,403
0.0,0.0,2007,9.0,51.0,127.0,1.0,0.0,8.0,0.0,1.0,0.0,0.0,39.0,236
0.0,0.0,2007,6.0,32.0,78.0,0.0,0.0,3.0,0.0,0.0,0.0,0.0,50.0,169
0.0,0.0,2007,0.0,0.0,0.0,0.0,0.0,0.0,0.0,0.0,0.0,0.0,0.0,0
0.0,0.0,2007,0.0,41.0,122.0,1.0,0.0,9.0,0.0,0.0,0.0,0.0,38.0,211
0.0,0.0,2007,56.0,398.0,1161.0,4.0,1.0,35.0,0.0,2.0,0.0,0.0,362.0,2019
0.0,0.0,2007,0.0,0.0,0.0,0.0,0.0,0.0,0.0,0.0,0.0,0.0,0.0,0
0.0,0.0,2007,0.0,0.0,0.0,0.0,0.0,0.0,0.0,0.0,0.0,0.0,0.0,0
0.0,0.0,2007,1.0,2.0,3.0,0.0,0.0,1.0,0.0,0.0,0.0,0.0,0.0,7
0.0,0.0,2007,1.0,1.0,9.0,0.0,0.0,0.0,0.0,0.0,0.0,0.0,5.0,16
0.0,0.0,2007,2.0,3.0,12.0,0.0,0.0,1.0,0.0,0.0,0.0,0.0,5.0,23
0.0,0.0,2008,0.0,2.0,0.0,0.0,0.0,0.0,0.0,0.0,0.0,2.0,0.0,4
0.0,0.0,2008,1.0,0.0,0.0,0.0,0.0,0.0,0.0,0.0,0.0,0.0,5.0,6
0.0,0.0,2008,4.0,9.0,9.0,0.0,0.0,0.0,0.0,0.0,0.0,0.0,0.0,22
0.0,0.0,2008,1.0,22.0,58.0,0.0,0.0,0.0,0.0,0.0,0.0,0.0,0.0,81
0.0,0.0,2008,0.0,2.0,0.0,0.0,0.0,0.0,0.0,0.0,0.0,1.0,0.0,3
0.0,0.0,2008,0.0,0.0,0.0,0.0,0.0,0.0,0.0,0.0,0.0,0.0,0.0,0
0.0,0.0,2008,0.0,0.0,0.0,0.0,0.0,0.0,0.0,0.0,0.0,0.0,0.0,0
0.0,0.0,2008,5.0,26.0,42.0,0.0,1.0,5.0,1.0,1.0,0.0,0.0,3.0,84
0.0,0.0,2008,0.0,37.0,12.0,0.0,0.0,18.0,0.0,0.0,0.0,1.0,0.0,68
0.0,0.0,2008,9.0,60.0,104.0,0.0,0.0,4.0,0.0,0.0,1.0,1.0,3.0,182
0.0,0.0,2008,7.0,29.0,21.0,0.0,0.0,0.0,0.0,0.0,1.0,0.0,0.0,58
0.0,0.0,2008,1.0,13.0,27.0,0.0,0.0,1.0,0.0,0.0,0.0,0.0,32.0,74
0.0,0.0,2008,0.0,0.0,0.0,0.0,0.0,3.0,0.0,0.0,0.0,0.0,1.0,4
0.0,0.0,2008,3.0,5.0,2.0,0.0,0.0,0.0,0.0,0.0,0.0,0.0,17.0,27
0.0,0.0,2008,5.0,13.0,9.0,0.0,0.0,0.0,7.0,0.0,0.0,2.0,0.0,36
0.0,0.0,2008,0.0,57.0,27.0,1.0,0.0,8.0,0.0,0.0,0.0,0.0,0.0,93
0.0,0.0,2008,1.0,13.0,13.0,0.0,0.0,4.0,28.0,0.0,0.0,0.0,101.0,160
0.0,0.0,2008,2.0,2.0,3.0,0.0,0.0,0.0,5.0,0.0,0.0,0.0,4.0,16
0.0,0.0,2008,3.0,3.0,0.0,0.0,0.0,0.0,7.0,0.0,0.0,2.0,8.0,23
0.0,0.0,2008,0.0,0.0,0.0,0.0,0.0,0.0,0.0,0.0,0.0,0.0,0.0,0
0.0,0.0,2008,0.0,0.0,0.0,0.0,0.0,0.0,0.0,0.0,0.0,0.0,0.0,0
0.0,0.0,2008,3.0,3.0,4.0,0.0,0.0,0.0,0.0,0.0,0.0,0.0,3.0,13
0.0,0.0,2008,2.0,25.0,25.0,0.0,0.0,5.0,0.0,0.0,0.0,0.0,55.0,112
0.0,0.0,2008,0.0,0.0,0.0,0.0,0.0,0.0,0.0,0.0,0.0,0.0,0.0,0
0.0,0.0,2008,1.0,4.0,0.0,0.0,0.0,0.0,0.0,0.0,0.0,1.0,0.0,6
0.0,0.0,2008,2.0,2.0,3.0,0.0,0.0,0.0,0.0,0.0,0.0,0.0,3.0,10
0.0,0.0,2008,3.0,2.0,0.0,0.0,0.0,0.0,0.0,0.0,0.0,0.0,0.0,5
0.0,0.0,2008,5.0,40.0,36.0,0.0,5.0,1.0,0.0,0.0,0.0,9.0,48.0,144
0.0,0.0,2008,6.0,43.0,38.0,1.0,1.0,0.0,0.0,0.0,0.0,0.0,1.0,90
0.0,0.0,2008,64.0,412.0,433.0,2.0,7.0,49.0,48.0,1.0,2.0,19.0,284.0,1321
0.0,0.0,2008,0.0,1.0,2.0,0.0,0.0,0.0,0.0,0.0,0.0,0.0,0.0,3
0.0,0.0,2008,0.0,0.0,0.0,0.0,0.0,0.0,0.0,0.0,0.0,0.0,0.0,0
0.0,0.0,2008,0.0,0.0,0.0,0.0,0.0,0.0,0.0,0.0,0.0,0.0,0.0,0
0.0,0.0,2008,0.0,0.0,0.0,0.0,0.0,0.0,0.0,0.0,0.0,0.0,0.0,0
0.0,0.0,2008,0.0,0.0,0.0,0.0,0.0,0.0,0.0,0.0,0.0,0.0,0.0,0
0.0,0.0,2008,0.0,2.0,0.0,0.0,0.0,0.0,0.0,0.0,0.0,0.0,0.0,2
0.0,0.0,2008,0.0,2.0,4.0,0.0,0.0,0.0,0.0,0.0,0.0,0.0,0.0,6
0.0,0.0,2008,0.0,3.0,3.0,0.0,0.0,0.0,0.0,0.0,0.0,0.0,0.0,6
0.0,0.0,2008,0.0,0.0,0.0,0.0,0.0,0.0,0.0,0.0,0.0,0.0,0.0,0
0.0,0.0,2008,0.0,3.0,2.0,0.0,0.0,0.0,0.0,0.0,0.0,0.0,0.0,5
0.0,0.0,2008,0.0,0.0,0.0,0.0,0.0,0.0,0.0,0.0,0.0,0.0,0.0,0
0.0,0.0,2008,0.0,0.0,0.0,0.0,0.0,0.0,0.0,0.0,0.0,0.0,0.0,0
0.0,0.0,2008,0.0,0.0,0.0,0.0,0.0,0.0,0.0,0.0,0.0,0.0,0.0,0
0.0,0.0,2008,0.0,0.0,2.0,0.0,0.0,0.0,0.0,0.0,0.0,0.0,0.0,2
0.0,0.0,2008,0.0,0.0,0.0,0.0,0.0,0.0,0.0,0.0,0.0,0.0,0.0,0
0.0,0.0,2008,0.0,11.0,13.0,0.0,0.0,0.0,0.0,0.0,0.0,0.0,0.0,24
0.0,0.0,2008,0.0,7.0,0.0,0.0,0.0,0.0,0.0,0.0,0.0,0.0,0.0,7
0.0,0.0,2008,0.0,0.0,0.0,0.0,0.0,0.0,0.0,0.0,0.0,0.0,0.0,0
0.0,0.0,2008,0.0,0.0,0.0,0.0,0.0,0.0,0.0,0.0,0.0,0.0,0.0,0
0.0,0.0,2008,0.0,0.0,0.0,0.0,0.0,0.0,0.0,0.0,0.0,0.0,0.0,0
0.0,0.0,2008,0.0,0.0,0.0,0.0,0.0,0.0,0.0,0.0,0.0,0.0,0.0,0
0.0,0.0,2008,0.0,0.0,0.0,0.0,0.0,0.0,0.0,0.0,0.0,0.0,0.0,0
0.0,0.0,2008,0.0,0.0,0.0,0.0,0.0,0.0,0.0,0.0,0.0,0.0,0.0,0
0.0,0.0,2008,0.0,0.0,0.0,0.0,0.0,0.0,0.0,0.0,0.0,0.0,0.0,0
0.0,0.0,2008,0.0,0.0,0.0,0.0,0.0,0.0,0.0,0.0,0.0,1.0,0.0,1
0.0,0.0,2008,0.0,0.0,0.0,0.0,0.0,0.0,0.0,0.0,0.0,0.0,0.0,0
0.0,0.0,2008,0.0,0.0,0.0,0.0,0.0,0.0,0.0,0.0,0.0,0.0,0.0,0
0.0,0.0,2008,0.0,0.0,0.0,0.0,0.0,0.0,0.0,0.0,0.0,0.0,0.0,0
0.0,0.0,2008,0.0,8.0,0.0,0.0,0.0,0.0,0.0,0.0,0.0,0.0,0.0,8
0.0,0.0,2008,0.0,6.0,0.0,0.0,0.0,0.0,0.0,0.0,0.0,0.0,0.0,6
0.0,0.0,2008,0.0,0.0,0.0,0.0,0.0,0.0,0.0,0.0,0.0,0.0,0.0,0
0.0,0.0,2008,0.0,0.0,0.0,0.0,0.0,0.0,0.0,0.0,0.0,0.0,0.0,0
0.0,0.0,2008,0.0,3.0,0.0,0.0,0.0,0.0,0.0,0.0,0.0,0.0,0.0,3
0.0,0.0,2008,0.0,0.0,4.0,0.0,0.0,0.0,0.0,0.0,0.0,0.0,0.0,4
0.0,0.0,2008,0.0,0.0,0.0,0.0,0.0,0.0,0.0,0.0,0.0,0.0,0.0,0
0.0,0.0,2008,0.0,0.0,0.0,0.0,0.0,0.0,0.0,0.0,0.0,0.0,0.0,0
0.0,0.0,2008,0.0,0.0,0.0,0.0,0.0,0.0,0.0,0.0,0.0,0.0,0.0,0
0.0,0.0,2008,0.0,0.0,0.0,0.0,0.0,0.0,0.0,0.0,0.0,0.0,0.0,0
0.0,0.0,2008,0.0,0.0,1.0,0.0,0.0,0.0,0.0,0.0,0.0,0.0,0.0,1
0.0,0.0,2008,1.0,0.0,2.0,0.0,0.0,0.0,0.0,0.0,0.0,0.0,146.0,149
0.0,0.0,2008,0.0,2.0,0.0,0.0,0.0,0.0,0.0,0.0,0.0,0.0,0.0,2
0.0,0.0,2008,0.0,0.0,0.0,0.0,0.0,0.0,0.0,0.0,0.0,0.0,0.0,0
0.0,0.0,2008,0.0,0.0,0.0,0.0,0.0,0.0,0.0,0.0,0.0,0.0,0.0,0
0.0,0.0,2008,0.0,1.0,0.0,0.0,0.0,0.0,0.0,0.0,0.0,0.0,1.0,2
0.0,0.0,2008,0.0,0.0,0.0,0.0,0.0,0.0,0.0,0.0,0.0,0.0,0.0,0
0.0,0.0,2008,0.0,0.0,0.0,0.0,0.0,0.0,0.0,0.0,0.0,0.0,0.0,0
0.0,0.0,2008,1.0,27.0,7.0,0.0,0.0,0.0,0.0,0.0,0.0,1.0,147.0,183
0.0,0.0,2008,5.0,0.0,0.0,0.0,0.0,0.0,0.0,0.0,0.0,0.0,1.0,6
0.0,0.0,2008,1.0,0.0,7.0,0.0,0.0,0.0,0.0,0.0,0.0,0.0,0.0,8
0.0,0.0,2008,1.0,0.0,6.0,0.0,0.0,0.0,0.0,0.0,0.0,0.0,0.0,7
0.0,0.0,2008,0.0,0.0,4.0,0.0,0.0,0.0,0.0,0.0,0.0,0.0,0.0,4
0.0,0.0,2008,2.0,0.0,5.0,0.0,0.0,0.0,0.0,0.0,0.0,0.0,0.0,7
0.0,0.0,2008,0.0,0.0,5.0,0.0,0.0,0.0,0.0,0.0,0.0,0.0,0.0,5
0.0,0.0,2008,0.0,0.0,8.0,0.0,0.0,0.0,0.0,0.0,0.0,0.0,0.0,8
0.0,0.0,2008,3.0,9.0,2.0,0.0,0.0,0.0,10.0,0.0,0.0,0.0,0.0,24
0.0,0.0,2008,17.0,8.0,97.0,0.0,0.0,0.0,0.0,0.0,0.0,0.0,0.0,122
0.0,0.0,2008,12.0,4.0,13.0,0.0,0.0,0.0,30.0,0.0,0.0,0.0,1.0,60
0.0,0.0,2008,3.0,2.0,5.0,0.0,0.0,0.0,0.0,0.0,0.0,0.0,0.0,10
0.0,0.0,2008,0.0,0.0,0.0,0.0,0.0,0.0,0.0,0.0,0.0,0.0,0.0,0
0.0,0.0,2008,0.0,7.0,19.0,0.0,0.0,0.0,0.0,0.0,0.0,0.0,0.0,26
0.0,0.0,2008,0.0,0.0,23.0,0.0,0.0,0.0,0.0,0.0,0.0,0.0,0.0,23
0.0,0.0,2008,0.0,0.0,0.0,0.0,0.0,0.0,0.0,0.0,0.0,0.0,0.0,0
0.0,0.0,2008,1.0,3.0,2.0,0.0,0.0,0.0,2.0,0.0,0.0,0.0,0.0,8
0.0,0.0,2008,0.0,0.0,5.0,0.0,0.0,0.0,1.0,0.0,0.0,0.0,0.0,6
0.0,0.0,2008,0.0,0.0,5.0,0.0,0.0,0.0,0.0,0.0,0.0,0.0,0.0,5
0.0,0.0,2008,0.0,0.0,0.0,0.0,0.0,0.0,0.0,0.0,0.0,0.0,0.0,0
0.0,0.0,2008,5.0,3.0,12.0,0.0,0.0,0.0,0.0,0.0,0.0,0.0,0.0,20
0.0,0.0,2008,8.0,4.0,5.0,0.0,0.0,0.0,0.0,0.0,0.0,0.0,0.0,17
0.0,0.0,2008,2.0,5.0,15.0,0.0,0.0,0.0,0.0,0.0,0.0,0.0,0.0,22
0.0,0.0,2008,0.0,0.0,0.0,0.0,0.0,0.0,0.0,0.0,0.0,0.0,0.0,0
0.0,0.0,2008,11.0,9.0,7.0,0.0,0.0,0.0,0.0,0.0,0.0,0.0,0.0,27
0.0,0.0,2008,0.0,0.0,8.0,0.0,0.0,0.0,0.0,0.0,0.0,0.0,0.0,8
0.0,0.0,2008,0.0,0.0,3.0,0.0,0.0,0.0,0.0,0.0,0.0,0.0,0.0,3
0.0,0.0,2008,5.0,0.0,9.0,0.0,0.0,0.0,0.0,0.0,0.0,0.0,0.0,14
0.0,0.0,2008,0.0,0.0,0.0,0.0,0.0,0.0,0.0,0.0,0.0,0.0,0.0,0
0.0,0.0,2008,7.0,1.0,20.0,0.0,0.0,0.0,0.0,0.0,0.0,0.0,0.0,28
0.0,0.0,2008,0.0,0.0,10.0,0.0,0.0,0.0,0.0,0.0,0.0,0.0,0.0,10
0.0,0.0,2008,4.0,2.0,13.0,0.0,0.0,0.0,0.0,0.0,0.0,0.0,0.0,19
0.0,0.0,2008,6.0,2.0,14.0,0.0,0.0,0.0,0.0,0.0,0.0,8.0,8.0,38
0.0,0.0,2008,0.0,0.0,6.0,0.0,0.0,0.0,0.0,0.0,0.0,0.0,0.0,6
0.0,0.0,2008,0.0,0.0,4.0,0.0,0.0,0.0,0.0,0.0,0.0,0.0,0.0,4
0.0,0.0,2008,0.0,0.0,5.0,0.0,0.0,0.0,0.0,0.0,0.0,0.0,0.0,5
0.0,0.0,2008,1.0,9.0,9.0,0.0,0.0,0.0,2.0,0.0,0.0,0.0,0.0,21
0.0,0.0,2008,6.0,9.0,53.0,0.0,0.0,0.0,0.0,0.0,0.0,0.0,0.0,68
0.0,0.0,2008,5.0,10.0,18.0,0.0,0.0,0.0,0.0,0.0,0.0,0.0,0.0,33
0.0,0.0,2008,1.0,1.0,9.0,0.0,0.0,0.0,0.0,0.0,0.0,0.0,0.0,11
0.0,0.0,2008,0.0,0.0,8.0,0.0,0.0,0.0,0.0,0.0,0.0,0.0,0.0,8
0.0,0.0,2008,0.0,0.0,10.0,0.0,0.0,0.0,0.0,0.0,0.0,0.0,0.0,10
0.0,0.0,2008,4.0,0.0,2.0,0.0,0.0,0.0,0.0,0.0,0.0,0.0,0.0,6
0.0,0.0,2008,0.0,0.0,4.0,0.0,0.0,0.0,0.0,0.0,0.0,0.0,0.0,4
0.0,0.0,2008,6.0,3.0,46.0,0.0,0.0,0.0,0.0,0.0,0.0,0.0,0.0,55
0.0,0.0,2008,116.0,91.0,496.0,0.0,0.0,0.0,45.0,0.0,0.0,8.0,10.0,766
0.0,0.0,2008,3.0,17.0,1.0,0.0,0.0,0.0,0.0,0.0,0.0,0.0,10.0,31
0.0,0.0,2008,1.0,3.0,1.0,0.0,0.0,0.0,0.0,0.0,0.0,0.0,0.0,5
0.0,0.0,2008,4.0,25.0,13.0,3.0,0.0,0.0,0.0,0.0,0.0,0.0,52.0,97
0.0,0.0,2008,0.0,3.0,5.0,0.0,0.0,0.0,0.0,0.0,0.0,0.0,3.0,11
0.0,0.0,2008,4.0,15.0,4.0,3.0,1.0,0.0,0.0,0.0,0.0,0.0,20.0,47
0.0,0.0,2008,5.0,66.0,12.0,0.0,1.0,0.0,0.0,0.0,0.0,0.0,90.0,174
0.0,0.0,2008,0.0,2.0,0.0,0.0,0.0,2.0,0.0,0.0,0.0,0.0,5.0,9
0.0,0.0,2008,5.0,11.0,2.0,1.0,0.0,0.0,0.0,0.0,0.0,0.0,0.0,19
0.0,0.0,2008,5.0,25.0,7.0,0.0,0.0,1.0,0.0,0.0,0.0,0.0,95.0,133
0.0,0.0,2008,3.0,10.0,3.0,0.0,0.0,0.0,0.0,0.0,0.0,0.0,36.0,52
0.0,0.0,2008,0.0,2.0,0.0,0.0,0.0,0.0,0.0,0.0,0.0,1.0,43.0,46
0.0,0.0,2008,0.0,0.0,0.0,0.0,0.0,0.0,0.0,0.0,0.0,0.0,0.0,0
0.0,0.0,2008,0.0,10.0,1.0,0.0,0.0,0.0,0.0,0.0,0.0,0.0,20.0,31
0.0,0.0,2008,6.0,30.0,0.0,0.0,0.0,0.0,0.0,0.0,1.0,0.0,22.0,59
0.0,0.0,2008,0.0,14.0,4.0,0.0,0.0,0.0,0.0,0.0,0.0,0.0,18.0,36
0.0,0.0,2008,0.0,0.0,0.0,0.0,0.0,0.0,0.0,0.0,0.0,0.0,0.0,0
0.0,0.0,2008,1.0,7.0,2.0,0.0,0.0,0.0,0.0,0.0,0.0,0.0,25.0,35
0.0,0.0,2008,9.0,76.0,35.0,1.0,1.0,0.0,0.0,0.0,0.0,0.0,77.0,199
0.0,0.0,2008,3.0,23.0,2.0,1.0,0.0,0.0,0.0,0.0,0.0,4.0,40.0,73
0.0,0.0,2008,1.0,32.0,2.0,0.0,0.0,0.0,3.0,0.0,0.0,0.0,4.0,42
0.0,0.0,2008,2.0,40.0,2.0,0.0,0.0,0.0,0.0,0.0,0.0,0.0,24.0,68
0.0,0.0,2008,52.0,411.0,96.0,9.0,3.0,3.0,3.0,0.0,1.0,5.0,584.0,1167
0.0,0.0,2008,2.0,8.0,15.0,0.0,1.0,0.0,0.0,0.0,0.0,0.0,14.0,40
0.0,0.0,2008,1.0,10.0,9.0,0.0,0.0,2.0,0.0,0.0,0.0,1.0,17.0,40
0.0,0.0,2008,3.0,18.0,24.0,0.0,1.0,2.0,0.0,0.0,0.0,1.0,31.0,80
0.0,0.0,2008,0.0,0.0,110.0,0.0,0.0,31.0,0.0,0.0,0.0,1.0,1.0,143
0.0,0.0,2008,0.0,0.0,1.0,0.0,0.0,0.0,0.0,0.0,0.0,0.0,12.0,13
0.0,0.0,2008,1.0,0.0,2.0,0.0,0.0,0.0,0.0,0.0,0.0,1.0,0.0,4
0.0,0.0,2008,5.0,2.0,40.0,0.0,0.0,2.0,0.0,0.0,0.0,1.0,28.0,78
0.0,0.0,2008,8.0,8.0,33.0,0.0,0.0,9.0,0.0,0.0,0.0,2.0,0.0,60
0.0,0.0,2008,0.0,8.0,24.0,0.0,0.0,0.0,0.0,0.0,0.0,1.0,13.0,46
0.0,0.0,2008,2.0,2.0,30.0,0.0,0.0,12.0,0.0,0.0,0.0,6.0,38.0,90
0.0,0.0,2008,2.0,8.0,18.0,0.0,0.0,4.0,0.0,0.0,0.0,1.0,3.0,36
0.0,0.0,2008,3.0,3.0,11.0,0.0,0.0,7.0,0.0,0.0,0.0,1.0,0.0,25
0.0,0.0,2008,0.0,0.0,3.0,0.0,0.0,0.0,0.0,0.0,0.0,0.0,0.0,3
0.0,0.0,2008,0.0,0.0,0.0,0.0,0.0,0.0,7.0,0.0,0.0,0.0,0.0,7
0.0,0.0,2008,6.0,1.0,36.0,0.0,0.0,9.0,0.0,0.0,0.0,0.0,12.0,64
0.0,0.0,2008,1.0,0.0,25.0,0.0,0.0,12.0,0.0,0.0,0.0,0.0,0.0,38
0.0,0.0,2008,4.0,8.0,18.0,0.0,0.0,8.0,0.0,0.0,0.0,3.0,6.0,47
0.0,0.0,2008,1.0,0.0,18.0,0.0,0.0,2.0,0.0,0.0,0.0,0.0,9.0,30
0.0,0.0,2008,0.0,0.0,0.0,0.0,0.0,0.0,0.0,0.0,0.0,0.0,0.0,0
0.0,0.0,2008,0.0,0.0,3.0,0.0,0.0,4.0,0.0,0.0,0.0,1.0,0.0,8
0.0,0.0,2008,2.0,4.0,4.0,0.0,0.0,5.0,0.0,0.0,0.0,0.0,5.0,20
0.0,0.0,2008,1.0,0.0,0.0,0.0,0.0,0.0,0.0,0.0,0.0,0.0,0.0,1
0.0,0.0,2008,1.0,8.0,10.0,0.0,0.0,5.0,0.0,0.0,0.0,0.0,0.0,24
0.0,0.0,2008,1.0,0.0,1.0,0.0,0.0,2.0,0.0,0.0,0.0,1.0,1.0,6
0.0,0.0,2008,1.0,3.0,7.0,0.0,0.0,3.0,0.0,0.0,0.0,1.0,46.0,61
0.0,0.0,2008,5.0,9.0,12.0,0.0,0.0,4.0,0.0,0.0,0.0,1.0,10.0,41
0.0,0.0,2008,9.0,12.0,23.0,1.0,0.0,16.0,0.0,0.0,0.0,0.0,0.0,61
0.0,0.0,2008,1.0,3.0,7.0,0.0,0.0,0.0,0.0,0.0,0.0,0.0,1.0,12
0.0,0.0,2008,4.0,9.0,15.0,0.0,0.0,8.0,0.0,0.0,0.0,0.0,12.0,48
0.0,0.0,2008,0.0,0.0,1.0,0.0,0.0,0.0,0.0,0.0,0.0,0.0,0.0,1
0.0,0.0,2008,1.0,3.0,29.0,0.0,0.0,2.0,0.0,0.0,0.0,1.0,11.0,47
0.0,0.0,2008,0.0,6.0,34.0,0.0,0.0,2.0,0.0,0.0,0.0,1.0,0.0,43
0.0,0.0,2008,0.0,1.0,3.0,0.0,0.0,2.0,0.0,0.0,0.0,0.0,0.0,6
0.0,0.0,2008,0.0,1.0,3.0,0.0,0.0,7.0,0.0,0.0,0.0,0.0,0.0,11
0.0,0.0,2008,59.0,99.0,521.0,1.0,0.0,156.0,7.0,0.0,0.0,23.0,208.0,1074
0.0,0.0,2008,0.0,0.0,0.0,0.0,0.0,0.0,0.0,0.0,0.0,1.0,0.0,1
0.0,0.0,2008,0.0,0.0,0.0,0.0,0.0,0.0,0.0,0.0,0.0,0.0,0.0,0
0.0,0.0,2008,5.0,6.0,9.0,1.0,0.0,0.0,0.0,0.0,0.0,0.0,18.0,39
0.0,0.0,2008,3.0,0.0,3.0,0.0,0.0,0.0,0.0,0.0,0.0,0.0,4.0,10
0.0,0.0,2008,0.0,0.0,0.0,0.0,0.0,0.0,0.0,0.0,0.0,0.0,0.0,0
0.0,0.0,2008,5.0,15.0,48.0,0.0,0.0,1.0,0.0,0.0,0.0,0.0,0.0,69
0.0,0.0,2008,0.0,0.0,0.0,0.0,0.0,0.0,0.0,0.0,0.0,0.0,0.0,0
0.0,0.0,2008,0.0,0.0,0.0,0.0,0.0,0.0,0.0,0.0,0.0,0.0,0.0,0
0.0,0.0,2008,0.0,4.0,3.0,0.0,0.0,0.0,0.0,0.0,0.0,0.0,3.0,10
0.0,0.0,2008,0.0,0.0,0.0,0.0,0.0,0.0,0.0,0.0,0.0,0.0,0.0,0
0.0,0.0,2008,2.0,25.0,17.0,3.0,0.0,4.0,0.0,0.0,0.0,0.0,9.0,60
0.0,0.0,2008,1.0,5.0,3.0,0.0,0.0,0.0,0.0,0.0,0.0,1.0,0.0,10
0.0,0.0,2008,2.0,0.0,0.0,0.0,0.0,0.0,0.0,0.0,0.0,0.0,0.0,2
0.0,0.0,2008,5.0,11.0,11.0,0.0,0.0,0.0,0.0,0.0,0.0,0.0,0.0,27
0.0,0.0,2008,0.0,0.0,0.0,0.0,0.0,0.0,0.0,0.0,0.0,0.0,0.0,0
0.0,0.0,2008,0.0,0.0,0.0,0.0,0.0,0.0,0.0,0.0,0.0,0.0,0.0,0
0.0,0.0,2008,2.0,0.0,3.0,0.0,0.0,7.0,0.0,0.0,0.0,0.0,4.0,16
0.0,0.0,2008,0.0,3.0,4.0,0.0,0.0,1.0,0.0,0.0,0.0,0.0,1.0,9
0.0,0.0,2008,0.0,0.0,0.0,0.0,0.0,0.0,0.0,0.0,0.0,0.0,0.0,0
0.0,0.0,2008,0.0,1.0,3.0,1.0,0.0,0.0,0.0,0.0,0.0,0.0,9.0,14
0.0,0.0,2008,0.0,0.0,0.0,0.0,0.0,0.0,0.0,0.0,0.0,1.0,0.0,1
0.0,0.0,2008,0.0,0.0,0.0,0.0,0.0,0.0,0.0,0.0,0.0,1.0,0.0,1
0.0,0.0,2008,25.0,70.0,104.0,5.0,0.0,13.0,0.0,0.0,0.0,4.0,48.0,269
0.0,0.0,2008,0.0,3.0,0.0,0.0,0.0,0.0,0.0,0.0,0.0,1.0,0.0,4
0.0,0.0,2008,2.0,6.0,10.0,0.0,0.0,1.0,0.0,0.0,0.0,0.0,0.0,19
0.0,0.0,2008,0.0,0.0,0.0,0.0,0.0,0.0,0.0,0.0,0.0,0.0,0.0,0
0.0,0.0,2008,1.0,1.0,3.0,0.0,0.0,0.0,0.0,0.0,0.0,0.0,1.0,6
0.0,0.0,2008,1.0,7.0,9.0,1.0,0.0,2.0,0.0,0.0,0.0,0.0,5.0,25
0.0,0.0,2008,1.0,2.0,1.0,0.0,0.0,0.0,0.0,0.0,0.0,0.0,0.0,4
0.0,0.0,2008,0.0,9.0,13.0,0.0,0.0,0.0,0.0,0.0,0.0,0.0,6.0,28
0.0,0.0,2008,0.0,0.0,0.0,0.0,0.0,0.0,0.0,0.0,0.0,0.0,0.0,0
0.0,0.0,2008,1.0,14.0,9.0,0.0,0.0,0.0,1.0,0.0,0.0,0.0,8.0,33
0.0,0.0,2008,0.0,13.0,16.0,0.0,2.0,0.0,0.0,0.0,0.0,0.0,1.0,32
0.0,0.0,2008,0.0,4.0,10.0,1.0,0.0,0.0,0.0,0.0,0.0,0.0,9.0,24
0.0,0.0,2008,0.0,4.0,5.0,0.0,0.0,2.0,1.0,0.0,0.0,1.0,2.0,15
0.0,0.0,2008,2.0,5.0,2.0,0.0,0.0,0.0,0.0,0.0,0.0,0.0,6.0,15
0.0,0.0,2008,8.0,68.0,78.0,2.0,2.0,5.0,2.0,0.0,0.0,2.0,38.0,205
0.0,0.0,2008,0.0,0.0,0.0,0.0,0.0,0.0,0.0,0.0,0.0,0.0,0.0,0
0.0,0.0,2008,0.0,0.0,0.0,0.0,0.0,0.0,0.0,0.0,0.0,0.0,0.0,0
0.0,0.0,2008,0.0,0.0,0.0,0.0,0.0,0.0,0.0,0.0,0.0,0.0,0.0,0
0.0,0.0,2008,0.0,0.0,0.0,0.0,0.0,0.0,0.0,0.0,0.0,0.0,0.0,0
0.0,0.0,2008,0.0,0.0,0.0,0.0,0.0,0.0,0.0,0.0,0.0,0.0,0.0,0
0.0,0.0,2008,0.0,0.0,0.0,0.0,0.0,0.0,0.0,0.0,0.0,0.0,0.0,0
0.0,0.0,2008,0.0,0.0,0.0,0.0,0.0,0.0,0.0,0.0,0.0,0.0,0.0,0
0.0,0.0,2008,0.0,0.0,0.0,0.0,0.0,0.0,0.0,0.0,0.0,0.0,0.0,0
0.0,0.0,2008,0.0,0.0,0.0,0.0,0.0,0.0,0.0,0.0,0.0,0.0,0.0,0
0.0,0.0,2008,0.0,0.0,0.0,0.0,0.0,0.0,0.0,0.0,0.0,0.0,0.0,0
0.0,0.0,2008,0.0,0.0,0.0,0.0,0.0,0.0,0.0,0.0,0.0,0.0,0.0,0
0.0,0.0,2008,0.0,0.0,0.0,0.0,0.0,0.0,0.0,0.0,0.0,0.0,0.0,0
0.0,0.0,2008,0.0,5.0,3.0,0.0,0.0,0.0,0.0,0.0,0.0,0.0,1.0,9
0.0,0.0,2008,0.0,0.0,0.0,0.0,0.0,0.0,0.0,0.0,0.0,0.0,0.0,0
0.0,0.0,2008,0.0,0.0,0.0,0.0,0.0,0.0,0.0,0.0,0.0,0.0,0.0,0
0.0,0.0,2008,0.0,0.0,0.0,0.0,0.0,0.0,0.0,0.0,0.0,0.0,0.0,0
0.0,0.0,2008,0.0,0.0,0.0,0.0,0.0,0.0,0.0,0.0,0.0,0.0,0.0,0
0.0,0.0,2008,0.0,0.0,0.0,0.0,0.0,0.0,0.0,0.0,0.0,0.0,0.0,0
0.0,0.0,2008,0.0,0.0,0.0,0.0,0.0,0.0,0.0,0.0,0.0,0.0,0.0,0
0.0,0.0,2008,0.0,0.0,0.0,0.0,0.0,0.0,0.0,0.0,0.0,0.0,0.0,0
0.0,0.0,2008,0.0,0.0,0.0,0.0,0.0,0.0,0.0,0.0,0.0,0.0,0.0,0
0.0,0.0,2008,0.0,0.0,0.0,0.0,0.0,0.0,0.0,0.0,0.0,0.0,0.0,0
0.0,0.0,2008,0.0,0.0,0.0,0.0,0.0,1.0,0.0,0.0,0.0,0.0,0.0,1
0.0,0.0,2008,0.0,0.0,0.0,0.0,0.0,0.0,0.0,0.0,0.0,0.0,0.0,0
0.0,0.0,2008,0.0,0.0,0.0,0.0,0.0,0.0,0.0,0.0,0.0,0.0,0.0,0
0.0,0.0,2008,0.0,0.0,0.0,0.0,0.0,0.0,0.0,0.0,0.0,0.0,0.0,0
0.0,0.0,2008,0.0,0.0,0.0,0.0,0.0,0.0,0.0,0.0,0.0,0.0,0.0,0
0.0,0.0,2008,0.0,5.0,3.0,0.0,0.0,1.0,0.0,0.0,0.0,0.0,1.0,10
0.0,0.0,2008,0.0,0.0,0.0,0.0,0.0,0.0,0.0,0.0,0.0,0.0,0.0,0
0.0,0.0,2008,0.0,0.0,0.0,0.0,0.0,0.0,0.0,0.0,0.0,0.0,0.0,0
0.0,0.0,2008,0.0,0.0,0.0,0.0,0.0,0.0,0.0,0.0,0.0,0.0,0.0,0
0.0,0.0,2008,0.0,0.0,0.0,0.0,0.0,0.0,0.0,0.0,0.0,0.0,0.0,0
0.0,0.0,2008,0.0,1.0,2.0,0.0,0.0,0.0,0.0,0.0,0.0,0.0,11.0,14
0.0,0.0,2008,0.0,0.0,0.0,0.0,0.0,0.0,0.0,0.0,0.0,0.0,0.0,0
0.0,0.0,2008,1.0,2.0,10.0,0.0,0.0,0.0,0.0,0.0,0.0,0.0,0.0,13
0.0,0.0,2008,0.0,0.0,0.0,0.0,0.0,0.0,0.0,0.0,0.0,0.0,0.0,0
0.0,0.0,2008,0.0,0.0,0.0,0.0,0.0,0.0,0.0,0.0,0.0,0.0,0.0,0
0.0,0.0,2008,0.0,0.0,2.0,0.0,0.0,0.0,0.0,0.0,0.0,0.0,0.0,2
0.0,0.0,2008,0.0,0.0,3.0,0.0,0.0,1.0,18.0,0.0,0.0,0.0,0.0,22
0.0,0.0,2008,0.0,0.0,0.0,0.0,0.0,0.0,0.0,0.0,0.0,0.0,0.0,0
0.0,0.0,2008,0.0,0.0,0.0,0.0,0.0,0.0,0.0,0.0,0.0,0.0,0.0,0
0.0,0.0,2008,0.0,0.0,0.0,0.0,0.0,0.0,0.0,0.0,0.0,0.0,0.0,0
0.0,0.0,2008,0.0,0.0,0.0,0.0,0.0,0.0,0.0,0.0,0.0,0.0,0.0,0
0.0,0.0,2008,0.0,0.0,0.0,0.0,0.0,0.0,0.0,0.0,0.0,0.0,0.0,0
0.0,0.0,2008,0.0,0.0,0.0,0.0,0.0,0.0,0.0,0.0,0.0,0.0,0.0,0
0.0,0.0,2008,0.0,0.0,0.0,0.0,0.0,0.0,0.0,0.0,0.0,0.0,0.0,0
0.0,0.0,2008,1.0,0.0,0.0,0.0,0.0,0.0,0.0,0.0,0.0,0.0,0.0,1
0.0,0.0,2008,2.0,4.0,0.0,0.0,0.0,0.0,0.0,0.0,0.0,0.0,10.0,16
0.0,0.0,2008,0.0,0.0,0.0,0.0,0.0,0.0,0.0,0.0,0.0,0.0,0.0,0
0.0,0.0,2008,0.0,0.0,0.0,0.0,0.0,0.0,0.0,0.0,0.0,0.0,0.0,0
0.0,0.0,2008,0.0,0.0,0.0,0.0,0.0,0.0,0.0,0.0,0.0,0.0,0.0,0
0.0,0.0,2008,0.0,1.0,1.0,0.0,0.0,0.0,0.0,1.0,0.0,0.0,0.0,3
0.0,0.0,2008,0.0,0.0,0.0,0.0,0.0,0.0,0.0,0.0,0.0,0.0,0.0,0
0.0,0.0,2008,0.0,0.0,0.0,0.0,0.0,0.0,0.0,0.0,0.0,0.0,0.0,0
0.0,0.0,2008,4.0,8.0,18.0,0.0,0.0,1.0,18.0,1.0,0.0,0.0,21.0,71
0.0,0.0,2008,7.0,0.0,5.0,0.0,0.0,0.0,0.0,0.0,0.0,4.0,0.0,16
0.0,0.0,2008,2.0,1.0,0.0,1.0,0.0,0.0,0.0,0.0,0.0,0.0,0.0,4
0.0,0.0,2008,0.0,0.0,0.0,0.0,0.0,0.0,0.0,0.0,0.0,0.0,0.0,0
0.0,0.0,2008,19.0,19.0,20.0,0.0,0.0,14.0,2.0,0.0,0.0,0.0,0.0,74
0.0,0.0,2008,3.0,4.0,0.0,0.0,0.0,0.0,0.0,0.0,0.0,0.0,0.0,7
0.0,0.0,2008,2.0,3.0,3.0,0.0,0.0,12.0,0.0,0.0,0.0,0.0,0.0,20
0.0,0.0,2008,10.0,9.0,4.0,0.0,0.0,0.0,0.0,0.0,0.0,2.0,0.0,25
0.0,0.0,2008,0.0,0.0,0.0,0.0,0.0,0.0,0.0,0.0,0.0,0.0,0.0,0
0.0,0.0,2008,0.0,0.0,0.0,0.0,0.0,0.0,0.0,0.0,0.0,0.0,0.0,0
0.0,0.0,2008,8.0,4.0,0.0,0.0,0.0,0.0,0.0,0.0,0.0,0.0,0.0,12
0.0,0.0,2008,4.0,3.0,0.0,0.0,0.0,0.0,0.0,0.0,0.0,0.0,0.0,7
0.0,0.0,2008,2.0,3.0,3.0,0.0,0.0,1.0,0.0,0.0,0.0,1.0,24.0,34
0.0,0.0,2008,0.0,0.0,0.0,0.0,0.0,0.0,0.0,0.0,0.0,0.0,0.0,0
0.0,0.0,2008,0.0,1.0,3.0,3.0,0.0,0.0,0.0,0.0,0.0,0.0,0.0,7
0.0,0.0,2008,0.0,0.0,0.0,0.0,0.0,0.0,0.0,0.0,0.0,0.0,0.0,0
0.0,0.0,2008,0.0,0.0,0.0,0.0,0.0,0.0,0.0,0.0,0.0,0.0,0.0,0
0.0,0.0,2008,0.0,0.0,0.0,0.0,0.0,0.0,0.0,0.0,0.0,1.0,0.0,1
0.0,0.0,2008,0.0,0.0,0.0,0.0,0.0,0.0,0.0,0.0,0.0,0.0,0.0,0
0.0,0.0,2008,0.0,0.0,0.0,0.0,0.0,0.0,0.0,0.0,0.0,0.0,0.0,0
0.0,0.0,2008,0.0,0.0,0.0,0.0,0.0,0.0,0.0,0.0,0.0,0.0,0.0,0
0.0,0.0,2008,0.0,11.0,0.0,0.0,0.0,0.0,0.0,0.0,0.0,0.0,13.0,24
0.0,0.0,2008,1.0,2.0,5.0,0.0,0.0,1.0,0.0,0.0,0.0,0.0,4.0,13
0.0,0.0,2008,0.0,0.0,0.0,0.0,0.0,0.0,0.0,0.0,0.0,0.0,0.0,0
0.0,0.0,2008,2.0,4.0,10.0,0.0,0.0,0.0,0.0,0.0,0.0,1.0,5.0,22
0.0,0.0,2008,0.0,10.0,13.0,0.0,0.0,0.0,0.0,0.0,0.0,0.0,0.0,23
0.0,0.0,2008,4.0,3.0,0.0,0.0,0.0,0.0,0.0,0.0,0.0,0.0,0.0,7
0.0,0.0,2008,13.0,10.0,15.0,0.0,0.0,1.0,0.0,0.0,0.0,0.0,2.0,41
0.0,0.0,2008,1.0,0.0,2.0,1.0,1.0,1.0,0.0,0.0,0.0,0.0,2.0,8
0.0,0.0,2008,1.0,0.0,1.0,0.0,0.0,0.0,0.0,0.0,0.0,0.0,0.0,2
0.0,0.0,2008,5.0,10.0,12.0,0.0,0.0,1.0,2.0,0.0,0.0,0.0,0.0,30
0.0,0.0,2008,0.0,0.0,1.0,0.0,0.0,0.0,0.0,0.0,0.0,0.0,4.0,5
0.0,0.0,2008,0.0,0.0,2.0,0.0,0.0,0.0,0.0,0.0,0.0,0.0,2.0,4
0.0,0.0,2008,0.0,0.0,0.0,0.0,0.0,0.0,0.0,0.0,0.0,0.0,2.0,2
0.0,0.0,2008,84.0,97.0,99.0,5.0,1.0,31.0,4.0,0.0,0.0,9.0,58.0,388
0.0,0.0,2008,0.0,3.0,7.0,0.0,0.0,1.0,0.0,0.0,0.0,0.0,7.0,18
0.0,0.0,2008,1.0,7.0,0.0,0.0,0.0,0.0,0.0,0.0,0.0,0.0,6.0,14
0.0,0.0,2008,5.0,10.0,3.0,0.0,0.0,0.0,4.0,0.0,0.0,0.0,7.0,29
0.0,0.0,2008,1.0,12.0,7.0,0.0,0.0,0.0,0.0,0.0,0.0,0.0,0.0,20
0.0,0.0,2008,3.0,10.0,0.0,0.0,0.0,0.0,0.0,0.0,0.0,0.0,16.0,29
0.0,0.0,2008,1.0,14.0,4.0,0.0,0.0,1.0,1.0,0.0,0.0,0.0,11.0,32
0.0,0.0,2008,2.0,32.0,12.0,0.0,0.0,0.0,0.0,0.0,0.0,0.0,25.0,71
0.0,0.0,2008,2.0,16.0,4.0,0.0,0.0,0.0,0.0,0.0,0.0,0.0,6.0,28
0.0,0.0,2008,1.0,2.0,0.0,0.0,0.0,0.0,0.0,0.0,0.0,0.0,18.0,21
0.0,0.0,2008,4.0,10.0,3.0,0.0,1.0,0.0,0.0,0.0,0.0,1.0,20.0,39
0.0,0.0,2008,6.0,6.0,0.0,0.0,0.0,0.0,0.0,0.0,0.0,0.0,0.0,12
0.0,0.0,2008,5.0,11.0,6.0,0.0,0.0,2.0,0.0,0.0,0.0,1.0,2.0,27
0.0,0.0,2008,1.0,14.0,5.0,0.0,1.0,1.0,0.0,0.0,0.0,0.0,1.0,23
0.0,0.0,2008,0.0,1.0,0.0,0.0,0.0,0.0,0.0,0.0,0.0,0.0,1.0,2
0.0,0.0,2008,2.0,18.0,10.0,0.0,1.0,0.0,0.0,0.0,0.0,0.0,36.0,67
0.0,0.0,2008,0.0,13.0,6.0,0.0,0.0,1.0,7.0,0.0,0.0,2.0,4.0,33
0.0,0.0,2008,2.0,28.0,17.0,0.0,1.0,0.0,1.0,0.0,0.0,0.0,5.0,54
0.0,0.0,2008,1.0,8.0,3.0,0.0,0.0,0.0,0.0,0.0,0.0,0.0,18.0,30
0.0,0.0,2008,37.0,215.0,87.0,0.0,4.0,6.0,13.0,0.0,0.0,4.0,183.0,549
0.0,0.0,2008,0.0,0.0,0.0,0.0,0.0,0.0,0.0,0.0,0.0,0.0,0.0,0
0.0,0.0,2008,1.0,25.0,3.0,0.0,1.0,2.0,0.0,0.0,0.0,0.0,0.0,32
0.0,0.0,2008,0.0,14.0,0.0,0.0,0.0,0.0,0.0,0.0,0.0,0.0,35.0,49
0.0,0.0,2008,4.0,32.0,8.0,0.0,0.0,0.0,0.0,0.0,0.0,0.0,106.0,150
0.0,0.0,2008,3.0,16.0,4.0,1.0,1.0,0.0,0.0,0.0,0.0,0.0,25.0,50
0.0,0.0,2008,2.0,45.0,6.0,0.0,0.0,0.0,0.0,0.0,0.0,0.0,120.0,173
0.0,0.0,2008,2.0,11.0,11.0,0.0,0.0,2.0,0.0,0.0,0.0,1.0,68.0,95
0.0,0.0,2008,3.0,76.0,22.0,1.0,0.0,7.0,0.0,0.0,3.0,0.0,0.0,112
0.0,0.0,2008,1.0,2.0,1.0,0.0,0.0,7.0,1.0,0.0,0.0,0.0,3.0,15
0.0,0.0,2008,0.0,0.0,0.0,0.0,0.0,0.0,0.0,0.0,0.0,0.0,0.0,0
0.0,0.0,2008,1.0,20.0,5.0,0.0,0.0,0.0,0.0,0.0,0.0,0.0,114.0,140
0.0,0.0,2008,2.0,54.0,7.0,0.0,0.0,0.0,0.0,0.0,0.0,0.0,217.0,280
0.0,0.0,2008,0.0,0.0,0.0,0.0,0.0,0.0,0.0,0.0,0.0,0.0,0.0,0
0.0,0.0,2008,4.0,7.0,6.0,0.0,0.0,0.0,0.0,0.0,0.0,0.0,31.0,48
0.0,0.0,2008,0.0,12.0,5.0,0.0,0.0,0.0,0.0,0.0,0.0,0.0,18.0,35
0.0,0.0,2008,0.0,0.0,0.0,0.0,0.0,0.0,0.0,0.0,0.0,0.0,0.0,0
0.0,0.0,2008,5.0,0.0,0.0,0.0,0.0,0.0,0.0,0.0,0.0,0.0,7.0,12
0.0,0.0,2008,3.0,26.0,4.0,0.0,0.0,1.0,0.0,0.0,0.0,1.0,84.0,119
0.0,0.0,2008,5.0,19.0,45.0,0.0,0.0,12.0,0.0,1.0,0.0,0.0,21.0,103
0.0,0.0,2008,1.0,8.0,7.0,0.0,0.0,0.0,0.0,0.0,0.0,0.0,0.0,16
0.0,0.0,2008,1.0,23.0,6.0,0.0,0.0,0.0,0.0,0.0,0.0,0.0,43.0,73
0.0,0.0,2008,7.0,3.0,7.0,0.0,0.0,0.0,0.0,0.0,0.0,0.0,460.0,477
0.0,0.0,2008,0.0,0.0,0.0,0.0,0.0,0.0,0.0,0.0,0.0,0.0,0.0,0
0.0,0.0,2008,0.0,3.0,0.0,0.0,0.0,0.0,0.0,0.0,0.0,0.0,6.0,9
0.0,0.0,2008,0.0,0.0,0.0,0.0,0.0,0.0,0.0,0.0,0.0,0.0,0.0,0
0.0,0.0,2008,0.0,13.0,2.0,0.0,0.0,0.0,0.0,0.0,0.0,0.0,25.0,40
0.0,0.0,2008,1.0,18.0,3.0,0.0,0.0,0.0,0.0,0.0,0.0,0.0,63.0,85
0.0,0.0,2008,1.0,35.0,2.0,1.0,0.0,11.0,0.0,0.0,0.0,0.0,107.0,157
0.0,0.0,2008,0.0,25.0,5.0,0.0,0.0,9.0,0.0,0.0,0.0,0.0,6.0,45
0.0,0.0,2008,1.0,22.0,3.0,0.0,0.0,0.0,0.0,0.0,0.0,0.0,0.0,26
0.0,0.0,2008,0.0,0.0,0.0,0.0,0.0,0.0,0.0,0.0,0.0,0.0,0.0,0
0.0,0.0,2008,4.0,5.0,1.0,0.0,0.0,7.0,0.0,0.0,0.0,0.0,22.0,39
0.0,0.0,2008,1.0,29.0,4.0,0.0,1.0,0.0,0.0,0.0,0.0,0.0,60.0,95
0.0,0.0,2008,2.0,10.0,4.0,0.0,0.0,2.0,0.0,0.0,0.0,0.0,47.0,65
0.0,0.0,2008,1.0,12.0,6.0,0.0,0.0,0.0,0.0,0.0,0.0,0.0,22.0,41
0.0,0.0,2008,0.0,0.0,0.0,0.0,0.0,0.0,0.0,0.0,0.0,0.0,0.0,0
0.0,0.0,2008,0.0,24.0,11.0,0.0,0.0,0.0,0.0,0.0,0.0,0.0,175.0,210
0.0,0.0,2008,1.0,30.0,8.0,0.0,0.0,0.0,0.0,0.0,0.0,0.0,44.0,83
0.0,0.0,2008,1.0,25.0,6.0,0.0,0.0,16.0,0.0,0.0,0.0,0.0,128.0,176
0.0,0.0,2008,0.0,16.0,14.0,0.0,0.0,0.0,0.0,0.0,0.0,0.0,86.0,116
0.0,0.0,2008,3.0,55.0,0.0,1.0,1.0,7.0,14.0,0.0,0.0,0.0,142.0,223
0.0,0.0,2008,1.0,4.0,0.0,0.0,0.0,0.0,0.0,0.0,0.0,0.0,124.0,129
0.0,0.0,2008,2.0,23.0,8.0,0.0,1.0,0.0,0.0,0.0,0.0,0.0,72.0,106
0.0,0.0,2008,2.0,17.0,10.0,1.0,0.0,8.0,0.0,0.0,1.0,0.0,96.0,135
0.0,0.0,2008,0.0,1.0,0.0,0.0,0.0,0.0,0.0,0.0,0.0,0.0,0.0,1
0.0,0.0,2008,7.0,24.0,1.0,1.0,0.0,4.0,0.0,0.0,0.0,0.0,0.0,37
0.0,0.0,2008,4.0,22.0,3.0,0.0,0.0,3.0,0.0,0.0,0.0,0.0,19.0,51
0.0,0.0,2008,5.0,0.0,0.0,0.0,0.0,0.0,0.0,0.0,0.0,0.0,58.0,63
0.0,0.0,2008,2.0,13.0,4.0,0.0,0.0,0.0,0.0,0.0,0.0,0.0,31.0,50
0.0,0.0,2008,3.0,10.0,13.0,0.0,1.0,1.0,0.0,0.0,0.0,0.0,78.0,106
0.0,0.0,2008,19.0,19.0,0.0,0.0,0.0,0.0,0.0,0.0,0.0,0.0,31.0,69
0.0,0.0,2008,0.0,6.0,3.0,0.0,0.0,0.0,0.0,0.0,0.0,0.0,0.0,9
0.0,0.0,2008,1.0,38.0,6.0,2.0,0.0,0.0,0.0,0.0,0.0,0.0,67.0,114
0.0,0.0,2008,107.0,892.0,264.0,8.0,6.0,99.0,15.0,1.0,4.0,2.0,2861.0,4259
0.0,0.0,2008,11.0,5.0,0.0,0.0,0.0,0.0,0.0,0.0,0.0,0.0,0.0,16
0.0,0.0,2008,6.0,10.0,24.0,0.0,0.0,13.0,0.0,0.0,0.0,0.0,72.0,125
0.0,0.0,2008,0.0,10.0,6.0,0.0,0.0,5.0,0.0,0.0,0.0,0.0,9.0,30
0.0,0.0,2008,2.0,35.0,15.0,0.0,0.0,0.0,0.0,0.0,0.0,0.0,3.0,55
0.0,0.0,2008,3.0,12.0,21.0,1.0,0.0,15.0,0.0,0.0,0.0,0.0,18.0,70
0.0,0.0,2008,5.0,7.0,3.0,0.0,0.0,0.0,0.0,0.0,0.0,0.0,16.0,31
0.0,0.0,2008,5.0,13.0,12.0,0.0,0.0,0.0,0.0,0.0,0.0,0.0,7.0,37
0.0,0.0,2008,1.0,13.0,13.0,0.0,0.0,3.0,0.0,0.0,0.0,0.0,40.0,70
0.0,0.0,2008,7.0,18.0,13.0,0.0,0.0,11.0,0.0,0.0,0.0,0.0,14.0,63
0.0,0.0,2008,8.0,29.0,26.0,0.0,0.0,2.0,0.0,0.0,0.0,2.0,48.0,115
0.0,0.0,2008,1.0,5.0,4.0,0.0,0.0,10.0,0.0,0.0,0.0,0.0,0.0,20
0.0,0.0,2008,2.0,14.0,9.0,0.0,0.0,0.0,0.0,0.0,0.0,0.0,7.0,32
0.0,0.0,2008,1.0,2.0,3.0,0.0,0.0,0.0,0.0,0.0,0.0,0.0,5.0,11
0.0,0.0,2008,4.0,7.0,3.0,0.0,1.0,6.0,0.0,0.0,0.0,0.0,0.0,21
0.0,0.0,2008,3.0,6.0,3.0,0.0,0.0,8.0,0.0,0.0,0.0,0.0,7.0,27
0.0,0.0,2008,8.0,6.0,7.0,0.0,0.0,2.0,0.0,0.0,0.0,0.0,0.0,23
0.0,0.0,2008,6.0,19.0,17.0,0.0,0.0,0.0,0.0,0.0,0.0,1.0,26.0,69
0.0,0.0,2008,2.0,2.0,4.0,0.0,0.0,0.0,0.0,0.0,0.0,0.0,3.0,11
0.0,0.0,2008,5.0,91.0,85.0,0.0,0.0,22.0,0.0,0.0,1.0,0.0,160.0,364
0.0,0.0,2008,2.0,3.0,3.0,0.0,0.0,9.0,0.0,0.0,0.0,0.0,1.0,18
0.0,0.0,2008,12.0,37.0,25.0,0.0,1.0,6.0,0.0,0.0,0.0,0.0,88.0,169
0.0,0.0,2008,1.0,0.0,1.0,0.0,0.0,15.0,0.0,0.0,0.0,0.0,0.0,17
0.0,0.0,2008,2.0,15.0,7.0,0.0,0.0,3.0,0.0,0.0,0.0,0.0,11.0,38
0.0,0.0,2008,9.0,11.0,21.0,0.0,0.0,12.0,0.0,0.0,0.0,0.0,12.0,65
0.0,0.0,2008,1.0,6.0,7.0,0.0,0.0,4.0,0.0,0.0,0.0,0.0,3.0,21
0.0,0.0,2008,2.0,3.0,3.0,0.0,0.0,9.0,0.0,0.0,0.0,0.0,2.0,19
0.0,0.0,2008,5.0,9.0,1.0,0.0,0.0,14.0,8.0,0.0,0.0,0.0,4.0,41
0.0,0.0,2008,2.0,6.0,15.0,0.0,0.0,1.0,1.0,0.0,0.0,0.0,38.0,63
0.0,0.0,2008,3.0,17.0,10.0,0.0,0.0,9.0,0.0,0.0,0.0,0.0,14.0,53
0.0,0.0,2008,3.0,8.0,8.0,0.0,0.0,5.0,0.0,0.0,0.0,0.0,2.0,26
0.0,0.0,2008,6.0,55.0,48.0,0.0,0.0,5.0,0.0,22.0,0.0,0.0,176.0,312
0.0,0.0,2008,0.0,0.0,1.0,0.0,0.0,3.0,0.0,0.0,0.0,0.0,0.0,4
0.0,0.0,2008,8.0,43.0,26.0,0.0,0.0,14.0,0.0,0.0,0.0,0.0,29.0,120
0.0,0.0,2008,1.0,5.0,5.0,0.0,0.0,0.0,0.0,0.0,0.0,0.0,3.0,14
0.0,0.0,2008,0.0,12.0,6.0,0.0,0.0,4.0,0.0,0.0,0.0,0.0,8.0,30
0.0,0.0,2008,3.0,30.0,13.0,0.0,0.0,9.0,0.0,0.0,0.0,0.0,3.0,58
0.0,0.0,2008,8.0,15.0,14.0,0.0,0.0,9.0,0.0,0.0,0.0,2.0,18.0,66
0.0,0.0,2008,1.0,4.0,2.0,0.0,1.0,3.0,0.0,0.0,0.0,0.0,1.0,12
0.0,0.0,2008,2.0,10.0,6.0,0.0,0.0,3.0,0.0,0.0,0.0,0.0,7.0,28
0.0,0.0,2008,9.0,2.0,0.0,0.0,0.0,12.0,2.0,0.0,0.0,0.0,2.0,27
0.0,0.0,2008,9.0,41.0,56.0,1.0,0.0,6.0,2.0,3.0,0.0,0.0,46.0,164
0.0,0.0,2008,3.0,4.0,3.0,0.0,0.0,6.0,0.0,0.0,0.0,0.0,0.0,16
0.0,0.0,2008,1.0,16.0,12.0,0.0,0.0,0.0,0.0,0.0,0.0,0.0,6.0,35
0.0,0.0,2008,0.0,6.0,8.0,0.0,0.0,4.0,0.0,0.0,0.0,0.0,9.0,27
0.0,0.0,2008,5.0,28.0,29.0,0.0,0.0,12.0,0.0,0.0,0.0,0.0,2.0,76
0.0,0.0,2008,178.0,690.0,598.0,2.0,3.0,274.0,13.0,25.0,1.0,5.0,920.0,2709
0.0,0.0,2008,1.0,2.0,4.0,0.0,0.0,0.0,0.0,0.0,0.0,0.0,0.0,7
0.0,0.0,2008,1.0,0.0,0.0,0.0,0.0,0.0,0.0,0.0,0.0,0.0,0.0,1
0.0,0.0,2008,1.0,1.0,1.0,0.0,0.0,0.0,0.0,0.0,0.0,0.0,0.0,3
0.0,0.0,2008,0.0,0.0,0.0,0.0,0.0,0.0,0.0,0.0,0.0,0.0,0.0,0
0.0,0.0,2008,0.0,4.0,20.0,0.0,0.0,0.0,0.0,0.0,0.0,0.0,0.0,24
0.0,0.0,2008,0.0,6.0,22.0,0.0,0.0,0.0,0.0,0.0,0.0,0.0,0.0,28
0.0,0.0,2008,1.0,2.0,1.0,0.0,0.0,0.0,0.0,0.0,0.0,0.0,0.0,4
0.0,0.0,2008,0.0,0.0,0.0,0.0,0.0,0.0,0.0,0.0,0.0,0.0,0.0,0
0.0,0.0,2008,2.0,6.0,13.0,0.0,0.0,0.0,0.0,0.0,0.0,0.0,0.0,21
0.0,0.0,2008,0.0,1.0,0.0,0.0,0.0,0.0,0.0,0.0,0.0,0.0,0.0,1
0.0,0.0,2008,6.0,22.0,61.0,0.0,0.0,0.0,0.0,0.0,0.0,0.0,0.0,89
0.0,0.0,2008,0.0,0.0,3.0,0.0,0.0,0.0,0.0,0.0,0.0,0.0,0.0,3
0.0,0.0,2008,0.0,0.0,0.0,0.0,0.0,0.0,0.0,0.0,0.0,0.0,0.0,0
0.0,0.0,2008,0.0,4.0,0.0,0.0,0.0,0.0,0.0,0.0,0.0,0.0,0.0,4
0.0,0.0,2008,0.0,9.0,2.0,0.0,0.0,0.0,0.0,0.0,0.0,0.0,0.0,11
0.0,0.0,2008,0.0,9.0,11.0,0.0,0.0,0.0,0.0,0.0,0.0,0.0,7.0,27
0.0,0.0,2008,0.0,8.0,3.0,0.0,0.0,0.0,0.0,0.0,0.0,0.0,0.0,11
0.0,0.0,2008,0.0,4.0,2.0,0.0,0.0,0.0,0.0,0.0,0.0,0.0,0.0,6
0.0,0.0,2008,0.0,34.0,21.0,0.0,0.0,0.0,0.0,0.0,0.0,0.0,7.0,62
0.0,0.0,2008,0.0,4.0,0.0,0.0,0.0,0.0,0.0,0.0,0.0,0.0,0.0,4
0.0,0.0,2008,0.0,2.0,0.0,0.0,0.0,0.0,0.0,0.0,0.0,0.0,0.0,2
0.0,0.0,2008,0.0,4.0,1.0,0.0,0.0,0.0,0.0,0.0,0.0,0.0,2.0,7
0.0,0.0,2008,0.0,0.0,0.0,0.0,0.0,0.0,0.0,0.0,0.0,0.0,0.0,0
0.0,0.0,2008,0.0,6.0,1.0,0.0,0.0,0.0,0.0,0.0,0.0,0.0,0.0,7
0.0,0.0,2008,0.0,0.0,0.0,0.0,0.0,0.0,0.0,0.0,0.0,0.0,0.0,0
0.0,0.0,2008,0.0,0.0,0.0,0.0,0.0,0.0,0.0,0.0,0.0,0.0,0.0,0
0.0,0.0,2008,0.0,2.0,0.0,0.0,0.0,0.0,0.0,0.0,0.0,0.0,0.0,2
0.0,0.0,2008,0.0,18.0,2.0,0.0,0.0,0.0,0.0,0.0,0.0,0.0,2.0,22
0.0,0.0,2008,0.0,0.0,3.0,0.0,0.0,0.0,0.0,0.0,0.0,0.0,0.0,3
0.0,0.0,2008,0.0,0.0,0.0,0.0,0.0,0.0,0.0,0.0,0.0,0.0,0.0,0
0.0,0.0,2008,0.0,0.0,0.0,0.0,0.0,0.0,0.0,0.0,0.0,0.0,0.0,0
0.0,0.0,2008,0.0,0.0,0.0,0.0,0.0,0.0,0.0,0.0,0.0,0.0,0.0,0
0.0,0.0,2008,0.0,0.0,0.0,0.0,0.0,0.0,0.0,0.0,0.0,0.0,0.0,0
0.0,0.0,2008,0.0,0.0,0.0,0.0,0.0,0.0,0.0,0.0,0.0,0.0,0.0,0
0.0,0.0,2008,0.0,0.0,0.0,0.0,0.0,0.0,0.0,0.0,0.0,0.0,0.0,0
0.0,0.0,2008,0.0,0.0,0.0,0.0,0.0,0.0,0.0,0.0,0.0,0.0,0.0,0
0.0,0.0,2008,0.0,0.0,0.0,0.0,0.0,0.0,0.0,0.0,0.0,0.0,0.0,0
0.0,0.0,2008,0.0,0.0,0.0,0.0,0.0,0.0,0.0,0.0,0.0,0.0,0.0,0
0.0,0.0,2008,0.0,0.0,0.0,0.0,0.0,0.0,0.0,0.0,0.0,0.0,0.0,0
0.0,0.0,2008,0.0,0.0,3.0,0.0,0.0,0.0,0.0,0.0,0.0,0.0,0.0,3
0.0,0.0,2008,0.0,3.0,0.0,0.0,0.0,0.0,0.0,0.0,0.0,0.0,0.0,3
0.0,0.0,2008,3.0,3.0,0.0,0.0,0.0,0.0,0.0,0.0,0.0,1.0,0.0,7
0.0,0.0,2008,0.0,4.0,0.0,0.0,0.0,0.0,0.0,0.0,0.0,0.0,0.0,4
0.0,0.0,2008,0.0,0.0,0.0,0.0,0.0,0.0,0.0,0.0,0.0,0.0,0.0,0
0.0,0.0,2008,0.0,0.0,0.0,0.0,0.0,0.0,0.0,0.0,0.0,0.0,0.0,0
0.0,0.0,2008,0.0,0.0,0.0,0.0,0.0,0.0,0.0,0.0,0.0,0.0,0.0,0
0.0,0.0,2008,1.0,0.0,0.0,0.0,0.0,0.0,0.0,0.0,0.0,0.0,2.0,3
0.0,0.0,2008,0.0,0.0,0.0,0.0,0.0,0.0,0.0,0.0,0.0,0.0,0.0,0
0.0,0.0,2008,0.0,0.0,0.0,0.0,0.0,0.0,0.0,0.0,0.0,0.0,0.0,0
0.0,0.0,2008,0.0,0.0,0.0,0.0,0.0,0.0,0.0,0.0,0.0,0.0,0.0,0
0.0,0.0,2008,1.0,0.0,0.0,0.0,0.0,0.0,0.0,0.0,0.0,0.0,0.0,1
0.0,0.0,2008,1.0,11.0,0.0,0.0,0.0,0.0,0.0,0.0,0.0,0.0,0.0,12
0.0,0.0,2008,0.0,0.0,0.0,0.0,0.0,0.0,0.0,0.0,0.0,0.0,0.0,0
0.0,0.0,2008,0.0,0.0,0.0,0.0,0.0,0.0,0.0,0.0,0.0,0.0,0.0,0
0.0,0.0,2008,0.0,0.0,0.0,0.0,0.0,0.0,0.0,0.0,0.0,0.0,0.0,0
0.0,0.0,2008,0.0,0.0,0.0,0.0,0.0,0.0,0.0,0.0,0.0,0.0,0.0,0
0.0,0.0,2008,1.0,1.0,3.0,0.0,0.0,0.0,0.0,0.0,0.0,0.0,2.0,7
0.0,0.0,2008,0.0,24.0,0.0,0.0,0.0,0.0,0.0,0.0,0.0,0.0,0.0,24
0.0,0.0,2008,0.0,0.0,0.0,0.0,0.0,0.0,0.0,0.0,0.0,0.0,0.0,0
0.0,0.0,2008,0.0,0.0,0.0,0.0,0.0,0.0,0.0,0.0,0.0,0.0,1.0,1
0.0,0.0,2008,0.0,0.0,0.0,0.0,0.0,0.0,0.0,0.0,0.0,0.0,0.0,0
0.0,0.0,2008,0.0,3.0,1.0,0.0,0.0,0.0,0.0,0.0,0.0,0.0,15.0,19
0.0,0.0,2008,0.0,0.0,0.0,0.0,0.0,0.0,0.0,0.0,0.0,0.0,0.0,0
0.0,0.0,2008,0.0,0.0,0.0,0.0,0.0,0.0,0.0,0.0,0.0,0.0,0.0,0
0.0,0.0,2008,1.0,5.0,3.0,0.0,0.0,0.0,0.0,0.0,0.0,0.0,12.0,21
0.0,0.0,2008,0.0,0.0,0.0,0.0,0.0,0.0,0.0,0.0,0.0,0.0,0.0,0
0.0,0.0,2008,0.0,0.0,0.0,0.0,0.0,0.0,0.0,0.0,0.0,0.0,7.0,7
0.0,0.0,2008,0.0,0.0,0.0,0.0,0.0,0.0,0.0,0.0,0.0,0.0,7.0,7
0.0,0.0,2008,4.0,1.0,0.0,0.0,0.0,0.0,0.0,0.0,0.0,0.0,7.0,12
0.0,0.0,2008,0.0,0.0,0.0,0.0,0.0,0.0,0.0,0.0,0.0,0.0,0.0,0
0.0,0.0,2008,0.0,5.0,0.0,0.0,0.0,0.0,0.0,0.0,0.0,0.0,0.0,5
0.0,0.0,2008,0.0,0.0,0.0,0.0,0.0,0.0,0.0,0.0,0.0,0.0,0.0,0
0.0,0.0,2008,0.0,0.0,0.0,0.0,0.0,0.0,0.0,0.0,0.0,0.0,0.0,0
0.0,0.0,2008,0.0,0.0,1.0,0.0,0.0,0.0,0.0,0.0,0.0,0.0,1.0,2
0.0,0.0,2008,0.0,0.0,0.0,0.0,0.0,0.0,0.0,0.0,0.0,0.0,0.0,0
0.0,0.0,2008,1.0,5.0,0.0,0.0,0.0,0.0,0.0,0.0,0.0,0.0,0.0,6
0.0,0.0,2008,13.0,65.0,8.0,0.0,0.0,0.0,0.0,0.0,0.0,1.0,54.0,141
0.0,0.0,2008,1.0,5.0,14.0,10.0,0.0,2.0,0.0,0.0,0.0,0.0,8.0,40
0.0,0.0,2008,2.0,5.0,12.0,2.0,0.0,0.0,0.0,0.0,0.0,0.0,0.0,21
0.0,0.0,2008,0.0,0.0,0.0,0.0,0.0,0.0,0.0,0.0,0.0,0.0,0.0,0
0.0,0.0,2008,1.0,10.0,6.0,2.0,0.0,0.0,0.0,0.0,0.0,3.0,0.0,22
0.0,0.0,2008,0.0,2.0,6.0,5.0,1.0,0.0,0.0,0.0,0.0,1.0,10.0,25
0.0,0.0,2008,0.0,0.0,0.0,0.0,0.0,0.0,0.0,0.0,0.0,0.0,0.0,0
0.0,0.0,2008,0.0,0.0,0.0,0.0,0.0,0.0,0.0,0.0,0.0,1.0,0.0,1
0.0,0.0,2008,0.0,0.0,0.0,0.0,0.0,0.0,0.0,0.0,0.0,0.0,0.0,0
0.0,0.0,2008,2.0,0.0,0.0,0.0,0.0,0.0,0.0,0.0,0.0,0.0,0.0,2
0.0,0.0,2008,2.0,2.0,0.0,0.0,0.0,0.0,0.0,0.0,0.0,0.0,0.0,4
0.0,0.0,2008,4.0,22.0,16.0,0.0,0.0,0.0,0.0,0.0,0.0,0.0,0.0,42
0.0,0.0,2008,3.0,6.0,21.0,0.0,0.0,0.0,0.0,0.0,0.0,0.0,0.0,30
0.0,0.0,2008,3.0,6.0,3.0,0.0,0.0,0.0,0.0,0.0,0.0,0.0,0.0,12
0.0,0.0,2008,0.0,2.0,4.0,0.0,0.0,0.0,0.0,0.0,0.0,0.0,0.0,6
0.0,0.0,2008,6.0,16.0,81.0,0.0,0.0,6.0,0.0,0.0,0.0,0.0,4.0,113
0.0,0.0,2008,0.0,4.0,1.0,1.0,0.0,0.0,0.0,0.0,0.0,0.0,0.0,6
0.0,0.0,2008,1.0,4.0,5.0,0.0,0.0,0.0,0.0,0.0,0.0,0.0,0.0,10
0.0,0.0,2008,0.0,0.0,0.0,0.0,0.0,0.0,0.0,0.0,0.0,0.0,0.0,0
0.0,0.0,2008,2.0,1.0,1.0,0.0,0.0,0.0,0.0,0.0,0.0,0.0,0.0,4
0.0,0.0,2008,1.0,6.0,3.0,1.0,0.0,0.0,0.0,0.0,0.0,1.0,0.0,12
0.0,0.0,2008,1.0,4.0,9.0,0.0,0.0,0.0,0.0,0.0,0.0,0.0,1.0,15
0.0,0.0,2008,1.0,2.0,1.0,1.0,0.0,0.0,0.0,0.0,0.0,0.0,3.0,8
0.0,0.0,2008,0.0,0.0,0.0,0.0,0.0,0.0,0.0,0.0,0.0,0.0,0.0,0
0.0,0.0,2008,3.0,5.0,0.0,0.0,0.0,0.0,0.0,0.0,0.0,0.0,0.0,8
0.0,0.0,2008,1.0,4.0,1.0,2.0,0.0,0.0,0.0,0.0,0.0,0.0,0.0,8
0.0,0.0,2008,34.0,106.0,184.0,24.0,1.0,8.0,0.0,0.0,0.0,6.0,26.0,389
0.0,0.0,2008,0.0,19.0,0.0,0.0,0.0,0.0,0.0,0.0,0.0,1.0,6.0,26
0.0,0.0,2008,4.0,27.0,42.0,0.0,0.0,15.0,0.0,0.0,0.0,0.0,0.0,88
0.0,0.0,2008,0.0,12.0,12.0,0.0,0.0,6.0,0.0,0.0,0.0,0.0,0.0,30
0.0,0.0,2008,1.0,21.0,22.0,4.0,0.0,0.0,0.0,0.0,0.0,2.0,0.0,50
0.0,0.0,2008,2.0,5.0,10.0,0.0,0.0,2.0,0.0,0.0,0.0,0.0,0.0,19
0.0,0.0,2008,13.0,23.0,43.0,0.0,0.0,11.0,0.0,0.0,0.0,0.0,0.0,90
0.0,0.0,2008,0.0,18.0,0.0,0.0,0.0,6.0,0.0,0.0,0.0,0.0,0.0,24
0.0,0.0,2008,0.0,12.0,3.0,0.0,0.0,0.0,0.0,0.0,0.0,0.0,0.0,15
0.0,0.0,2008,3.0,11.0,12.0,0.0,0.0,2.0,0.0,0.0,0.0,0.0,0.0,28
0.0,0.0,2008,2.0,5.0,0.0,0.0,0.0,0.0,0.0,0.0,0.0,0.0,0.0,7
0.0,0.0,2008,1.0,21.0,20.0,0.0,0.0,0.0,0.0,0.0,0.0,0.0,0.0,42
0.0,0.0,2008,2.0,7.0,22.0,0.0,0.0,2.0,0.0,0.0,0.0,0.0,0.0,33
0.0,0.0,2008,5.0,4.0,7.0,1.0,0.0,2.0,0.0,0.0,0.0,0.0,2.0,21
0.0,0.0,2008,2.0,10.0,18.0,0.0,0.0,4.0,0.0,0.0,0.0,0.0,0.0,34
0.0,0.0,2008,0.0,1.0,2.0,0.0,0.0,7.0,0.0,0.0,0.0,0.0,0.0,10
0.0,0.0,2008,1.0,7.0,3.0,0.0,0.0,7.0,0.0,0.0,0.0,0.0,4.0,22
0.0,0.0,2008,1.0,11.0,0.0,0.0,0.0,5.0,0.0,0.0,0.0,0.0,0.0,17
0.0,0.0,2008,3.0,9.0,29.0,0.0,0.0,0.0,0.0,0.0,0.0,0.0,2.0,43
0.0,0.0,2008,1.0,6.0,30.0,0.0,0.0,0.0,0.0,0.0,0.0,0.0,0.0,37
0.0,0.0,2008,4.0,13.0,30.0,0.0,0.0,20.0,0.0,0.0,0.0,0.0,1.0,68
0.0,0.0,2008,0.0,5.0,18.0,0.0,0.0,0.0,0.0,0.0,0.0,0.0,0.0,23
0.0,0.0,2008,0.0,0.0,2.0,0.0,0.0,0.0,0.0,0.0,0.0,0.0,0.0,2
0.0,0.0,2008,0.0,5.0,9.0,0.0,0.0,9.0,0.0,0.0,0.0,0.0,0.0,23
0.0,0.0,2008,5.0,11.0,25.0,0.0,0.0,8.0,0.0,0.0,0.0,0.0,0.0,49
0.0,0.0,2008,1.0,14.0,3.0,0.0,0.0,13.0,0.0,0.0,0.0,0.0,0.0,31
0.0,0.0,2008,0.0,9.0,16.0,0.0,0.0,8.0,0.0,0.0,0.0,0.0,0.0,33
0.0,0.0,2008,0.0,12.0,9.0,0.0,0.0,2.0,0.0,0.0,0.0,0.0,0.0,23
0.0,0.0,2008,4.0,7.0,9.0,0.0,0.0,0.0,0.0,0.0,0.0,0.0,0.0,20
0.0,0.0,2008,16.0,11.0,1.0,2.0,0.0,3.0,0.0,0.0,0.0,0.0,0.0,33
0.0,0.0,2008,4.0,15.0,0.0,0.0,0.0,0.0,0.0,0.0,0.0,0.0,0.0,19
0.0,0.0,2008,1.0,9.0,17.0,0.0,0.0,0.0,0.0,0.0,0.0,0.0,0.0,27
0.0,0.0,2008,1.0,20.0,16.0,0.0,0.0,2.0,0.0,0.0,0.0,0.0,0.0,39
0.0,0.0,2008,0.0,0.0,0.0,0.0,0.0,1.0,0.0,0.0,0.0,0.0,0.0,1
0.0,0.0,2008,0.0,1.0,2.0,0.0,0.0,2.0,0.0,0.0,0.0,0.0,0.0,5
0.0,0.0,2008,2.0,3.0,7.0,1.0,0.0,1.0,0.0,0.0,0.0,0.0,0.0,14
0.0,0.0,2008,5.0,16.0,18.0,0.0,0.0,0.0,0.0,0.0,0.0,0.0,0.0,39
0.0,0.0,2008,2.0,8.0,11.0,0.0,0.0,2.0,0.0,0.0,0.0,0.0,0.0,23
0.0,0.0,2008,0.0,6.0,10.0,1.0,0.0,4.0,0.0,0.0,0.0,0.0,0.0,21
0.0,0.0,2008,11.0,26.0,26.0,1.0,0.0,14.0,0.0,0.0,0.0,0.0,16.0,94
0.0,0.0,2008,97.0,420.0,504.0,10.0,0.0,158.0,0.0,0.0,0.0,3.0,31.0,1223
0.0,0.0,2008,1.0,5.0,2.0,0.0,0.0,0.0,0.0,0.0,0.0,0.0,3.0,11
0.0,0.0,2008,0.0,1.0,0.0,0.0,0.0,0.0,0.0,0.0,0.0,0.0,1.0,2
0.0,0.0,2008,1.0,5.0,1.0,0.0,0.0,0.0,0.0,0.0,0.0,0.0,2.0,9
0.0,0.0,2008,0.0,1.0,0.0,0.0,0.0,0.0,0.0,0.0,0.0,0.0,1.0,2
0.0,0.0,2008,2.0,12.0,3.0,0.0,0.0,0.0,0.0,0.0,0.0,0.0,7.0,24
0.0,0.0,2008,7.0,23.0,14.0,0.0,0.0,0.0,1.0,0.0,0.0,0.0,1.0,46
0.0,0.0,2008,0.0,0.0,0.0,0.0,0.0,3.0,0.0,0.0,0.0,0.0,0.0,3
0.0,0.0,2008,9.0,10.0,12.0,0.0,0.0,0.0,0.0,0.0,0.0,0.0,5.0,36
0.0,0.0,2008,3.0,4.0,0.0,0.0,0.0,0.0,0.0,0.0,0.0,0.0,0.0,7
0.0,0.0,2008,0.0,5.0,4.0,0.0,0.0,0.0,0.0,0.0,0.0,0.0,0.0,9
0.0,0.0,2008,4.0,10.0,32.0,0.0,0.0,0.0,0.0,0.0,0.0,1.0,1.0,48
0.0,0.0,2008,2.0,10.0,23.0,0.0,0.0,0.0,0.0,0.0,0.0,3.0,0.0,38
0.0,0.0,2008,0.0,0.0,0.0,0.0,0.0,0.0,0.0,0.0,0.0,0.0,0.0,0
0.0,0.0,2008,1.0,6.0,3.0,0.0,0.0,0.0,0.0,0.0,0.0,0.0,0.0,10
0.0,0.0,2008,0.0,0.0,0.0,0.0,0.0,0.0,0.0,0.0,0.0,0.0,12.0,12
0.0,0.0,2008,1.0,0.0,0.0,0.0,0.0,0.0,0.0,0.0,0.0,0.0,4.0,5
0.0,0.0,2008,1.0,0.0,0.0,0.0,0.0,0.0,0.0,0.0,0.0,0.0,1.0,2
0.0,0.0,2008,4.0,12.0,12.0,0.0,0.0,0.0,0.0,0.0,0.0,0.0,0.0,28
0.0,0.0,2008,1.0,1.0,0.0,0.0,0.0,0.0,0.0,0.0,0.0,0.0,0.0,2
0.0,0.0,2008,8.0,1.0,5.0,0.0,0.0,0.0,0.0,0.0,0.0,0.0,0.0,14
0.0,0.0,2008,1.0,7.0,16.0,0.0,0.0,0.0,0.0,0.0,0.0,0.0,18.0,42
0.0,0.0,2008,6.0,8.0,0.0,0.0,0.0,0.0,0.0,0.0,0.0,0.0,0.0,14
0.0,0.0,2008,0.0,4.0,4.0,0.0,0.0,0.0,0.0,0.0,0.0,0.0,0.0,8
0.0,0.0,2008,4.0,1.0,0.0,0.0,0.0,0.0,0.0,0.0,0.0,0.0,0.0,5
0.0,0.0,2008,0.0,2.0,0.0,0.0,0.0,0.0,0.0,0.0,0.0,0.0,0.0,2
0.0,0.0,2008,2.0,3.0,4.0,0.0,0.0,0.0,0.0,0.0,0.0,0.0,17.0,26
0.0,0.0,2008,3.0,4.0,9.0,0.0,0.0,0.0,0.0,0.0,0.0,0.0,2.0,18
0.0,0.0,2008,6.0,15.0,20.0,0.0,0.0,0.0,0.0,0.0,0.0,0.0,0.0,41
0.0,0.0,2008,0.0,0.0,11.0,0.0,0.0,0.0,0.0,0.0,0.0,0.0,0.0,11
0.0,0.0,2008,3.0,0.0,0.0,0.0,0.0,0.0,0.0,0.0,0.0,0.0,0.0,3
0.0,0.0,2008,2.0,3.0,12.0,0.0,0.0,0.0,0.0,0.0,0.0,0.0,0.0,17
0.0,0.0,2008,1.0,2.0,0.0,0.0,0.0,0.0,0.0,0.0,0.0,0.0,2.0,5
0.0,0.0,2008,1.0,3.0,4.0,0.0,0.0,0.0,0.0,0.0,0.0,0.0,0.0,8
0.0,0.0,2008,1.0,6.0,0.0,0.0,0.0,0.0,0.0,0.0,0.0,0.0,0.0,7
0.0,0.0,2008,1.0,12.0,7.0,0.0,0.0,0.0,0.0,0.0,0.0,0.0,0.0,20
0.0,0.0,2008,0.0,4.0,4.0,0.0,0.0,0.0,0.0,0.0,0.0,0.0,0.0,8
0.0,0.0,2008,4.0,5.0,6.0,0.0,0.0,0.0,0.0,0.0,0.0,0.0,0.0,15
0.0,0.0,2008,0.0,0.0,0.0,0.0,0.0,0.0,0.0,0.0,0.0,0.0,0.0,0
0.0,0.0,2008,3.0,7.0,12.0,0.0,0.0,0.0,0.0,0.0,0.0,0.0,0.0,22
0.0,0.0,2008,0.0,2.0,4.0,0.0,0.0,0.0,0.0,0.0,0.0,0.0,0.0,6
0.0,0.0,2008,3.0,5.0,37.0,0.0,0.0,16.0,0.0,0.0,0.0,0.0,2.0,63
0.0,0.0,2008,7.0,12.0,20.0,0.0,0.0,0.0,0.0,0.0,0.0,0.0,1.0,40
0.0,0.0,2008,2.0,0.0,0.0,0.0,0.0,0.0,0.0,0.0,0.0,0.0,23.0,25
0.0,0.0,2008,91.0,187.0,275.0,0.0,0.0,19.0,1.0,0.0,0.0,4.0,89.0,666
0.0,0.0,2008,3.0,13.0,5.0,0.0,0.0,0.0,0.0,0.0,0.0,0.0,4.0,25
0.0,0.0,2008,2.0,23.0,18.0,0.0,0.0,0.0,0.0,0.0,0.0,0.0,0.0,43
0.0,0.0,2008,2.0,19.0,0.0,0.0,0.0,0.0,0.0,0.0,0.0,0.0,0.0,21
0.0,0.0,2008,5.0,49.0,0.0,0.0,0.0,0.0,0.0,0.0,0.0,0.0,20.0,74
0.0,0.0,2008,12.0,104.0,23.0,0.0,0.0,0.0,0.0,0.0,0.0,0.0,24.0,163
0.0,0.0,2008,0.0,25.0,83.0,0.0,0.0,0.0,0.0,0.0,0.0,0.0,25.0,133
0.0,0.0,2008,34.0,25.0,45.0,0.0,0.0,0.0,0.0,0.0,0.0,0.0,6.0,110
0.0,0.0,2008,15.0,27.0,39.0,0.0,0.0,0.0,0.0,0.0,0.0,0.0,16.0,97
0.0,0.0,2008,5.0,10.0,25.0,0.0,0.0,0.0,0.0,0.0,0.0,0.0,7.0,47
0.0,0.0,2008,2.0,6.0,19.0,0.0,0.0,0.0,0.0,0.0,0.0,0.0,6.0,33
0.0,0.0,2008,4.0,2.0,21.0,0.0,0.0,0.0,0.0,0.0,0.0,0.0,0.0,27
0.0,0.0,2008,6.0,7.0,32.0,1.0,0.0,0.0,0.0,0.0,0.0,0.0,10.0,56
0.0,0.0,2008,6.0,13.0,15.0,0.0,0.0,0.0,0.0,0.0,0.0,0.0,3.0,37
0.0,0.0,2008,5.0,3.0,25.0,0.0,0.0,0.0,0.0,0.0,0.0,0.0,2.0,35
0.0,0.0,2008,4.0,6.0,15.0,0.0,0.0,0.0,0.0,0.0,0.0,0.0,9.0,34
0.0,0.0,2008,3.0,7.0,10.0,0.0,0.0,0.0,0.0,0.0,0.0,0.0,5.0,25
0.0,0.0,2008,6.0,24.0,21.0,0.0,0.0,0.0,0.0,0.0,0.0,0.0,34.0,85
0.0,0.0,2008,4.0,14.0,41.0,0.0,0.0,0.0,0.0,0.0,0.0,0.0,16.0,75
0.0,0.0,2008,1.0,5.0,8.0,0.0,0.0,0.0,0.0,0.0,0.0,0.0,0.0,14
0.0,0.0,2008,6.0,6.0,10.0,0.0,0.0,0.0,0.0,0.0,0.0,0.0,7.0,29
0.0,0.0,2008,8.0,17.0,34.0,0.0,0.0,0.0,0.0,0.0,0.0,0.0,21.0,80
0.0,0.0,2008,10.0,9.0,29.0,0.0,0.0,0.0,0.0,0.0,0.0,0.0,2.0,50
0.0,0.0,2008,0.0,2.0,5.0,0.0,0.0,0.0,0.0,0.0,0.0,0.0,4.0,11
0.0,0.0,2008,3.0,7.0,6.0,0.0,0.0,0.0,0.0,0.0,0.0,0.0,8.0,24
0.0,0.0,2008,1.0,7.0,7.0,0.0,0.0,0.0,0.0,0.0,0.0,0.0,6.0,21
0.0,0.0,2008,4.0,9.0,36.0,0.0,0.0,0.0,0.0,0.0,0.0,0.0,4.0,53
0.0,0.0,2008,0.0,11.0,35.0,0.0,0.0,0.0,0.0,0.0,0.0,0.0,5.0,51
0.0,0.0,2008,1.0,4.0,12.0,0.0,0.0,0.0,0.0,0.0,0.0,0.0,0.0,17
0.0,0.0,2008,1.0,4.0,14.0,0.0,0.0,0.0,0.0,0.0,0.0,0.0,14.0,33
0.0,0.0,2008,6.0,10.0,29.0,0.0,0.0,0.0,0.0,0.0,0.0,0.0,6.0,51
0.0,0.0,2008,5.0,6.0,9.0,0.0,0.0,0.0,0.0,0.0,0.0,0.0,4.0,24
0.0,0.0,2008,0.0,0.0,0.0,0.0,0.0,0.0,0.0,0.0,0.0,0.0,0.0,0
0.0,0.0,2008,13.0,16.0,31.0,0.0,0.0,0.0,0.0,0.0,0.0,0.0,5.0,65
0.0,0.0,2008,10.0,12.0,79.0,0.0,0.0,0.0,0.0,0.0,0.0,0.0,2.0,103
0.0,0.0,2008,4.0,2.0,19.0,0.0,0.0,0.0,0.0,0.0,0.0,0.0,0.0,25
0.0,0.0,2008,3.0,13.0,33.0,0.0,0.0,0.0,0.0,0.0,0.0,0.0,10.0,59
0.0,0.0,2008,0.0,29.0,46.0,0.0,0.0,0.0,0.0,0.0,0.0,0.0,12.0,87
0.0,0.0,2008,3.0,6.0,19.0,0.0,0.0,0.0,0.0,0.0,0.0,0.0,8.0,36
0.0,0.0,2008,6.0,18.0,33.0,0.0,0.0,0.0,0.0,0.0,0.0,0.0,6.0,63
0.0,0.0,2008,10.0,2.0,21.0,0.0,0.0,0.0,0.0,0.0,0.0,0.0,0.0,33
0.0,0.0,2008,3.0,12.0,19.0,0.0,0.0,0.0,0.0,0.0,0.0,0.0,13.0,47
0.0,0.0,2008,6.0,5.0,22.0,0.0,0.0,0.0,0.0,0.0,0.0,0.0,2.0,35
0.0,0.0,2008,5.0,15.0,24.0,0.0,0.0,0.0,0.0,0.0,0.0,0.0,11.0,55
0.0,0.0,2008,4.0,5.0,12.0,0.0,0.0,0.0,0.0,0.0,0.0,0.0,13.0,34
0.0,0.0,2008,6.0,11.0,33.0,0.0,0.0,0.0,0.0,0.0,0.0,0.0,4.0,54
0.0,0.0,2008,4.0,16.0,33.0,0.0,0.0,0.0,0.0,0.0,0.0,0.0,14.0,67
0.0,0.0,2008,15.0,32.0,120.0,0.0,0.0,0.0,0.0,0.0,0.0,0.0,9.0,176
0.0,0.0,2008,6.0,6.0,20.0,0.0,0.0,0.0,0.0,0.0,0.0,0.0,5.0,37
0.0,0.0,2008,7.0,14.0,20.0,0.0,0.0,0.0,0.0,0.0,0.0,0.0,8.0,49
0.0,0.0,2008,0.0,23.0,32.0,0.0,0.0,0.0,0.0,0.0,0.0,0.0,14.0,69
0.0,0.0,2008,0.0,3.0,10.0,0.0,0.0,0.0,0.0,0.0,0.0,0.0,7.0,20
0.0,0.0,2008,2.0,11.0,5.0,0.0,0.0,0.0,0.0,0.0,0.0,0.0,0.0,18
0.0,0.0,2008,10.0,44.0,184.0,0.0,0.0,0.0,0.0,0.0,0.0,0.0,20.0,258
0.0,0.0,2008,2.0,8.0,17.0,0.0,0.0,0.0,0.0,0.0,0.0,0.0,4.0,31
0.0,0.0,2008,1.0,9.0,22.0,0.0,0.0,0.0,0.0,0.0,0.0,0.0,0.0,32
0.0,0.0,2008,14.0,6.0,43.0,0.0,0.0,0.0,0.0,0.0,0.0,0.0,11.0,74
0.0,0.0,2008,13.0,15.0,66.0,0.0,0.0,0.0,0.0,0.0,0.0,0.0,3.0,97
0.0,0.0,2008,6.0,8.0,16.0,0.0,0.0,0.0,0.0,0.0,0.0,0.0,7.0,37
0.0,0.0,2008,3.0,42.0,87.0,0.0,0.0,0.0,0.0,0.0,0.0,0.0,13.0,145
0.0,0.0,2008,1.0,3.0,13.0,0.0,0.0,0.0,0.0,0.0,0.0,0.0,6.0,23
0.0,0.0,2008,10.0,44.0,77.0,0.0,0.0,0.0,0.0,0.0,0.0,0.0,12.0,143
0.0,0.0,2008,2.0,11.0,59.0,0.0,0.0,0.0,0.0,0.0,0.0,0.0,6.0,78
0.0,0.0,2008,10.0,7.0,29.0,0.0,0.0,0.0,0.0,0.0,0.0,0.0,2.0,48
0.0,0.0,2008,4.0,18.0,41.0,0.0,0.0,0.0,0.0,0.0,0.0,0.0,5.0,68
0.0,0.0,2008,6.0,19.0,27.0,0.0,0.0,0.0,0.0,0.0,0.0,0.0,12.0,64
0.0,0.0,2008,5.0,6.0,18.0,0.0,0.0,0.0,0.0,0.0,0.0,0.0,0.0,29
0.0,0.0,2008,2.0,2.0,16.0,0.0,0.0,0.0,0.0,0.0,0.0,0.0,10.0,30
0.0,0.0,2008,0.0,7.0,19.0,1.0,0.0,0.0,0.0,0.0,0.0,0.0,6.0,33
0.0,0.0,2008,11.0,38.0,34.0,0.0,0.0,0.0,0.0,0.0,0.0,0.0,14.0,97
0.0,0.0,2008,1.0,4.0,12.0,0.0,0.0,0.0,0.0,0.0,0.0,0.0,6.0,23
0.0,0.0,2008,1.0,8.0,18.0,0.0,0.0,0.0,0.0,0.0,0.0,0.0,6.0,33
0.0,0.0,2008,7.0,28.0,63.0,0.0,0.0,0.0,0.0,0.0,0.0,0.0,16.0,114
0.0,0.0,2008,2.0,16.0,12.0,0.0,0.0,0.0,0.0,0.0,0.0,0.0,0.0,30
0.0,0.0,2008,2.0,2.0,6.0,0.0,0.0,0.0,0.0,0.0,0.0,0.0,4.0,14
0.0,0.0,2008,9.0,16.0,35.0,0.0,0.0,0.0,0.0,0.0,0.0,0.0,6.0,66
0.0,0.0,2008,7.0,15.0,31.0,0.0,0.0,0.0,0.0,0.0,0.0,0.0,35.0,88
0.0,0.0,2008,0.0,7.0,23.0,0.0,0.0,0.0,0.0,0.0,0.0,0.0,9.0,39
0.0,0.0,2008,376.0,900.0,2224.0,2.0,0.0,0.0,0.0,0.0,0.0,0.0,576.0,4078
0.0,0.0,2008,0.0,0.0,0.0,0.0,0.0,0.0,0.0,0.0,0.0,0.0,0.0,0
0.0,0.0,2008,0.0,0.0,1.0,0.0,0.0,0.0,0.0,0.0,0.0,0.0,0.0,1
0.0,0.0,2008,0.0,2.0,1.0,0.0,0.0,0.0,0.0,0.0,0.0,0.0,0.0,3
0.0,0.0,2008,0.0,0.0,0.0,0.0,0.0,0.0,0.0,0.0,0.0,0.0,0.0,0
0.0,0.0,2008,1.0,7.0,18.0,0.0,0.0,0.0,0.0,0.0,0.0,0.0,0.0,26
0.0,0.0,2008,0.0,0.0,0.0,0.0,0.0,0.0,0.0,0.0,0.0,0.0,0.0,0
0.0,0.0,2008,0.0,0.0,0.0,0.0,0.0,0.0,0.0,0.0,0.0,0.0,0.0,0
0.0,0.0,2008,0.0,0.0,0.0,0.0,0.0,0.0,0.0,0.0,0.0,0.0,0.0,0
0.0,0.0,2008,0.0,0.0,0.0,0.0,0.0,0.0,0.0,0.0,0.0,0.0,0.0,0
0.0,0.0,2008,0.0,0.0,0.0,0.0,0.0,0.0,0.0,0.0,0.0,0.0,0.0,0
0.0,0.0,2008,0.0,0.0,0.0,0.0,0.0,0.0,0.0,0.0,0.0,0.0,0.0,0
0.0,0.0,2008,2.0,0.0,2.0,0.0,0.0,0.0,2.0,0.0,0.0,0.0,0.0,6
0.0,0.0,2008,0.0,0.0,2.0,0.0,0.0,0.0,0.0,0.0,0.0,0.0,0.0,2
0.0,0.0,2008,3.0,9.0,24.0,0.0,0.0,0.0,2.0,0.0,0.0,0.0,0.0,38
0.0,0.0,2008,11.0,54.0,41.0,1.0,0.0,0.0,17.0,0.0,22.0,0.0,4.0,150
0.0,0.0,2008,0.0,0.0,0.0,0.0,0.0,0.0,0.0,0.0,0.0,0.0,0.0,0
0.0,0.0,2008,0.0,0.0,0.0,0.0,0.0,0.0,0.0,0.0,0.0,0.0,0.0,0
0.0,0.0,2008,0.0,3.0,0.0,0.0,0.0,0.0,0.0,0.0,0.0,0.0,0.0,3
0.0,0.0,2008,3.0,23.0,30.0,0.0,0.0,0.0,0.0,0.0,0.0,0.0,0.0,56
0.0,0.0,2008,0.0,0.0,0.0,0.0,0.0,0.0,0.0,0.0,0.0,0.0,0.0,0
0.0,0.0,2008,0.0,0.0,2.0,0.0,0.0,0.0,0.0,0.0,0.0,1.0,0.0,3
0.0,0.0,2008,3.0,15.0,27.0,0.0,0.0,0.0,1.0,0.0,0.0,0.0,20.0,66
0.0,0.0,2008,0.0,0.0,1.0,0.0,0.0,1.0,4.0,1.0,0.0,0.0,0.0,7
0.0,0.0,2008,0.0,0.0,0.0,0.0,0.0,0.0,0.0,0.0,0.0,0.0,0.0,0
0.0,0.0,2008,0.0,0.0,1.0,0.0,0.0,0.0,0.0,0.0,0.0,0.0,0.0,1
0.0,0.0,2008,0.0,0.0,1.0,0.0,0.0,0.0,0.0,0.0,0.0,0.0,0.0,1
0.0,0.0,2008,0.0,0.0,0.0,0.0,0.0,0.0,0.0,0.0,0.0,0.0,0.0,0
0.0,0.0,2008,0.0,0.0,0.0,0.0,0.0,0.0,0.0,0.0,0.0,0.0,0.0,0
0.0,0.0,2008,1.0,15.0,51.0,0.0,0.0,0.0,15.0,1.0,7.0,0.0,41.0,131
0.0,0.0,2008,0.0,0.0,8.0,0.0,0.0,0.0,0.0,0.0,0.0,0.0,0.0,8
0.0,0.0,2008,0.0,0.0,0.0,0.0,0.0,0.0,0.0,0.0,0.0,3.0,0.0,3
0.0,0.0,2008,1.0,0.0,4.0,0.0,0.0,0.0,0.0,0.0,4.0,1.0,0.0,10
0.0,0.0,2008,0.0,0.0,0.0,0.0,0.0,0.0,0.0,0.0,0.0,1.0,0.0,1
0.0,0.0,2008,0.0,0.0,3.0,0.0,0.0,0.0,2.0,0.0,2.0,0.0,0.0,7
0.0,0.0,2008,0.0,0.0,0.0,0.0,0.0,0.0,0.0,0.0,0.0,0.0,0.0,0
0.0,0.0,2008,0.0,0.0,0.0,0.0,0.0,0.0,0.0,0.0,0.0,0.0,0.0,0
0.0,0.0,2008,0.0,0.0,0.0,0.0,0.0,0.0,0.0,0.0,0.0,0.0,0.0,0
0.0,0.0,2008,0.0,19.0,27.0,0.0,0.0,0.0,14.0,0.0,6.0,0.0,0.0,66
0.0,0.0,2008,19.0,129.0,196.0,1.0,0.0,1.0,53.0,2.0,41.0,6.0,65.0,513
0.0,0.0,2008,2.0,8.0,12.0,0.0,0.0,1.0,0.0,0.0,0.0,0.0,24.0,47
0.0,0.0,2008,0.0,0.0,0.0,0.0,0.0,0.0,0.0,0.0,0.0,0.0,0.0,0
0.0,0.0,2008,2.0,8.0,12.0,0.0,0.0,1.0,0.0,0.0,0.0,0.0,24.0,47
0.0,0.0,2008,0.0,10.0,36.0,0.0,0.0,11.0,0.0,0.0,0.0,0.0,9.0,66
0.0,0.0,2008,0.0,10.0,36.0,0.0,0.0,11.0,0.0,0.0,0.0,0.0,9.0,66
0.0,0.0,2008,1.0,3.0,11.0,0.0,0.0,0.0,0.0,0.0,0.0,0.0,2.0,17
0.0,0.0,2008,1.0,3.0,11.0,0.0,0.0,0.0,0.0,0.0,0.0,0.0,2.0,17
0.0,0.0,2008,0.0,0.0,0.0,0.0,0.0,0.0,0.0,0.0,0.0,0.0,3.0,3
0.0,0.0,2008,0.0,0.0,0.0,0.0,0.0,0.0,0.0,0.0,0.0,0.0,1.0,1
0.0,0.0,2008,0.0,0.0,0.0,0.0,0.0,0.0,0.0,0.0,0.0,0.0,4.0,4
0.0,0.0,2008,0.0,0.0,0.0,0.0,0.0,0.0,0.0,0.0,0.0,0.0,0.0,0
0.0,0.0,2008,1.0,21.0,66.0,0.0,0.0,2.0,0.0,0.0,0.0,0.0,6.0,96
0.0,0.0,2008,0.0,0.0,0.0,0.0,0.0,0.0,0.0,0.0,0.0,0.0,0.0,0
0.0,0.0,2008,3.0,45.0,139.0,0.0,0.0,0.0,0.0,0.0,0.0,1.0,9.0,197
0.0,0.0,2008,0.0,0.0,0.0,0.0,0.0,0.0,0.0,0.0,0.0,0.0,0.0,0
0.0,0.0,2008,0.0,0.0,6.0,0.0,0.0,0.0,0.0,0.0,0.0,0.0,1.0,7
0.0,0.0,2008,0.0,0.0,0.0,0.0,0.0,0.0,0.0,0.0,0.0,0.0,0.0,0
0.0,0.0,2008,0.0,2.0,15.0,0.0,0.0,0.0,0.0,0.0,0.0,0.0,6.0,23
0.0,0.0,2008,1.0,12.0,62.0,0.0,0.0,0.0,0.0,0.0,0.0,0.0,41.0,116
0.0,0.0,2008,9.0,23.0,165.0,0.0,0.0,3.0,0.0,0.0,0.0,0.0,49.0,249
0.0,0.0,2008,0.0,34.0,116.0,1.0,0.0,1.0,0.0,0.0,0.0,0.0,4.0,156
0.0,0.0,2008,3.0,43.0,279.0,1.0,0.0,5.0,0.0,0.0,0.0,0.0,7.0,338
0.0,0.0,2008,6.0,23.0,45.0,0.0,0.0,2.0,0.0,0.0,0.0,0.0,6.0,82
0.0,0.0,2008,6.0,42.0,156.0,0.0,0.0,7.0,0.0,0.0,0.0,0.0,19.0,230
0.0,0.0,2008,6.0,23.0,52.0,0.0,0.0,2.0,0.0,0.0,0.0,0.0,68.0,151
0.0,0.0,2008,0.0,0.0,0.0,0.0,0.0,0.0,0.0,0.0,0.0,0.0,0.0,0
0.0,0.0,2008,6.0,33.0,107.0,0.0,0.0,3.0,0.0,0.0,0.0,0.0,60.0,209
0.0,0.0,2008,41.0,301.0,1208.0,2.0,0.0,25.0,0.0,0.0,0.0,1.0,276.0,1854
0.0,0.0,2008,0.0,0.0,0.0,0.0,0.0,0.0,0.0,0.0,0.0,0.0,0.0,0
0.0,0.0,2008,0.0,0.0,0.0,0.0,0.0,0.0,0.0,0.0,0.0,0.0,0.0,0
0.0,0.0,2008,0.0,1.0,2.0,0.0,0.0,0.0,0.0,0.0,0.0,0.0,1.0,4
0.0,0.0,2008,1.0,3.0,12.0,0.0,1.0,1.0,0.0,0.0,0.0,0.0,4.0,22
0.0,0.0,2008,1.0,4.0,14.0,0.0,1.0,1.0,0.0,0.0,0.0,0.0,5.0,26
0.0,0.0,2009,5.0,5.0,5.0,3.0,0.0,8.0,0.0,0.0,0.0,0.0,5.0,31
0.0,0.0,2009,0.0,0.0,0.0,0.0,0.0,1.0,2.0,0.0,0.0,0.0,28.0,31
0.0,0.0,2009,4.0,25.0,29.0,0.0,0.0,0.0,0.0,0.0,0.0,0.0,0.0,58
0.0,0.0,2009,7.0,22.0,24.0,0.0,0.0,0.0,0.0,0.0,0.0,0.0,0.0,53
0.0,0.0,2009,9.0,0.0,2.0,0.0,0.0,2.0,0.0,0.0,0.0,0.0,0.0,13
0.0,0.0,2009,0.0,0.0,0.0,0.0,0.0,0.0,0.0,0.0,0.0,0.0,0.0,0
0.0,0.0,2009,0.0,0.0,0.0,0.0,0.0,0.0,0.0,0.0,0.0,0.0,0.0,0
0.0,0.0,2009,11.0,24.0,36.0,0.0,1.0,16.0,0.0,0.0,0.0,0.0,5.0,93
0.0,0.0,2009,2.0,1.0,2.0,1.0,0.0,15.0,0.0,0.0,0.0,0.0,0.0,21
0.0,0.0,2009,5.0,29.0,79.0,0.0,0.0,6.0,0.0,0.0,0.0,0.0,0.0,119
0.0,0.0,2009,1.0,40.0,31.0,0.0,2.0,0.0,0.0,0.0,1.0,0.0,62.0,137
0.0,0.0,2009,1.0,22.0,30.0,0.0,0.0,7.0,0.0,0.0,0.0,0.0,56.0,116
0.0,0.0,2009,2.0,19.0,50.0,0.0,5.0,0.0,0.0,0.0,0.0,0.0,0.0,76
0.0,0.0,2009,5.0,48.0,67.0,0.0,0.0,0.0,0.0,0.0,0.0,0.0,13.0,133
0.0,0.0,2009,6.0,7.0,0.0,0.0,0.0,0.0,0.0,0.0,0.0,0.0,8.0,21
0.0,0.0,2009,0.0,45.0,62.0,2.0,0.0,3.0,0.0,0.0,0.0,0.0,0.0,112
0.0,0.0,2009,1.0,13.0,20.0,0.0,2.0,9.0,24.0,0.0,0.0,0.0,90.0,159
0.0,0.0,2009,2.0,3.0,10.0,0.0,0.0,0.0,1.0,0.0,0.0,0.0,3.0,19
0.0,0.0,2009,1.0,10.0,4.0,0.0,0.0,0.0,1.0,0.0,0.0,0.0,12.0,28
0.0,0.0,2009,2.0,0.0,0.0,0.0,0.0,0.0,0.0,0.0,0.0,0.0,0.0,2
0.0,0.0,2009,0.0,0.0,0.0,0.0,0.0,0.0,0.0,0.0,0.0,0.0,0.0,0
0.0,0.0,2009,2.0,1.0,4.0,0.0,0.0,0.0,0.0,0.0,0.0,0.0,4.0,11
0.0,0.0,2009,0.0,17.0,42.0,0.0,0.0,10.0,0.0,0.0,0.0,0.0,135.0,204
0.0,0.0,2009,0.0,0.0,0.0,0.0,0.0,0.0,0.0,0.0,0.0,0.0,0.0,0
0.0,0.0,2009,1.0,1.0,0.0,0.0,0.0,0.0,0.0,0.0,0.0,0.0,0.0,2
0.0,0.0,2009,2.0,12.0,14.0,0.0,0.0,0.0,0.0,0.0,0.0,0.0,0.0,28
0.0,0.0,2009,0.0,3.0,0.0,0.0,0.0,0.0,0.0,0.0,0.0,0.0,0.0,3
0.0,0.0,2009,2.0,20.0,70.0,0.0,3.0,0.0,0.0,0.0,0.0,0.0,40.0,135
0.0,0.0,2009,6.0,49.0,51.0,0.0,0.0,0.0,0.0,1.0,0.0,0.0,7.0,114
0.0,0.0,2009,77.0,416.0,632.0,6.0,13.0,77.0,28.0,1.0,1.0,0.0,468.0,1719
0.0,0.0,2009,0.0,0.0,0.0,0.0,0.0,0.0,0.0,0.0,0.0,0.0,0.0,0
0.0,0.0,2009,0.0,3.0,2.0,0.0,0.0,0.0,0.0,0.0,0.0,0.0,0.0,5
0.0,0.0,2009,0.0,1.0,1.0,0.0,0.0,0.0,0.0,0.0,0.0,0.0,0.0,2
0.0,0.0,2009,0.0,0.0,0.0,0.0,0.0,0.0,0.0,0.0,0.0,0.0,0.0,0
0.0,0.0,2009,0.0,1.0,0.0,0.0,0.0,0.0,0.0,0.0,0.0,0.0,0.0,1
0.0,0.0,2009,0.0,0.0,0.0,0.0,0.0,0.0,0.0,0.0,0.0,0.0,0.0,0
0.0,0.0,2009,0.0,1.0,3.0,0.0,0.0,0.0,0.0,0.0,0.0,0.0,0.0,4
0.0,0.0,2009,0.0,2.0,5.0,0.0,0.0,0.0,0.0,0.0,0.0,0.0,0.0,7
0.0,0.0,2009,0.0,5.0,4.0,0.0,0.0,0.0,0.0,0.0,0.0,0.0,0.0,9
0.0,0.0,2009,0.0,1.0,0.0,0.0,0.0,0.0,0.0,0.0,0.0,0.0,0.0,1
0.0,0.0,2009,0.0,2.0,2.0,0.0,0.0,0.0,0.0,0.0,0.0,0.0,0.0,4
0.0,0.0,2009,0.0,0.0,0.0,0.0,0.0,0.0,0.0,0.0,0.0,0.0,0.0,0
0.0,0.0,2009,0.0,0.0,0.0,0.0,0.0,0.0,0.0,0.0,0.0,0.0,0.0,0
0.0,0.0,2009,0.0,0.0,0.0,0.0,0.0,0.0,0.0,0.0,0.0,0.0,0.0,0
0.0,0.0,2009,0.0,0.0,0.0,0.0,0.0,0.0,0.0,0.0,0.0,0.0,0.0,0
0.0,0.0,2009,0.0,0.0,0.0,0.0,0.0,0.0,0.0,0.0,0.0,0.0,0.0,0
0.0,0.0,2009,0.0,16.0,17.0,0.0,0.0,0.0,0.0,0.0,0.0,0.0,0.0,33
0.0,0.0,2009,2.0,0.0,0.0,0.0,0.0,0.0,0.0,0.0,0.0,0.0,0.0,2
0.0,0.0,2009,0.0,0.0,0.0,0.0,0.0,0.0,0.0,0.0,0.0,0.0,0.0,0
0.0,0.0,2009,0.0,0.0,0.0,0.0,0.0,0.0,0.0,0.0,0.0,0.0,0.0,0
0.0,0.0,2009,0.0,0.0,0.0,0.0,0.0,0.0,0.0,0.0,0.0,0.0,0.0,0
0.0,0.0,2009,0.0,0.0,0.0,0.0,0.0,0.0,0.0,0.0,0.0,0.0,0.0,0
0.0,0.0,2009,0.0,0.0,0.0,0.0,0.0,0.0,0.0,0.0,0.0,0.0,0.0,0
0.0,0.0,2009,0.0,2.0,0.0,0.0,0.0,0.0,0.0,0.0,0.0,0.0,7.0,9
0.0,0.0,2009,0.0,0.0,0.0,0.0,0.0,0.0,0.0,0.0,0.0,0.0,0.0,0
0.0,0.0,2009,1.0,5.0,0.0,0.0,0.0,0.0,0.0,0.0,0.0,0.0,0.0,6
0.0,0.0,2009,0.0,0.0,0.0,0.0,0.0,0.0,0.0,0.0,0.0,0.0,0.0,0
0.0,0.0,2009,0.0,0.0,0.0,0.0,0.0,0.0,0.0,0.0,0.0,0.0,0.0,0
0.0,0.0,2009,0.0,0.0,0.0,0.0,0.0,0.0,0.0,0.0,0.0,0.0,0.0,0
0.0,0.0,2009,0.0,0.0,0.0,0.0,0.0,0.0,0.0,0.0,0.0,0.0,0.0,0
0.0,0.0,2009,0.0,0.0,0.0,0.0,0.0,0.0,0.0,0.0,0.0,0.0,0.0,0
0.0,0.0,2009,0.0,0.0,0.0,0.0,0.0,0.0,0.0,0.0,0.0,0.0,0.0,0
0.0,0.0,2009,0.0,0.0,0.0,0.0,0.0,0.0,0.0,0.0,0.0,0.0,0.0,0
0.0,0.0,2009,0.0,0.0,0.0,0.0,0.0,0.0,0.0,0.0,0.0,0.0,0.0,0
0.0,0.0,2009,1.0,0.0,5.0,0.0,0.0,0.0,0.0,0.0,0.0,0.0,0.0,6
0.0,0.0,2009,0.0,0.0,0.0,0.0,0.0,0.0,0.0,0.0,0.0,0.0,0.0,0
0.0,0.0,2009,0.0,0.0,0.0,0.0,0.0,0.0,0.0,0.0,0.0,0.0,0.0,0
0.0,0.0,2009,0.0,0.0,0.0,0.0,0.0,0.0,0.0,0.0,0.0,0.0,0.0,0
0.0,0.0,2009,0.0,0.0,0.0,0.0,0.0,0.0,0.0,0.0,0.0,0.0,14.0,14
0.0,0.0,2009,0.0,0.0,0.0,0.0,0.0,0.0,0.0,0.0,0.0,0.0,0.0,0
0.0,0.0,2009,0.0,0.0,0.0,0.0,0.0,0.0,0.0,0.0,0.0,0.0,0.0,0
0.0,0.0,2009,0.0,0.0,0.0,0.0,0.0,0.0,0.0,0.0,0.0,0.0,0.0,0
0.0,0.0,2009,0.0,0.0,0.0,0.0,0.0,0.0,0.0,0.0,0.0,0.0,0.0,0
0.0,0.0,2009,0.0,0.0,0.0,0.0,0.0,0.0,0.0,0.0,0.0,0.0,0.0,0
0.0,0.0,2009,0.0,3.0,0.0,0.0,0.0,0.0,0.0,0.0,0.0,0.0,4.0,7
0.0,0.0,2009,0.0,0.0,0.0,0.0,0.0,0.0,0.0,0.0,0.0,0.0,0.0,0
0.0,0.0,2009,0.0,0.0,0.0,0.0,0.0,0.0,0.0,0.0,0.0,0.0,0.0,0
0.0,0.0,2009,1.0,0.0,10.0,0.0,0.0,0.0,0.0,0.0,0.0,0.0,11.0,22
0.0,0.0,2009,5.0,1.0,10.0,0.0,0.0,0.0,0.0,0.0,0.0,0.0,0.0,16
0.0,0.0,2009,2.0,0.0,16.0,0.0,0.0,0.0,0.0,0.0,0.0,0.0,0.0,18
0.0,0.0,2009,2.0,0.0,2.0,0.0,0.0,0.0,0.0,0.0,0.0,0.0,0.0,4
0.0,0.0,2009,2.0,0.0,33.0,0.0,0.0,0.0,0.0,0.0,0.0,0.0,0.0,35
0.0,0.0,2009,0.0,0.0,0.0,0.0,0.0,0.0,0.0,0.0,0.0,0.0,0.0,0
0.0,0.0,2009,0.0,1.0,0.0,0.0,0.0,0.0,0.0,0.0,0.0,0.0,0.0,1
0.0,0.0,2009,0.0,0.0,10.0,0.0,0.0,0.0,0.0,0.0,0.0,0.0,0.0,10
0.0,0.0,2009,0.0,0.0,22.0,0.0,0.0,0.0,34.0,0.0,0.0,0.0,0.0,56
0.0,0.0,2009,1.0,0.0,25.0,0.0,0.0,0.0,0.0,0.0,0.0,0.0,0.0,26
0.0,0.0,2009,2.0,2.0,19.0,0.0,0.0,0.0,0.0,0.0,0.0,0.0,0.0,23
0.0,0.0,2009,7.0,3.0,30.0,0.0,0.0,0.0,0.0,0.0,0.0,0.0,0.0,40
0.0,0.0,2009,0.0,5.0,0.0,0.0,0.0,0.0,0.0,0.0,0.0,0.0,0.0,5
0.0,0.0,2009,0.0,1.0,52.0,0.0,0.0,0.0,0.0,0.0,0.0,0.0,0.0,53
0.0,0.0,2009,0.0,0.0,0.0,0.0,0.0,0.0,0.0,0.0,0.0,0.0,0.0,0
0.0,0.0,2009,3.0,1.0,3.0,0.0,0.0,0.0,20.0,0.0,0.0,0.0,0.0,27
0.0,0.0,2009,1.0,1.0,0.0,0.0,0.0,0.0,1.0,0.0,0.0,0.0,28.0,31
0.0,0.0,2009,0.0,0.0,0.0,0.0,0.0,0.0,0.0,0.0,0.0,0.0,0.0,0
0.0,0.0,2009,1.0,0.0,0.0,0.0,0.0,0.0,0.0,0.0,0.0,0.0,0.0,1
0.0,0.0,2009,0.0,1.0,6.0,0.0,0.0,0.0,0.0,0.0,0.0,0.0,0.0,7
0.0,0.0,2009,3.0,2.0,9.0,0.0,0.0,0.0,0.0,0.0,0.0,0.0,0.0,14
0.0,0.0,2009,3.0,2.0,14.0,0.0,0.0,0.0,0.0,0.0,0.0,0.0,0.0,19
0.0,0.0,2009,0.0,0.0,0.0,0.0,0.0,0.0,0.0,0.0,0.0,0.0,0.0,0
0.0,0.0,2009,0.0,0.0,23.0,0.0,0.0,0.0,0.0,0.0,0.0,0.0,0.0,23
0.0,0.0,2009,7.0,5.0,33.0,0.0,0.0,0.0,0.0,0.0,0.0,0.0,0.0,45
0.0,0.0,2009,6.0,0.0,3.0,0.0,0.0,0.0,0.0,0.0,0.0,0.0,0.0,9
0.0,0.0,2009,23.0,9.0,56.0,0.0,0.0,0.0,0.0,0.0,0.0,0.0,0.0,88
0.0,0.0,2009,6.0,1.0,3.0,0.0,0.0,0.0,0.0,0.0,0.0,0.0,0.0,10
0.0,0.0,2009,4.0,1.0,0.0,5.0,0.0,0.0,0.0,0.0,0.0,0.0,1.0,11
0.0,0.0,2009,0.0,0.0,0.0,0.0,0.0,0.0,0.0,0.0,0.0,0.0,0.0,0
0.0,0.0,2009,4.0,1.0,19.0,0.0,0.0,0.0,0.0,0.0,0.0,0.0,1.0,25
0.0,0.0,2009,10.0,3.0,122.0,0.0,0.0,0.0,0.0,0.0,0.0,0.0,0.0,135
0.0,0.0,2009,0.0,0.0,7.0,0.0,0.0,0.0,0.0,0.0,0.0,0.0,0.0,7
0.0,0.0,2009,2.0,3.0,0.0,0.0,0.0,0.0,0.0,0.0,0.0,0.0,0.0,5
0.0,0.0,2009,0.0,0.0,0.0,0.0,0.0,0.0,0.0,0.0,0.0,0.0,0.0,0
0.0,0.0,2009,0.0,0.0,0.0,0.0,0.0,0.0,3.0,0.0,0.0,0.0,1.0,4
0.0,0.0,2009,5.0,7.0,6.0,0.0,0.0,0.0,0.0,0.0,0.0,0.0,0.0,18
0.0,0.0,2009,4.0,4.0,35.0,0.0,0.0,0.0,0.0,0.0,0.0,0.0,0.0,43
0.0,0.0,2009,1.0,1.0,4.0,0.0,0.0,0.0,0.0,0.0,0.0,0.0,0.0,6
0.0,0.0,2009,0.0,1.0,12.0,0.0,0.0,0.0,0.0,0.0,0.0,0.0,0.0,13
0.0,0.0,2009,14.0,3.0,76.0,0.0,0.0,0.0,0.0,0.0,0.0,0.0,0.0,93
0.0,0.0,2009,1.0,1.0,1.0,0.0,0.0,0.0,0.0,0.0,0.0,0.0,0.0,3
0.0,0.0,2009,1.0,1.0,16.0,0.0,0.0,0.0,0.0,0.0,0.0,0.0,0.0,18
0.0,0.0,2009,5.0,2.0,45.0,0.0,0.0,0.0,0.0,0.0,0.0,0.0,0.0,52
0.0,0.0,2009,126.0,63.0,722.0,5.0,0.0,0.0,58.0,0.0,0.0,0.0,42.0,1016
0.0,0.0,2009,1.0,1.0,1.0,0.0,0.0,0.0,0.0,0.0,0.0,0.0,22.0,25
0.0,0.0,2009,0.0,4.0,2.0,0.0,0.0,0.0,0.0,0.0,0.0,0.0,0.0,6
0.0,0.0,2009,1.0,15.0,15.0,2.0,3.0,2.0,0.0,0.0,0.0,0.0,75.0,113
0.0,0.0,2009,3.0,8.0,1.0,0.0,0.0,0.0,0.0,0.0,0.0,0.0,4.0,16
0.0,0.0,2009,0.0,13.0,7.0,0.0,0.0,0.0,0.0,0.0,0.0,0.0,49.0,69
0.0,0.0,2009,7.0,55.0,16.0,0.0,0.0,0.0,0.0,0.0,0.0,0.0,155.0,233
0.0,0.0,2009,1.0,0.0,0.0,0.0,0.0,1.0,0.0,0.0,0.0,0.0,1.0,3
0.0,0.0,2009,5.0,30.0,4.0,0.0,0.0,0.0,0.0,0.0,0.0,0.0,1.0,40
0.0,0.0,2009,0.0,7.0,9.0,0.0,0.0,0.0,0.0,0.0,0.0,0.0,63.0,79
0.0,0.0,2009,4.0,9.0,2.0,2.0,0.0,0.0,0.0,0.0,0.0,0.0,74.0,91
0.0,0.0,2009,0.0,5.0,0.0,0.0,0.0,0.0,0.0,0.0,0.0,0.0,27.0,32
0.0,0.0,2009,0.0,0.0,0.0,0.0,0.0,0.0,0.0,0.0,0.0,0.0,0.0,0
0.0,0.0,2009,1.0,16.0,3.0,0.0,0.0,0.0,0.0,0.0,0.0,0.0,27.0,47
0.0,0.0,2009,1.0,36.0,4.0,0.0,0.0,0.0,0.0,0.0,0.0,0.0,0.0,41
0.0,0.0,2009,1.0,16.0,0.0,0.0,1.0,0.0,0.0,0.0,0.0,0.0,11.0,29
0.0,0.0,2009,0.0,0.0,0.0,0.0,0.0,0.0,0.0,0.0,0.0,0.0,0.0,0
0.0,0.0,2009,2.0,2.0,0.0,0.0,0.0,0.0,0.0,0.0,0.0,0.0,75.0,79
0.0,0.0,2009,7.0,91.0,35.0,3.0,0.0,0.0,0.0,0.0,0.0,0.0,90.0,226
0.0,0.0,2009,0.0,12.0,9.0,0.0,0.0,0.0,0.0,0.0,0.0,0.0,31.0,52
0.0,0.0,2009,9.0,36.0,0.0,0.0,0.0,0.0,5.0,0.0,0.0,0.0,16.0,66
0.0,0.0,2009,4.0,38.0,13.0,0.0,0.0,0.0,0.0,0.0,0.0,2.0,17.0,74
0.0,0.0,2009,47.0,394.0,121.0,7.0,4.0,3.0,5.0,0.0,0.0,2.0,738.0,1321
0.0,0.0,2009,1.0,19.0,9.0,0.0,0.0,3.0,0.0,0.0,0.0,0.0,20.0,52
0.0,0.0,2009,2.0,11.0,12.0,0.0,0.0,3.0,0.0,0.0,0.0,0.0,12.0,40
0.0,0.0,2009,3.0,30.0,21.0,0.0,0.0,6.0,0.0,0.0,0.0,0.0,32.0,92
0.0,0.0,2009,0.0,0.0,92.0,0.0,0.0,26.0,0.0,0.0,1.0,0.0,0.0,119
0.0,0.0,2009,1.0,0.0,0.0,0.0,0.0,1.0,0.0,0.0,0.0,0.0,16.0,18
0.0,0.0,2009,0.0,1.0,0.0,0.0,0.0,0.0,0.0,0.0,0.0,0.0,1.0,2
0.0,0.0,2009,5.0,2.0,35.0,0.0,0.0,1.0,0.0,0.0,0.0,0.0,1.0,44
0.0,0.0,2009,5.0,4.0,20.0,0.0,0.0,7.0,0.0,0.0,0.0,0.0,5.0,41
0.0,0.0,2009,2.0,6.0,27.0,0.0,0.0,8.0,0.0,0.0,0.0,0.0,5.0,48
0.0,0.0,2009,8.0,3.0,16.0,0.0,0.0,11.0,0.0,0.0,0.0,0.0,22.0,60
0.0,0.0,2009,1.0,4.0,16.0,0.0,0.0,0.0,0.0,0.0,0.0,0.0,2.0,23
0.0,0.0,2009,2.0,3.0,11.0,0.0,0.0,4.0,0.0,0.0,0.0,0.0,0.0,20
0.0,0.0,2009,0.0,0.0,0.0,0.0,0.0,0.0,0.0,0.0,0.0,0.0,1.0,1
0.0,0.0,2009,5.0,7.0,3.0,0.0,0.0,5.0,0.0,0.0,0.0,0.0,0.0,20
0.0,0.0,2009,6.0,4.0,24.0,0.0,0.0,3.0,0.0,0.0,0.0,0.0,13.0,50
0.0,0.0,2009,1.0,0.0,32.0,0.0,0.0,7.0,0.0,0.0,0.0,0.0,0.0,40
0.0,0.0,2009,1.0,3.0,20.0,0.0,0.0,6.0,0.0,0.0,0.0,0.0,2.0,32
0.0,0.0,2009,0.0,1.0,2.0,0.0,0.0,0.0,0.0,0.0,0.0,0.0,21.0,24
0.0,0.0,2009,0.0,0.0,0.0,0.0,0.0,0.0,0.0,0.0,0.0,0.0,1.0,1
0.0,0.0,2009,0.0,0.0,0.0,0.0,0.0,1.0,0.0,0.0,0.0,0.0,0.0,1
0.0,0.0,2009,0.0,2.0,3.0,0.0,0.0,2.0,0.0,0.0,0.0,0.0,3.0,10
0.0,0.0,2009,0.0,1.0,0.0,0.0,0.0,0.0,0.0,0.0,0.0,0.0,1.0,2
0.0,0.0,2009,3.0,3.0,8.0,0.0,0.0,11.0,0.0,0.0,0.0,0.0,0.0,25
0.0,0.0,2009,2.0,0.0,11.0,0.0,0.0,1.0,0.0,0.0,0.0,0.0,0.0,14
0.0,0.0,2009,1.0,2.0,11.0,0.0,0.0,4.0,0.0,0.0,0.0,0.0,51.0,69
0.0,0.0,2009,4.0,9.0,14.0,1.0,0.0,4.0,0.0,0.0,0.0,0.0,7.0,39
0.0,0.0,2009,8.0,11.0,32.0,2.0,0.0,10.0,2.0,0.0,0.0,0.0,1.0,66
0.0,0.0,2009,0.0,7.0,7.0,0.0,0.0,0.0,0.0,0.0,0.0,0.0,1.0,15
0.0,0.0,2009,2.0,6.0,34.0,0.0,0.0,1.0,0.0,0.0,0.0,0.0,2.0,45
0.0,0.0,2009,0.0,0.0,0.0,0.0,0.0,0.0,0.0,0.0,0.0,0.0,0.0,0
0.0,0.0,2009,3.0,1.0,27.0,0.0,0.0,3.0,0.0,0.0,0.0,0.0,13.0,47
0.0,0.0,2009,3.0,8.0,57.0,0.0,0.0,6.0,0.0,0.0,0.0,0.0,2.0,76
0.0,0.0,2009,0.0,3.0,0.0,0.0,0.0,1.0,0.0,0.0,0.0,0.0,0.0,4
0.0,0.0,2009,4.0,0.0,1.0,0.0,0.0,6.0,0.0,0.0,0.0,0.0,1.0,12
0.0,0.0,2009,67.0,91.0,503.0,3.0,0.0,129.0,2.0,0.0,1.0,0.0,172.0,968
0.0,0.0,2009,1.0,19.0,13.0,0.0,0.0,0.0,0.0,0.0,0.0,0.0,1.0,34
0.0,0.0,2009,0.0,0.0,0.0,0.0,0.0,0.0,0.0,0.0,0.0,0.0,0.0,0
0.0,0.0,2009,0.0,8.0,29.0,0.0,0.0,0.0,0.0,0.0,0.0,0.0,15.0,52
0.0,0.0,2009,1.0,0.0,1.0,0.0,0.0,0.0,0.0,0.0,0.0,0.0,0.0,2
0.0,0.0,2009,0.0,0.0,0.0,0.0,0.0,0.0,0.0,0.0,0.0,0.0,0.0,0
0.0,0.0,2009,6.0,10.0,12.0,0.0,0.0,2.0,0.0,0.0,0.0,0.0,0.0,30
0.0,0.0,2009,0.0,0.0,0.0,0.0,0.0,0.0,0.0,0.0,0.0,0.0,0.0,0
0.0,0.0,2009,0.0,0.0,0.0,0.0,0.0,0.0,0.0,0.0,0.0,0.0,0.0,0
0.0,0.0,2009,0.0,4.0,3.0,0.0,0.0,0.0,0.0,0.0,0.0,0.0,3.0,10
0.0,0.0,2009,0.0,0.0,0.0,0.0,0.0,0.0,0.0,0.0,0.0,0.0,0.0,0
0.0,0.0,2009,1.0,24.0,30.0,1.0,0.0,2.0,0.0,0.0,0.0,0.0,11.0,69
0.0,0.0,2009,1.0,6.0,2.0,0.0,0.0,0.0,0.0,0.0,0.0,0.0,0.0,9
0.0,0.0,2009,3.0,2.0,0.0,0.0,0.0,0.0,0.0,0.0,0.0,0.0,0.0,5
0.0,0.0,2009,1.0,8.0,9.0,2.0,0.0,2.0,0.0,0.0,0.0,0.0,0.0,22
0.0,0.0,2009,0.0,0.0,0.0,0.0,0.0,0.0,0.0,0.0,0.0,0.0,0.0,0
0.0,0.0,2009,0.0,0.0,0.0,0.0,0.0,0.0,0.0,0.0,0.0,0.0,0.0,0
0.0,0.0,2009,3.0,27.0,28.0,0.0,1.0,8.0,0.0,0.0,0.0,0.0,4.0,71
0.0,0.0,2009,1.0,7.0,20.0,0.0,0.0,5.0,0.0,0.0,0.0,0.0,6.0,39
0.0,0.0,2009,0.0,0.0,0.0,0.0,0.0,0.0,0.0,0.0,0.0,0.0,0.0,0
0.0,0.0,2009,1.0,1.0,2.0,0.0,0.0,1.0,0.0,0.0,0.0,0.0,5.0,10
0.0,0.0,2009,0.0,0.0,0.0,0.0,0.0,0.0,0.0,0.0,0.0,0.0,0.0,0
0.0,0.0,2009,0.0,0.0,0.0,0.0,0.0,0.0,0.0,0.0,0.0,0.0,0.0,0
0.0,0.0,2009,19.0,116.0,149.0,3.0,1.0,20.0,0.0,0.0,0.0,0.0,45.0,353
0.0,0.0,2009,0.0,2.0,0.0,0.0,0.0,0.0,1.0,0.0,0.0,0.0,0.0,3
0.0,0.0,2009,0.0,6.0,1.0,0.0,1.0,0.0,0.0,0.0,0.0,0.0,0.0,8
0.0,0.0,2009,1.0,9.0,13.0,0.0,0.0,0.0,0.0,0.0,0.0,0.0,4.0,27
0.0,0.0,2009,0.0,0.0,0.0,0.0,0.0,0.0,0.0,0.0,0.0,0.0,0.0,0
0.0,0.0,2009,0.0,0.0,0.0,0.0,0.0,0.0,0.0,0.0,0.0,0.0,0.0,0
0.0,0.0,2009,2.0,4.0,7.0,0.0,0.0,0.0,0.0,0.0,0.0,0.0,1.0,14
0.0,0.0,2009,0.0,6.0,11.0,0.0,0.0,1.0,0.0,0.0,0.0,0.0,10.0,28
0.0,0.0,2009,0.0,6.0,1.0,0.0,0.0,0.0,0.0,0.0,0.0,0.0,0.0,7
0.0,0.0,2009,0.0,11.0,7.0,0.0,0.0,0.0,0.0,0.0,0.0,0.0,9.0,27
0.0,0.0,2009,0.0,0.0,0.0,0.0,0.0,0.0,0.0,0.0,0.0,0.0,0.0,0
0.0,0.0,2009,2.0,10.0,6.0,0.0,0.0,1.0,3.0,0.0,0.0,0.0,14.0,36
0.0,0.0,2009,1.0,17.0,12.0,0.0,0.0,0.0,0.0,0.0,0.0,0.0,0.0,30
0.0,0.0,2009,1.0,1.0,7.0,1.0,0.0,0.0,0.0,0.0,0.0,0.0,2.0,12
0.0,0.0,2009,0.0,5.0,4.0,0.0,0.0,3.0,2.0,0.0,0.0,0.0,0.0,14
0.0,0.0,2009,2.0,6.0,3.0,0.0,0.0,0.0,0.0,0.0,0.0,0.0,4.0,15
0.0,0.0,2009,9.0,83.0,72.0,1.0,1.0,5.0,6.0,0.0,0.0,0.0,44.0,221
0.0,0.0,2009,0.0,0.0,0.0,0.0,0.0,0.0,0.0,0.0,0.0,0.0,0.0,0
0.0,0.0,2009,0.0,0.0,0.0,0.0,0.0,0.0,0.0,0.0,0.0,0.0,0.0,0
0.0,0.0,2009,0.0,0.0,0.0,0.0,0.0,0.0,0.0,0.0,0.0,0.0,0.0,0
0.0,0.0,2009,0.0,0.0,0.0,0.0,0.0,0.0,0.0,0.0,0.0,0.0,0.0,0
0.0,0.0,2009,0.0,0.0,0.0,0.0,0.0,0.0,0.0,0.0,0.0,0.0,0.0,0
0.0,0.0,2009,0.0,0.0,0.0,0.0,0.0,0.0,0.0,0.0,0.0,0.0,0.0,0
0.0,0.0,2009,0.0,0.0,0.0,0.0,0.0,0.0,0.0,0.0,0.0,0.0,0.0,0
0.0,0.0,2009,0.0,0.0,0.0,0.0,0.0,0.0,0.0,0.0,0.0,0.0,0.0,0
0.0,0.0,2009,0.0,0.0,0.0,0.0,0.0,0.0,0.0,0.0,0.0,0.0,0.0,0
0.0,0.0,2009,0.0,0.0,0.0,0.0,0.0,0.0,0.0,0.0,0.0,0.0,0.0,0
0.0,0.0,2009,0.0,0.0,0.0,0.0,0.0,0.0,0.0,0.0,0.0,0.0,0.0,0
0.0,0.0,2009,0.0,0.0,0.0,0.0,0.0,0.0,0.0,0.0,0.0,0.0,0.0,0
0.0,0.0,2009,0.0,3.0,10.0,0.0,0.0,0.0,0.0,0.0,0.0,0.0,1.0,14
0.0,0.0,2009,0.0,0.0,0.0,0.0,0.0,0.0,0.0,0.0,0.0,0.0,0.0,0
0.0,0.0,2009,0.0,0.0,0.0,0.0,0.0,0.0,0.0,0.0,0.0,0.0,0.0,0
0.0,0.0,2009,0.0,0.0,0.0,0.0,0.0,0.0,0.0,0.0,0.0,0.0,0.0,0
0.0,0.0,2009,1.0,0.0,0.0,0.0,0.0,0.0,0.0,0.0,0.0,0.0,0.0,1
0.0,0.0,2009,2.0,0.0,0.0,0.0,0.0,0.0,0.0,0.0,0.0,0.0,0.0,2
0.0,0.0,2009,0.0,0.0,0.0,0.0,0.0,0.0,0.0,0.0,0.0,0.0,0.0,0
0.0,0.0,2009,0.0,0.0,0.0,0.0,0.0,0.0,0.0,0.0,0.0,0.0,0.0,0
0.0,0.0,2009,0.0,0.0,0.0,0.0,0.0,0.0,0.0,0.0,0.0,0.0,0.0,0
0.0,0.0,2009,0.0,0.0,0.0,0.0,0.0,0.0,0.0,0.0,0.0,0.0,0.0,0
0.0,0.0,2009,0.0,0.0,0.0,0.0,0.0,0.0,0.0,0.0,0.0,0.0,0.0,0
0.0,0.0,2009,0.0,0.0,0.0,0.0,0.0,0.0,0.0,0.0,0.0,0.0,0.0,0
0.0,0.0,2009,0.0,1.0,0.0,0.0,0.0,0.0,0.0,0.0,0.0,0.0,0.0,1
0.0,0.0,2009,0.0,0.0,0.0,0.0,0.0,0.0,0.0,0.0,0.0,0.0,0.0,0
0.0,0.0,2009,0.0,0.0,0.0,0.0,0.0,0.0,0.0,0.0,0.0,0.0,0.0,0
0.0,0.0,2009,0.0,0.0,0.0,0.0,0.0,0.0,0.0,0.0,0.0,0.0,0.0,0
0.0,0.0,2009,3.0,4.0,10.0,0.0,0.0,0.0,0.0,0.0,0.0,0.0,1.0,18
0.0,0.0,2009,0.0,0.0,0.0,0.0,0.0,0.0,0.0,0.0,0.0,0.0,0.0,0
0.0,0.0,2009,0.0,0.0,0.0,0.0,0.0,0.0,0.0,0.0,0.0,0.0,0.0,0
0.0,0.0,2009,0.0,0.0,0.0,0.0,0.0,0.0,0.0,0.0,0.0,0.0,0.0,0
0.0,0.0,2009,0.0,0.0,0.0,0.0,0.0,0.0,0.0,0.0,0.0,0.0,0.0,0
0.0,0.0,2009,0.0,0.0,1.0,0.0,0.0,0.0,0.0,0.0,0.0,0.0,10.0,11
0.0,0.0,2009,0.0,0.0,0.0,0.0,0.0,0.0,0.0,0.0,0.0,0.0,0.0,0
0.0,0.0,2009,1.0,2.0,2.0,0.0,0.0,0.0,0.0,0.0,0.0,0.0,4.0,9
0.0,0.0,2009,0.0,0.0,0.0,0.0,0.0,0.0,0.0,0.0,0.0,0.0,0.0,0
0.0,0.0,2009,0.0,0.0,0.0,0.0,0.0,0.0,0.0,0.0,0.0,0.0,0.0,0
0.0,0.0,2009,0.0,0.0,0.0,0.0,0.0,0.0,0.0,0.0,0.0,0.0,0.0,0
0.0,0.0,2009,9.0,4.0,2.0,0.0,0.0,0.0,0.0,0.0,0.0,0.0,18.0,33
0.0,0.0,2009,0.0,0.0,0.0,0.0,0.0,0.0,0.0,0.0,0.0,0.0,0.0,0
0.0,0.0,2009,0.0,0.0,0.0,0.0,0.0,0.0,0.0,0.0,0.0,0.0,0.0,0
0.0,0.0,2009,0.0,0.0,0.0,0.0,0.0,0.0,0.0,0.0,0.0,0.0,0.0,0
0.0,0.0,2009,0.0,0.0,0.0,0.0,0.0,0.0,0.0,0.0,0.0,0.0,0.0,0
0.0,0.0,2009,0.0,0.0,0.0,0.0,0.0,0.0,0.0,0.0,0.0,0.0,0.0,0
0.0,0.0,2009,0.0,0.0,0.0,0.0,0.0,0.0,0.0,0.0,0.0,0.0,0.0,0
0.0,0.0,2009,0.0,0.0,0.0,0.0,0.0,0.0,0.0,0.0,0.0,0.0,0.0,0
0.0,0.0,2009,0.0,0.0,0.0,0.0,0.0,0.0,0.0,0.0,0.0,0.0,1.0,1
0.0,0.0,2009,1.0,0.0,0.0,0.0,0.0,0.0,0.0,0.0,0.0,0.0,0.0,1
0.0,0.0,2009,0.0,0.0,0.0,0.0,0.0,0.0,0.0,0.0,0.0,0.0,0.0,0
0.0,0.0,2009,0.0,0.0,0.0,0.0,0.0,0.0,0.0,0.0,0.0,0.0,0.0,0
0.0,0.0,2009,0.0,0.0,0.0,0.0,0.0,0.0,0.0,0.0,0.0,0.0,0.0,0
0.0,0.0,2009,0.0,2.0,3.0,0.0,0.0,0.0,0.0,0.0,0.0,0.0,0.0,5
0.0,0.0,2009,0.0,0.0,0.0,0.0,0.0,0.0,0.0,0.0,0.0,0.0,0.0,0
0.0,0.0,2009,0.0,0.0,0.0,0.0,0.0,0.0,0.0,0.0,0.0,0.0,0.0,0
0.0,0.0,2009,11.0,8.0,8.0,0.0,0.0,0.0,0.0,0.0,0.0,0.0,33.0,60
0.0,0.0,2009,8.0,3.0,2.0,0.0,0.0,0.0,0.0,0.0,0.0,0.0,0.0,13
0.0,0.0,2009,3.0,0.0,3.0,0.0,0.0,0.0,0.0,0.0,0.0,0.0,0.0,6
0.0,0.0,2009,0.0,0.0,0.0,0.0,0.0,0.0,0.0,0.0,0.0,0.0,0.0,0
0.0,0.0,2009,3.0,24.0,15.0,0.0,0.0,9.0,3.0,0.0,0.0,0.0,1.0,55
0.0,0.0,2009,2.0,0.0,0.0,0.0,0.0,0.0,0.0,0.0,0.0,0.0,0.0,2
0.0,0.0,2009,0.0,4.0,5.0,0.0,0.0,11.0,0.0,0.0,0.0,0.0,0.0,20
0.0,0.0,2009,10.0,9.0,3.0,0.0,0.0,0.0,0.0,0.0,0.0,0.0,0.0,22
0.0,0.0,2009,0.0,0.0,0.0,0.0,0.0,0.0,0.0,0.0,0.0,1.0,0.0,1
0.0,0.0,2009,0.0,0.0,0.0,0.0,0.0,0.0,0.0,0.0,0.0,0.0,0.0,0
0.0,0.0,2009,2.0,6.0,6.0,0.0,0.0,0.0,0.0,0.0,0.0,0.0,7.0,21
0.0,0.0,2009,2.0,8.0,0.0,0.0,0.0,0.0,0.0,0.0,0.0,0.0,0.0,10
0.0,0.0,2009,5.0,3.0,4.0,0.0,1.0,0.0,0.0,0.0,0.0,0.0,15.0,28
0.0,0.0,2009,0.0,0.0,0.0,0.0,0.0,0.0,0.0,0.0,0.0,0.0,0.0,0
0.0,0.0,2009,0.0,3.0,4.0,6.0,0.0,0.0,0.0,0.0,0.0,0.0,0.0,13
0.0,0.0,2009,0.0,0.0,0.0,0.0,0.0,1.0,1.0,0.0,1.0,0.0,0.0,3
0.0,0.0,2009,3.0,0.0,0.0,0.0,0.0,0.0,0.0,0.0,0.0,0.0,0.0,3
0.0,0.0,2009,0.0,0.0,0.0,0.0,0.0,0.0,0.0,0.0,0.0,0.0,0.0,0
0.0,0.0,2009,0.0,0.0,0.0,0.0,0.0,0.0,0.0,0.0,0.0,1.0,0.0,1
0.0,0.0,2009,0.0,0.0,0.0,0.0,0.0,0.0,0.0,0.0,0.0,0.0,0.0,0
0.0,0.0,2009,0.0,0.0,0.0,0.0,0.0,0.0,0.0,0.0,0.0,0.0,0.0,0
0.0,0.0,2009,3.0,7.0,8.0,0.0,0.0,0.0,0.0,0.0,0.0,0.0,4.0,22
0.0,0.0,2009,1.0,0.0,0.0,0.0,0.0,0.0,0.0,0.0,0.0,0.0,7.0,8
0.0,0.0,2009,0.0,0.0,0.0,0.0,0.0,0.0,0.0,0.0,0.0,0.0,0.0,0
0.0,0.0,2009,1.0,10.0,8.0,0.0,0.0,0.0,0.0,0.0,0.0,0.0,0.0,19
0.0,0.0,2009,1.0,13.0,5.0,0.0,0.0,0.0,0.0,0.0,0.0,0.0,0.0,19
0.0,0.0,2009,7.0,7.0,0.0,0.0,0.0,0.0,0.0,0.0,0.0,0.0,0.0,14
0.0,0.0,2009,0.0,0.0,0.0,0.0,0.0,0.0,0.0,0.0,0.0,1.0,0.0,1
0.0,0.0,2009,1.0,0.0,0.0,1.0,0.0,0.0,0.0,0.0,0.0,0.0,1.0,3
0.0,0.0,2009,0.0,0.0,0.0,0.0,0.0,0.0,0.0,0.0,0.0,0.0,0.0,0
0.0,0.0,2009,6.0,7.0,3.0,0.0,0.0,0.0,0.0,0.0,0.0,0.0,2.0,18
0.0,0.0,2009,0.0,0.0,0.0,0.0,0.0,0.0,0.0,0.0,0.0,0.0,3.0,3
0.0,0.0,2009,2.0,0.0,1.0,0.0,0.0,0.0,0.0,0.0,0.0,0.0,0.0,3
0.0,0.0,2009,0.0,0.0,0.0,0.0,0.0,0.0,0.0,0.0,0.0,0.0,0.0,0
0.0,0.0,2009,60.0,104.0,67.0,7.0,1.0,21.0,4.0,0.0,1.0,3.0,40.0,308
0.0,0.0,2009,1.0,4.0,2.0,0.0,0.0,0.0,0.0,0.0,0.0,0.0,8.0,15
0.0,0.0,2009,1.0,7.0,3.0,0.0,0.0,1.0,0.0,0.0,0.0,0.0,3.0,15
0.0,0.0,2009,1.0,9.0,0.0,0.0,0.0,0.0,4.0,0.0,0.0,0.0,7.0,21
0.0,0.0,2009,4.0,12.0,0.0,0.0,0.0,0.0,0.0,0.0,0.0,0.0,0.0,16
0.0,0.0,2009,0.0,10.0,2.0,0.0,0.0,0.0,1.0,0.0,0.0,0.0,9.0,22
0.0,0.0,2009,3.0,29.0,2.0,0.0,0.0,1.0,0.0,0.0,0.0,0.0,38.0,73
0.0,0.0,2009,4.0,29.0,12.0,0.0,0.0,2.0,3.0,0.0,0.0,0.0,31.0,81
0.0,0.0,2009,4.0,12.0,4.0,0.0,0.0,0.0,0.0,0.0,0.0,0.0,8.0,28
0.0,0.0,2009,1.0,5.0,3.0,0.0,0.0,1.0,0.0,0.0,0.0,0.0,11.0,21
0.0,0.0,2009,4.0,13.0,5.0,0.0,0.0,1.0,2.0,0.0,0.0,0.0,27.0,52
0.0,0.0,2009,4.0,5.0,8.0,0.0,0.0,0.0,0.0,0.0,0.0,0.0,2.0,19
0.0,0.0,2009,6.0,12.0,6.0,0.0,0.0,0.0,0.0,0.0,0.0,0.0,4.0,28
0.0,0.0,2009,0.0,14.0,6.0,0.0,0.0,0.0,0.0,0.0,0.0,0.0,0.0,20
0.0,0.0,2009,0.0,0.0,0.0,0.0,0.0,0.0,0.0,0.0,0.0,0.0,0.0,0
0.0,0.0,2009,6.0,13.0,6.0,0.0,0.0,0.0,0.0,0.0,0.0,0.0,21.0,46
0.0,0.0,2009,0.0,18.0,5.0,0.0,0.0,1.0,2.0,0.0,0.0,0.0,13.0,39
0.0,0.0,2009,5.0,36.0,18.0,0.0,0.0,0.0,0.0,0.0,0.0,0.0,9.0,68
0.0,0.0,2009,0.0,7.0,1.0,0.0,0.0,0.0,2.0,0.0,0.0,0.0,13.0,23
0.0,0.0,2009,44.0,235.0,83.0,0.0,0.0,7.0,14.0,0.0,0.0,0.0,204.0,587
0.0,0.0,2009,0.0,0.0,0.0,0.0,0.0,0.0,0.0,0.0,0.0,0.0,0.0,0
0.0,0.0,2009,3.0,20.0,5.0,1.0,0.0,1.0,0.0,0.0,0.0,0.0,0.0,30
0.0,0.0,2009,1.0,18.0,3.0,10.0,0.0,0.0,0.0,0.0,0.0,0.0,21.0,53
0.0,0.0,2009,4.0,37.0,6.0,0.0,0.0,0.0,0.0,0.0,0.0,0.0,90.0,137
0.0,0.0,2009,2.0,17.0,4.0,1.0,0.0,0.0,0.0,0.0,0.0,0.0,32.0,56
0.0,0.0,2009,5.0,56.0,19.0,0.0,0.0,0.0,0.0,0.0,0.0,0.0,50.0,130
0.0,0.0,2009,1.0,9.0,22.0,0.0,0.0,13.0,1.0,0.0,0.0,0.0,88.0,134
0.0,0.0,2009,7.0,98.0,34.0,0.0,0.0,11.0,0.0,0.0,1.0,0.0,0.0,151
0.0,0.0,2009,0.0,2.0,1.0,0.0,0.0,8.0,0.0,0.0,0.0,0.0,2.0,13
0.0,0.0,2009,0.0,0.0,3.0,0.0,0.0,0.0,0.0,0.0,0.0,0.0,0.0,3
0.0,0.0,2009,1.0,24.0,5.0,0.0,0.0,0.0,0.0,0.0,0.0,0.0,134.0,164
0.0,0.0,2009,0.0,0.0,0.0,0.0,0.0,0.0,0.0,0.0,0.0,0.0,0.0,0
0.0,0.0,2009,0.0,0.0,0.0,0.0,0.0,0.0,0.0,0.0,0.0,0.0,0.0,0
0.0,0.0,2009,4.0,7.0,11.0,0.0,0.0,1.0,0.0,0.0,0.0,0.0,55.0,78
0.0,0.0,2009,0.0,7.0,2.0,0.0,0.0,0.0,0.0,0.0,0.0,0.0,26.0,35
0.0,0.0,2009,4.0,50.0,29.0,0.0,0.0,0.0,0.0,0.0,0.0,0.0,47.0,130
0.0,0.0,2009,5.0,20.0,0.0,0.0,0.0,1.0,0.0,0.0,0.0,0.0,20.0,46
0.0,0.0,2009,10.0,27.0,5.0,0.0,0.0,1.0,0.0,0.0,0.0,0.0,61.0,104
0.0,0.0,2009,7.0,31.0,59.0,8.0,0.0,5.0,0.0,0.0,0.0,0.0,111.0,221
0.0,0.0,2009,1.0,3.0,0.0,0.0,1.0,0.0,0.0,0.0,0.0,0.0,3.0,8
0.0,0.0,2009,0.0,0.0,1.0,0.0,0.0,0.0,0.0,0.0,0.0,0.0,0.0,1
0.0,0.0,2009,7.0,2.0,0.0,0.0,0.0,0.0,0.0,0.0,0.0,0.0,387.0,396
0.0,0.0,2009,0.0,0.0,0.0,0.0,0.0,0.0,0.0,0.0,0.0,0.0,0.0,0
0.0,0.0,2009,2.0,80.0,5.0,0.0,0.0,0.0,0.0,0.0,0.0,0.0,293.0,380
0.0,0.0,2009,0.0,0.0,0.0,0.0,0.0,0.0,0.0,0.0,0.0,0.0,0.0,0
0.0,0.0,2009,0.0,9.0,0.0,0.0,0.0,0.0,0.0,0.0,0.0,0.0,11.0,20
0.0,0.0,2009,4.0,19.0,3.0,0.0,0.0,0.0,0.0,0.0,0.0,0.0,58.0,84
0.0,0.0,2009,1.0,47.0,10.0,0.0,0.0,7.0,0.0,0.0,0.0,0.0,113.0,178
0.0,0.0,2009,2.0,31.0,5.0,0.0,0.0,4.0,0.0,0.0,0.0,0.0,42.0,84
0.0,0.0,2009,3.0,29.0,6.0,0.0,0.0,0.0,0.0,0.0,0.0,0.0,0.0,38
0.0,0.0,2009,0.0,23.0,9.0,0.0,0.0,0.0,0.0,0.0,0.0,0.0,0.0,32
0.0,0.0,2009,3.0,6.0,3.0,0.0,0.0,5.0,0.0,0.0,0.0,0.0,20.0,37
0.0,0.0,2009,1.0,18.0,3.0,0.0,0.0,2.0,0.0,0.0,0.0,0.0,79.0,103
0.0,0.0,2009,1.0,13.0,14.0,1.0,0.0,2.0,0.0,0.0,0.0,0.0,13.0,44
0.0,0.0,2009,0.0,13.0,4.0,0.0,0.0,0.0,0.0,0.0,0.0,0.0,22.0,39
0.0,0.0,2009,0.0,0.0,0.0,0.0,0.0,0.0,0.0,0.0,0.0,0.0,0.0,0
0.0,0.0,2009,1.0,28.0,9.0,0.0,0.0,0.0,0.0,0.0,0.0,0.0,132.0,170
0.0,0.0,2009,3.0,24.0,7.0,0.0,0.0,0.0,0.0,0.0,0.0,0.0,32.0,66
0.0,0.0,2009,4.0,35.0,17.0,0.0,0.0,0.0,0.0,0.0,0.0,0.0,209.0,265
0.0,0.0,2009,1.0,21.0,25.0,11.0,0.0,0.0,0.0,0.0,0.0,0.0,7.0,65
0.0,0.0,2009,8.0,68.0,23.0,0.0,2.0,23.0,0.0,0.0,0.0,0.0,104.0,228
0.0,0.0,2009,2.0,7.0,1.0,0.0,0.0,0.0,0.0,0.0,0.0,0.0,88.0,98
0.0,0.0,2009,0.0,19.0,8.0,0.0,2.0,0.0,0.0,0.0,0.0,0.0,26.0,55
0.0,0.0,2009,2.0,31.0,8.0,0.0,0.0,9.0,0.0,0.0,0.0,0.0,66.0,116
0.0,0.0,2009,0.0,0.0,0.0,0.0,0.0,0.0,0.0,0.0,0.0,0.0,0.0,0
0.0,0.0,2009,5.0,27.0,5.0,2.0,0.0,0.0,0.0,0.0,0.0,0.0,0.0,39
0.0,0.0,2009,2.0,9.0,12.0,1.0,0.0,3.0,0.0,0.0,0.0,0.0,16.0,43
0.0,0.0,2009,5.0,0.0,0.0,0.0,0.0,0.0,0.0,0.0,0.0,0.0,80.0,85
0.0,0.0,2009,3.0,12.0,14.0,0.0,0.0,1.0,0.0,0.0,0.0,0.0,15.0,45
0.0,0.0,2009,2.0,17.0,9.0,0.0,2.0,6.0,0.0,0.0,0.0,0.0,49.0,85
0.0,0.0,2009,8.0,9.0,6.0,0.0,0.0,0.0,0.0,0.0,0.0,0.0,92.0,115
0.0,0.0,2009,2.0,13.0,3.0,0.0,1.0,0.0,0.0,0.0,0.0,0.0,42.0,61
0.0,0.0,2009,0.0,35.0,9.0,4.0,0.0,0.0,0.0,0.0,0.0,0.0,133.0,181
0.0,0.0,2009,127.0,1071.0,427.0,39.0,8.0,103.0,1.0,0.0,1.0,0.0,2869.0,4646
0.0,0.0,2009,15.0,8.0,0.0,0.0,0.0,0.0,0.0,0.0,0.0,0.0,0.0,23
0.0,0.0,2009,2.0,11.0,18.0,0.0,0.0,12.0,0.0,0.0,0.0,0.0,145.0,188
0.0,0.0,2009,0.0,7.0,14.0,0.0,0.0,9.0,0.0,0.0,0.0,0.0,16.0,46
0.0,0.0,2009,3.0,20.0,15.0,0.0,0.0,1.0,0.0,0.0,0.0,0.0,0.0,39
0.0,0.0,2009,4.0,13.0,10.0,1.0,0.0,7.0,10.0,0.0,0.0,0.0,10.0,55
0.0,0.0,2009,1.0,4.0,1.0,0.0,0.0,4.0,0.0,0.0,0.0,0.0,12.0,22
0.0,0.0,2009,6.0,14.0,12.0,0.0,0.0,13.0,0.0,0.0,0.0,0.0,34.0,79
0.0,0.0,2009,4.0,13.0,11.0,0.0,0.0,1.0,0.0,0.0,0.0,0.0,31.0,60
0.0,0.0,2009,9.0,16.0,20.0,0.0,0.0,10.0,0.0,0.0,0.0,0.0,25.0,80
0.0,0.0,2009,5.0,30.0,14.0,0.0,2.0,1.0,0.0,0.0,0.0,0.0,67.0,119
0.0,0.0,2009,1.0,2.0,2.0,0.0,0.0,12.0,7.0,0.0,0.0,0.0,0.0,24
0.0,0.0,2009,2.0,6.0,11.0,0.0,0.0,0.0,0.0,0.0,0.0,0.0,12.0,31
0.0,0.0,2009,2.0,6.0,3.0,0.0,0.0,0.0,0.0,0.0,0.0,0.0,5.0,16
0.0,0.0,2009,1.0,1.0,2.0,0.0,1.0,8.0,0.0,0.0,0.0,0.0,0.0,13
0.0,0.0,2009,5.0,4.0,0.0,0.0,0.0,5.0,0.0,0.0,0.0,0.0,14.0,28
0.0,0.0,2009,3.0,3.0,0.0,5.0,0.0,2.0,0.0,0.0,0.0,0.0,0.0,13
0.0,0.0,2009,5.0,6.0,2.0,0.0,0.0,0.0,0.0,0.0,0.0,0.0,7.0,20
0.0,0.0,2009,1.0,3.0,5.0,0.0,0.0,0.0,0.0,0.0,0.0,0.0,3.0,12
0.0,0.0,2009,16.0,85.0,69.0,1.0,2.0,27.0,0.0,0.0,2.0,0.0,167.0,369
0.0,0.0,2009,2.0,1.0,1.0,0.0,0.0,15.0,0.0,0.0,0.0,0.0,3.0,22
0.0,0.0,2009,3.0,31.0,38.0,0.0,2.0,9.0,0.0,0.0,0.0,0.0,145.0,228
0.0,0.0,2009,0.0,0.0,0.0,0.0,0.0,16.0,0.0,0.0,0.0,0.0,0.0,16
0.0,0.0,2009,3.0,15.0,8.0,0.0,0.0,2.0,0.0,0.0,0.0,0.0,14.0,42
0.0,0.0,2009,7.0,14.0,18.0,8.0,0.0,16.0,0.0,0.0,0.0,0.0,13.0,76
0.0,0.0,2009,5.0,11.0,6.0,0.0,0.0,5.0,0.0,0.0,0.0,0.0,10.0,37
0.0,0.0,2009,1.0,5.0,3.0,0.0,0.0,10.0,0.0,0.0,0.0,0.0,1.0,20
0.0,0.0,2009,4.0,26.0,2.0,0.0,1.0,13.0,15.0,0.0,0.0,0.0,13.0,74
0.0,0.0,2009,2.0,13.0,14.0,1.0,0.0,2.0,0.0,0.0,0.0,0.0,35.0,67
0.0,0.0,2009,7.0,11.0,11.0,0.0,0.0,8.0,0.0,0.0,0.0,0.0,29.0,66
0.0,0.0,2009,4.0,15.0,14.0,0.0,0.0,2.0,0.0,0.0,0.0,0.0,6.0,41
0.0,0.0,2009,13.0,43.0,26.0,0.0,0.0,4.0,0.0,29.0,0.0,0.0,168.0,283
0.0,0.0,2009,0.0,0.0,1.0,0.0,0.0,4.0,0.0,0.0,0.0,0.0,0.0,5
0.0,0.0,2009,10.0,29.0,32.0,1.0,0.0,2.0,0.0,0.0,0.0,0.0,36.0,110
0.0,0.0,2009,2.0,11.0,3.0,0.0,0.0,0.0,0.0,0.0,0.0,0.0,5.0,21
0.0,0.0,2009,1.0,9.0,5.0,0.0,0.0,1.0,2.0,0.0,0.0,0.0,10.0,28
0.0,0.0,2009,6.0,26.0,9.0,0.0,4.0,9.0,0.0,0.0,0.0,0.0,19.0,73
0.0,0.0,2009,3.0,15.0,11.0,0.0,1.0,12.0,0.0,0.0,0.0,0.0,8.0,50
0.0,0.0,2009,1.0,6.0,2.0,0.0,0.0,1.0,0.0,0.0,0.0,0.0,10.0,20
0.0,0.0,2009,1.0,12.0,6.0,0.0,0.0,0.0,0.0,0.0,0.0,0.0,12.0,31
0.0,0.0,2009,6.0,3.0,7.0,0.0,0.0,8.0,3.0,0.0,0.0,0.0,0.0,27
0.0,0.0,2009,9.0,27.0,52.0,0.0,0.0,18.0,5.0,0.0,0.0,0.0,61.0,172
0.0,0.0,2009,0.0,0.0,15.0,0.0,0.0,0.0,0.0,0.0,0.0,0.0,0.0,15
0.0,0.0,2009,3.0,12.0,12.0,0.0,0.0,0.0,0.0,0.0,0.0,0.0,9.0,36
0.0,0.0,2009,1.0,3.0,3.0,0.0,0.0,0.0,0.0,0.0,0.0,0.0,1.0,8
0.0,0.0,2009,3.0,22.0,26.0,0.0,0.0,5.0,0.0,0.0,0.0,0.0,33.0,89
0.0,0.0,2009,182.0,612.0,534.0,17.0,13.0,274.0,42.0,29.0,2.0,0.0,1189.0,2894
0.0,0.0,2009,1.0,0.0,2.0,0.0,0.0,0.0,0.0,0.0,0.0,0.0,0.0,3
0.0,0.0,2009,1.0,0.0,0.0,0.0,0.0,0.0,0.0,0.0,0.0,0.0,0.0,1
0.0,0.0,2009,2.0,3.0,2.0,0.0,0.0,0.0,0.0,0.0,0.0,0.0,0.0,7
0.0,0.0,2009,0.0,0.0,0.0,0.0,0.0,0.0,0.0,0.0,0.0,0.0,0.0,0
0.0,0.0,2009,3.0,2.0,16.0,0.0,0.0,0.0,0.0,0.0,0.0,0.0,0.0,21
0.0,0.0,2009,0.0,5.0,19.0,0.0,0.0,0.0,0.0,0.0,0.0,0.0,0.0,24
0.0,0.0,2009,1.0,1.0,0.0,0.0,0.0,0.0,0.0,0.0,0.0,0.0,0.0,2
0.0,0.0,2009,0.0,0.0,0.0,0.0,0.0,0.0,0.0,0.0,0.0,0.0,0.0,0
0.0,0.0,2009,0.0,1.0,13.0,0.0,0.0,0.0,0.0,0.0,0.0,0.0,0.0,14
0.0,0.0,2009,0.0,0.0,0.0,0.0,0.0,0.0,0.0,0.0,0.0,0.0,0.0,0
0.0,0.0,2009,8.0,12.0,52.0,0.0,0.0,0.0,0.0,0.0,0.0,0.0,0.0,72
0.0,0.0,2009,0.0,0.0,1.0,0.0,0.0,0.0,0.0,0.0,0.0,0.0,0.0,1
0.0,0.0,2009,0.0,0.0,0.0,0.0,0.0,0.0,0.0,0.0,0.0,0.0,0.0,0
0.0,0.0,2009,2.0,3.0,0.0,0.0,0.0,0.0,3.0,0.0,0.0,0.0,0.0,8
0.0,0.0,2009,4.0,7.0,1.0,0.0,0.0,0.0,0.0,0.0,0.0,0.0,0.0,12
0.0,0.0,2009,0.0,20.0,3.0,0.0,0.0,0.0,0.0,0.0,0.0,0.0,0.0,23
0.0,0.0,2009,2.0,17.0,1.0,0.0,0.0,0.0,0.0,0.0,0.0,0.0,2.0,22
0.0,0.0,2009,0.0,13.0,3.0,0.0,0.0,0.0,0.0,0.0,0.0,0.0,1.0,17
0.0,0.0,2009,8.0,60.0,9.0,0.0,0.0,0.0,3.0,0.0,0.0,0.0,3.0,83
0.0,0.0,2009,0.0,0.0,0.0,0.0,0.0,0.0,0.0,0.0,0.0,0.0,0.0,0
0.0,0.0,2009,0.0,3.0,0.0,0.0,0.0,0.0,0.0,0.0,0.0,0.0,1.0,4
0.0,0.0,2009,0.0,3.0,0.0,0.0,0.0,0.0,0.0,0.0,0.0,0.0,1.0,4
0.0,0.0,2009,0.0,0.0,0.0,0.0,0.0,0.0,0.0,0.0,0.0,0.0,0.0,0
0.0,0.0,2009,0.0,4.0,0.0,0.0,0.0,0.0,0.0,0.0,0.0,0.0,0.0,4
0.0,0.0,2009,0.0,0.0,1.0,0.0,0.0,0.0,0.0,0.0,0.0,0.0,0.0,1
0.0,0.0,2009,0.0,0.0,0.0,0.0,0.0,0.0,0.0,0.0,0.0,0.0,0.0,0
0.0,0.0,2009,0.0,1.0,0.0,0.0,0.0,0.0,0.0,0.0,0.0,0.0,0.0,1
0.0,0.0,2009,0.0,11.0,1.0,0.0,0.0,0.0,0.0,0.0,0.0,0.0,2.0,14
0.0,0.0,2009,0.0,0.0,0.0,0.0,0.0,0.0,0.0,0.0,0.0,0.0,0.0,0
0.0,0.0,2009,0.0,0.0,0.0,0.0,0.0,0.0,0.0,0.0,0.0,0.0,0.0,0
0.0,0.0,2009,0.0,0.0,0.0,0.0,0.0,0.0,0.0,0.0,0.0,0.0,0.0,0
0.0,0.0,2009,0.0,0.0,0.0,0.0,0.0,0.0,0.0,0.0,0.0,0.0,0.0,0
0.0,0.0,2009,0.0,0.0,0.0,0.0,0.0,0.0,0.0,0.0,0.0,0.0,0.0,0
0.0,0.0,2009,0.0,0.0,0.0,0.0,0.0,0.0,0.0,0.0,0.0,0.0,0.0,0
0.0,0.0,2009,0.0,0.0,0.0,0.0,0.0,0.0,0.0,0.0,0.0,0.0,0.0,0
0.0,0.0,2009,0.0,0.0,0.0,0.0,0.0,0.0,0.0,0.0,0.0,0.0,0.0,0
0.0,0.0,2009,0.0,0.0,0.0,0.0,0.0,0.0,0.0,0.0,0.0,0.0,0.0,0
0.0,0.0,2009,0.0,0.0,0.0,0.0,0.0,0.0,0.0,0.0,0.0,0.0,0.0,0
0.0,0.0,2009,0.0,0.0,0.0,0.0,0.0,0.0,0.0,0.0,0.0,0.0,0.0,0
0.0,0.0,2009,0.0,0.0,0.0,0.0,0.0,0.0,0.0,0.0,0.0,0.0,0.0,0
0.0,0.0,2009,2.0,8.0,0.0,0.0,0.0,0.0,0.0,0.0,0.0,0.0,50.0,60
0.0,0.0,2009,2.0,6.0,0.0,0.0,0.0,0.0,0.0,0.0,0.0,0.0,0.0,8
0.0,0.0,2009,0.0,1.0,0.0,0.0,0.0,0.0,0.0,0.0,0.0,0.0,0.0,1
0.0,0.0,2009,0.0,0.0,0.0,0.0,0.0,0.0,0.0,0.0,0.0,0.0,0.0,0
0.0,0.0,2009,0.0,0.0,0.0,0.0,0.0,0.0,0.0,0.0,0.0,0.0,0.0,0
0.0,0.0,2009,0.0,0.0,0.0,0.0,0.0,0.0,0.0,0.0,0.0,0.0,0.0,0
0.0,0.0,2009,0.0,1.0,0.0,0.0,0.0,0.0,0.0,0.0,0.0,0.0,0.0,1
0.0,0.0,2009,0.0,0.0,0.0,0.0,0.0,0.0,0.0,0.0,0.0,0.0,0.0,0
0.0,0.0,2009,0.0,0.0,0.0,0.0,0.0,0.0,0.0,0.0,0.0,0.0,0.0,0
0.0,0.0,2009,0.0,0.0,0.0,0.0,0.0,0.0,0.0,0.0,0.0,0.0,0.0,0
0.0,0.0,2009,0.0,1.0,0.0,0.0,0.0,0.0,0.0,0.0,0.0,0.0,0.0,1
0.0,0.0,2009,0.0,4.0,0.0,0.0,0.0,0.0,0.0,0.0,0.0,0.0,0.0,4
0.0,0.0,2009,0.0,0.0,0.0,0.0,0.0,0.0,0.0,0.0,0.0,0.0,0.0,0
0.0,0.0,2009,0.0,0.0,0.0,0.0,0.0,0.0,0.0,0.0,0.0,0.0,0.0,0
0.0,0.0,2009,0.0,0.0,0.0,0.0,0.0,0.0,0.0,0.0,0.0,0.0,0.0,0
0.0,0.0,2009,0.0,0.0,0.0,0.0,0.0,0.0,0.0,0.0,0.0,0.0,0.0,0
0.0,0.0,2009,1.0,5.0,6.0,0.0,0.0,0.0,0.0,0.0,0.0,0.0,0.0,12
0.0,0.0,2009,0.0,23.0,5.0,0.0,0.0,0.0,0.0,0.0,0.0,0.0,0.0,28
0.0,0.0,2009,0.0,0.0,0.0,0.0,0.0,0.0,0.0,0.0,0.0,0.0,0.0,0
0.0,0.0,2009,0.0,0.0,0.0,0.0,0.0,0.0,0.0,0.0,0.0,0.0,0.0,0
0.0,0.0,2009,0.0,0.0,0.0,0.0,0.0,0.0,0.0,0.0,0.0,0.0,0.0,0
0.0,0.0,2009,0.0,3.0,0.0,0.0,0.0,0.0,0.0,0.0,0.0,0.0,7.0,10
0.0,0.0,2009,0.0,0.0,0.0,0.0,0.0,0.0,0.0,0.0,0.0,0.0,0.0,0
0.0,0.0,2009,0.0,0.0,3.0,0.0,0.0,0.0,0.0,0.0,0.0,0.0,0.0,3
0.0,0.0,2009,2.0,4.0,1.0,0.0,0.0,0.0,0.0,0.0,0.0,0.0,7.0,14
0.0,0.0,2009,0.0,0.0,0.0,0.0,0.0,0.0,0.0,0.0,0.0,0.0,0.0,0
0.0,0.0,2009,0.0,0.0,0.0,0.0,0.0,0.0,0.0,0.0,0.0,0.0,0.0,0
0.0,0.0,2009,0.0,0.0,0.0,0.0,0.0,0.0,0.0,0.0,0.0,0.0,1.0,1
0.0,0.0,2009,0.0,0.0,0.0,0.0,0.0,0.0,0.0,0.0,0.0,0.0,0.0,0
0.0,0.0,2009,0.0,0.0,0.0,0.0,0.0,0.0,0.0,0.0,0.0,0.0,0.0,0
0.0,0.0,2009,0.0,9.0,1.0,0.0,0.0,0.0,0.0,0.0,0.0,0.0,0.0,10
0.0,0.0,2009,0.0,0.0,0.0,0.0,0.0,0.0,0.0,0.0,0.0,0.0,0.0,0
0.0,0.0,2009,1.0,7.0,0.0,0.0,0.0,0.0,0.0,0.0,0.0,0.0,0.0,8
0.0,0.0,2009,0.0,1.0,0.0,0.0,0.0,0.0,0.0,0.0,0.0,0.0,1.0,2
0.0,0.0,2009,0.0,0.0,3.0,0.0,0.0,0.0,0.0,0.0,0.0,0.0,3.0,6
0.0,0.0,2009,0.0,14.0,11.0,0.0,0.0,0.0,0.0,0.0,0.0,0.0,0.0,25
0.0,0.0,2009,8.0,87.0,30.0,0.0,0.0,0.0,0.0,0.0,0.0,0.0,69.0,194
0.0,0.0,2009,10.0,7.0,24.0,0.0,0.0,1.0,0.0,0.0,0.0,0.0,9.0,51
0.0,0.0,2009,2.0,7.0,6.0,0.0,0.0,0.0,0.0,0.0,0.0,0.0,2.0,17
0.0,0.0,2009,3.0,9.0,2.0,0.0,0.0,0.0,0.0,0.0,0.0,0.0,0.0,14
0.0,0.0,2009,0.0,10.0,8.0,0.0,0.0,3.0,0.0,0.0,0.0,0.0,2.0,23
0.0,0.0,2009,3.0,11.0,20.0,3.0,0.0,0.0,0.0,0.0,0.0,0.0,5.0,42
0.0,0.0,2009,0.0,6.0,3.0,0.0,0.0,0.0,3.0,0.0,0.0,0.0,2.0,14
0.0,0.0,2009,1.0,0.0,2.0,0.0,0.0,0.0,0.0,0.0,0.0,0.0,0.0,3
0.0,0.0,2009,5.0,18.0,28.0,0.0,0.0,0.0,0.0,0.0,0.0,0.0,0.0,51
0.0,0.0,2009,2.0,0.0,0.0,0.0,0.0,0.0,0.0,0.0,0.0,0.0,0.0,2
0.0,0.0,2009,2.0,0.0,4.0,0.0,0.0,0.0,0.0,0.0,0.0,0.0,2.0,8
0.0,0.0,2009,4.0,23.0,21.0,0.0,0.0,0.0,0.0,0.0,0.0,0.0,2.0,50
0.0,0.0,2009,7.0,24.0,67.0,5.0,0.0,0.0,0.0,0.0,0.0,0.0,0.0,103
0.0,0.0,2009,4.0,6.0,5.0,0.0,0.0,0.0,0.0,0.0,0.0,0.0,0.0,15
0.0,0.0,2009,3.0,4.0,6.0,0.0,2.0,0.0,0.0,0.0,0.0,0.0,1.0,16
0.0,0.0,2009,10.0,16.0,59.0,1.0,0.0,11.0,0.0,0.0,0.0,0.0,2.0,99
0.0,0.0,2009,2.0,2.0,15.0,0.0,1.0,0.0,0.0,0.0,0.0,0.0,3.0,23
0.0,0.0,2009,1.0,10.0,8.0,1.0,0.0,0.0,0.0,0.0,0.0,0.0,5.0,25
0.0,0.0,2009,4.0,8.0,4.0,0.0,0.0,0.0,0.0,0.0,0.0,0.0,0.0,16
0.0,0.0,2009,2.0,5.0,8.0,0.0,0.0,0.0,0.0,0.0,0.0,0.0,0.0,15
0.0,0.0,2009,3.0,16.0,30.0,6.0,0.0,0.0,0.0,0.0,0.0,0.0,2.0,57
0.0,0.0,2009,2.0,5.0,6.0,0.0,0.0,0.0,0.0,0.0,0.0,0.0,1.0,14
0.0,0.0,2009,4.0,6.0,0.0,0.0,1.0,0.0,0.0,0.0,0.0,0.0,3.0,14
0.0,0.0,2009,2.0,11.0,22.0,3.0,0.0,0.0,0.0,0.0,0.0,0.0,1.0,39
0.0,0.0,2009,0.0,6.0,6.0,2.0,0.0,0.0,0.0,0.0,0.0,0.0,0.0,14
0.0,0.0,2009,1.0,0.0,1.0,2.0,0.0,0.0,0.0,0.0,0.0,0.0,0.0,4
0.0,0.0,2009,77.0,210.0,355.0,23.0,4.0,15.0,3.0,0.0,0.0,0.0,42.0,729
0.0,0.0,2009,3.0,20.0,23.0,2.0,0.0,2.0,1.0,0.0,0.0,0.0,0.0,51
0.0,0.0,2009,5.0,4.0,7.0,0.0,0.0,15.0,0.0,0.0,0.0,0.0,0.0,31
0.0,0.0,2009,3.0,14.0,13.0,0.0,0.0,10.0,0.0,0.0,0.0,0.0,0.0,40
0.0,0.0,2009,2.0,6.0,35.0,1.0,0.0,0.0,0.0,0.0,0.0,0.0,0.0,44
0.0,0.0,2009,6.0,7.0,11.0,0.0,0.0,2.0,0.0,0.0,0.0,0.0,0.0,26
0.0,0.0,2009,15.0,25.0,47.0,0.0,0.0,10.0,0.0,0.0,0.0,0.0,0.0,97
0.0,0.0,2009,4.0,23.0,26.0,0.0,0.0,2.0,0.0,0.0,0.0,0.0,0.0,55
0.0,0.0,2009,1.0,10.0,4.0,0.0,0.0,0.0,0.0,0.0,0.0,0.0,0.0,15
0.0,0.0,2009,6.0,9.0,52.0,0.0,0.0,2.0,0.0,0.0,0.0,0.0,0.0,69
0.0,0.0,2009,1.0,6.0,0.0,1.0,0.0,0.0,0.0,0.0,0.0,0.0,0.0,8
0.0,0.0,2009,2.0,14.0,14.0,0.0,0.0,0.0,0.0,0.0,0.0,0.0,0.0,30
0.0,0.0,2009,2.0,3.0,26.0,0.0,0.0,0.0,0.0,0.0,0.0,0.0,0.0,31
0.0,0.0,2009,0.0,4.0,12.0,0.0,0.0,1.0,0.0,0.0,0.0,0.0,3.0,20
0.0,0.0,2009,4.0,8.0,3.0,0.0,0.0,3.0,0.0,0.0,0.0,0.0,0.0,18
0.0,0.0,2009,0.0,0.0,0.0,1.0,0.0,9.0,0.0,0.0,0.0,0.0,1.0,11
0.0,0.0,2009,2.0,9.0,9.0,2.0,0.0,9.0,0.0,0.0,0.0,0.0,3.0,34
0.0,0.0,2009,4.0,16.0,20.0,0.0,0.0,2.0,0.0,0.0,0.0,0.0,0.0,42
0.0,0.0,2009,1.0,11.0,33.0,0.0,0.0,2.0,0.0,0.0,0.0,0.0,1.0,48
0.0,0.0,2009,1.0,8.0,34.0,0.0,0.0,0.0,0.0,0.0,0.0,0.0,0.0,43
0.0,0.0,2009,5.0,15.0,38.0,0.0,0.0,21.0,0.0,0.0,0.0,0.0,1.0,80
0.0,0.0,2009,3.0,6.0,33.0,4.0,0.0,0.0,0.0,0.0,0.0,0.0,0.0,46
0.0,0.0,2009,1.0,1.0,3.0,0.0,0.0,2.0,0.0,0.0,0.0,0.0,0.0,7
0.0,0.0,2009,0.0,6.0,15.0,0.0,0.0,4.0,0.0,0.0,0.0,0.0,0.0,25
0.0,0.0,2009,3.0,22.0,30.0,0.0,0.0,2.0,0.0,0.0,0.0,0.0,2.0,59
0.0,0.0,2009,1.0,15.0,11.0,0.0,0.0,6.0,0.0,0.0,0.0,0.0,0.0,33
0.0,0.0,2009,0.0,1.0,32.0,0.0,0.0,8.0,0.0,0.0,0.0,0.0,0.0,41
0.0,0.0,2009,0.0,0.0,0.0,0.0,0.0,2.0,0.0,0.0,0.0,0.0,0.0,2
0.0,0.0,2009,3.0,11.0,21.0,0.0,0.0,0.0,0.0,0.0,0.0,0.0,0.0,35
0.0,0.0,2009,1.0,3.0,9.0,0.0,0.0,3.0,0.0,0.0,0.0,0.0,0.0,16
0.0,0.0,2009,0.0,4.0,0.0,0.0,0.0,1.0,0.0,0.0,0.0,0.0,0.0,5
0.0,0.0,2009,2.0,6.0,18.0,1.0,0.0,1.0,0.0,0.0,0.0,0.0,1.0,29
0.0,0.0,2009,0.0,0.0,0.0,0.0,0.0,0.0,0.0,0.0,0.0,0.0,0.0,0
0.0,0.0,2009,0.0,18.0,21.0,0.0,0.0,4.0,0.0,0.0,0.0,0.0,0.0,43
0.0,0.0,2009,1.0,1.0,22.0,0.0,0.0,0.0,0.0,0.0,0.0,0.0,0.0,24
0.0,0.0,2009,1.0,4.0,27.0,0.0,0.0,3.0,0.0,0.0,0.0,0.0,0.0,35
0.0,0.0,2009,7.0,19.0,34.0,0.0,0.0,14.0,0.0,0.0,0.0,0.0,0.0,74
0.0,0.0,2009,3.0,4.0,12.0,0.0,0.0,0.0,0.0,0.0,0.0,0.0,0.0,19
0.0,0.0,2009,0.0,7.0,17.0,0.0,0.0,4.0,0.0,0.0,0.0,0.0,0.0,28
0.0,0.0,2009,4.0,31.0,49.0,0.0,0.0,9.0,0.0,0.0,0.0,0.0,0.0,93
0.0,0.0,2009,97.0,371.0,761.0,12.0,0.0,153.0,1.0,0.0,0.0,0.0,12.0,1407
0.0,0.0,2009,2.0,5.0,2.0,0.0,0.0,2.0,0.0,0.0,0.0,0.0,3.0,14
0.0,0.0,2009,0.0,0.0,0.0,0.0,0.0,0.0,0.0,0.0,0.0,0.0,0.0,0
0.0,0.0,2009,1.0,6.0,2.0,0.0,0.0,1.0,0.0,0.0,0.0,0.0,10.0,20
0.0,0.0,2009,0.0,3.0,2.0,0.0,0.0,0.0,0.0,0.0,0.0,0.0,1.0,6
0.0,0.0,2009,3.0,14.0,6.0,0.0,0.0,3.0,0.0,0.0,0.0,0.0,14.0,40
0.0,0.0,2009,0.0,0.0,0.0,0.0,0.0,0.0,0.0,0.0,0.0,0.0,0.0,0
0.0,0.0,2009,4.0,15.0,25.0,0.0,0.0,0.0,0.0,0.0,0.0,0.0,0.0,44
0.0,0.0,2009,0.0,0.0,0.0,0.0,0.0,0.0,0.0,0.0,0.0,0.0,0.0,0
0.0,0.0,2009,8.0,10.0,5.0,0.0,0.0,0.0,0.0,0.0,0.0,0.0,4.0,27
0.0,0.0,2009,0.0,0.0,0.0,0.0,0.0,0.0,0.0,0.0,0.0,0.0,0.0,0
0.0,0.0,2009,0.0,7.0,3.0,0.0,0.0,0.0,0.0,0.0,0.0,0.0,0.0,10
0.0,0.0,2009,6.0,12.0,20.0,0.0,0.0,0.0,0.0,0.0,0.0,0.0,0.0,38
0.0,0.0,2009,1.0,6.0,18.0,0.0,0.0,0.0,0.0,0.0,0.0,0.0,0.0,25
0.0,0.0,2009,0.0,0.0,0.0,0.0,0.0,0.0,0.0,0.0,0.0,0.0,0.0,0
0.0,0.0,2009,1.0,10.0,14.0,0.0,0.0,0.0,0.0,0.0,0.0,0.0,0.0,25
0.0,0.0,2009,0.0,0.0,0.0,0.0,0.0,0.0,0.0,0.0,0.0,0.0,23.0,23
0.0,0.0,2009,1.0,0.0,0.0,0.0,0.0,0.0,0.0,0.0,0.0,0.0,0.0,1
0.0,0.0,2009,1.0,1.0,0.0,0.0,0.0,0.0,0.0,0.0,0.0,0.0,1.0,3
0.0,0.0,2009,0.0,13.0,21.0,0.0,0.0,0.0,0.0,0.0,0.0,0.0,0.0,34
0.0,0.0,2009,0.0,0.0,0.0,0.0,0.0,0.0,0.0,0.0,0.0,0.0,0.0,0
0.0,0.0,2009,2.0,0.0,7.0,0.0,0.0,0.0,0.0,0.0,0.0,0.0,0.0,9
0.0,0.0,2009,1.0,1.0,0.0,0.0,0.0,0.0,0.0,0.0,0.0,0.0,18.0,20
0.0,0.0,2009,0.0,7.0,0.0,0.0,0.0,0.0,0.0,0.0,0.0,0.0,0.0,7
0.0,0.0,2009,4.0,2.0,6.0,0.0,0.0,0.0,0.0,0.0,0.0,0.0,0.0,12
0.0,0.0,2009,1.0,0.0,0.0,0.0,0.0,0.0,0.0,0.0,0.0,0.0,0.0,1
0.0,0.0,2009,0.0,0.0,0.0,0.0,0.0,0.0,0.0,0.0,0.0,0.0,0.0,0
0.0,0.0,2009,2.0,4.0,15.0,0.0,0.0,0.0,0.0,0.0,0.0,0.0,0.0,21
0.0,0.0,2009,3.0,3.0,4.0,0.0,0.0,0.0,0.0,0.0,0.0,0.0,1.0,11
0.0,0.0,2009,5.0,17.0,14.0,0.0,0.0,0.0,0.0,0.0,0.0,0.0,0.0,36
0.0,0.0,2009,2.0,2.0,7.0,0.0,0.0,0.0,0.0,0.0,0.0,0.0,0.0,11
0.0,0.0,2009,2.0,1.0,0.0,0.0,0.0,0.0,0.0,0.0,0.0,0.0,6.0,9
0.0,0.0,2009,8.0,8.0,35.0,0.0,0.0,0.0,0.0,0.0,0.0,0.0,0.0,51
0.0,0.0,2009,5.0,5.0,3.0,0.0,0.0,0.0,0.0,0.0,0.0,0.0,0.0,13
0.0,0.0,2009,1.0,2.0,5.0,0.0,0.0,0.0,0.0,0.0,0.0,0.0,0.0,8
0.0,0.0,2009,3.0,7.0,19.0,0.0,0.0,0.0,0.0,0.0,0.0,0.0,0.0,29
0.0,0.0,2009,3.0,7.0,13.0,0.0,0.0,0.0,0.0,0.0,0.0,0.0,0.0,23
0.0,0.0,2009,1.0,0.0,2.0,0.0,0.0,0.0,0.0,0.0,0.0,0.0,0.0,3
0.0,0.0,2009,3.0,0.0,0.0,0.0,0.0,0.0,0.0,0.0,0.0,0.0,0.0,3
0.0,0.0,2009,0.0,0.0,0.0,0.0,0.0,0.0,0.0,0.0,0.0,0.0,0.0,0
0.0,0.0,2009,0.0,0.0,0.0,0.0,0.0,0.0,0.0,0.0,0.0,0.0,0.0,0
0.0,0.0,2009,3.0,2.0,3.0,0.0,0.0,0.0,0.0,0.0,0.0,0.0,1.0,9
0.0,0.0,2009,1.0,1.0,12.0,0.0,0.0,0.0,0.0,0.0,0.0,0.0,0.0,14
0.0,0.0,2009,5.0,16.0,31.0,0.0,0.0,0.0,0.0,0.0,0.0,0.0,0.0,52
0.0,0.0,2009,3.0,22.0,18.0,0.0,0.0,0.0,0.0,0.0,0.0,0.0,0.0,43
0.0,0.0,2009,3.0,1.0,0.0,0.0,0.0,0.0,0.0,0.0,0.0,0.0,15.0,19
0.0,0.0,2009,83.0,182.0,300.0,0.0,0.0,0.0,0.0,0.0,0.0,0.0,69.0,634
0.0,0.0,2009,1.0,5.0,2.0,0.0,0.0,0.0,1.0,0.0,0.0,0.0,8.0,17
0.0,0.0,2009,5.0,15.0,9.0,0.0,0.0,0.0,0.0,0.0,0.0,0.0,7.0,36
0.0,0.0,2009,3.0,23.0,1.0,0.0,0.0,0.0,0.0,0.0,0.0,0.0,12.0,39
0.0,0.0,2009,4.0,40.0,0.0,0.0,0.0,0.0,27.0,0.0,0.0,0.0,0.0,71
0.0,0.0,2009,13.0,83.0,12.0,0.0,0.0,0.0,28.0,0.0,0.0,0.0,27.0,163
0.0,0.0,2009,3.0,7.0,99.0,0.0,0.0,0.0,0.0,0.0,0.0,0.0,37.0,146
0.0,0.0,2009,16.0,14.0,34.0,0.0,0.0,0.0,0.0,0.0,0.0,0.0,9.0,73
0.0,0.0,2009,12.0,15.0,30.0,0.0,0.0,0.0,0.0,0.0,0.0,0.0,35.0,92
0.0,0.0,2009,4.0,12.0,20.0,0.0,0.0,0.0,0.0,0.0,0.0,0.0,9.0,45
0.0,0.0,2009,4.0,6.0,4.0,0.0,0.0,0.0,0.0,0.0,0.0,0.0,0.0,14
0.0,0.0,2009,1.0,7.0,18.0,0.0,0.0,0.0,0.0,0.0,0.0,0.0,22.0,48
0.0,0.0,2009,0.0,13.0,20.0,0.0,0.0,0.0,0.0,0.0,0.0,0.0,3.0,36
0.0,0.0,2009,2.0,3.0,6.0,0.0,0.0,0.0,0.0,0.0,0.0,0.0,0.0,11
0.0,0.0,2009,0.0,5.0,33.0,0.0,0.0,0.0,0.0,0.0,0.0,0.0,0.0,38
0.0,0.0,2009,6.0,5.0,11.0,0.0,0.0,0.0,0.0,0.0,0.0,0.0,5.0,27
0.0,0.0,2009,1.0,7.0,12.0,0.0,0.0,0.0,0.0,0.0,0.0,0.0,6.0,26
0.0,0.0,2009,3.0,7.0,15.0,0.0,0.0,0.0,0.0,0.0,0.0,0.0,22.0,47
0.0,0.0,2009,2.0,12.0,10.0,0.0,0.0,0.0,0.0,0.0,0.0,0.0,7.0,31
0.0,0.0,2009,8.0,10.0,10.0,0.0,0.0,0.0,0.0,0.0,0.0,0.0,4.0,32
0.0,0.0,2009,4.0,6.0,6.0,0.0,0.0,0.0,0.0,0.0,0.0,0.0,7.0,23
0.0,0.0,2009,9.0,9.0,20.0,0.0,0.0,0.0,0.0,0.0,0.0,0.0,18.0,56
0.0,0.0,2009,18.0,10.0,32.0,0.0,0.0,0.0,0.0,0.0,0.0,0.0,24.0,84
0.0,0.0,2009,2.0,3.0,8.0,0.0,0.0,0.0,0.0,0.0,0.0,0.0,12.0,25
0.0,0.0,2009,3.0,2.0,2.0,0.0,0.0,0.0,0.0,0.0,0.0,0.0,0.0,7
0.0,0.0,2009,0.0,4.0,18.0,0.0,0.0,0.0,0.0,0.0,0.0,0.0,6.0,28
0.0,0.0,2009,7.0,8.0,26.0,0.0,0.0,0.0,0.0,0.0,0.0,0.0,4.0,45
0.0,0.0,2009,1.0,5.0,38.0,0.0,0.0,0.0,0.0,0.0,0.0,0.0,0.0,44
0.0,0.0,2009,2.0,8.0,5.0,0.0,0.0,0.0,0.0,0.0,0.0,0.0,0.0,15
0.0,0.0,2009,7.0,7.0,15.0,0.0,0.0,0.0,0.0,0.0,0.0,0.0,2.0,31
0.0,0.0,2009,2.0,12.0,27.0,0.0,0.0,0.0,0.0,0.0,0.0,0.0,0.0,41
0.0,0.0,2009,1.0,2.0,4.0,0.0,0.0,0.0,0.0,0.0,0.0,0.0,1.0,8
0.0,0.0,2009,0.0,0.0,1.0,0.0,0.0,0.0,0.0,0.0,0.0,0.0,0.0,1
0.0,0.0,2009,7.0,7.0,21.0,0.0,0.0,0.0,0.0,0.0,0.0,0.0,20.0,55
0.0,0.0,2009,22.0,21.0,103.0,0.0,0.0,0.0,0.0,0.0,0.0,0.0,5.0,151
0.0,0.0,2009,3.0,0.0,7.0,0.0,0.0,0.0,0.0,0.0,0.0,0.0,5.0,15
0.0,0.0,2009,0.0,7.0,20.0,0.0,0.0,0.0,0.0,0.0,0.0,0.0,2.0,29
0.0,0.0,2009,1.0,23.0,36.0,0.0,0.0,0.0,0.0,0.0,0.0,0.0,17.0,77
0.0,0.0,2009,5.0,6.0,5.0,0.0,0.0,0.0,0.0,0.0,0.0,0.0,0.0,16
0.0,0.0,2009,14.0,7.0,10.0,0.0,0.0,0.0,0.0,0.0,0.0,0.0,2.0,33
0.0,0.0,2009,7.0,6.0,10.0,0.0,0.0,0.0,0.0,0.0,0.0,0.0,1.0,24
0.0,0.0,2009,0.0,10.0,15.0,0.0,0.0,0.0,0.0,0.0,0.0,0.0,19.0,44
0.0,0.0,2009,4.0,9.0,27.0,0.0,0.0,0.0,0.0,0.0,0.0,0.0,2.0,42
0.0,0.0,2009,4.0,7.0,15.0,0.0,0.0,0.0,0.0,0.0,0.0,0.0,2.0,28
0.0,0.0,2009,4.0,9.0,10.0,0.0,0.0,0.0,0.0,0.0,0.0,0.0,7.0,30
0.0,0.0,2009,9.0,3.0,10.0,0.0,0.0,0.0,0.0,0.0,0.0,0.0,3.0,25
0.0,0.0,2009,3.0,7.0,20.0,0.0,0.0,0.0,0.0,0.0,0.0,0.0,2.0,32
0.0,0.0,2009,9.0,18.0,97.0,0.0,0.0,0.0,0.0,0.0,0.0,0.0,38.0,162
0.0,0.0,2009,9.0,8.0,9.0,0.0,0.0,0.0,0.0,0.0,0.0,0.0,0.0,26
0.0,0.0,2009,3.0,8.0,9.0,0.0,0.0,0.0,0.0,0.0,0.0,0.0,3.0,23
0.0,0.0,2009,8.0,18.0,10.0,0.0,0.0,0.0,0.0,0.0,0.0,0.0,2.0,38
0.0,0.0,2009,0.0,7.0,11.0,0.0,0.0,0.0,0.0,0.0,0.0,0.0,24.0,42
0.0,0.0,2009,2.0,4.0,3.0,0.0,0.0,0.0,0.0,0.0,0.0,0.0,0.0,9
0.0,0.0,2009,15.0,25.0,89.0,0.0,0.0,0.0,0.0,0.0,0.0,0.0,37.0,166
0.0,0.0,2009,3.0,7.0,16.0,0.0,0.0,0.0,0.0,0.0,0.0,0.0,2.0,28
0.0,0.0,2009,0.0,5.0,0.0,0.0,0.0,0.0,0.0,0.0,0.0,0.0,0.0,5
0.0,0.0,2009,6.0,6.0,12.0,0.0,0.0,0.0,0.0,0.0,0.0,0.0,9.0,33
0.0,0.0,2009,2.0,9.0,50.0,0.0,0.0,0.0,0.0,0.0,0.0,0.0,2.0,63
0.0,0.0,2009,2.0,7.0,15.0,0.0,0.0,0.0,0.0,0.0,0.0,0.0,10.0,34
0.0,0.0,2009,17.0,9.0,81.0,0.0,0.0,0.0,0.0,0.0,0.0,0.0,15.0,122
0.0,0.0,2009,3.0,5.0,4.0,0.0,0.0,0.0,0.0,0.0,0.0,0.0,0.0,12
0.0,0.0,2009,20.0,12.0,20.0,0.0,0.0,0.0,0.0,0.0,0.0,0.0,3.0,55
0.0,0.0,2009,3.0,25.0,44.0,0.0,0.0,0.0,0.0,0.0,0.0,0.0,7.0,79
0.0,0.0,2009,4.0,5.0,8.0,0.0,0.0,0.0,0.0,0.0,0.0,0.0,2.0,19
0.0,0.0,2009,5.0,12.0,37.0,0.0,0.0,0.0,0.0,0.0,0.0,0.0,8.0,62
0.0,0.0,2009,2.0,13.0,22.0,0.0,0.0,0.0,0.0,0.0,0.0,0.0,27.0,64
0.0,0.0,2009,11.0,9.0,26.0,0.0,0.0,0.0,0.0,0.0,0.0,0.0,1.0,47
0.0,0.0,2009,6.0,5.0,21.0,0.0,0.0,0.0,0.0,0.0,0.0,0.0,2.0,34
0.0,0.0,2009,1.0,10.0,4.0,0.0,0.0,0.0,0.0,0.0,0.0,0.0,1.0,16
0.0,0.0,2009,9.0,14.0,25.0,0.0,0.0,0.0,0.0,0.0,0.0,0.0,16.0,64
0.0,0.0,2009,3.0,3.0,6.0,0.0,0.0,0.0,0.0,0.0,0.0,0.0,4.0,16
0.0,0.0,2009,0.0,5.0,7.0,0.0,0.0,0.0,0.0,0.0,0.0,0.0,4.0,16
0.0,0.0,2009,4.0,20.0,39.0,0.0,0.0,0.0,0.0,0.0,0.0,0.0,3.0,66
0.0,0.0,2009,2.0,9.0,6.0,0.0,0.0,0.0,0.0,0.0,0.0,0.0,2.0,19
0.0,0.0,2009,0.0,0.0,1.0,0.0,0.0,0.0,0.0,0.0,0.0,0.0,0.0,1
0.0,0.0,2009,11.0,10.0,11.0,0.0,0.0,0.0,0.0,0.0,0.0,0.0,6.0,38
0.0,0.0,2009,10.0,14.0,12.0,0.0,0.0,0.0,0.0,0.0,0.0,0.0,2.0,38
0.0,0.0,2009,1.0,2.0,7.0,0.0,0.0,0.0,0.0,0.0,0.0,0.0,3.0,13
0.0,0.0,2009,372.0,625.0,1535.0,0.0,0.0,0.0,0.0,0.0,0.0,0.0,553.0,3085
0.0,0.0,2009,0.0,0.0,0.0,0.0,0.0,0.0,0.0,0.0,0.0,0.0,0.0,0
0.0,0.0,2009,1.0,0.0,0.0,0.0,0.0,0.0,0.0,0.0,0.0,0.0,3.0,4
0.0,0.0,2009,0.0,0.0,0.0,0.0,0.0,0.0,0.0,0.0,0.0,0.0,0.0,0
0.0,0.0,2009,0.0,0.0,0.0,0.0,0.0,0.0,0.0,0.0,0.0,0.0,0.0,0
0.0,0.0,2009,1.0,3.0,3.0,0.0,0.0,0.0,0.0,0.0,0.0,0.0,0.0,7
0.0,0.0,2009,0.0,0.0,0.0,0.0,0.0,0.0,0.0,0.0,0.0,0.0,0.0,0
0.0,0.0,2009,1.0,0.0,1.0,0.0,0.0,0.0,0.0,0.0,0.0,0.0,6.0,8
0.0,0.0,2009,0.0,2.0,0.0,0.0,0.0,0.0,0.0,0.0,0.0,0.0,1.0,3
0.0,0.0,2009,0.0,0.0,0.0,0.0,0.0,0.0,0.0,0.0,0.0,0.0,0.0,0
0.0,0.0,2009,0.0,0.0,0.0,0.0,0.0,0.0,0.0,0.0,0.0,0.0,0.0,0
0.0,0.0,2009,0.0,0.0,0.0,0.0,0.0,0.0,0.0,0.0,0.0,0.0,0.0,0
0.0,0.0,2009,2.0,2.0,4.0,0.0,0.0,0.0,0.0,0.0,0.0,0.0,0.0,8
0.0,0.0,2009,0.0,0.0,2.0,0.0,1.0,0.0,0.0,0.0,0.0,0.0,0.0,3
0.0,0.0,2009,5.0,7.0,10.0,0.0,1.0,0.0,0.0,0.0,0.0,0.0,10.0,33
0.0,0.0,2009,15.0,62.0,107.0,0.0,0.0,0.0,26.0,0.0,40.0,0.0,0.0,250
0.0,0.0,2009,0.0,0.0,0.0,0.0,0.0,0.0,0.0,0.0,0.0,0.0,0.0,0
0.0,0.0,2009,0.0,0.0,0.0,0.0,0.0,0.0,0.0,0.0,0.0,0.0,0.0,0
0.0,0.0,2009,0.0,3.0,3.0,0.0,0.0,0.0,0.0,0.0,0.0,0.0,1.0,7
0.0,0.0,2009,3.0,20.0,41.0,0.0,0.0,0.0,0.0,0.0,0.0,0.0,0.0,64
0.0,0.0,2009,0.0,0.0,0.0,0.0,0.0,0.0,0.0,0.0,0.0,0.0,0.0,0
0.0,0.0,2009,0.0,0.0,0.0,0.0,0.0,0.0,0.0,0.0,0.0,0.0,0.0,0
0.0,0.0,2009,0.0,4.0,2.0,0.0,0.0,0.0,0.0,0.0,0.0,0.0,6.0,12
0.0,0.0,2009,0.0,0.0,0.0,0.0,0.0,0.0,0.0,0.0,0.0,0.0,0.0,0
0.0,0.0,2009,0.0,0.0,0.0,0.0,0.0,0.0,0.0,0.0,0.0,0.0,0.0,0
0.0,0.0,2009,0.0,0.0,0.0,0.0,0.0,0.0,0.0,0.0,0.0,0.0,0.0,0
0.0,0.0,2009,0.0,0.0,0.0,0.0,0.0,0.0,0.0,0.0,0.0,0.0,0.0,0
0.0,0.0,2009,0.0,0.0,0.0,0.0,0.0,0.0,0.0,0.0,0.0,0.0,0.0,0
0.0,0.0,2009,0.0,0.0,0.0,0.0,0.0,0.0,0.0,0.0,0.0,0.0,0.0,0
0.0,0.0,2009,2.0,18.0,44.0,0.0,0.0,0.0,15.0,2.0,9.0,0.0,57.0,147
0.0,0.0,2009,0.0,0.0,0.0,0.0,0.0,0.0,0.0,0.0,0.0,0.0,0.0,0
0.0,0.0,2009,0.0,0.0,0.0,0.0,0.0,0.0,0.0,0.0,0.0,0.0,0.0,0
0.0,0.0,2009,0.0,2.0,2.0,0.0,0.0,0.0,0.0,0.0,0.0,0.0,0.0,4
0.0,0.0,2009,0.0,0.0,0.0,0.0,0.0,0.0,0.0,0.0,0.0,0.0,0.0,0
0.0,0.0,2009,0.0,0.0,0.0,0.0,0.0,0.0,0.0,0.0,0.0,0.0,0.0,0
0.0,0.0,2009,0.0,0.0,0.0,0.0,0.0,0.0,0.0,0.0,0.0,0.0,0.0,0
0.0,0.0,2009,0.0,0.0,0.0,0.0,0.0,0.0,0.0,0.0,0.0,0.0,0.0,0
0.0,0.0,2009,0.0,0.0,0.0,0.0,0.0,0.0,0.0,0.0,0.0,0.0,0.0,0
0.0,0.0,2009,0.0,0.0,0.0,0.0,0.0,0.0,0.0,0.0,0.0,0.0,0.0,0
0.0,0.0,2009,20.0,109.0,199.0,0.0,0.0,0.0,41.0,2.0,49.0,0.0,64.0,484
0.0,0.0,2009,1.0,12.0,10.0,0.0,0.0,0.0,0.0,0.0,0.0,0.0,18.0,41
0.0,0.0,2009,0.0,0.0,0.0,0.0,0.0,0.0,0.0,0.0,0.0,0.0,0.0,0
0.0,0.0,2009,1.0,12.0,10.0,0.0,0.0,0.0,0.0,0.0,0.0,0.0,18.0,41
0.0,0.0,2009,1.0,21.0,27.0,0.0,0.0,9.0,0.0,0.0,0.0,0.0,13.0,71
0.0,0.0,2009,1.0,21.0,27.0,0.0,0.0,9.0,0.0,0.0,0.0,0.0,13.0,71
0.0,0.0,2009,1.0,2.0,8.0,0.0,0.0,0.0,0.0,0.0,0.0,0.0,0.0,11
0.0,0.0,2009,1.0,2.0,8.0,0.0,0.0,0.0,0.0,0.0,0.0,0.0,0.0,11
0.0,0.0,2009,0.0,1.0,0.0,0.0,0.0,0.0,0.0,0.0,0.0,0.0,1.0,2
0.0,0.0,2009,0.0,0.0,0.0,0.0,0.0,0.0,0.0,0.0,0.0,0.0,0.0,0
0.0,0.0,2009,0.0,1.0,0.0,0.0,0.0,0.0,0.0,0.0,0.0,0.0,1.0,2
0.0,0.0,2009,0.0,0.0,0.0,0.0,0.0,0.0,0.0,0.0,0.0,0.0,0.0,0
0.0,0.0,2009,0.0,20.0,78.0,0.0,0.0,2.0,0.0,0.0,2.0,0.0,7.0,109
0.0,0.0,2009,0.0,0.0,0.0,0.0,0.0,0.0,0.0,0.0,0.0,0.0,0.0,0
0.0,0.0,2009,11.0,31.0,261.0,0.0,0.0,4.0,1.0,0.0,0.0,0.0,10.0,318
0.0,0.0,2009,0.0,0.0,0.0,0.0,0.0,0.0,0.0,0.0,0.0,0.0,0.0,0
0.0,0.0,2009,0.0,3.0,6.0,0.0,0.0,0.0,0.0,0.0,0.0,0.0,1.0,10
0.0,0.0,2009,0.0,0.0,0.0,0.0,0.0,0.0,0.0,0.0,0.0,0.0,0.0,0
0.0,0.0,2009,0.0,4.0,46.0,0.0,0.0,2.0,0.0,0.0,0.0,0.0,1.0,53
0.0,0.0,2009,0.0,13.0,120.0,0.0,0.0,3.0,0.0,0.0,0.0,0.0,15.0,151
0.0,0.0,2009,8.0,27.0,318.0,0.0,0.0,3.0,0.0,0.0,0.0,0.0,30.0,386
0.0,0.0,2009,4.0,21.0,195.0,0.0,0.0,1.0,0.0,0.0,0.0,0.0,8.0,229
0.0,0.0,2009,9.0,31.0,304.0,0.0,0.0,2.0,0.0,0.0,0.0,0.0,15.0,361
0.0,0.0,2009,9.0,26.0,119.0,0.0,0.0,2.0,0.0,0.0,0.0,0.0,12.0,168
0.0,0.0,2009,10.0,41.0,284.0,0.0,0.0,2.0,0.0,0.0,0.0,0.0,25.0,362
0.0,0.0,2009,11.0,39.0,215.0,0.0,0.0,4.0,0.0,0.0,0.0,0.0,33.0,302
0.0,0.0,2009,0.0,0.0,0.0,0.0,0.0,0.0,0.0,0.0,0.0,0.0,0.0,0
0.0,0.0,2009,12.0,51.0,302.0,0.0,0.0,3.0,0.0,0.0,0.0,0.0,22.0,390
0.0,0.0,2009,74.0,307.0,2248.0,0.0,0.0,28.0,1.0,0.0,2.0,0.0,179.0,2839
0.0,0.0,2009,0.0,0.0,0.0,0.0,0.0,0.0,0.0,0.0,0.0,0.0,0.0,0
0.0,0.0,2009,0.0,0.0,0.0,0.0,0.0,0.0,0.0,0.0,0.0,0.0,0.0,0
0.0,0.0,2009,0.0,0.0,1.0,0.0,0.0,0.0,0.0,0.0,0.0,0.0,2.0,3
0.0,0.0,2009,1.0,1.0,10.0,0.0,0.0,4.0,0.0,0.0,0.0,0.0,2.0,18
0.0,0.0,2009,1.0,1.0,11.0,0.0,0.0,4.0,0.0,0.0,0.0,0.0,4.0,21
0.0,0.0,2010,4.0,2.0,2.0,0.0,0.0,5.0,0.0,0.0,0.0,0.0,0.0,13
0.0,0.0,2010,0.0,4.0,2.0,0.0,0.0,0.0,0.0,0.0,0.0,0.0,0.0,6
0.0,0.0,2010,0.0,1.0,4.0,0.0,0.0,0.0,0.0,0.0,0.0,0.0,0.0,5
0.0,0.0,2010,6.0,26.0,37.0,0.0,0.0,0.0,0.0,0.0,0.0,0.0,0.0,69
0.0,0.0,2010,6.0,11.0,16.0,0.0,1.0,2.0,3.0,0.0,0.0,0.0,0.0,39
0.0,0.0,2010,1.0,12.0,3.0,0.0,0.0,0.0,0.0,0.0,0.0,0.0,0.0,16
0.0,0.0,2010,0.0,0.0,2.0,0.0,0.0,1.0,0.0,0.0,0.0,0.0,0.0,3
0.0,0.0,2010,3.0,18.0,19.0,0.0,0.0,0.0,1.0,0.0,0.0,0.0,0.0,41
0.0,0.0,2010,1.0,2.0,5.0,0.0,0.0,4.0,0.0,0.0,0.0,0.0,12.0,24
0.0,0.0,2010,2.0,15.0,33.0,0.0,2.0,12.0,0.0,0.0,1.0,0.0,21.0,86
0.0,0.0,2010,7.0,46.0,103.0,0.0,0.0,0.0,0.0,0.0,1.0,0.0,110.0,267
0.0,0.0,2010,1.0,16.0,6.0,0.0,2.0,0.0,0.0,0.0,0.0,0.0,60.0,85
0.0,0.0,2010,2.0,23.0,30.0,0.0,1.0,0.0,0.0,0.0,0.0,0.0,46.0,102
0.0,0.0,2010,2.0,25.0,56.0,0.0,0.0,0.0,0.0,0.0,0.0,0.0,1.0,84
0.0,0.0,2010,14.0,58.0,62.0,0.0,0.0,0.0,0.0,0.0,0.0,0.0,0.0,134
0.0,0.0,2010,2.0,22.0,0.0,1.0,0.0,16.0,21.0,0.0,0.0,0.0,2.0,64
0.0,0.0,2010,0.0,44.0,60.0,0.0,0.0,1.0,0.0,0.0,0.0,0.0,0.0,105
0.0,0.0,2010,1.0,14.0,19.0,0.0,0.0,8.0,29.0,0.0,1.0,0.0,107.0,179
0.0,0.0,2010,2.0,13.0,15.0,0.0,0.0,1.0,2.0,0.0,0.0,0.0,4.0,37
0.0,0.0,2010,0.0,10.0,5.0,0.0,0.0,0.0,23.0,0.0,0.0,0.0,7.0,45
0.0,0.0,2010,0.0,1.0,1.0,0.0,0.0,0.0,0.0,0.0,0.0,0.0,0.0,2
0.0,0.0,2010,3.0,4.0,0.0,0.0,0.0,0.0,0.0,0.0,0.0,0.0,3.0,10
0.0,0.0,2010,0.0,0.0,0.0,0.0,0.0,0.0,0.0,0.0,0.0,0.0,0.0,0
0.0,0.0,2010,3.0,8.0,3.0,0.0,0.0,0.0,0.0,0.0,0.0,0.0,2.0,16
0.0,0.0,2010,2.0,9.0,6.0,0.0,0.0,1.0,3.0,0.0,0.0,0.0,0.0,21
0.0,0.0,2010,2.0,16.0,54.0,0.0,0.0,4.0,0.0,0.0,0.0,0.0,112.0,188
0.0,0.0,2010,1.0,0.0,0.0,0.0,0.0,0.0,0.0,0.0,0.0,0.0,0.0,1
0.0,0.0,2010,1.0,0.0,0.0,0.0,0.0,0.0,0.0,0.0,0.0,0.0,8.0,9
0.0,0.0,2010,1.0,6.0,1.0,0.0,0.0,0.0,0.0,0.0,0.0,0.0,1.0,9
0.0,0.0,2010,0.0,11.0,3.0,0.0,0.0,0.0,0.0,0.0,0.0,0.0,80.0,94
0.0,0.0,2010,0.0,0.0,6.0,0.0,0.0,0.0,0.0,0.0,0.0,0.0,0.0,6
0.0,0.0,2010,1.0,0.0,0.0,0.0,0.0,0.0,0.0,0.0,0.0,0.0,0.0,1
0.0,0.0,2010,1.0,29.0,28.0,0.0,3.0,0.0,0.0,0.0,0.0,0.0,1.0,62
0.0,0.0,2010,69.0,446.0,581.0,1.0,9.0,55.0,82.0,0.0,3.0,0.0,577.0,1823
0.0,0.0,2010,0.0,0.0,0.0,0.0,0.0,0.0,0.0,0.0,0.0,0.0,0.0,0
0.0,0.0,2010,0.0,0.0,0.0,0.0,0.0,0.0,0.0,0.0,0.0,0.0,0.0,0
0.0,0.0,2010,0.0,2.0,0.0,0.0,0.0,0.0,0.0,0.0,0.0,0.0,0.0,2
0.0,0.0,2010,0.0,0.0,0.0,0.0,0.0,0.0,0.0,0.0,0.0,0.0,0.0,0
0.0,0.0,2010,0.0,0.0,1.0,0.0,0.0,0.0,0.0,0.0,0.0,0.0,0.0,1
0.0,0.0,2010,0.0,0.0,0.0,0.0,0.0,0.0,0.0,0.0,0.0,0.0,0.0,0
0.0,0.0,2010,0.0,2.0,2.0,0.0,0.0,0.0,0.0,0.0,0.0,0.0,0.0,4
0.0,0.0,2010,0.0,4.0,0.0,0.0,0.0,0.0,0.0,0.0,0.0,0.0,2.0,6
0.0,0.0,2010,0.0,0.0,0.0,0.0,0.0,0.0,0.0,0.0,0.0,0.0,0.0,0
0.0,0.0,2010,0.0,4.0,2.0,0.0,0.0,0.0,0.0,0.0,0.0,0.0,1.0,7
0.0,0.0,2010,0.0,0.0,0.0,0.0,0.0,0.0,0.0,0.0,0.0,0.0,0.0,0
0.0,0.0,2010,0.0,0.0,0.0,0.0,0.0,0.0,0.0,0.0,0.0,0.0,0.0,0
0.0,0.0,2010,0.0,0.0,0.0,0.0,0.0,0.0,0.0,0.0,0.0,0.0,0.0,0
0.0,0.0,2010,0.0,0.0,0.0,0.0,0.0,0.0,0.0,0.0,0.0,0.0,0.0,0
0.0,0.0,2010,0.0,0.0,0.0,0.0,0.0,0.0,0.0,0.0,0.0,0.0,0.0,0
0.0,0.0,2010,0.0,0.0,0.0,0.0,0.0,0.0,0.0,0.0,0.0,0.0,0.0,0
0.0,0.0,2010,0.0,0.0,0.0,0.0,0.0,0.0,0.0,0.0,0.0,0.0,0.0,0
0.0,0.0,2010,0.0,12.0,5.0,0.0,0.0,0.0,0.0,0.0,0.0,0.0,3.0,20
0.0,0.0,2010,0.0,0.0,0.0,0.0,0.0,0.0,0.0,0.0,0.0,0.0,0.0,0
0.0,0.0,2010,1.0,0.0,0.0,0.0,0.0,0.0,0.0,0.0,0.0,0.0,0.0,1
0.0,0.0,2010,0.0,0.0,0.0,0.0,0.0,0.0,0.0,0.0,0.0,0.0,0.0,0
0.0,0.0,2010,0.0,0.0,0.0,0.0,0.0,0.0,0.0,0.0,0.0,0.0,0.0,0
0.0,0.0,2010,0.0,0.0,0.0,0.0,0.0,0.0,0.0,0.0,0.0,0.0,0.0,0
0.0,0.0,2010,0.0,0.0,0.0,0.0,0.0,0.0,0.0,0.0,0.0,0.0,0.0,0
0.0,0.0,2010,0.0,1.0,0.0,0.0,0.0,0.0,0.0,0.0,0.0,0.0,1.0,2
0.0,0.0,2010,1.0,0.0,0.0,0.0,0.0,0.0,0.0,0.0,0.0,0.0,1.0,2
0.0,0.0,2010,1.0,16.0,4.0,0.0,0.0,0.0,75.0,0.0,3.0,0.0,0.0,99
0.0,0.0,2010,0.0,4.0,0.0,0.0,0.0,0.0,0.0,0.0,0.0,0.0,0.0,4
0.0,0.0,2010,0.0,0.0,0.0,0.0,0.0,0.0,0.0,0.0,0.0,0.0,0.0,0
0.0,0.0,2010,0.0,0.0,0.0,0.0,0.0,0.0,0.0,0.0,0.0,0.0,0.0,0
0.0,0.0,2010,0.0,0.0,0.0,0.0,0.0,0.0,0.0,0.0,0.0,0.0,0.0,0
0.0,0.0,2010,1.0,4.0,2.0,0.0,0.0,0.0,0.0,0.0,0.0,0.0,0.0,7
0.0,0.0,2010,0.0,0.0,0.0,0.0,0.0,0.0,0.0,0.0,0.0,0.0,0.0,0
0.0,0.0,2010,0.0,2.0,0.0,0.0,0.0,0.0,0.0,0.0,0.0,0.0,0.0,2
0.0,0.0,2010,0.0,0.0,0.0,0.0,0.0,0.0,0.0,0.0,0.0,0.0,0.0,0
0.0,0.0,2010,0.0,0.0,4.0,0.0,0.0,0.0,0.0,0.0,0.0,0.0,0.0,4
0.0,0.0,2010,0.0,0.0,0.0,0.0,0.0,0.0,0.0,0.0,0.0,0.0,0.0,0
0.0,0.0,2010,0.0,0.0,0.0,0.0,0.0,0.0,0.0,0.0,0.0,0.0,0.0,0
0.0,0.0,2010,0.0,0.0,0.0,0.0,0.0,0.0,0.0,0.0,0.0,0.0,0.0,0
0.0,0.0,2010,0.0,0.0,1.0,0.0,0.0,0.0,0.0,0.0,0.0,0.0,9.0,10
0.0,0.0,2010,0.0,0.0,0.0,0.0,0.0,0.0,0.0,0.0,0.0,0.0,0.0,0
0.0,0.0,2010,0.0,0.0,0.0,0.0,0.0,0.0,0.0,0.0,0.0,0.0,0.0,0
0.0,0.0,2010,0.0,4.0,0.0,0.0,0.0,0.0,0.0,0.0,0.0,0.0,0.0,4
0.0,0.0,2010,0.0,0.0,0.0,0.0,0.0,0.0,0.0,0.0,0.0,0.0,0.0,0
0.0,0.0,2010,0.0,0.0,0.0,0.0,0.0,0.0,0.0,0.0,0.0,0.0,0.0,0
0.0,0.0,2010,4.0,4.0,4.0,0.0,0.0,0.0,0.0,0.0,0.0,0.0,22.0,34
0.0,0.0,2010,2.0,4.0,2.0,0.0,0.0,0.0,0.0,0.0,0.0,0.0,20.0,28
0.0,0.0,2010,0.0,0.0,0.0,0.0,0.0,0.0,0.0,0.0,0.0,0.0,0.0,0
0.0,0.0,2010,10.0,39.0,17.0,0.0,0.0,0.0,75.0,0.0,3.0,0.0,53.0,197
0.0,0.0,2010,4.0,1.0,2.0,0.0,0.0,0.0,0.0,0.0,0.0,0.0,5.0,12
0.0,0.0,2010,1.0,1.0,9.0,0.0,0.0,0.0,0.0,0.0,0.0,0.0,0.0,11
0.0,0.0,2010,3.0,7.0,32.0,0.0,0.0,0.0,0.0,0.0,0.0,0.0,0.0,42
0.0,0.0,2010,0.0,0.0,5.0,0.0,0.0,0.0,0.0,0.0,0.0,0.0,1.0,6
0.0,0.0,2010,2.0,0.0,28.0,0.0,0.0,0.0,0.0,0.0,0.0,0.0,0.0,30
0.0,0.0,2010,0.0,0.0,6.0,0.0,0.0,0.0,0.0,0.0,0.0,0.0,0.0,6
0.0,0.0,2010,0.0,0.0,7.0,0.0,0.0,0.0,0.0,0.0,0.0,0.0,0.0,7
0.0,0.0,2010,0.0,0.0,6.0,0.0,0.0,0.0,0.0,0.0,0.0,0.0,0.0,6
0.0,0.0,2010,1.0,1.0,47.0,0.0,0.0,0.0,80.0,0.0,0.0,0.0,0.0,129
0.0,0.0,2010,11.0,5.0,49.0,0.0,0.0,0.0,0.0,0.0,0.0,0.0,0.0,65
0.0,0.0,2010,6.0,2.0,18.0,0.0,0.0,0.0,0.0,0.0,0.0,0.0,0.0,26
0.0,0.0,2010,12.0,9.0,77.0,0.0,0.0,0.0,21.0,0.0,0.0,0.0,0.0,119
0.0,0.0,2010,0.0,2.0,0.0,0.0,0.0,0.0,0.0,0.0,0.0,0.0,0.0,2
0.0,0.0,2010,3.0,2.0,73.0,0.0,0.0,0.0,0.0,0.0,0.0,0.0,0.0,78
0.0,0.0,2010,0.0,0.0,0.0,0.0,0.0,0.0,0.0,0.0,0.0,0.0,0.0,0
0.0,0.0,2010,3.0,2.0,31.0,0.0,0.0,0.0,27.0,0.0,0.0,0.0,0.0,63
0.0,0.0,2010,1.0,1.0,6.0,0.0,0.0,0.0,0.0,0.0,0.0,0.0,0.0,8
0.0,0.0,2010,20.0,11.0,92.0,0.0,0.0,0.0,0.0,0.0,0.0,0.0,0.0,123
0.0,0.0,2010,0.0,0.0,0.0,0.0,0.0,0.0,0.0,0.0,0.0,0.0,0.0,0
0.0,0.0,2010,5.0,0.0,19.0,0.0,0.0,0.0,0.0,0.0,0.0,0.0,0.0,24
0.0,0.0,2010,0.0,2.0,23.0,0.0,0.0,0.0,0.0,0.0,0.0,0.0,0.0,25
0.0,0.0,2010,3.0,0.0,10.0,0.0,0.0,0.0,0.0,0.0,0.0,0.0,0.0,13
0.0,0.0,2010,13.0,0.0,42.0,0.0,0.0,0.0,0.0,0.0,0.0,0.0,0.0,55
0.0,0.0,2010,0.0,0.0,51.0,0.0,0.0,0.0,0.0,0.0,0.0,0.0,0.0,51
0.0,0.0,2010,5.0,8.0,13.0,0.0,0.0,0.0,0.0,0.0,0.0,0.0,0.0,26
0.0,0.0,2010,11.0,3.0,52.0,0.0,0.0,0.0,0.0,0.0,0.0,0.0,0.0,66
0.0,0.0,2010,16.0,9.0,130.0,0.0,0.0,0.0,0.0,0.0,0.0,0.0,0.0,155
0.0,0.0,2010,1.0,0.0,0.0,0.0,0.0,0.0,0.0,0.0,0.0,0.0,0.0,1
0.0,0.0,2010,2.0,2.0,6.0,0.0,0.0,0.0,0.0,0.0,0.0,0.0,0.0,10
0.0,0.0,2010,0.0,1.0,11.0,0.0,0.0,0.0,0.0,0.0,0.0,0.0,0.0,12
0.0,0.0,2010,3.0,2.0,26.0,0.0,0.0,0.0,0.0,0.0,0.0,0.0,0.0,31
0.0,0.0,2010,18.0,8.0,133.0,0.0,0.0,0.0,9.0,0.0,0.0,6.0,0.0,174
0.0,0.0,2010,0.0,2.0,0.0,0.0,0.0,0.0,0.0,0.0,0.0,0.0,0.0,2
0.0,0.0,2010,2.0,3.0,42.0,0.0,0.0,0.0,0.0,0.0,0.0,0.0,0.0,47
0.0,0.0,2010,0.0,0.0,80.0,0.0,0.0,0.0,0.0,0.0,0.0,0.0,0.0,80
0.0,0.0,2010,3.0,3.0,17.0,0.0,0.0,0.0,15.0,0.0,0.0,0.0,2.0,40
0.0,0.0,2010,6.0,5.0,6.0,0.0,0.0,0.0,0.0,0.0,0.0,1.0,0.0,18
0.0,0.0,2010,6.0,9.0,36.0,0.0,0.0,0.0,0.0,0.0,0.0,1.0,0.0,52
0.0,0.0,2010,2.0,0.0,16.0,0.0,0.0,0.0,0.0,0.0,0.0,0.0,0.0,18
0.0,0.0,2010,0.0,0.0,0.0,0.0,0.0,0.0,0.0,0.0,0.0,0.0,0.0,0
0.0,0.0,2010,12.0,0.0,24.0,0.0,0.0,0.0,0.0,0.0,0.0,0.0,0.0,36
0.0,0.0,2010,2.0,1.0,3.0,0.0,0.0,0.0,0.0,0.0,0.0,0.0,0.0,6
0.0,0.0,2010,4.0,0.0,1.0,0.0,0.0,0.0,0.0,0.0,0.0,0.0,0.0,5
0.0,0.0,2010,21.0,12.0,130.0,0.0,0.0,0.0,0.0,0.0,0.0,0.0,0.0,163
0.0,0.0,2010,202.0,114.0,1359.0,0.0,0.0,0.0,152.0,0.0,0.0,8.0,8.0,1843
0.0,0.0,2010,1.0,4.0,0.0,0.0,0.0,0.0,0.0,0.0,0.0,0.0,22.0,27
0.0,0.0,2010,3.0,22.0,32.0,2.0,0.0,0.0,0.0,0.0,0.0,0.0,58.0,117
0.0,0.0,2010,2.0,1.0,1.0,0.0,0.0,0.0,0.0,0.0,0.0,0.0,0.0,4
0.0,0.0,2010,0.0,3.0,5.0,0.0,0.0,0.0,0.0,0.0,0.0,0.0,11.0,19
0.0,0.0,2010,2.0,22.0,4.0,2.0,0.0,0.0,0.0,0.0,0.0,0.0,45.0,75
0.0,0.0,2010,8.0,53.0,29.0,0.0,0.0,0.0,0.0,0.0,0.0,0.0,213.0,303
0.0,0.0,2010,0.0,1.0,1.0,0.0,0.0,5.0,0.0,0.0,0.0,0.0,0.0,7
0.0,0.0,2010,4.0,18.0,5.0,0.0,0.0,0.0,0.0,0.0,0.0,0.0,42.0,69
0.0,0.0,2010,6.0,12.0,7.0,0.0,1.0,0.0,0.0,0.0,0.0,0.0,55.0,81
0.0,0.0,2010,2.0,9.0,3.0,0.0,0.0,0.0,0.0,0.0,0.0,0.0,35.0,49
0.0,0.0,2010,0.0,1.0,0.0,0.0,0.0,0.0,0.0,0.0,0.0,1.0,41.0,43
0.0,0.0,2010,0.0,0.0,0.0,0.0,0.0,0.0,0.0,0.0,0.0,0.0,0.0,0
0.0,0.0,2010,1.0,10.0,1.0,0.0,0.0,0.0,0.0,0.0,0.0,0.0,25.0,37
0.0,0.0,2010,1.0,19.0,5.0,0.0,0.0,0.0,0.0,0.0,0.0,0.0,45.0,70
0.0,0.0,2010,2.0,11.0,6.0,0.0,0.0,0.0,0.0,0.0,0.0,0.0,6.0,25
0.0,0.0,2010,0.0,0.0,0.0,0.0,0.0,0.0,0.0,0.0,0.0,0.0,0.0,0
0.0,0.0,2010,3.0,15.0,11.0,0.0,0.0,1.0,0.0,0.0,0.0,1.0,11.0,42
0.0,0.0,2010,8.0,71.0,37.0,5.0,0.0,0.0,0.0,0.0,0.0,0.0,96.0,217
0.0,0.0,2010,2.0,19.0,13.0,0.0,0.0,0.0,0.0,0.0,0.0,0.0,54.0,88
0.0,0.0,2010,3.0,56.0,25.0,0.0,0.0,0.0,0.0,0.0,0.0,0.0,23.0,107
0.0,0.0,2010,4.0,35.0,1.0,0.0,0.0,0.0,11.0,0.0,0.0,0.0,32.0,83
0.0,0.0,2010,52.0,382.0,186.0,9.0,1.0,6.0,11.0,0.0,0.0,2.0,814.0,1463
0.0,0.0,2010,2.0,8.0,6.0,0.0,1.0,3.0,1.0,0.0,0.0,0.0,23.0,44
0.0,0.0,2010,0.0,15.0,8.0,0.0,0.0,1.0,0.0,0.0,0.0,0.0,11.0,35
0.0,0.0,2010,2.0,23.0,14.0,0.0,1.0,4.0,1.0,0.0,0.0,0.0,34.0,79
0.0,0.0,2010,0.0,0.0,70.0,0.0,0.0,17.0,0.0,0.0,0.0,1.0,1.0,89
0.0,0.0,2010,3.0,0.0,26.0,0.0,0.0,0.0,0.0,0.0,0.0,0.0,0.0,29
0.0,0.0,2010,0.0,1.0,0.0,0.0,0.0,0.0,0.0,0.0,0.0,0.0,0.0,1
0.0,0.0,2010,2.0,1.0,6.0,0.0,0.0,2.0,0.0,0.0,0.0,0.0,3.0,14
0.0,0.0,2010,1.0,3.0,19.0,0.0,0.0,5.0,0.0,0.0,0.0,0.0,0.0,28
0.0,0.0,2010,1.0,7.0,22.0,0.0,0.0,3.0,0.0,0.0,0.0,0.0,1.0,34
0.0,0.0,2010,7.0,2.0,32.0,10.0,0.0,0.0,0.0,0.0,0.0,1.0,25.0,77
0.0,0.0,2010,0.0,0.0,0.0,0.0,0.0,0.0,0.0,0.0,0.0,0.0,0.0,0
0.0,0.0,2010,2.0,0.0,30.0,0.0,0.0,0.0,0.0,0.0,0.0,1.0,0.0,33
0.0,0.0,2010,1.0,4.0,14.0,0.0,0.0,2.0,0.0,0.0,0.0,0.0,0.0,21
0.0,0.0,2010,0.0,0.0,0.0,0.0,0.0,0.0,0.0,0.0,0.0,2.0,0.0,2
0.0,0.0,2010,5.0,2.0,4.0,0.0,0.0,8.0,0.0,0.0,0.0,3.0,0.0,22
0.0,0.0,2010,6.0,4.0,58.0,0.0,0.0,9.0,0.0,0.0,0.0,1.0,7.0,85
0.0,0.0,2010,4.0,3.0,48.0,0.0,0.0,8.0,0.0,0.0,0.0,0.0,0.0,63
0.0,0.0,2010,4.0,0.0,16.0,0.0,0.0,6.0,0.0,0.0,0.0,1.0,0.0,27
0.0,0.0,2010,1.0,1.0,1.0,0.0,0.0,0.0,0.0,0.0,0.0,0.0,22.0,25
0.0,0.0,2010,0.0,1.0,1.0,0.0,0.0,0.0,0.0,0.0,0.0,0.0,0.0,2
0.0,0.0,2010,1.0,0.0,1.0,0.0,0.0,4.0,0.0,0.0,0.0,0.0,0.0,6
0.0,0.0,2010,1.0,2.0,1.0,0.0,0.0,0.0,0.0,0.0,0.0,0.0,14.0,18
0.0,0.0,2010,4.0,1.0,1.0,0.0,0.0,0.0,0.0,0.0,0.0,0.0,21.0,27
0.0,0.0,2010,1.0,3.0,23.0,0.0,0.0,7.0,0.0,0.0,0.0,2.0,2.0,38
0.0,0.0,2010,0.0,1.0,9.0,0.0,0.0,1.0,0.0,0.0,0.0,0.0,0.0,11
0.0,0.0,2010,1.0,2.0,24.0,0.0,0.0,13.0,0.0,0.0,0.0,0.0,1.0,41
0.0,0.0,2010,3.0,12.0,32.0,0.0,0.0,3.0,0.0,0.0,0.0,0.0,1.0,51
0.0,0.0,2010,9.0,15.0,13.0,0.0,10.0,15.0,0.0,0.0,0.0,0.0,0.0,62
0.0,0.0,2010,0.0,5.0,12.0,0.0,0.0,0.0,0.0,0.0,0.0,0.0,0.0,17
0.0,0.0,2010,3.0,18.0,23.0,0.0,0.0,3.0,0.0,0.0,0.0,1.0,2.0,50
0.0,0.0,2010,1.0,1.0,0.0,0.0,0.0,0.0,0.0,0.0,0.0,0.0,1.0,3
0.0,0.0,2010,2.0,3.0,33.0,0.0,0.0,3.0,0.0,0.0,0.0,1.0,11.0,53
0.0,0.0,2010,1.0,6.0,41.0,0.0,0.0,5.0,0.0,0.0,0.0,0.0,5.0,58
0.0,0.0,2010,1.0,4.0,1.0,0.0,0.0,0.0,0.0,0.0,0.0,0.0,0.0,6
0.0,0.0,2010,1.0,0.0,4.0,0.0,0.0,7.0,0.0,0.0,0.0,0.0,1.0,13
0.0,0.0,2010,66.0,102.0,565.0,10.0,10.0,121.0,0.0,0.0,0.0,14.0,118.0,1006
0.0,0.0,2010,2.0,11.0,20.0,0.0,0.0,0.0,0.0,0.0,0.0,0.0,0.0,33
0.0,0.0,2010,0.0,0.0,0.0,0.0,0.0,0.0,0.0,0.0,0.0,0.0,0.0,0
0.0,0.0,2010,0.0,0.0,0.0,0.0,0.0,0.0,0.0,0.0,0.0,0.0,0.0,0
0.0,0.0,2010,1.0,0.0,1.0,0.0,0.0,0.0,0.0,0.0,0.0,0.0,0.0,2
0.0,0.0,2010,0.0,0.0,0.0,0.0,0.0,0.0,0.0,0.0,0.0,0.0,0.0,0
0.0,0.0,2010,4.0,13.0,23.0,1.0,0.0,12.0,0.0,0.0,0.0,0.0,0.0,53
0.0,0.0,2010,0.0,0.0,0.0,0.0,0.0,0.0,0.0,0.0,0.0,0.0,0.0,0
0.0,0.0,2010,0.0,0.0,0.0,0.0,0.0,0.0,0.0,0.0,0.0,0.0,0.0,0
0.0,0.0,2010,3.0,11.0,14.0,0.0,0.0,0.0,0.0,0.0,0.0,0.0,2.0,30
0.0,0.0,2010,0.0,0.0,0.0,0.0,0.0,0.0,0.0,0.0,0.0,0.0,0.0,0
0.0,0.0,2010,1.0,26.0,11.0,0.0,0.0,0.0,0.0,0.0,0.0,0.0,9.0,47
0.0,0.0,2010,2.0,4.0,4.0,0.0,0.0,0.0,0.0,0.0,0.0,0.0,0.0,10
0.0,0.0,2010,0.0,4.0,0.0,0.0,0.0,0.0,0.0,0.0,0.0,0.0,0.0,4
0.0,0.0,2010,4.0,11.0,15.0,1.0,0.0,7.0,0.0,0.0,0.0,0.0,0.0,38
0.0,0.0,2010,7.0,14.0,20.0,0.0,0.0,0.0,0.0,0.0,0.0,0.0,0.0,41
0.0,0.0,2010,0.0,0.0,0.0,0.0,0.0,0.0,0.0,0.0,0.0,0.0,0.0,0
0.0,0.0,2010,1.0,2.0,0.0,0.0,0.0,0.0,0.0,0.0,0.0,0.0,0.0,3
0.0,0.0,2010,4.0,11.0,15.0,0.0,0.0,5.0,0.0,0.0,0.0,0.0,7.0,42
0.0,0.0,2010,0.0,0.0,0.0,0.0,0.0,0.0,0.0,0.0,0.0,0.0,0.0,0
0.0,0.0,2010,0.0,0.0,0.0,0.0,0.0,0.0,0.0,0.0,0.0,0.0,0.0,0
0.0,0.0,2010,0.0,0.0,0.0,0.0,0.0,0.0,0.0,0.0,0.0,0.0,0.0,0
0.0,0.0,2010,0.0,0.0,0.0,0.0,0.0,0.0,0.0,0.0,0.0,0.0,0.0,0
0.0,0.0,2010,29.0,107.0,123.0,2.0,0.0,24.0,0.0,0.0,0.0,0.0,18.0,303
0.0,0.0,2010,2.0,5.0,3.0,0.0,0.0,1.0,1.0,0.0,0.0,0.0,1.0,13
0.0,0.0,2010,0.0,4.0,4.0,0.0,0.0,0.0,0.0,0.0,0.0,1.0,8.0,17
0.0,0.0,2010,0.0,5.0,15.0,0.0,0.0,0.0,0.0,0.0,0.0,0.0,1.0,21
0.0,0.0,2010,0.0,0.0,0.0,0.0,0.0,0.0,0.0,0.0,0.0,0.0,0.0,0
0.0,0.0,2010,0.0,0.0,0.0,0.0,0.0,0.0,0.0,0.0,0.0,0.0,0.0,0
0.0,0.0,2010,1.0,5.0,8.0,0.0,1.0,0.0,0.0,0.0,0.0,0.0,0.0,15
0.0,0.0,2010,0.0,9.0,16.0,0.0,0.0,2.0,0.0,0.0,0.0,0.0,9.0,36
0.0,0.0,2010,0.0,2.0,1.0,0.0,0.0,0.0,0.0,0.0,0.0,0.0,0.0,3
0.0,0.0,2010,0.0,13.0,3.0,0.0,0.0,0.0,0.0,0.0,0.0,0.0,4.0,20
0.0,0.0,2010,0.0,0.0,0.0,0.0,0.0,0.0,0.0,0.0,0.0,0.0,1.0,1
0.0,0.0,2010,0.0,12.0,8.0,0.0,0.0,0.0,1.0,0.0,0.0,0.0,21.0,42
0.0,0.0,2010,0.0,0.0,0.0,0.0,0.0,0.0,0.0,0.0,0.0,1.0,0.0,1
0.0,0.0,2010,1.0,7.0,11.0,0.0,0.0,0.0,0.0,0.0,0.0,2.0,15.0,36
0.0,0.0,2010,1.0,6.0,4.0,0.0,0.0,1.0,1.0,0.0,0.0,0.0,2.0,15
0.0,0.0,2010,1.0,4.0,13.0,0.0,0.0,0.0,0.0,0.0,0.0,1.0,7.0,26
0.0,0.0,2010,6.0,72.0,86.0,0.0,1.0,4.0,3.0,0.0,0.0,5.0,69.0,246
0.0,0.0,2010,0.0,0.0,0.0,0.0,0.0,0.0,0.0,0.0,0.0,0.0,0.0,0
0.0,0.0,2010,0.0,0.0,0.0,0.0,0.0,0.0,0.0,0.0,0.0,0.0,0.0,0
0.0,0.0,2010,0.0,0.0,0.0,0.0,0.0,0.0,0.0,0.0,0.0,0.0,0.0,0
0.0,0.0,2010,0.0,0.0,0.0,0.0,0.0,0.0,0.0,0.0,0.0,0.0,0.0,0
0.0,0.0,2010,0.0,0.0,0.0,0.0,0.0,0.0,0.0,0.0,0.0,0.0,0.0,0
0.0,0.0,2010,0.0,0.0,0.0,0.0,0.0,0.0,0.0,0.0,0.0,0.0,0.0,0
0.0,0.0,2010,0.0,0.0,0.0,0.0,0.0,0.0,0.0,0.0,0.0,0.0,0.0,0
0.0,0.0,2010,0.0,0.0,0.0,0.0,0.0,0.0,0.0,0.0,0.0,0.0,0.0,0
0.0,0.0,2010,0.0,0.0,0.0,0.0,0.0,0.0,0.0,0.0,0.0,0.0,0.0,0
0.0,0.0,2010,0.0,0.0,0.0,0.0,0.0,0.0,0.0,0.0,0.0,0.0,0.0,0
0.0,0.0,2010,0.0,0.0,0.0,0.0,0.0,0.0,0.0,0.0,0.0,0.0,0.0,0
0.0,0.0,2010,1.0,0.0,0.0,0.0,0.0,0.0,0.0,0.0,0.0,0.0,0.0,1
0.0,0.0,2010,0.0,6.0,3.0,0.0,0.0,0.0,0.0,0.0,0.0,0.0,2.0,11
0.0,0.0,2010,0.0,0.0,0.0,0.0,0.0,0.0,0.0,0.0,0.0,0.0,0.0,0
0.0,0.0,2010,0.0,0.0,0.0,0.0,0.0,0.0,0.0,0.0,0.0,0.0,0.0,0
0.0,0.0,2010,0.0,0.0,0.0,0.0,0.0,0.0,0.0,0.0,0.0,0.0,0.0,0
0.0,0.0,2010,0.0,0.0,0.0,0.0,0.0,0.0,0.0,0.0,0.0,0.0,0.0,0
0.0,0.0,2010,0.0,0.0,0.0,1.0,0.0,0.0,0.0,0.0,0.0,0.0,0.0,1
0.0,0.0,2010,0.0,0.0,0.0,0.0,0.0,0.0,0.0,0.0,0.0,0.0,0.0,0
0.0,0.0,2010,0.0,0.0,0.0,0.0,0.0,0.0,0.0,0.0,0.0,0.0,0.0,0
0.0,0.0,2010,0.0,0.0,0.0,0.0,0.0,0.0,0.0,0.0,0.0,0.0,0.0,0
0.0,0.0,2010,0.0,0.0,0.0,0.0,0.0,0.0,0.0,0.0,0.0,0.0,0.0,0
0.0,0.0,2010,0.0,0.0,0.0,0.0,0.0,0.0,0.0,0.0,0.0,0.0,0.0,0
0.0,0.0,2010,0.0,0.0,0.0,0.0,0.0,0.0,0.0,0.0,0.0,0.0,0.0,0
0.0,0.0,2010,0.0,2.0,2.0,0.0,0.0,0.0,0.0,0.0,0.0,0.0,0.0,4
0.0,0.0,2010,0.0,0.0,0.0,0.0,0.0,0.0,0.0,0.0,0.0,0.0,0.0,0
0.0,0.0,2010,0.0,0.0,0.0,0.0,0.0,0.0,0.0,0.0,0.0,0.0,0.0,0
0.0,0.0,2010,0.0,0.0,0.0,0.0,0.0,0.0,0.0,0.0,0.0,0.0,0.0,0
0.0,0.0,2010,0.0,0.0,0.0,0.0,0.0,0.0,0.0,0.0,0.0,0.0,0.0,0
0.0,0.0,2010,1.0,8.0,5.0,1.0,0.0,0.0,0.0,0.0,0.0,0.0,2.0,17
0.0,0.0,2010,0.0,0.0,0.0,0.0,0.0,0.0,0.0,0.0,0.0,0.0,0.0,0
0.0,0.0,2010,0.0,0.0,0.0,0.0,0.0,0.0,0.0,0.0,0.0,0.0,0.0,0
0.0,0.0,2010,0.0,0.0,0.0,0.0,0.0,0.0,0.0,0.0,0.0,0.0,0.0,0
0.0,0.0,2010,0.0,0.0,0.0,0.0,0.0,0.0,0.0,0.0,0.0,0.0,0.0,0
0.0,0.0,2010,0.0,0.0,1.0,0.0,0.0,0.0,0.0,0.0,0.0,0.0,7.0,8
0.0,0.0,2010,1.0,0.0,1.0,0.0,0.0,0.0,0.0,0.0,0.0,0.0,0.0,2
0.0,0.0,2010,2.0,0.0,4.0,0.0,0.0,0.0,0.0,0.0,0.0,0.0,11.0,17
0.0,0.0,2010,0.0,0.0,0.0,0.0,0.0,0.0,0.0,0.0,0.0,0.0,0.0,0
0.0,0.0,2010,0.0,0.0,0.0,0.0,0.0,0.0,0.0,0.0,0.0,0.0,0.0,0
0.0,0.0,2010,0.0,0.0,0.0,0.0,0.0,0.0,0.0,0.0,0.0,0.0,0.0,0
0.0,0.0,2010,0.0,0.0,0.0,0.0,0.0,0.0,21.0,3.0,1.0,0.0,0.0,25
0.0,0.0,2010,0.0,0.0,0.0,0.0,0.0,0.0,0.0,0.0,0.0,0.0,0.0,0
0.0,0.0,2010,0.0,0.0,0.0,0.0,0.0,0.0,0.0,0.0,0.0,0.0,0.0,0
0.0,0.0,2010,0.0,0.0,0.0,0.0,0.0,0.0,0.0,0.0,0.0,0.0,0.0,0
0.0,0.0,2010,0.0,0.0,0.0,0.0,0.0,0.0,0.0,0.0,0.0,0.0,0.0,0
0.0,0.0,2010,0.0,0.0,0.0,0.0,0.0,0.0,0.0,0.0,0.0,0.0,0.0,0
0.0,0.0,2010,0.0,0.0,0.0,0.0,0.0,0.0,0.0,0.0,0.0,0.0,0.0,0
0.0,0.0,2010,0.0,0.0,0.0,0.0,0.0,0.0,0.0,0.0,0.0,0.0,0.0,0
0.0,0.0,2010,0.0,0.0,0.0,0.0,0.0,0.0,0.0,0.0,0.0,0.0,0.0,0
0.0,0.0,2010,0.0,0.0,0.0,0.0,0.0,0.0,0.0,0.0,0.0,0.0,0.0,0
0.0,0.0,2010,0.0,0.0,0.0,0.0,0.0,0.0,0.0,0.0,0.0,0.0,0.0,0
0.0,0.0,2010,0.0,0.0,0.0,0.0,0.0,0.0,0.0,0.0,0.0,0.0,0.0,0
0.0,0.0,2010,1.0,0.0,0.0,0.0,0.0,0.0,0.0,0.0,0.0,0.0,1.0,2
0.0,0.0,2010,0.0,0.0,0.0,0.0,0.0,0.0,0.0,0.0,0.0,0.0,0.0,0
0.0,0.0,2010,0.0,0.0,0.0,0.0,0.0,0.0,0.0,0.0,0.0,0.0,0.0,0
0.0,0.0,2010,0.0,0.0,0.0,0.0,0.0,0.0,0.0,0.0,0.0,0.0,0.0,0
0.0,0.0,2010,4.0,0.0,6.0,0.0,0.0,0.0,21.0,3.0,1.0,0.0,19.0,54
0.0,0.0,2010,1.0,0.0,3.0,0.0,0.0,0.0,0.0,0.0,0.0,1.0,0.0,5
0.0,0.0,2010,2.0,1.0,9.0,0.0,0.0,0.0,4.0,0.0,0.0,0.0,2.0,18
0.0,0.0,2010,0.0,0.0,0.0,0.0,0.0,0.0,0.0,0.0,0.0,0.0,0.0,0
0.0,0.0,2010,17.0,23.0,34.0,0.0,0.0,9.0,0.0,0.0,0.0,2.0,6.0,91
0.0,0.0,2010,0.0,0.0,0.0,0.0,0.0,0.0,0.0,0.0,0.0,0.0,0.0,0
0.0,0.0,2010,3.0,6.0,11.0,0.0,0.0,12.0,0.0,0.0,0.0,0.0,0.0,32
0.0,0.0,2010,0.0,0.0,0.0,0.0,0.0,0.0,0.0,0.0,0.0,0.0,0.0,0
0.0,0.0,2010,0.0,0.0,0.0,0.0,0.0,0.0,0.0,0.0,0.0,0.0,0.0,0
0.0,0.0,2010,0.0,0.0,0.0,0.0,0.0,0.0,0.0,0.0,0.0,0.0,0.0,0
0.0,0.0,2010,1.0,10.0,0.0,0.0,0.0,0.0,0.0,0.0,0.0,0.0,6.0,17
0.0,0.0,2010,1.0,6.0,1.0,0.0,0.0,0.0,0.0,0.0,0.0,1.0,2.0,11
0.0,0.0,2010,0.0,0.0,5.0,0.0,0.0,2.0,0.0,0.0,0.0,0.0,15.0,22
0.0,0.0,2010,0.0,0.0,0.0,0.0,0.0,0.0,0.0,0.0,0.0,0.0,0.0,0
0.0,0.0,2010,0.0,0.0,4.0,4.0,0.0,0.0,0.0,0.0,0.0,0.0,0.0,8
0.0,0.0,2010,0.0,0.0,0.0,0.0,0.0,0.0,0.0,0.0,0.0,0.0,0.0,0
0.0,0.0,2010,1.0,0.0,0.0,0.0,0.0,0.0,0.0,0.0,0.0,0.0,3.0,4
0.0,0.0,2010,0.0,0.0,0.0,0.0,0.0,0.0,0.0,0.0,0.0,0.0,0.0,0
0.0,0.0,2010,0.0,0.0,0.0,0.0,0.0,0.0,0.0,0.0,0.0,0.0,0.0,0
0.0,0.0,2010,0.0,0.0,0.0,0.0,0.0,0.0,0.0,0.0,0.0,0.0,0.0,0
0.0,0.0,2010,0.0,0.0,0.0,0.0,0.0,0.0,0.0,0.0,0.0,0.0,0.0,0
0.0,0.0,2010,1.0,12.0,0.0,0.0,0.0,0.0,1.0,0.0,0.0,0.0,17.0,31
0.0,0.0,2010,0.0,0.0,5.0,0.0,0.0,0.0,0.0,0.0,0.0,0.0,2.0,7
0.0,0.0,2010,0.0,0.0,0.0,0.0,0.0,0.0,0.0,0.0,0.0,1.0,0.0,1
0.0,0.0,2010,3.0,8.0,16.0,0.0,0.0,0.0,0.0,0.0,0.0,0.0,6.0,33
0.0,0.0,2010,0.0,10.0,8.0,0.0,0.0,0.0,0.0,0.0,0.0,0.0,0.0,18
0.0,0.0,2010,8.0,19.0,0.0,0.0,0.0,0.0,0.0,0.0,0.0,1.0,0.0,28
0.0,0.0,2010,0.0,4.0,24.0,0.0,0.0,0.0,0.0,0.0,0.0,1.0,0.0,29
0.0,0.0,2010,2.0,0.0,1.0,0.0,0.0,4.0,0.0,0.0,0.0,0.0,0.0,7
0.0,0.0,2010,0.0,0.0,1.0,0.0,0.0,0.0,0.0,0.0,0.0,0.0,2.0,3
0.0,0.0,2010,5.0,9.0,3.0,0.0,0.0,0.0,16.0,0.0,0.0,1.0,0.0,34
0.0,0.0,2010,0.0,0.0,0.0,0.0,0.0,0.0,0.0,0.0,0.0,0.0,3.0,3
0.0,0.0,2010,0.0,0.0,0.0,0.0,0.0,3.0,0.0,0.0,0.0,0.0,4.0,7
0.0,0.0,2010,0.0,0.0,0.0,0.0,0.0,0.0,0.0,0.0,0.0,0.0,0.0,0
0.0,0.0,2010,0.0,0.0,0.0,0.0,0.0,0.0,0.0,0.0,0.0,0.0,0.0,0
0.0,0.0,2010,45.0,108.0,125.0,4.0,0.0,30.0,21.0,0.0,0.0,8.0,68.0,409
0.0,0.0,2010,5.0,6.0,2.0,0.0,0.0,0.0,0.0,0.0,0.0,0.0,12.0,25
0.0,0.0,2010,1.0,6.0,4.0,0.0,0.0,0.0,0.0,0.0,0.0,0.0,3.0,14
0.0,0.0,2010,2.0,15.0,2.0,0.0,0.0,0.0,1.0,0.0,0.0,0.0,7.0,27
0.0,0.0,2010,1.0,10.0,3.0,0.0,0.0,0.0,0.0,0.0,0.0,0.0,6.0,20
0.0,0.0,2010,4.0,6.0,1.0,0.0,0.0,1.0,1.0,0.0,0.0,1.0,7.0,21
0.0,0.0,2010,2.0,8.0,2.0,0.0,0.0,1.0,1.0,0.0,0.0,0.0,29.0,43
0.0,0.0,2010,4.0,32.0,28.0,0.0,0.0,2.0,1.0,0.0,0.0,1.0,25.0,93
0.0,0.0,2010,0.0,17.0,3.0,0.0,0.0,0.0,0.0,0.0,0.0,0.0,13.0,33
0.0,0.0,2010,2.0,3.0,4.0,0.0,1.0,0.0,0.0,0.0,0.0,0.0,20.0,30
0.0,0.0,2010,4.0,13.0,7.0,0.0,0.0,1.0,0.0,0.0,0.0,0.0,9.0,34
0.0,0.0,2010,1.0,7.0,8.0,0.0,1.0,0.0,0.0,0.0,0.0,3.0,15.0,35
0.0,0.0,2010,5.0,13.0,9.0,0.0,0.0,4.0,0.0,0.0,0.0,1.0,10.0,42
0.0,0.0,2010,0.0,10.0,7.0,0.0,0.0,0.0,0.0,0.0,0.0,0.0,0.0,17
0.0,0.0,2010,0.0,0.0,1.0,0.0,0.0,0.0,0.0,0.0,0.0,0.0,0.0,1
0.0,0.0,2010,4.0,12.0,6.0,0.0,0.0,0.0,0.0,0.0,0.0,0.0,23.0,45
0.0,0.0,2010,1.0,11.0,8.0,0.0,0.0,0.0,1.0,0.0,0.0,0.0,13.0,34
0.0,0.0,2010,6.0,31.0,16.0,0.0,0.0,0.0,1.0,0.0,0.0,0.0,7.0,61
0.0,0.0,2010,0.0,8.0,0.0,0.0,1.0,0.0,0.0,0.0,0.0,0.0,12.0,21
0.0,0.0,2010,42.0,208.0,111.0,0.0,3.0,9.0,6.0,0.0,0.0,6.0,211.0,596
0.0,0.0,2010,0.0,0.0,0.0,0.0,0.0,0.0,0.0,0.0,0.0,0.0,0.0,0
0.0,0.0,2010,4.0,20.0,2.0,1.0,2.0,4.0,0.0,0.0,0.0,0.0,0.0,33
0.0,0.0,2010,1.0,21.0,6.0,0.0,0.0,2.0,0.0,0.0,0.0,0.0,49.0,79
0.0,0.0,2010,0.0,29.0,6.0,0.0,0.0,0.0,0.0,0.0,0.0,0.0,115.0,150
0.0,0.0,2010,3.0,17.0,4.0,0.0,0.0,0.0,0.0,0.0,0.0,0.0,18.0,42
0.0,0.0,2010,5.0,49.0,18.0,0.0,0.0,0.0,0.0,0.0,0.0,0.0,91.0,163
0.0,0.0,2010,0.0,0.0,0.0,0.0,0.0,0.0,0.0,0.0,0.0,0.0,0.0,0
0.0,0.0,2010,9.0,96.0,34.0,0.0,0.0,9.0,0.0,0.0,1.0,0.0,0.0,149
0.0,0.0,2010,0.0,1.0,1.0,0.0,0.0,3.0,0.0,0.0,0.0,0.0,7.0,12
0.0,0.0,2010,0.0,0.0,0.0,0.0,0.0,0.0,0.0,0.0,0.0,0.0,0.0,0
0.0,0.0,2010,0.0,30.0,9.0,0.0,0.0,0.0,0.0,0.0,0.0,1.0,105.0,145
0.0,0.0,2010,0.0,0.0,0.0,0.0,0.0,0.0,0.0,0.0,0.0,0.0,0.0,0
0.0,0.0,2010,0.0,0.0,0.0,0.0,0.0,0.0,0.0,0.0,0.0,0.0,0.0,0
0.0,0.0,2010,7.0,8.0,3.0,0.0,0.0,1.0,0.0,0.0,0.0,0.0,49.0,68
0.0,0.0,2010,2.0,45.0,20.0,0.0,1.0,0.0,0.0,0.0,0.0,0.0,27.0,95
0.0,0.0,2010,7.0,43.0,34.0,0.0,0.0,0.0,0.0,0.0,0.0,0.0,0.0,84
0.0,0.0,2010,2.0,17.0,0.0,2.0,0.0,0.0,0.0,0.0,0.0,0.0,0.0,21
0.0,0.0,2010,2.0,23.0,7.0,0.0,0.0,1.0,0.0,0.0,0.0,0.0,92.0,125
0.0,0.0,2010,9.0,36.0,75.0,0.0,0.0,13.0,0.0,0.0,0.0,0.0,74.0,207
0.0,0.0,2010,2.0,23.0,2.0,0.0,0.0,0.0,0.0,0.0,0.0,0.0,23.0,50
0.0,0.0,2010,1.0,23.0,20.0,0.0,0.0,0.0,0.0,0.0,0.0,0.0,0.0,44
0.0,0.0,2010,7.0,3.0,1.0,0.0,0.0,0.0,0.0,0.0,0.0,0.0,450.0,461
0.0,0.0,2010,0.0,0.0,0.0,0.0,0.0,0.0,0.0,0.0,0.0,0.0,0.0,0
0.0,0.0,2010,1.0,29.0,1.0,6.0,0.0,0.0,0.0,0.0,0.0,0.0,145.0,182
0.0,0.0,2010,0.0,0.0,0.0,0.0,0.0,0.0,0.0,0.0,0.0,0.0,0.0,0
0.0,0.0,2010,0.0,16.0,4.0,0.0,0.0,0.0,0.0,0.0,0.0,0.0,10.0,30
0.0,0.0,2010,4.0,44.0,4.0,0.0,0.0,0.0,0.0,0.0,0.0,0.0,67.0,119
0.0,0.0,2010,4.0,31.0,9.0,0.0,0.0,9.0,0.0,0.0,0.0,0.0,93.0,146
0.0,0.0,2010,0.0,29.0,13.0,0.0,0.0,5.0,0.0,0.0,0.0,0.0,52.0,99
0.0,0.0,2010,2.0,34.0,7.0,0.0,1.0,0.0,0.0,0.0,0.0,0.0,0.0,44
0.0,0.0,2010,2.0,24.0,14.0,0.0,0.0,0.0,0.0,0.0,0.0,0.0,2.0,42
0.0,0.0,2010,2.0,7.0,4.0,1.0,0.0,10.0,0.0,0.0,0.0,0.0,21.0,45
0.0,0.0,2010,1.0,24.0,4.0,0.0,1.0,4.0,0.0,0.0,0.0,0.0,92.0,126
0.0,0.0,2010,2.0,5.0,4.0,0.0,0.0,0.0,0.0,0.0,1.0,0.0,6.0,18
0.0,0.0,2010,0.0,21.0,5.0,0.0,0.0,0.0,0.0,0.0,0.0,0.0,0.0,26
0.0,0.0,2010,0.0,0.0,0.0,0.0,0.0,0.0,0.0,0.0,0.0,0.0,0.0,0
0.0,0.0,2010,0.0,12.0,0.0,0.0,0.0,0.0,0.0,0.0,0.0,0.0,166.0,178
0.0,0.0,2010,3.0,28.0,2.0,0.0,0.0,0.0,0.0,0.0,0.0,0.0,14.0,47
0.0,0.0,2010,4.0,33.0,14.0,0.0,0.0,5.0,0.0,0.0,0.0,0.0,202.0,258
0.0,0.0,2010,3.0,31.0,9.0,4.0,0.0,0.0,0.0,0.0,0.0,0.0,204.0,251
0.0,0.0,2010,6.0,47.0,3.0,0.0,0.0,18.0,18.0,0.0,0.0,0.0,110.0,202
0.0,0.0,2010,5.0,35.0,5.0,0.0,0.0,0.0,0.0,0.0,0.0,1.0,105.0,151
0.0,0.0,2010,4.0,29.0,9.0,0.0,0.0,0.0,0.0,0.0,0.0,0.0,88.0,130
0.0,0.0,2010,2.0,29.0,10.0,0.0,0.0,2.0,0.0,0.0,0.0,0.0,66.0,109
0.0,0.0,2010,0.0,0.0,0.0,0.0,0.0,0.0,0.0,0.0,0.0,0.0,0.0,0
0.0,0.0,2010,4.0,43.0,10.0,2.0,1.0,1.0,0.0,0.0,0.0,0.0,0.0,61
0.0,0.0,2010,3.0,14.0,9.0,1.0,0.0,1.0,0.0,0.0,0.0,0.0,34.0,62
0.0,0.0,2010,5.0,29.0,10.0,1.0,0.0,5.0,0.0,0.0,0.0,0.0,32.0,82
0.0,0.0,2010,4.0,21.0,19.0,0.0,1.0,0.0,0.0,0.0,0.0,0.0,44.0,89
0.0,0.0,2010,0.0,15.0,0.0,0.0,0.0,0.0,0.0,0.0,0.0,2.0,63.0,80
0.0,0.0,2010,19.0,36.0,22.0,0.0,0.0,0.0,0.0,0.0,0.0,0.0,136.0,213
0.0,0.0,2010,1.0,8.0,0.0,0.0,0.0,0.0,0.0,0.0,0.0,0.0,0.0,9
0.0,0.0,2010,2.0,24.0,7.0,0.0,0.0,0.0,0.0,0.0,0.0,0.0,152.0,185
0.0,0.0,2010,144.0,1182.0,440.0,18.0,7.0,93.0,18.0,0.0,2.0,4.0,3004.0,4912
0.0,0.0,2010,12.0,9.0,13.0,0.0,0.0,0.0,0.0,0.0,0.0,0.0,6.0,40
0.0,0.0,2010,2.0,14.0,22.0,0.0,0.0,10.0,0.0,0.0,0.0,0.0,28.0,76
0.0,0.0,2010,0.0,9.0,23.0,0.0,0.0,7.0,0.0,0.0,0.0,0.0,17.0,56
0.0,0.0,2010,3.0,20.0,19.0,0.0,0.0,0.0,0.0,0.0,0.0,0.0,0.0,42
0.0,0.0,2010,5.0,10.0,18.0,0.0,0.0,5.0,7.0,0.0,0.0,0.0,9.0,54
0.0,0.0,2010,5.0,6.0,4.0,1.0,0.0,0.0,0.0,0.0,0.0,0.0,14.0,30
0.0,0.0,2010,7.0,12.0,19.0,0.0,0.0,8.0,0.0,0.0,0.0,1.0,44.0,91
0.0,0.0,2010,0.0,12.0,12.0,0.0,3.0,0.0,0.0,0.0,0.0,1.0,32.0,60
0.0,0.0,2010,8.0,17.0,16.0,0.0,0.0,7.0,0.0,0.0,0.0,0.0,28.0,76
0.0,0.0,2010,6.0,24.0,16.0,0.0,0.0,1.0,0.0,0.0,0.0,0.0,42.0,89
0.0,0.0,2010,4.0,0.0,0.0,0.0,0.0,5.0,0.0,0.0,0.0,0.0,0.0,9
0.0,0.0,2010,3.0,12.0,9.0,0.0,0.0,0.0,0.0,0.0,0.0,0.0,23.0,47
0.0,0.0,2010,1.0,7.0,3.0,0.0,0.0,0.0,0.0,0.0,0.0,0.0,5.0,16
0.0,0.0,2010,5.0,1.0,1.0,0.0,1.0,3.0,0.0,0.0,0.0,0.0,0.0,11
0.0,0.0,2010,4.0,8.0,5.0,0.0,0.0,3.0,0.0,0.0,0.0,0.0,16.0,36
0.0,0.0,2010,6.0,2.0,10.0,1.0,0.0,0.0,0.0,0.0,0.0,0.0,8.0,27
0.0,0.0,2010,9.0,9.0,14.0,0.0,0.0,4.0,0.0,0.0,0.0,0.0,17.0,53
0.0,0.0,2010,2.0,4.0,5.0,0.0,0.0,0.0,0.0,0.0,0.0,0.0,2.0,13
0.0,0.0,2010,11.0,140.0,113.0,0.0,1.0,20.0,1.0,0.0,0.0,0.0,246.0,532
0.0,0.0,2010,2.0,1.0,4.0,0.0,0.0,9.0,0.0,0.0,0.0,0.0,2.0,18
0.0,0.0,2010,5.0,30.0,30.0,0.0,3.0,2.0,0.0,0.0,1.0,0.0,159.0,230
0.0,0.0,2010,1.0,0.0,0.0,0.0,0.0,11.0,0.0,0.0,0.0,0.0,0.0,12
0.0,0.0,2010,4.0,20.0,19.0,0.0,1.0,4.0,0.0,0.0,0.0,0.0,19.0,67
0.0,0.0,2010,4.0,13.0,29.0,0.0,0.0,6.0,0.0,0.0,0.0,0.0,43.0,95
0.0,0.0,2010,4.0,11.0,6.0,0.0,1.0,0.0,0.0,0.0,0.0,0.0,6.0,28
0.0,0.0,2010,0.0,13.0,6.0,0.0,1.0,4.0,0.0,0.0,0.0,0.0,1.0,25
0.0,0.0,2010,6.0,23.0,0.0,0.0,2.0,6.0,16.0,0.0,0.0,0.0,15.0,68
0.0,0.0,2010,3.0,14.0,10.0,0.0,0.0,5.0,0.0,0.0,0.0,0.0,41.0,73
0.0,0.0,2010,3.0,18.0,18.0,0.0,1.0,4.0,0.0,0.0,0.0,0.0,9.0,53
0.0,0.0,2010,3.0,9.0,15.0,0.0,0.0,4.0,0.0,0.0,0.0,0.0,5.0,36
0.0,0.0,2010,9.0,52.0,44.0,1.0,1.0,13.0,0.0,27.0,0.0,0.0,206.0,353
0.0,0.0,2010,0.0,0.0,1.0,0.0,0.0,5.0,0.0,0.0,0.0,0.0,0.0,6
0.0,0.0,2010,10.0,32.0,28.0,1.0,0.0,11.0,0.0,0.0,0.0,1.0,61.0,144
0.0,0.0,2010,3.0,3.0,6.0,0.0,0.0,0.0,0.0,0.0,0.0,0.0,10.0,22
0.0,0.0,2010,2.0,19.0,6.0,0.0,0.0,0.0,1.0,0.0,0.0,0.0,12.0,40
0.0,0.0,2010,10.0,31.0,12.0,0.0,1.0,5.0,0.0,0.0,0.0,0.0,23.0,82
0.0,0.0,2010,6.0,18.0,26.0,0.0,0.0,8.0,0.0,0.0,0.0,1.0,25.0,84
0.0,0.0,2010,2.0,2.0,3.0,0.0,0.0,0.0,0.0,0.0,0.0,0.0,2.0,9
0.0,0.0,2010,2.0,7.0,10.0,0.0,0.0,0.0,0.0,0.0,0.0,0.0,12.0,31
0.0,0.0,2010,11.0,6.0,1.0,0.0,0.0,12.0,0.0,0.0,0.0,0.0,1.0,31
0.0,0.0,2010,11.0,52.0,66.0,1.0,0.0,9.0,1.0,0.0,0.0,0.0,48.0,188
0.0,0.0,2010,12.0,17.0,18.0,0.0,0.0,0.0,0.0,0.0,0.0,0.0,0.0,47
0.0,0.0,2010,2.0,12.0,18.0,0.0,0.0,1.0,0.0,0.0,0.0,0.0,3.0,36
0.0,0.0,2010,2.0,8.0,12.0,0.0,0.0,0.0,0.0,0.0,0.0,0.0,2.0,24
0.0,0.0,2010,4.0,20.0,39.0,0.0,0.0,6.0,0.0,0.0,0.0,0.0,35.0,104
0.0,0.0,2010,214.0,747.0,749.0,5.0,16.0,198.0,26.0,27.0,1.0,4.0,1277.0,3264
0.0,0.0,2010,0.0,3.0,7.0,0.0,0.0,0.0,0.0,0.0,0.0,0.0,0.0,10
0.0,0.0,2010,1.0,0.0,0.0,0.0,0.0,0.0,0.0,0.0,0.0,0.0,0.0,1
0.0,0.0,2010,1.0,1.0,0.0,0.0,0.0,0.0,0.0,0.0,0.0,0.0,0.0,2
0.0,0.0,2010,0.0,0.0,0.0,0.0,0.0,0.0,0.0,0.0,0.0,0.0,0.0,0
0.0,0.0,2010,0.0,3.0,10.0,0.0,0.0,0.0,0.0,0.0,0.0,0.0,0.0,13
0.0,0.0,2010,0.0,1.0,27.0,0.0,0.0,0.0,0.0,0.0,0.0,0.0,0.0,28
0.0,0.0,2010,0.0,1.0,1.0,0.0,0.0,0.0,0.0,0.0,0.0,0.0,0.0,2
0.0,0.0,2010,0.0,0.0,0.0,0.0,0.0,0.0,0.0,0.0,0.0,0.0,0.0,0
0.0,0.0,2010,0.0,2.0,15.0,0.0,0.0,0.0,0.0,0.0,0.0,0.0,0.0,17
0.0,0.0,2010,0.0,0.0,0.0,0.0,0.0,0.0,0.0,0.0,0.0,0.0,0.0,0
0.0,0.0,2010,2.0,11.0,60.0,0.0,0.0,0.0,0.0,0.0,0.0,0.0,0.0,73
0.0,0.0,2010,0.0,1.0,2.0,0.0,0.0,0.0,0.0,0.0,0.0,0.0,0.0,3
0.0,0.0,2010,0.0,0.0,0.0,0.0,0.0,0.0,0.0,0.0,0.0,0.0,0.0,0
0.0,0.0,2010,1.0,12.0,6.0,0.0,0.0,0.0,0.0,0.0,0.0,0.0,0.0,19
0.0,0.0,2010,1.0,21.0,3.0,0.0,0.0,0.0,0.0,0.0,0.0,0.0,0.0,25
0.0,0.0,2010,0.0,15.0,1.0,0.0,0.0,0.0,0.0,0.0,0.0,0.0,0.0,16
0.0,0.0,2010,0.0,26.0,2.0,0.0,0.0,0.0,0.0,0.0,0.0,0.0,1.0,29
0.0,0.0,2010,0.0,16.0,2.0,0.0,0.0,0.0,0.0,0.0,0.0,0.0,0.0,18
0.0,0.0,2010,2.0,91.0,16.0,0.0,0.0,0.0,0.0,0.0,0.0,0.0,1.0,110
0.0,0.0,2010,0.0,13.0,0.0,0.0,0.0,0.0,0.0,0.0,0.0,0.0,0.0,13
0.0,0.0,2010,1.0,13.0,0.0,0.0,0.0,0.0,0.0,0.0,0.0,0.0,6.0,20
0.0,0.0,2010,0.0,2.0,0.0,0.0,0.0,0.0,0.0,0.0,0.0,0.0,1.0,3
0.0,0.0,2010,0.0,1.0,0.0,0.0,0.0,0.0,0.0,0.0,0.0,0.0,0.0,1
0.0,0.0,2010,0.0,5.0,0.0,0.0,0.0,0.0,0.0,0.0,0.0,0.0,0.0,5
0.0,0.0,2010,0.0,3.0,0.0,0.0,0.0,0.0,0.0,0.0,0.0,0.0,0.0,3
0.0,0.0,2010,0.0,0.0,0.0,0.0,0.0,0.0,0.0,0.0,0.0,0.0,0.0,0
0.0,0.0,2010,0.0,5.0,0.0,0.0,0.0,0.0,0.0,0.0,0.0,0.0,0.0,5
0.0,0.0,2010,1.0,42.0,0.0,0.0,0.0,0.0,0.0,0.0,0.0,0.0,7.0,50
0.0,0.0,2010,0.0,3.0,7.0,0.0,0.0,0.0,0.0,0.0,0.0,0.0,0.0,10
0.0,0.0,2010,0.0,0.0,0.0,0.0,0.0,0.0,0.0,0.0,0.0,0.0,0.0,0
0.0,0.0,2010,0.0,0.0,0.0,0.0,0.0,0.0,0.0,0.0,0.0,0.0,0.0,0
0.0,0.0,2010,0.0,0.0,0.0,0.0,0.0,0.0,0.0,0.0,0.0,0.0,0.0,0
0.0,0.0,2010,0.0,0.0,0.0,0.0,0.0,0.0,0.0,0.0,0.0,0.0,0.0,0
0.0,0.0,2010,0.0,0.0,0.0,0.0,0.0,0.0,0.0,0.0,0.0,0.0,0.0,0
0.0,0.0,2010,0.0,0.0,0.0,0.0,0.0,0.0,0.0,0.0,0.0,0.0,0.0,0
0.0,0.0,2010,0.0,0.0,0.0,0.0,0.0,0.0,0.0,0.0,0.0,0.0,0.0,0
0.0,0.0,2010,0.0,0.0,0.0,0.0,0.0,0.0,0.0,0.0,0.0,0.0,0.0,0
0.0,0.0,2010,0.0,0.0,0.0,0.0,0.0,0.0,0.0,0.0,0.0,0.0,0.0,0
0.0,0.0,2010,0.0,0.0,0.0,0.0,0.0,0.0,0.0,0.0,0.0,0.0,0.0,0
0.0,0.0,2010,0.0,3.0,7.0,0.0,0.0,0.0,0.0,0.0,0.0,0.0,0.0,10
0.0,0.0,2010,1.0,1.0,2.0,0.0,0.0,0.0,0.0,0.0,0.0,0.0,28.0,32
0.0,0.0,2010,2.0,4.0,1.0,0.0,0.0,0.0,0.0,0.0,0.0,0.0,1.0,8
0.0,0.0,2010,0.0,1.0,0.0,0.0,0.0,0.0,0.0,0.0,0.0,0.0,0.0,1
0.0,0.0,2010,0.0,0.0,0.0,0.0,0.0,0.0,0.0,0.0,0.0,0.0,0.0,0
0.0,0.0,2010,0.0,0.0,0.0,0.0,0.0,0.0,0.0,0.0,0.0,0.0,0.0,0
0.0,0.0,2010,0.0,0.0,0.0,0.0,0.0,0.0,0.0,0.0,0.0,0.0,0.0,0
0.0,0.0,2010,0.0,0.0,7.0,0.0,0.0,0.0,0.0,0.0,0.0,0.0,0.0,7
0.0,0.0,2010,0.0,12.0,0.0,0.0,0.0,0.0,0.0,0.0,0.0,0.0,0.0,12
0.0,0.0,2010,0.0,0.0,0.0,0.0,0.0,0.0,0.0,0.0,0.0,0.0,0.0,0
0.0,0.0,2010,0.0,0.0,0.0,0.0,0.0,0.0,0.0,0.0,0.0,0.0,0.0,0
0.0,0.0,2010,1.0,4.0,0.0,0.0,0.0,0.0,2.0,0.0,0.0,0.0,0.0,7
0.0,0.0,2010,0.0,0.0,0.0,0.0,0.0,0.0,0.0,0.0,0.0,0.0,0.0,0
0.0,0.0,2010,1.0,1.0,0.0,0.0,0.0,0.0,0.0,0.0,0.0,0.0,0.0,2
0.0,0.0,2010,1.0,3.0,0.0,0.0,0.0,0.0,0.0,0.0,0.0,0.0,0.0,4
0.0,0.0,2010,0.0,0.0,0.0,0.0,0.0,0.0,0.0,0.0,0.0,0.0,0.0,0
0.0,0.0,2010,0.0,0.0,0.0,0.0,0.0,0.0,0.0,0.0,0.0,0.0,0.0,0
0.0,0.0,2010,1.0,0.0,0.0,0.0,0.0,0.0,0.0,0.0,0.0,0.0,0.0,1
0.0,0.0,2010,0.0,33.0,9.0,0.0,0.0,0.0,0.0,0.0,0.0,0.0,0.0,42
0.0,0.0,2010,0.0,0.0,0.0,0.0,0.0,0.0,0.0,0.0,0.0,0.0,0.0,0
0.0,0.0,2010,1.0,3.0,0.0,0.0,0.0,0.0,0.0,0.0,0.0,0.0,0.0,4
0.0,0.0,2010,0.0,0.0,0.0,0.0,0.0,0.0,0.0,0.0,0.0,0.0,0.0,0
0.0,0.0,2010,0.0,2.0,0.0,0.0,0.0,0.0,0.0,0.0,0.0,0.0,6.0,8
0.0,0.0,2010,0.0,0.0,0.0,0.0,0.0,0.0,0.0,0.0,0.0,0.0,0.0,0
0.0,0.0,2010,0.0,2.0,0.0,0.0,0.0,0.0,2.0,0.0,0.0,0.0,0.0,4
0.0,0.0,2010,0.0,0.0,0.0,0.0,0.0,0.0,0.0,0.0,0.0,0.0,14.0,14
0.0,0.0,2010,0.0,1.0,5.0,0.0,0.0,0.0,0.0,0.0,0.0,0.0,0.0,6
0.0,0.0,2010,0.0,0.0,0.0,0.0,0.0,0.0,0.0,0.0,0.0,0.0,0.0,0
0.0,0.0,2010,0.0,0.0,0.0,0.0,0.0,0.0,0.0,0.0,0.0,0.0,6.0,6
0.0,0.0,2010,0.0,0.0,0.0,0.0,0.0,0.0,0.0,0.0,0.0,0.0,0.0,0
0.0,0.0,2010,0.0,1.0,0.0,0.0,0.0,0.0,0.0,0.0,0.0,0.0,0.0,1
0.0,0.0,2010,0.0,2.0,10.0,0.0,0.0,0.0,0.0,0.0,0.0,0.0,0.0,12
0.0,0.0,2010,0.0,0.0,0.0,0.0,0.0,0.0,0.0,0.0,0.0,0.0,0.0,0
0.0,0.0,2010,0.0,2.0,5.0,0.0,0.0,0.0,0.0,0.0,0.0,0.0,1.0,8
0.0,0.0,2010,0.0,0.0,2.0,0.0,0.0,0.0,0.0,0.0,0.0,0.0,0.0,2
0.0,0.0,2010,0.0,0.0,0.0,0.0,0.0,0.0,0.0,0.0,0.0,0.0,0.0,0
0.0,0.0,2010,1.0,2.0,10.0,0.0,0.0,0.0,0.0,0.0,0.0,0.0,0.0,13
0.0,0.0,2010,9.0,74.0,51.0,0.0,0.0,0.0,4.0,0.0,0.0,0.0,56.0,194
0.0,0.0,2010,6.0,9.0,17.0,0.0,0.0,0.0,0.0,0.0,0.0,0.0,6.0,38
0.0,0.0,2010,1.0,7.0,3.0,0.0,0.0,0.0,0.0,0.0,0.0,0.0,3.0,14
0.0,0.0,2010,0.0,9.0,19.0,0.0,0.0,2.0,0.0,0.0,0.0,0.0,3.0,33
0.0,0.0,2010,2.0,13.0,21.0,4.0,1.0,0.0,0.0,0.0,0.0,0.0,2.0,43
0.0,0.0,2010,11.0,12.0,40.0,0.0,0.0,0.0,0.0,0.0,0.0,0.0,2.0,65
0.0,0.0,2010,0.0,1.0,15.0,0.0,0.0,0.0,0.0,0.0,0.0,0.0,0.0,16
0.0,0.0,2010,2.0,25.0,111.0,1.0,0.0,7.0,0.0,0.0,1.0,0.0,3.0,150
0.0,0.0,2010,0.0,0.0,1.0,0.0,0.0,0.0,0.0,0.0,0.0,0.0,0.0,1
0.0,0.0,2010,0.0,4.0,3.0,0.0,0.0,0.0,0.0,0.0,0.0,0.0,3.0,10
0.0,0.0,2010,0.0,0.0,0.0,0.0,0.0,0.0,0.0,0.0,0.0,0.0,0.0,0
0.0,0.0,2010,2.0,0.0,0.0,0.0,0.0,0.0,0.0,0.0,0.0,0.0,0.0,2
0.0,0.0,2010,1.0,0.0,7.0,0.0,0.0,0.0,0.0,0.0,0.0,0.0,0.0,8
0.0,0.0,2010,3.0,11.0,27.0,0.0,0.0,0.0,0.0,0.0,0.0,0.0,0.0,41
0.0,0.0,2010,0.0,0.0,0.0,0.0,0.0,0.0,0.0,0.0,0.0,0.0,0.0,0
0.0,0.0,2010,2.0,7.0,18.0,0.0,0.0,0.0,0.0,0.0,0.0,0.0,0.0,27
0.0,0.0,2010,1.0,2.0,4.0,2.0,0.0,0.0,0.0,0.0,0.0,0.0,0.0,9
0.0,0.0,2010,0.0,2.0,6.0,1.0,1.0,0.0,0.0,0.0,0.0,0.0,0.0,10
0.0,0.0,2010,3.0,18.0,6.0,0.0,0.0,0.0,0.0,0.0,0.0,0.0,4.0,31
0.0,0.0,2010,1.0,0.0,0.0,0.0,0.0,0.0,0.0,0.0,0.0,0.0,0.0,1
0.0,0.0,2010,0.0,5.0,9.0,0.0,0.0,2.0,0.0,0.0,0.0,0.0,0.0,16
0.0,0.0,2010,3.0,7.0,24.0,2.0,0.0,0.0,0.0,0.0,0.0,0.0,6.0,42
0.0,0.0,2010,2.0,6.0,13.0,0.0,0.0,0.0,0.0,0.0,0.0,0.0,2.0,23
0.0,0.0,2010,1.0,3.0,3.0,0.0,0.0,0.0,0.0,0.0,0.0,0.0,2.0,9
0.0,0.0,2010,0.0,1.0,13.0,4.0,0.0,0.0,0.0,0.0,0.0,0.0,0.0,18
0.0,0.0,2010,1.0,1.0,11.0,1.0,0.0,0.0,0.0,0.0,0.0,0.0,0.0,14
0.0,0.0,2010,3.0,1.0,2.0,0.0,0.0,0.0,0.0,0.0,0.0,0.0,0.0,6
0.0,0.0,2010,45.0,144.0,373.0,15.0,2.0,11.0,0.0,0.0,1.0,0.0,36.0,627
0.0,0.0,2010,3.0,20.0,49.0,2.0,0.0,0.0,1.0,0.0,0.0,0.0,0.0,75
0.0,0.0,2010,0.0,29.0,65.0,0.0,1.0,0.0,0.0,0.0,0.0,0.0,0.0,95
0.0,0.0,2010,1.0,23.0,16.0,0.0,0.0,2.0,0.0,0.0,0.0,0.0,0.0,42
0.0,0.0,2010,2.0,11.0,30.0,3.0,0.0,0.0,0.0,0.0,0.0,0.0,0.0,46
0.0,0.0,2010,0.0,9.0,6.0,0.0,0.0,2.0,2.0,0.0,0.0,0.0,0.0,19
0.0,0.0,2010,0.0,0.0,0.0,0.0,0.0,4.0,0.0,0.0,0.0,0.0,0.0,4
0.0,0.0,2010,0.0,6.0,61.0,0.0,0.0,10.0,0.0,0.0,0.0,0.0,0.0,77
0.0,0.0,2010,0.0,8.0,7.0,0.0,0.0,0.0,0.0,0.0,0.0,0.0,0.0,15
0.0,0.0,2010,1.0,0.0,0.0,0.0,0.0,2.0,0.0,0.0,0.0,0.0,0.0,3
0.0,0.0,2010,2.0,15.0,0.0,1.0,0.0,1.0,0.0,0.0,0.0,0.0,0.0,19
0.0,0.0,2010,4.0,19.0,12.0,0.0,0.0,0.0,0.0,0.0,0.0,0.0,0.0,35
0.0,0.0,2010,2.0,5.0,32.0,0.0,0.0,0.0,0.0,0.0,0.0,0.0,0.0,39
0.0,0.0,2010,2.0,4.0,11.0,0.0,0.0,1.0,0.0,0.0,0.0,0.0,2.0,20
0.0,0.0,2010,0.0,9.0,7.0,0.0,0.0,4.0,0.0,0.0,0.0,0.0,0.0,20
0.0,0.0,2010,0.0,0.0,1.0,0.0,0.0,4.0,0.0,0.0,0.0,0.0,0.0,5
0.0,0.0,2010,0.0,1.0,0.0,0.0,0.0,6.0,0.0,0.0,0.0,0.0,0.0,7
0.0,0.0,2010,7.0,8.0,34.0,0.0,1.0,5.0,6.0,0.0,0.0,1.0,0.0,62
0.0,0.0,2010,3.0,14.0,24.0,0.0,0.0,0.0,0.0,0.0,0.0,0.0,3.0,44
0.0,0.0,2010,2.0,12.0,38.0,0.0,0.0,2.0,0.0,0.0,0.0,0.0,0.0,54
0.0,0.0,2010,8.0,5.0,34.0,0.0,0.0,0.0,0.0,0.0,0.0,0.0,0.0,47
0.0,0.0,2010,3.0,10.0,31.0,0.0,0.0,18.0,0.0,0.0,0.0,1.0,1.0,64
0.0,0.0,2010,2.0,5.0,0.0,0.0,0.0,0.0,0.0,0.0,0.0,0.0,0.0,7
0.0,0.0,2010,0.0,1.0,3.0,0.0,0.0,0.0,0.0,0.0,0.0,0.0,0.0,4
0.0,0.0,2010,0.0,7.0,15.0,0.0,0.0,6.0,0.0,0.0,0.0,0.0,0.0,28
0.0,0.0,2010,3.0,12.0,24.0,1.0,0.0,1.0,0.0,0.0,0.0,0.0,0.0,41
0.0,0.0,2010,4.0,18.0,5.0,0.0,0.0,10.0,0.0,0.0,0.0,0.0,0.0,37
0.0,0.0,2010,0.0,1.0,4.0,0.0,0.0,11.0,0.0,0.0,0.0,0.0,0.0,16
0.0,0.0,2010,2.0,9.0,19.0,0.0,0.0,0.0,0.0,0.0,0.0,0.0,0.0,30
0.0,0.0,2010,5.0,10.0,23.0,0.0,0.0,0.0,0.0,0.0,0.0,0.0,0.0,38
0.0,0.0,2010,13.0,0.0,6.0,0.0,0.0,8.0,4.0,0.0,0.0,0.0,0.0,31
0.0,0.0,2010,0.0,0.0,0.0,0.0,0.0,0.0,0.0,0.0,0.0,0.0,0.0,0
0.0,0.0,2010,3.0,13.0,20.0,0.0,0.0,4.0,0.0,0.0,0.0,0.0,0.0,40
0.0,0.0,2010,0.0,0.0,0.0,0.0,0.0,0.0,0.0,0.0,0.0,0.0,0.0,0
0.0,0.0,2010,1.0,15.0,20.0,1.0,0.0,4.0,0.0,0.0,0.0,0.0,0.0,41
0.0,0.0,2010,1.0,2.0,1.0,0.0,0.0,1.0,0.0,0.0,0.0,0.0,0.0,5
0.0,0.0,2010,0.0,5.0,21.0,9.0,0.0,0.0,0.0,0.0,0.0,0.0,0.0,35
0.0,0.0,2010,1.0,20.0,52.0,0.0,0.0,0.0,0.0,0.0,0.0,0.0,0.0,73
0.0,0.0,2010,1.0,8.0,12.0,0.0,0.0,2.0,1.0,0.0,0.0,0.0,0.0,24
0.0,0.0,2010,0.0,3.0,8.0,1.0,0.0,2.0,0.0,0.0,0.0,0.0,0.0,14
0.0,0.0,2010,6.0,32.0,15.0,0.0,0.0,9.0,0.0,0.0,0.0,0.0,0.0,62
0.0,0.0,2010,82.0,369.0,706.0,18.0,2.0,119.0,14.0,0.0,0.0,2.0,6.0,1318
0.0,0.0,2010,1.0,4.0,3.0,0.0,0.0,0.0,0.0,0.0,0.0,0.0,4.0,12
0.0,0.0,2010,0.0,0.0,0.0,0.0,0.0,0.0,0.0,0.0,0.0,0.0,1.0,1
0.0,0.0,2010,2.0,7.0,1.0,0.0,0.0,0.0,0.0,0.0,0.0,0.0,0.0,10
0.0,0.0,2010,0.0,3.0,1.0,0.0,0.0,0.0,0.0,0.0,0.0,0.0,2.0,6
0.0,0.0,2010,3.0,14.0,5.0,0.0,0.0,0.0,0.0,0.0,0.0,0.0,7.0,29
0.0,0.0,2010,2.0,1.0,1.0,0.0,0.0,0.0,0.0,0.0,0.0,0.0,2.0,6
0.0,0.0,2010,4.0,22.0,27.0,0.0,0.0,0.0,0.0,0.0,0.0,0.0,0.0,53
0.0,0.0,2010,0.0,0.0,0.0,0.0,0.0,0.0,0.0,0.0,0.0,0.0,0.0,0
0.0,0.0,2010,2.0,14.0,9.0,0.0,0.0,0.0,0.0,0.0,0.0,0.0,0.0,25
0.0,0.0,2010,1.0,4.0,0.0,0.0,0.0,0.0,0.0,0.0,0.0,0.0,0.0,5
0.0,0.0,2010,2.0,5.0,4.0,0.0,0.0,0.0,0.0,0.0,0.0,0.0,0.0,11
0.0,0.0,2010,3.0,13.0,0.0,0.0,0.0,0.0,0.0,0.0,0.0,0.0,0.0,16
0.0,0.0,2010,6.0,8.0,16.0,0.0,1.0,0.0,13.0,0.0,0.0,0.0,3.0,47
0.0,0.0,2010,3.0,6.0,0.0,0.0,0.0,0.0,0.0,0.0,0.0,0.0,0.0,9
0.0,0.0,2010,1.0,9.0,20.0,0.0,0.0,0.0,0.0,0.0,0.0,0.0,0.0,30
0.0,0.0,2010,3.0,0.0,0.0,0.0,0.0,0.0,0.0,0.0,0.0,0.0,0.0,3
0.0,0.0,2010,1.0,0.0,0.0,0.0,0.0,0.0,0.0,0.0,0.0,0.0,9.0,10
0.0,0.0,2010,2.0,0.0,0.0,0.0,0.0,0.0,0.0,0.0,0.0,0.0,0.0,2
0.0,0.0,2010,0.0,11.0,29.0,0.0,0.0,0.0,0.0,0.0,0.0,0.0,0.0,40
0.0,0.0,2010,0.0,0.0,0.0,0.0,0.0,0.0,0.0,0.0,0.0,0.0,0.0,0
0.0,0.0,2010,3.0,0.0,0.0,0.0,0.0,0.0,0.0,0.0,0.0,0.0,0.0,3
0.0,0.0,2010,0.0,0.0,14.0,0.0,0.0,0.0,0.0,0.0,0.0,0.0,21.0,35
0.0,0.0,2010,4.0,8.0,29.0,0.0,0.0,0.0,0.0,0.0,0.0,0.0,0.0,41
0.0,0.0,2010,1.0,4.0,5.0,0.0,0.0,0.0,0.0,0.0,0.0,0.0,0.0,10
0.0,0.0,2010,0.0,0.0,0.0,0.0,0.0,0.0,0.0,0.0,0.0,0.0,0.0,0
0.0,0.0,2010,0.0,0.0,0.0,0.0,0.0,0.0,0.0,0.0,0.0,0.0,0.0,0
0.0,0.0,2010,0.0,4.0,13.0,0.0,0.0,0.0,0.0,0.0,0.0,0.0,0.0,17
0.0,0.0,2010,7.0,1.0,99.0,0.0,0.0,0.0,0.0,0.0,0.0,0.0,1.0,108
0.0,0.0,2010,5.0,19.0,30.0,0.0,0.0,0.0,0.0,0.0,0.0,0.0,0.0,54
0.0,0.0,2010,0.0,0.0,0.0,0.0,0.0,0.0,0.0,0.0,0.0,0.0,4.0,4
0.0,0.0,2010,0.0,0.0,0.0,0.0,0.0,0.0,0.0,0.0,0.0,0.0,0.0,0
0.0,0.0,2010,3.0,12.0,27.0,0.0,0.0,0.0,0.0,0.0,0.0,0.0,0.0,42
0.0,0.0,2010,5.0,2.0,8.0,0.0,0.0,0.0,0.0,0.0,0.0,0.0,1.0,16
0.0,0.0,2010,1.0,8.0,1.0,0.0,0.0,0.0,0.0,0.0,0.0,0.0,0.0,10
0.0,0.0,2010,2.0,0.0,3.0,0.0,0.0,0.0,0.0,0.0,0.0,0.0,0.0,5
0.0,0.0,2010,0.0,7.0,28.0,0.0,0.0,0.0,0.0,0.0,0.0,0.0,0.0,35
0.0,0.0,2010,2.0,8.0,11.0,0.0,0.0,0.0,0.0,0.0,0.0,0.0,1.0,22
0.0,0.0,2010,3.0,0.0,0.0,0.0,0.0,0.0,0.0,0.0,0.0,0.0,0.0,3
0.0,0.0,2010,0.0,0.0,0.0,0.0,0.0,0.0,0.0,0.0,0.0,0.0,0.0,0
0.0,0.0,2010,0.0,0.0,0.0,0.0,0.0,0.0,0.0,0.0,0.0,0.0,0.0,0
0.0,0.0,2010,0.0,0.0,0.0,0.0,0.0,0.0,0.0,0.0,0.0,0.0,0.0,0
0.0,0.0,2010,0.0,4.0,11.0,0.0,0.0,0.0,0.0,0.0,0.0,0.0,0.0,15
0.0,0.0,2010,8.0,17.0,42.0,0.0,0.0,0.0,0.0,0.0,0.0,0.0,0.0,67
0.0,0.0,2010,4.0,16.0,32.0,0.0,0.0,0.0,0.0,0.0,0.0,0.0,0.0,52
0.0,0.0,2010,2.0,0.0,0.0,0.0,0.0,0.0,0.0,0.0,0.0,0.0,12.0,14
0.0,0.0,2010,80.0,203.0,459.0,0.0,1.0,0.0,13.0,0.0,0.0,0.0,54.0,810
0.0,0.0,2010,0.0,13.0,4.0,0.0,0.0,0.0,0.0,0.0,0.0,0.0,5.0,22
0.0,0.0,2010,0.0,0.0,0.0,0.0,0.0,0.0,0.0,0.0,0.0,0.0,0.0,0
0.0,0.0,2010,0.0,18.0,17.0,0.0,0.0,0.0,0.0,0.0,0.0,1.0,16.0,52
0.0,0.0,2010,1.0,22.0,0.0,0.0,0.0,0.0,0.0,0.0,0.0,0.0,42.0,65
0.0,0.0,2010,1.0,54.0,1.0,0.0,0.0,0.0,32.0,0.0,0.0,0.0,0.0,88
0.0,0.0,2010,2.0,107.0,22.0,0.0,0.0,0.0,32.0,0.0,0.0,1.0,63.0,227
0.0,0.0,2010,13.0,8.0,47.0,0.0,0.0,0.0,0.0,0.0,0.0,1.0,8.0,77
0.0,0.0,2010,23.0,8.0,26.0,4.0,0.0,0.0,0.0,0.0,0.0,0.0,8.0,69
0.0,0.0,2010,4.0,17.0,23.0,1.0,0.0,0.0,0.0,0.0,0.0,0.0,6.0,51
0.0,0.0,2010,2.0,9.0,14.0,0.0,0.0,0.0,0.0,0.0,0.0,0.0,3.0,28
0.0,0.0,2010,0.0,2.0,11.0,0.0,0.0,0.0,0.0,0.0,0.0,0.0,7.0,20
0.0,0.0,2010,2.0,6.0,23.0,0.0,0.0,0.0,0.0,0.0,0.0,0.0,6.0,37
0.0,0.0,2010,7.0,10.0,15.0,0.0,0.0,0.0,0.0,0.0,0.0,1.0,3.0,36
0.0,0.0,2010,1.0,4.0,3.0,0.0,0.0,0.0,0.0,0.0,0.0,0.0,0.0,8
0.0,0.0,2010,5.0,3.0,17.0,0.0,0.0,0.0,0.0,0.0,0.0,0.0,5.0,30
0.0,0.0,2010,3.0,2.0,8.0,1.0,0.0,0.0,0.0,0.0,0.0,0.0,2.0,16
0.0,0.0,2010,0.0,4.0,7.0,0.0,0.0,0.0,0.0,0.0,0.0,0.0,4.0,15
0.0,0.0,2010,2.0,6.0,10.0,0.0,0.0,0.0,0.0,0.0,0.0,0.0,18.0,36
0.0,0.0,2010,5.0,9.0,10.0,0.0,0.0,0.0,0.0,0.0,0.0,0.0,4.0,28
0.0,0.0,2010,6.0,7.0,10.0,0.0,0.0,0.0,0.0,0.0,0.0,0.0,3.0,26
0.0,0.0,2010,1.0,4.0,5.0,0.0,0.0,0.0,0.0,0.0,0.0,0.0,2.0,12
0.0,0.0,2010,7.0,6.0,18.0,0.0,0.0,0.0,0.0,0.0,0.0,0.0,12.0,43
0.0,0.0,2010,13.0,7.0,29.0,0.0,0.0,0.0,0.0,0.0,0.0,0.0,4.0,53
0.0,0.0,2010,0.0,1.0,5.0,0.0,0.0,0.0,0.0,0.0,0.0,0.0,2.0,8
0.0,0.0,2010,1.0,5.0,2.0,0.0,0.0,0.0,0.0,0.0,0.0,0.0,0.0,8
0.0,0.0,2010,0.0,9.0,20.0,0.0,0.0,0.0,0.0,0.0,0.0,0.0,2.0,31
0.0,0.0,2010,8.0,4.0,6.0,0.0,0.0,0.0,0.0,0.0,0.0,0.0,2.0,20
0.0,0.0,2010,1.0,3.0,30.0,0.0,0.0,0.0,0.0,0.0,0.0,0.0,6.0,40
0.0,0.0,2010,1.0,1.0,27.0,0.0,0.0,0.0,0.0,0.0,0.0,0.0,0.0,29
0.0,0.0,2010,9.0,6.0,6.0,0.0,0.0,0.0,0.0,0.0,0.0,0.0,0.0,21
0.0,0.0,2010,2.0,5.0,10.0,0.0,0.0,0.0,0.0,0.0,0.0,0.0,2.0,19
0.0,0.0,2010,9.0,11.0,20.0,0.0,0.0,0.0,0.0,0.0,0.0,0.0,0.0,40
0.0,0.0,2010,1.0,2.0,4.0,0.0,0.0,0.0,0.0,0.0,0.0,0.0,1.0,8
0.0,0.0,2010,1.0,0.0,3.0,0.0,0.0,0.0,0.0,0.0,0.0,0.0,0.0,4
0.0,0.0,2010,8.0,7.0,17.0,0.0,0.0,0.0,0.0,0.0,0.0,0.0,13.0,45
0.0,0.0,2010,14.0,20.0,131.0,0.0,0.0,0.0,0.0,0.0,0.0,0.0,6.0,171
0.0,0.0,2010,3.0,0.0,5.0,0.0,0.0,0.0,0.0,0.0,0.0,0.0,2.0,10
0.0,0.0,2010,1.0,4.0,13.0,0.0,0.0,0.0,0.0,0.0,0.0,0.0,3.0,21
0.0,0.0,2010,3.0,20.0,34.0,0.0,0.0,0.0,0.0,0.0,0.0,0.0,6.0,63
0.0,0.0,2010,4.0,2.0,4.0,0.0,0.0,0.0,0.0,0.0,0.0,0.0,2.0,12
0.0,0.0,2010,2.0,5.0,7.0,0.0,0.0,0.0,0.0,0.0,0.0,0.0,2.0,16
0.0,0.0,2010,2.0,5.0,9.0,2.0,0.0,0.0,0.0,0.0,0.0,0.0,1.0,19
0.0,0.0,2010,6.0,5.0,7.0,0.0,0.0,0.0,0.0,0.0,0.0,0.0,6.0,24
0.0,0.0,2010,0.0,1.0,24.0,0.0,0.0,0.0,0.0,0.0,0.0,0.0,5.0,30
0.0,0.0,2010,4.0,3.0,12.0,1.0,0.0,0.0,0.0,0.0,0.0,0.0,2.0,22
0.0,0.0,2010,4.0,9.0,5.0,0.0,0.0,0.0,0.0,0.0,0.0,0.0,9.0,27
0.0,0.0,2010,5.0,3.0,9.0,0.0,0.0,0.0,0.0,0.0,0.0,0.0,3.0,20
0.0,0.0,2010,11.0,15.0,80.0,0.0,0.0,0.0,0.0,0.0,0.0,0.0,24.0,130
0.0,0.0,2010,8.0,3.0,15.0,0.0,0.0,0.0,0.0,0.0,0.0,0.0,0.0,26
0.0,0.0,2010,8.0,4.0,9.0,0.0,0.0,0.0,0.0,0.0,0.0,0.0,3.0,24
0.0,0.0,2010,3.0,12.0,8.0,0.0,0.0,0.0,0.0,0.0,0.0,0.0,2.0,25
0.0,0.0,2010,8.0,5.0,9.0,0.0,0.0,0.0,0.0,0.0,0.0,0.0,3.0,25
0.0,0.0,2010,2.0,3.0,2.0,0.0,0.0,0.0,0.0,0.0,0.0,0.0,2.0,9
0.0,0.0,2010,14.0,15.0,15.0,5.0,0.0,0.0,0.0,0.0,0.0,0.0,9.0,58
0.0,0.0,2010,1.0,6.0,15.0,0.0,0.0,0.0,0.0,0.0,0.0,0.0,0.0,22
0.0,0.0,2010,1.0,1.0,0.0,0.0,0.0,0.0,0.0,0.0,0.0,0.0,2.0,4
0.0,0.0,2010,5.0,5.0,11.0,0.0,0.0,0.0,0.0,0.0,0.0,0.0,4.0,25
0.0,0.0,2010,2.0,7.0,26.0,0.0,0.0,0.0,0.0,0.0,0.0,0.0,2.0,37
0.0,0.0,2010,2.0,5.0,13.0,0.0,0.0,0.0,0.0,0.0,0.0,1.0,2.0,23
0.0,0.0,2010,12.0,10.0,72.0,0.0,0.0,0.0,0.0,0.0,0.0,0.0,18.0,112
0.0,0.0,2010,2.0,2.0,3.0,1.0,0.0,0.0,0.0,0.0,0.0,0.0,0.0,8
0.0,0.0,2010,16.0,9.0,18.0,1.0,0.0,0.0,0.0,0.0,0.0,0.0,3.0,47
0.0,0.0,2010,6.0,18.0,40.0,0.0,0.0,0.0,0.0,0.0,0.0,0.0,2.0,66
0.0,0.0,2010,1.0,2.0,7.0,0.0,0.0,0.0,0.0,0.0,0.0,0.0,1.0,11
0.0,0.0,2010,3.0,10.0,20.0,1.0,0.0,0.0,0.0,0.0,0.0,0.0,6.0,40
0.0,0.0,2010,8.0,5.0,11.0,0.0,0.0,0.0,0.0,0.0,0.0,0.0,2.0,26
0.0,0.0,2010,0.0,4.0,18.0,0.0,0.0,0.0,0.0,0.0,0.0,0.0,2.0,24
0.0,0.0,2010,11.0,8.0,45.0,0.0,0.0,0.0,0.0,0.0,0.0,0.0,3.0,67
0.0,0.0,2010,4.0,2.0,18.0,0.0,0.0,0.0,0.0,0.0,0.0,2.0,2.0,28
0.0,0.0,2010,2.0,9.0,10.0,0.0,0.0,0.0,0.0,0.0,0.0,0.0,2.0,23
0.0,0.0,2010,8.0,11.0,7.0,0.0,0.0,0.0,0.0,0.0,0.0,0.0,7.0,33
0.0,0.0,2010,2.0,2.0,3.0,1.0,0.0,0.0,0.0,0.0,0.0,0.0,1.0,9
0.0,0.0,2010,1.0,4.0,6.0,0.0,0.0,0.0,0.0,0.0,0.0,0.0,2.0,13
0.0,0.0,2010,2.0,6.0,30.0,0.0,0.0,0.0,0.0,0.0,0.0,0.0,4.0,42
0.0,0.0,2010,5.0,7.0,4.0,0.0,0.0,0.0,0.0,0.0,0.0,0.0,1.0,17
0.0,0.0,2010,2.0,1.0,4.0,0.0,0.0,0.0,0.0,0.0,0.0,0.0,0.0,7
0.0,0.0,2010,6.0,7.0,8.0,0.0,0.0,0.0,0.0,0.0,0.0,0.0,4.0,25
0.0,0.0,2010,6.0,8.0,5.0,0.0,0.0,0.0,0.0,0.0,0.0,0.0,1.0,20
0.0,0.0,2010,1.0,2.0,7.0,0.0,0.0,0.0,0.0,0.0,0.0,0.0,3.0,13
0.0,0.0,2010,346.0,451.0,1225.0,18.0,0.0,0.0,0.0,0.0,0.0,5.0,287.0,2332
0.0,0.0,2010,0.0,0.0,0.0,0.0,0.0,0.0,0.0,0.0,0.0,0.0,0.0,0
0.0,0.0,2010,0.0,2.0,2.0,0.0,0.0,0.0,0.0,0.0,0.0,0.0,0.0,4
0.0,0.0,2010,1.0,1.0,0.0,0.0,0.0,0.0,0.0,0.0,0.0,0.0,0.0,2
0.0,0.0,2010,0.0,1.0,0.0,0.0,0.0,0.0,0.0,0.0,0.0,0.0,0.0,1
0.0,0.0,2010,0.0,4.0,3.0,0.0,0.0,0.0,0.0,0.0,0.0,0.0,0.0,7
0.0,0.0,2010,0.0,0.0,0.0,0.0,0.0,0.0,0.0,0.0,0.0,0.0,0.0,0
0.0,0.0,2010,0.0,0.0,1.0,0.0,0.0,0.0,0.0,0.0,0.0,0.0,0.0,1
0.0,0.0,2010,0.0,1.0,2.0,0.0,0.0,0.0,0.0,0.0,0.0,0.0,0.0,3
0.0,0.0,2010,0.0,0.0,0.0,0.0,0.0,0.0,0.0,0.0,0.0,0.0,0.0,0
0.0,0.0,2010,0.0,0.0,0.0,0.0,0.0,0.0,0.0,0.0,0.0,0.0,0.0,0
0.0,0.0,2010,0.0,0.0,0.0,0.0,0.0,0.0,0.0,0.0,0.0,0.0,0.0,0
0.0,0.0,2010,2.0,0.0,1.0,0.0,0.0,0.0,0.0,0.0,0.0,0.0,9.0,12
0.0,0.0,2010,0.0,1.0,0.0,0.0,0.0,0.0,0.0,0.0,0.0,0.0,0.0,1
0.0,0.0,2010,3.0,10.0,9.0,0.0,0.0,0.0,0.0,0.0,0.0,0.0,9.0,31
0.0,0.0,2010,11.0,18.0,124.0,0.0,0.0,0.0,53.0,1.0,33.0,0.0,0.0,240
0.0,0.0,2010,0.0,0.0,9.0,0.0,0.0,0.0,5.0,45.0,0.0,0.0,0.0,59
0.0,0.0,2010,0.0,0.0,0.0,0.0,0.0,0.0,0.0,0.0,0.0,0.0,0.0,0
0.0,0.0,2010,0.0,1.0,26.0,0.0,0.0,0.0,1.0,1.0,0.0,0.0,0.0,29
0.0,0.0,2010,4.0,11.0,0.0,0.0,0.0,0.0,0.0,0.0,0.0,0.0,0.0,15
0.0,0.0,2010,0.0,0.0,9.0,0.0,0.0,0.0,0.0,0.0,1.0,0.0,0.0,10
0.0,0.0,2010,0.0,0.0,4.0,0.0,0.0,0.0,40.0,0.0,2.0,0.0,0.0,46
0.0,0.0,2010,0.0,13.0,49.0,0.0,3.0,0.0,3.0,0.0,2.0,0.0,23.0,93
0.0,0.0,2010,0.0,0.0,3.0,0.0,0.0,0.0,23.0,0.0,3.0,0.0,0.0,29
0.0,0.0,2010,0.0,0.0,0.0,0.0,0.0,0.0,0.0,0.0,0.0,0.0,0.0,0
0.0,0.0,2010,0.0,0.0,2.0,0.0,0.0,0.0,10.0,0.0,1.0,0.0,0.0,13
0.0,0.0,2010,0.0,0.0,0.0,0.0,0.0,0.0,0.0,0.0,0.0,0.0,0.0,0
0.0,0.0,2010,0.0,0.0,2.0,0.0,0.0,0.0,9.0,0.0,0.0,0.0,0.0,11
0.0,0.0,2010,0.0,0.0,0.0,0.0,0.0,0.0,0.0,0.0,0.0,0.0,0.0,0
0.0,0.0,2010,1.0,11.0,53.0,0.0,0.0,0.0,11.0,0.0,6.0,0.0,69.0,151
0.0,0.0,2010,0.0,0.0,6.0,0.0,0.0,0.0,7.0,0.0,4.0,0.0,1.0,18
0.0,0.0,2010,0.0,0.0,0.0,0.0,0.0,0.0,0.0,0.0,29.0,0.0,0.0,29
0.0,0.0,2010,0.0,19.0,16.0,0.0,0.0,0.0,8.0,0.0,2.0,0.0,0.0,45
0.0,0.0,2010,0.0,0.0,8.0,0.0,0.0,0.0,2.0,0.0,0.0,0.0,0.0,10
0.0,0.0,2010,0.0,0.0,7.0,0.0,0.0,0.0,8.0,1.0,15.0,0.0,0.0,31
0.0,0.0,2010,0.0,0.0,1.0,0.0,0.0,0.0,0.0,0.0,0.0,0.0,0.0,1
0.0,0.0,2010,0.0,0.0,0.0,0.0,0.0,0.0,0.0,0.0,0.0,0.0,0.0,0
0.0,0.0,2010,0.0,0.0,2.0,0.0,0.0,0.0,0.0,0.0,0.0,0.0,0.0,2
0.0,0.0,2010,0.0,0.0,11.0,0.0,0.0,0.0,20.0,0.0,17.0,0.0,0.0,48
0.0,0.0,2010,16.0,73.0,332.0,0.0,3.0,0.0,200.0,48.0,115.0,0.0,93.0,880
0.0,0.0,2010,1.0,15.0,9.0,3.0,0.0,0.0,0.0,0.0,0.0,0.0,23.0,51
0.0,0.0,2010,0.0,0.0,0.0,0.0,0.0,0.0,0.0,0.0,0.0,0.0,0.0,0
0.0,0.0,2010,1.0,15.0,9.0,3.0,0.0,0.0,0.0,0.0,0.0,0.0,23.0,51
0.0,0.0,2010,1.0,16.0,23.0,0.0,0.0,6.0,0.0,0.0,0.0,0.0,13.0,59
0.0,0.0,2010,1.0,16.0,23.0,0.0,0.0,6.0,0.0,0.0,0.0,0.0,13.0,59
0.0,0.0,2010,0.0,3.0,10.0,0.0,0.0,0.0,0.0,0.0,0.0,0.0,0.0,13
0.0,0.0,2010,0.0,3.0,10.0,0.0,0.0,0.0,0.0,0.0,0.0,0.0,0.0,13
0.0,0.0,2010,0.0,1.0,1.0,0.0,0.0,0.0,0.0,0.0,0.0,0.0,0.0,2
0.0,0.0,2010,0.0,0.0,0.0,0.0,0.0,0.0,0.0,0.0,0.0,0.0,0.0,0
0.0,0.0,2010,0.0,1.0,1.0,0.0,0.0,0.0,0.0,0.0,0.0,0.0,0.0,2
0.0,0.0,2010,0.0,0.0,0.0,0.0,0.0,0.0,0.0,0.0,0.0,0.0,0.0,0
0.0,0.0,2010,2.0,15.0,107.0,0.0,0.0,2.0,0.0,0.0,4.0,0.0,7.0,137
0.0,0.0,2010,0.0,0.0,0.0,0.0,0.0,0.0,0.0,0.0,0.0,0.0,0.0,0
0.0,0.0,2010,7.0,28.0,327.0,1.0,0.0,5.0,0.0,0.0,0.0,0.0,11.0,379
0.0,0.0,2010,0.0,0.0,0.0,0.0,0.0,0.0,0.0,0.0,0.0,0.0,0.0,0
0.0,0.0,2010,1.0,1.0,17.0,0.0,0.0,3.0,0.0,0.0,0.0,0.0,4.0,26
0.0,0.0,2010,0.0,0.0,0.0,0.0,0.0,0.0,0.0,0.0,0.0,0.0,0.0,0
0.0,0.0,2010,1.0,9.0,26.0,0.0,0.0,9.0,0.0,0.0,0.0,0.0,4.0,49
0.0,0.0,2010,1.0,0.0,119.0,2.0,0.0,2.0,0.0,0.0,0.0,0.0,22.0,146
0.0,0.0,2010,0.0,23.0,431.0,0.0,0.0,3.0,0.0,0.0,0.0,0.0,23.0,480
0.0,0.0,2010,1.0,32.0,302.0,1.0,0.0,0.0,0.0,0.0,0.0,0.0,37.0,373
0.0,0.0,2010,3.0,29.0,419.0,1.0,0.0,5.0,0.0,0.0,0.0,0.0,13.0,470
0.0,0.0,2010,2.0,38.0,220.0,0.0,0.0,8.0,0.0,0.0,0.0,0.0,39.0,307
0.0,0.0,2010,5.0,59.0,338.0,0.0,0.0,7.0,0.0,0.0,0.0,0.0,22.0,431
0.0,0.0,2010,2.0,21.0,351.0,2.0,0.0,0.0,0.0,0.0,0.0,0.0,34.0,410
0.0,0.0,2010,0.0,0.0,0.0,0.0,0.0,0.0,0.0,0.0,0.0,0.0,0.0,0
0.0,0.0,2010,4.0,49.0,325.0,0.0,0.0,1.0,0.0,0.0,0.0,0.0,43.0,422
0.0,0.0,2010,29.0,304.0,2982.0,7.0,0.0,45.0,0.0,0.0,4.0,0.0,259.0,3630
0.0,0.0,2010,0.0,0.0,0.0,0.0,0.0,0.0,0.0,0.0,0.0,0.0,0.0,0
0.0,0.0,2010,0.0,0.0,0.0,0.0,0.0,0.0,0.0,0.0,0.0,0.0,0.0,0
0.0,0.0,2010,0.0,1.0,1.0,0.0,0.0,0.0,0.0,0.0,0.0,0.0,0.0,2
0.0,0.0,2010,0.0,2.0,7.0,0.0,0.0,0.0,0.0,0.0,0.0,1.0,4.0,14
0.0,0.0,2010,0.0,3.0,8.0,0.0,0.0,0.0,0.0,0.0,0.0,1.0,4.0,16
0.0,0.0,2011,1.0,46.0,49.0,1.0,0.0,0.0,4.0,0.0,0.0,1.0,1.0,103
0.0,0.0,2011,0.0,9.0,35.0,0.0,0.0,0.0,0.0,0.0,0.0,0.0,0.0,44
0.0,0.0,2011,11.0,12.0,3.0,0.0,0.0,0.0,0.0,0.0,0.0,0.0,0.0,26
0.0,0.0,2011,4.0,31.0,24.0,0.0,0.0,0.0,0.0,0.0,0.0,0.0,0.0,59
0.0,0.0,2011,5.0,19.0,21.0,0.0,1.0,3.0,20.0,0.0,0.0,0.0,6.0,75
0.0,0.0,2011,1.0,41.0,17.0,0.0,0.0,0.0,0.0,0.0,0.0,1.0,33.0,93
0.0,0.0,2011,0.0,0.0,0.0,0.0,0.0,0.0,0.0,0.0,0.0,0.0,0.0,0
0.0,0.0,2011,9.0,20.0,19.0,0.0,0.0,0.0,0.0,0.0,0.0,0.0,0.0,48
0.0,0.0,2011,3.0,21.0,17.0,0.0,0.0,4.0,2.0,0.0,0.0,0.0,9.0,56
0.0,0.0,2011,1.0,10.0,13.0,5.0,0.0,5.0,0.0,0.0,0.0,1.0,45.0,80
0.0,0.0,2011,4.0,35.0,90.0,0.0,0.0,3.0,0.0,0.0,2.0,0.0,77.0,211
0.0,0.0,2011,3.0,42.0,44.0,0.0,2.0,0.0,1.0,0.0,0.0,1.0,18.0,111
0.0,0.0,2011,3.0,45.0,53.0,0.0,0.0,1.0,0.0,0.0,0.0,2.0,63.0,167
0.0,0.0,2011,0.0,25.0,42.0,0.0,0.0,8.0,0.0,0.0,0.0,2.0,2.0,79
0.0,0.0,2011,15.0,63.0,42.0,0.0,0.0,8.0,23.0,0.0,0.0,0.0,0.0,151
0.0,0.0,2011,13.0,24.0,3.0,0.0,0.0,8.0,18.0,0.0,0.0,1.0,24.0,91
0.0,0.0,2011,1.0,33.0,51.0,1.0,0.0,3.0,0.0,0.0,0.0,1.0,2.0,92
0.0,0.0,2011,2.0,10.0,22.0,0.0,0.0,2.0,24.0,0.0,0.0,0.0,96.0,156
0.0,0.0,2011,5.0,24.0,27.0,0.0,0.0,1.0,6.0,0.0,0.0,0.0,8.0,71
0.0,0.0,2011,0.0,9.0,38.0,0.0,1.0,0.0,0.0,0.0,0.0,1.0,1.0,50
0.0,0.0,2011,1.0,6.0,23.0,0.0,0.0,0.0,0.0,0.0,0.0,0.0,5.0,35
0.0,0.0,2011,1.0,3.0,0.0,0.0,0.0,0.0,0.0,0.0,0.0,0.0,11.0,15
0.0,0.0,2011,0.0,0.0,0.0,0.0,0.0,0.0,0.0,0.0,0.0,0.0,0.0,0
0.0,0.0,2011,5.0,12.0,6.0,0.0,0.0,0.0,0.0,0.0,0.0,0.0,1.0,24
0.0,0.0,2011,3.0,3.0,6.0,0.0,0.0,0.0,3.0,0.0,0.0,0.0,1.0,16
0.0,0.0,2011,1.0,26.0,39.0,0.0,0.0,6.0,0.0,0.0,0.0,1.0,80.0,153
0.0,0.0,2011,0.0,0.0,0.0,0.0,0.0,0.0,0.0,0.0,0.0,0.0,0.0,0
0.0,0.0,2011,0.0,12.0,9.0,0.0,0.0,1.0,0.0,0.0,0.0,0.0,2.0,24
0.0,0.0,2011,4.0,9.0,7.0,0.0,0.0,0.0,0.0,0.0,0.0,0.0,0.0,20
0.0,0.0,2011,0.0,12.0,7.0,0.0,0.0,0.0,0.0,0.0,0.0,0.0,20.0,39
0.0,0.0,2011,1.0,13.0,12.0,0.0,7.0,0.0,0.0,0.0,0.0,0.0,10.0,43
0.0,0.0,2011,1.0,2.0,7.0,0.0,0.0,0.0,0.0,0.0,0.0,3.0,4.0,17
0.0,0.0,2011,3.0,29.0,9.0,0.0,0.0,0.0,5.0,0.0,0.0,0.0,18.0,64
0.0,0.0,2011,101.0,646.0,735.0,7.0,11.0,53.0,106.0,0.0,2.0,15.0,537.0,2213
0.0,0.0,2011,0.0,0.0,0.0,0.0,0.0,0.0,0.0,0.0,0.0,0.0,0.0,0
0.0,0.0,2011,0.0,2.0,4.0,0.0,0.0,0.0,0.0,0.0,0.0,0.0,0.0,6
0.0,0.0,2011,0.0,2.0,0.0,0.0,0.0,0.0,0.0,0.0,0.0,0.0,0.0,2
0.0,0.0,2011,0.0,1.0,0.0,0.0,0.0,0.0,0.0,0.0,0.0,0.0,0.0,1
0.0,0.0,2011,0.0,0.0,1.0,0.0,0.0,0.0,0.0,0.0,0.0,0.0,0.0,1
0.0,0.0,2011,0.0,0.0,1.0,0.0,0.0,0.0,0.0,0.0,0.0,0.0,0.0,1
0.0,0.0,2011,0.0,1.0,2.0,0.0,0.0,0.0,0.0,0.0,0.0,0.0,0.0,3
0.0,0.0,2011,0.0,1.0,1.0,0.0,0.0,0.0,0.0,0.0,0.0,0.0,0.0,2
0.0,0.0,2011,0.0,0.0,1.0,0.0,0.0,0.0,0.0,0.0,0.0,0.0,0.0,1
0.0,0.0,2011,0.0,7.0,1.0,0.0,0.0,0.0,0.0,0.0,0.0,0.0,0.0,8
0.0,0.0,2011,0.0,0.0,1.0,0.0,0.0,0.0,0.0,0.0,0.0,0.0,0.0,1
0.0,0.0,2011,0.0,2.0,1.0,0.0,0.0,0.0,0.0,0.0,0.0,0.0,0.0,3
0.0,0.0,2011,0.0,1.0,0.0,0.0,0.0,0.0,0.0,0.0,0.0,0.0,0.0,1
0.0,0.0,2011,0.0,1.0,1.0,0.0,0.0,0.0,0.0,0.0,0.0,0.0,0.0,2
0.0,0.0,2011,0.0,0.0,1.0,0.0,0.0,0.0,0.0,0.0,0.0,0.0,0.0,1
0.0,0.0,2011,0.0,2.0,0.0,0.0,0.0,0.0,0.0,0.0,0.0,0.0,0.0,2
0.0,0.0,2011,0.0,0.0,0.0,0.0,0.0,0.0,0.0,0.0,0.0,0.0,0.0,0
0.0,0.0,2011,0.0,20.0,15.0,0.0,0.0,0.0,0.0,0.0,0.0,0.0,0.0,35
0.0,0.0,2011,0.0,0.0,0.0,0.0,0.0,0.0,0.0,0.0,0.0,0.0,0.0,0
0.0,0.0,2011,0.0,0.0,0.0,0.0,0.0,0.0,0.0,0.0,0.0,0.0,0.0,0
0.0,0.0,2011,0.0,0.0,0.0,0.0,0.0,0.0,0.0,0.0,0.0,0.0,0.0,0
0.0,0.0,2011,0.0,0.0,0.0,0.0,0.0,0.0,0.0,0.0,0.0,0.0,0.0,0
0.0,0.0,2011,0.0,0.0,3.0,0.0,0.0,0.0,0.0,0.0,0.0,0.0,0.0,3
0.0,0.0,2011,0.0,0.0,0.0,0.0,0.0,0.0,0.0,0.0,0.0,0.0,0.0,0
0.0,0.0,2011,0.0,0.0,0.0,0.0,0.0,0.0,0.0,0.0,0.0,0.0,0.0,0
0.0,0.0,2011,0.0,0.0,0.0,0.0,0.0,0.0,0.0,0.0,0.0,0.0,0.0,0
0.0,0.0,2011,2.0,24.0,2.0,0.0,0.0,0.0,142.0,0.0,0.0,0.0,0.0,170
0.0,0.0,2011,0.0,0.0,0.0,0.0,0.0,0.0,0.0,0.0,0.0,0.0,0.0,0
0.0,0.0,2011,0.0,0.0,0.0,0.0,0.0,0.0,0.0,0.0,0.0,0.0,0.0,0
0.0,0.0,2011,0.0,4.0,12.0,0.0,0.0,0.0,0.0,0.0,0.0,0.0,0.0,16
0.0,0.0,2011,0.0,0.0,0.0,0.0,0.0,0.0,0.0,0.0,0.0,0.0,0.0,0
0.0,0.0,2011,0.0,0.0,0.0,0.0,0.0,0.0,0.0,0.0,0.0,0.0,0.0,0
0.0,0.0,2011,0.0,0.0,0.0,0.0,0.0,0.0,0.0,0.0,0.0,0.0,0.0,0
0.0,0.0,2011,5.0,6.0,3.0,0.0,0.0,0.0,0.0,0.0,0.0,0.0,0.0,14
0.0,0.0,2011,0.0,0.0,0.0,0.0,0.0,0.0,0.0,0.0,0.0,0.0,0.0,0
0.0,0.0,2011,0.0,0.0,0.0,0.0,0.0,0.0,0.0,0.0,0.0,0.0,0.0,0
0.0,0.0,2011,0.0,0.0,0.0,0.0,0.0,0.0,0.0,0.0,0.0,0.0,0.0,0
0.0,0.0,2011,0.0,1.0,0.0,0.0,0.0,0.0,0.0,0.0,0.0,0.0,0.0,1
0.0,0.0,2011,0.0,0.0,0.0,0.0,0.0,0.0,0.0,0.0,0.0,0.0,0.0,0
0.0,0.0,2011,0.0,0.0,6.0,0.0,0.0,0.0,0.0,0.0,0.0,0.0,6.0,12
0.0,0.0,2011,0.0,0.0,0.0,0.0,0.0,0.0,0.0,0.0,0.0,0.0,0.0,0
0.0,0.0,2011,0.0,0.0,0.0,0.0,0.0,0.0,0.0,0.0,0.0,0.0,0.0,0
0.0,0.0,2011,0.0,0.0,0.0,0.0,0.0,0.0,0.0,0.0,0.0,0.0,0.0,0
0.0,0.0,2011,0.0,0.0,0.0,0.0,0.0,0.0,0.0,0.0,0.0,0.0,0.0,0
0.0,0.0,2011,0.0,0.0,3.0,0.0,0.0,0.0,0.0,0.0,0.0,0.0,0.0,3
0.0,0.0,2011,0.0,0.0,0.0,0.0,0.0,0.0,0.0,0.0,0.0,0.0,0.0,0
0.0,0.0,2011,1.0,5.0,0.0,0.0,0.0,0.0,0.0,0.0,0.0,0.0,11.0,17
0.0,0.0,2011,0.0,0.0,0.0,0.0,0.0,0.0,0.0,0.0,0.0,0.0,0.0,0
0.0,0.0,2011,8.0,40.0,29.0,0.0,0.0,0.0,142.0,0.0,0.0,0.0,17.0,236
0.0,0.0,2011,1.0,1.0,1.0,0.0,0.0,0.0,8.0,0.0,0.0,0.0,4.0,15
0.0,0.0,2011,0.0,0.0,10.0,0.0,0.0,0.0,0.0,0.0,0.0,0.0,0.0,10
0.0,0.0,2011,2.0,8.0,21.0,0.0,0.0,0.0,0.0,0.0,0.0,0.0,0.0,31
0.0,0.0,2011,4.0,1.0,41.0,0.0,0.0,0.0,0.0,0.0,0.0,0.0,0.0,46
0.0,0.0,2011,0.0,0.0,56.0,0.0,0.0,0.0,0.0,0.0,0.0,0.0,0.0,56
0.0,0.0,2011,3.0,0.0,1.0,0.0,0.0,0.0,0.0,0.0,0.0,0.0,0.0,4
0.0,0.0,2011,7.0,7.0,63.0,0.0,0.0,0.0,0.0,0.0,0.0,0.0,0.0,77
0.0,0.0,2011,0.0,0.0,29.0,0.0,0.0,0.0,7.0,0.0,0.0,0.0,0.0,36
0.0,0.0,2011,1.0,0.0,12.0,0.0,0.0,0.0,0.0,0.0,0.0,0.0,0.0,13
0.0,0.0,2011,8.0,5.0,58.0,0.0,0.0,0.0,0.0,0.0,0.0,0.0,0.0,71
0.0,0.0,2011,5.0,3.0,32.0,0.0,0.0,0.0,0.0,0.0,0.0,0.0,0.0,40
0.0,0.0,2011,4.0,4.0,37.0,0.0,0.0,0.0,9.0,0.0,0.0,0.0,0.0,54
0.0,0.0,2011,0.0,0.0,82.0,0.0,0.0,0.0,0.0,0.0,0.0,0.0,0.0,82
0.0,0.0,2011,4.0,4.0,86.0,0.0,0.0,0.0,0.0,0.0,0.0,0.0,0.0,94
0.0,0.0,2011,0.0,0.0,0.0,0.0,0.0,0.0,0.0,0.0,0.0,0.0,0.0,0
0.0,0.0,2011,3.0,0.0,3.0,0.0,0.0,0.0,7.0,0.0,0.0,0.0,0.0,13
0.0,0.0,2011,1.0,0.0,3.0,0.0,0.0,0.0,0.0,0.0,0.0,0.0,0.0,4
0.0,0.0,2011,3.0,9.0,79.0,0.0,0.0,0.0,0.0,0.0,0.0,0.0,1.0,92
0.0,0.0,2011,0.0,0.0,4.0,0.0,0.0,0.0,0.0,0.0,0.0,0.0,0.0,4
0.0,0.0,2011,7.0,2.0,28.0,0.0,0.0,0.0,0.0,0.0,0.0,0.0,0.0,37
0.0,0.0,2011,0.0,0.0,21.0,0.0,0.0,0.0,0.0,0.0,0.0,0.0,0.0,21
0.0,0.0,2011,2.0,1.0,6.0,0.0,0.0,0.0,0.0,0.0,0.0,0.0,0.0,9
0.0,0.0,2011,3.0,2.0,52.0,0.0,0.0,0.0,0.0,0.0,0.0,0.0,0.0,57
0.0,0.0,2011,1.0,8.0,122.0,0.0,0.0,0.0,0.0,0.0,0.0,0.0,0.0,131
0.0,0.0,2011,1.0,2.0,118.0,0.0,0.0,0.0,26.0,0.0,0.0,0.0,0.0,147
0.0,0.0,2011,1.0,0.0,43.0,0.0,0.0,0.0,8.0,0.0,0.0,0.0,0.0,52
0.0,0.0,2011,5.0,7.0,135.0,0.0,0.0,0.0,15.0,0.0,1.0,0.0,0.0,163
0.0,0.0,2011,1.0,0.0,0.0,0.0,0.0,0.0,0.0,0.0,0.0,0.0,0.0,1
0.0,0.0,2011,3.0,6.0,62.0,0.0,0.0,0.0,9.0,0.0,0.0,0.0,0.0,80
0.0,0.0,2011,1.0,1.0,1.0,1.0,0.0,0.0,3.0,0.0,0.0,0.0,0.0,7
0.0,0.0,2011,7.0,2.0,25.0,0.0,0.0,0.0,0.0,0.0,0.0,0.0,0.0,34
0.0,0.0,2011,7.0,0.0,97.0,0.0,0.0,0.0,20.0,0.0,0.0,0.0,0.0,124
0.0,0.0,2011,0.0,0.0,2.0,0.0,0.0,0.0,0.0,0.0,0.0,0.0,0.0,2
0.0,0.0,2011,5.0,1.0,0.0,0.0,0.0,0.0,0.0,0.0,0.0,0.0,0.0,6
0.0,0.0,2011,2.0,0.0,62.0,0.0,0.0,0.0,12.0,0.0,0.0,0.0,0.0,76
0.0,0.0,2011,1.0,0.0,14.0,0.0,0.0,0.0,16.0,0.0,0.0,0.0,0.0,31
0.0,0.0,2011,2.0,5.0,59.0,0.0,0.0,1.0,1.0,0.0,0.0,0.0,5.0,73
0.0,0.0,2011,2.0,0.0,104.0,0.0,0.0,0.0,17.0,0.0,0.0,0.0,0.0,123
0.0,0.0,2011,1.0,1.0,13.0,0.0,0.0,0.0,0.0,0.0,0.0,0.0,0.0,15
0.0,0.0,2011,0.0,0.0,0.0,0.0,0.0,0.0,16.0,1.0,0.0,0.0,0.0,17
0.0,0.0,2011,14.0,0.0,47.0,0.0,0.0,0.0,0.0,0.0,0.0,0.0,0.0,61
0.0,0.0,2011,9.0,3.0,95.0,0.0,0.0,0.0,6.0,0.0,0.0,0.0,0.0,113
0.0,0.0,2011,1.0,2.0,7.0,0.0,0.0,0.0,0.0,0.0,0.0,0.0,0.0,10
0.0,0.0,2011,2.0,6.0,90.0,0.0,0.0,0.0,3.0,0.0,0.0,0.0,0.0,101
0.0,0.0,2011,124.0,91.0,1821.0,1.0,0.0,1.0,183.0,1.0,1.0,0.0,10.0,2233
0.0,0.0,2011,1.0,0.0,0.0,0.0,0.0,0.0,0.0,0.0,0.0,0.0,0.0,1
0.0,0.0,2011,10.0,46.0,16.0,12.0,2.0,0.0,0.0,0.0,0.0,0.0,53.0,139
0.0,0.0,2011,1.0,1.0,0.0,1.0,0.0,0.0,0.0,0.0,0.0,0.0,0.0,3
0.0,0.0,2011,0.0,2.0,8.0,0.0,0.0,0.0,0.0,0.0,0.0,0.0,7.0,17
0.0,0.0,2011,2.0,14.0,17.0,0.0,0.0,2.0,0.0,0.0,0.0,0.0,37.0,72
0.0,0.0,2011,6.0,61.0,83.0,0.0,0.0,0.0,0.0,0.0,1.0,0.0,274.0,425
0.0,0.0,2011,4.0,9.0,2.0,0.0,0.0,0.0,0.0,0.0,0.0,0.0,21.0,36
0.0,0.0,2011,0.0,1.0,0.0,0.0,0.0,0.0,0.0,0.0,0.0,0.0,1.0,2
0.0,0.0,2011,2.0,6.0,0.0,0.0,0.0,0.0,0.0,0.0,0.0,0.0,0.0,8
0.0,0.0,2011,2.0,22.0,8.0,4.0,0.0,0.0,0.0,0.0,0.0,0.0,63.0,99
0.0,0.0,2011,3.0,13.0,2.0,0.0,0.0,0.0,0.0,0.0,0.0,1.0,18.0,37
0.0,0.0,2011,0.0,1.0,1.0,0.0,0.0,0.0,0.0,0.0,0.0,2.0,33.0,37
0.0,0.0,2011,0.0,0.0,0.0,0.0,0.0,0.0,0.0,0.0,0.0,0.0,0.0,0
0.0,0.0,2011,1.0,6.0,2.0,0.0,0.0,0.0,0.0,0.0,0.0,0.0,21.0,30
0.0,0.0,2011,4.0,26.0,16.0,0.0,0.0,0.0,0.0,0.0,0.0,0.0,25.0,71
0.0,0.0,2011,1.0,20.0,35.0,0.0,1.0,1.0,0.0,0.0,0.0,0.0,15.0,73
0.0,0.0,2011,1.0,0.0,0.0,1.0,0.0,0.0,0.0,0.0,0.0,0.0,0.0,2
0.0,0.0,2011,7.0,60.0,14.0,0.0,1.0,3.0,0.0,0.0,0.0,1.0,100.0,186
0.0,0.0,2011,8.0,91.0,35.0,3.0,1.0,1.0,0.0,0.0,0.0,0.0,145.0,284
0.0,0.0,2011,0.0,19.0,16.0,0.0,0.0,0.0,0.0,0.0,0.0,0.0,47.0,82
0.0,0.0,2011,5.0,32.0,28.0,0.0,0.0,0.0,0.0,0.0,0.0,1.0,21.0,87
0.0,0.0,2011,1.0,47.0,0.0,0.0,0.0,0.0,15.0,0.0,0.0,0.0,28.0,91
0.0,0.0,2011,59.0,477.0,283.0,21.0,5.0,7.0,15.0,0.0,1.0,5.0,909.0,1782
0.0,0.0,2011,1.0,9.0,7.0,0.0,0.0,3.0,0.0,0.0,0.0,0.0,18.0,38
0.0,0.0,2011,1.0,11.0,10.0,0.0,2.0,1.0,0.0,0.0,0.0,0.0,12.0,37
0.0,0.0,2011,2.0,20.0,17.0,0.0,2.0,4.0,0.0,0.0,0.0,0.0,30.0,75
0.0,0.0,2011,0.0,1.0,82.0,0.0,0.0,18.0,0.0,0.0,0.0,2.0,0.0,103
0.0,0.0,2011,2.0,0.0,0.0,0.0,0.0,0.0,0.0,0.0,0.0,0.0,16.0,18
0.0,0.0,2011,0.0,0.0,0.0,0.0,0.0,1.0,0.0,0.0,0.0,0.0,0.0,1
0.0,0.0,2011,3.0,2.0,36.0,0.0,0.0,4.0,0.0,0.0,0.0,0.0,1.0,46
0.0,0.0,2011,1.0,2.0,23.0,0.0,0.0,7.0,1.0,0.0,0.0,1.0,0.0,35
0.0,0.0,2011,4.0,8.0,26.0,0.0,0.0,0.0,0.0,0.0,0.0,0.0,2.0,40
0.0,0.0,2011,4.0,0.0,54.0,0.0,0.0,2.0,0.0,0.0,0.0,1.0,51.0,112
0.0,0.0,2011,0.0,0.0,0.0,0.0,0.0,0.0,0.0,0.0,0.0,0.0,0.0,0
0.0,0.0,2011,2.0,0.0,16.0,0.0,0.0,5.0,0.0,0.0,0.0,0.0,2.0,25
0.0,0.0,2011,2.0,7.0,14.0,0.0,0.0,2.0,0.0,0.0,0.0,0.0,0.0,25
0.0,0.0,2011,2.0,9.0,40.0,0.0,0.0,0.0,0.0,0.0,0.0,0.0,0.0,51
0.0,0.0,2011,7.0,3.0,5.0,0.0,0.0,1.0,0.0,0.0,0.0,0.0,0.0,16
0.0,0.0,2011,2.0,4.0,64.0,0.0,0.0,9.0,0.0,0.0,0.0,2.0,4.0,85
0.0,0.0,2011,1.0,6.0,29.0,0.0,0.0,7.0,0.0,0.0,0.0,0.0,0.0,43
0.0,0.0,2011,1.0,3.0,5.0,0.0,0.0,2.0,0.0,0.0,0.0,0.0,0.0,11
0.0,0.0,2011,1.0,0.0,1.0,0.0,0.0,1.0,0.0,0.0,0.0,0.0,0.0,3
0.0,0.0,2011,0.0,0.0,2.0,0.0,0.0,1.0,0.0,0.0,0.0,0.0,16.0,19
0.0,0.0,2011,0.0,0.0,0.0,0.0,0.0,0.0,0.0,0.0,0.0,0.0,0.0,0
0.0,0.0,2011,2.0,0.0,0.0,0.0,0.0,1.0,0.0,0.0,0.0,0.0,0.0,3
0.0,0.0,2011,1.0,1.0,2.0,0.0,0.0,0.0,0.0,0.0,0.0,0.0,13.0,17
0.0,0.0,2011,0.0,0.0,4.0,0.0,0.0,0.0,0.0,0.0,0.0,0.0,47.0,51
0.0,0.0,2011,1.0,5.0,7.0,0.0,0.0,0.0,0.0,0.0,0.0,0.0,15.0,28
0.0,0.0,2011,2.0,0.0,2.0,0.0,0.0,1.0,0.0,0.0,0.0,0.0,0.0,5
0.0,0.0,2011,4.0,5.0,18.0,0.0,1.0,1.0,3.0,0.0,0.0,3.0,11.0,46
0.0,0.0,2011,4.0,10.0,39.0,0.0,0.0,1.0,0.0,0.0,0.0,1.0,0.0,55
0.0,0.0,2011,13.0,21.0,14.0,0.0,0.0,18.0,0.0,0.0,0.0,0.0,17.0,83
0.0,0.0,2011,0.0,2.0,9.0,0.0,0.0,0.0,0.0,0.0,0.0,0.0,2.0,13
0.0,0.0,2011,3.0,14.0,8.0,0.0,0.0,4.0,0.0,0.0,0.0,1.0,0.0,30
0.0,0.0,2011,1.0,1.0,0.0,0.0,0.0,0.0,0.0,0.0,0.0,0.0,0.0,2
0.0,0.0,2011,1.0,7.0,41.0,0.0,0.0,6.0,0.0,0.0,0.0,0.0,7.0,62
0.0,0.0,2011,0.0,15.0,61.0,0.0,0.0,4.0,0.0,0.0,0.0,1.0,0.0,81
0.0,0.0,2011,2.0,4.0,2.0,0.0,0.0,0.0,0.0,0.0,0.0,1.0,0.0,9
0.0,0.0,2011,2.0,0.0,1.0,0.0,0.0,4.0,0.0,0.0,0.0,0.0,0.0,7
0.0,0.0,2011,1.0,0.0,0.0,0.0,0.0,5.0,0.0,0.0,0.0,0.0,0.0,6
0.0,0.0,2011,69.0,130.0,605.0,0.0,1.0,105.0,4.0,0.0,0.0,13.0,204.0,1131
0.0,0.0,2011,2.0,14.0,23.0,0.0,0.0,0.0,0.0,0.0,0.0,0.0,0.0,39
0.0,0.0,2011,0.0,0.0,0.0,0.0,0.0,0.0,0.0,0.0,0.0,0.0,0.0,0
0.0,0.0,2011,0.0,16.0,42.0,5.0,0.0,2.0,0.0,0.0,0.0,0.0,5.0,70
0.0,0.0,2011,1.0,0.0,1.0,0.0,0.0,0.0,0.0,0.0,0.0,0.0,0.0,2
0.0,0.0,2011,0.0,0.0,0.0,0.0,0.0,0.0,0.0,0.0,0.0,0.0,0.0,0
0.0,0.0,2011,6.0,14.0,17.0,0.0,0.0,2.0,0.0,0.0,0.0,0.0,0.0,39
0.0,0.0,2011,0.0,0.0,0.0,0.0,0.0,0.0,0.0,0.0,0.0,1.0,0.0,1
0.0,0.0,2011,0.0,0.0,0.0,0.0,0.0,0.0,0.0,0.0,0.0,0.0,0.0,0
0.0,0.0,2011,0.0,0.0,0.0,0.0,0.0,0.0,0.0,0.0,0.0,0.0,12.0,12
0.0,0.0,2011,0.0,0.0,0.0,0.0,0.0,0.0,0.0,0.0,0.0,3.0,0.0,3
0.0,0.0,2011,0.0,0.0,18.0,0.0,0.0,4.0,0.0,1.0,1.0,0.0,0.0,24
0.0,0.0,2011,0.0,2.0,1.0,0.0,0.0,0.0,0.0,0.0,0.0,1.0,0.0,4
0.0,0.0,2011,0.0,5.0,5.0,0.0,4.0,4.0,0.0,1.0,1.0,0.0,0.0,20
0.0,0.0,2011,0.0,0.0,0.0,0.0,0.0,0.0,0.0,0.0,0.0,0.0,4.0,4
0.0,0.0,2011,3.0,10.0,20.0,0.0,0.0,0.0,0.0,0.0,0.0,0.0,0.0,33
0.0,0.0,2011,0.0,0.0,0.0,0.0,0.0,0.0,0.0,0.0,0.0,0.0,0.0,0
0.0,0.0,2011,0.0,0.0,0.0,0.0,0.0,0.0,0.0,0.0,0.0,0.0,0.0,0
0.0,0.0,2011,0.0,5.0,17.0,0.0,0.0,3.0,0.0,0.0,0.0,0.0,1.0,26
0.0,0.0,2011,0.0,0.0,0.0,0.0,0.0,0.0,0.0,0.0,0.0,1.0,0.0,1
0.0,0.0,2011,2.0,0.0,0.0,0.0,0.0,0.0,0.0,0.0,0.0,0.0,0.0,2
0.0,0.0,2011,0.0,0.0,0.0,0.0,0.0,0.0,0.0,0.0,0.0,0.0,0.0,0
0.0,0.0,2011,0.0,0.0,0.0,0.0,0.0,0.0,0.0,0.0,0.0,0.0,0.0,0
0.0,0.0,2011,14.0,66.0,144.0,5.0,4.0,15.0,0.0,2.0,2.0,6.0,22.0,280
0.0,0.0,2011,0.0,0.0,0.0,0.0,0.0,0.0,0.0,0.0,0.0,0.0,0.0,0
0.0,0.0,2011,1.0,3.0,2.0,0.0,0.0,1.0,0.0,0.0,0.0,0.0,3.0,10
0.0,0.0,2011,1.0,2.0,12.0,0.0,0.0,0.0,0.0,0.0,0.0,0.0,5.0,20
0.0,0.0,2011,0.0,0.0,0.0,0.0,0.0,0.0,0.0,0.0,0.0,0.0,0.0,0
0.0,0.0,2011,0.0,0.0,0.0,0.0,0.0,0.0,0.0,0.0,0.0,0.0,0.0,0
0.0,0.0,2011,1.0,3.0,4.0,0.0,0.0,0.0,0.0,0.0,0.0,0.0,5.0,13
0.0,0.0,2011,0.0,13.0,28.0,0.0,0.0,2.0,0.0,0.0,0.0,0.0,10.0,53
0.0,0.0,2011,0.0,4.0,0.0,0.0,0.0,0.0,0.0,0.0,0.0,0.0,0.0,4
0.0,0.0,2011,1.0,12.0,10.0,0.0,1.0,0.0,0.0,0.0,0.0,0.0,8.0,32
0.0,0.0,2011,0.0,0.0,0.0,0.0,0.0,0.0,0.0,0.0,0.0,0.0,0.0,0
0.0,0.0,2011,0.0,6.0,13.0,0.0,0.0,4.0,0.0,0.0,0.0,0.0,14.0,37
0.0,0.0,2011,1.0,12.0,16.0,0.0,0.0,0.0,0.0,0.0,0.0,0.0,5.0,34
0.0,0.0,2011,1.0,5.0,13.0,0.0,0.0,0.0,0.0,0.0,0.0,0.0,7.0,26
0.0,0.0,2011,0.0,6.0,6.0,0.0,0.0,1.0,3.0,0.0,0.0,0.0,2.0,18
0.0,0.0,2011,0.0,6.0,4.0,0.0,0.0,0.0,0.0,0.0,0.0,0.0,4.0,14
0.0,0.0,2011,6.0,72.0,108.0,0.0,1.0,8.0,3.0,0.0,0.0,0.0,63.0,261
0.0,0.0,2011,0.0,0.0,0.0,0.0,0.0,0.0,0.0,0.0,0.0,0.0,0.0,0
0.0,0.0,2011,0.0,0.0,0.0,0.0,0.0,0.0,0.0,0.0,0.0,0.0,0.0,0
0.0,0.0,2011,0.0,0.0,0.0,0.0,0.0,0.0,0.0,0.0,0.0,0.0,0.0,0
0.0,0.0,2011,0.0,0.0,0.0,0.0,0.0,0.0,0.0,0.0,0.0,0.0,0.0,0
0.0,0.0,2011,0.0,0.0,0.0,0.0,0.0,0.0,0.0,0.0,0.0,0.0,0.0,0
0.0,0.0,2011,0.0,0.0,0.0,0.0,0.0,0.0,0.0,0.0,0.0,0.0,1.0,1
0.0,0.0,2011,0.0,0.0,0.0,0.0,0.0,0.0,0.0,0.0,0.0,0.0,0.0,0
0.0,0.0,2011,0.0,0.0,0.0,0.0,0.0,0.0,0.0,0.0,0.0,0.0,0.0,0
0.0,0.0,2011,0.0,0.0,0.0,0.0,0.0,0.0,0.0,0.0,0.0,0.0,0.0,0
0.0,0.0,2011,0.0,0.0,0.0,0.0,0.0,0.0,0.0,0.0,0.0,0.0,0.0,0
0.0,0.0,2011,0.0,0.0,0.0,0.0,0.0,0.0,0.0,0.0,0.0,0.0,0.0,0
0.0,0.0,2011,1.0,0.0,0.0,0.0,0.0,0.0,0.0,0.0,0.0,0.0,0.0,1
0.0,0.0,2011,0.0,3.0,4.0,0.0,0.0,0.0,0.0,0.0,0.0,0.0,2.0,9
0.0,0.0,2011,0.0,0.0,0.0,0.0,0.0,0.0,0.0,0.0,0.0,0.0,0.0,0
0.0,0.0,2011,0.0,0.0,0.0,0.0,0.0,0.0,0.0,0.0,0.0,0.0,0.0,0
0.0,0.0,2011,0.0,0.0,0.0,0.0,0.0,0.0,0.0,0.0,0.0,0.0,0.0,0
0.0,0.0,2011,0.0,0.0,0.0,0.0,0.0,0.0,0.0,0.0,0.0,0.0,0.0,0
0.0,0.0,2011,0.0,0.0,0.0,0.0,0.0,1.0,0.0,0.0,0.0,0.0,1.0,2
0.0,0.0,2011,0.0,0.0,0.0,0.0,0.0,0.0,0.0,0.0,0.0,0.0,0.0,0
0.0,0.0,2011,0.0,0.0,0.0,0.0,0.0,0.0,0.0,0.0,0.0,0.0,0.0,0
0.0,0.0,2011,0.0,0.0,0.0,0.0,0.0,0.0,0.0,0.0,0.0,0.0,0.0,0
0.0,0.0,2011,0.0,0.0,0.0,0.0,0.0,0.0,0.0,0.0,0.0,0.0,0.0,0
0.0,0.0,2011,0.0,0.0,0.0,0.0,0.0,0.0,0.0,0.0,0.0,0.0,0.0,0
0.0,0.0,2011,0.0,3.0,1.0,1.0,0.0,0.0,0.0,0.0,0.0,0.0,1.0,6
0.0,0.0,2011,1.0,1.0,0.0,0.0,0.0,0.0,0.0,0.0,0.0,0.0,0.0,2
0.0,0.0,2011,0.0,0.0,0.0,0.0,0.0,0.0,0.0,0.0,0.0,0.0,0.0,0
0.0,0.0,2011,0.0,2.0,0.0,0.0,0.0,0.0,0.0,0.0,0.0,0.0,0.0,2
0.0,0.0,2011,0.0,0.0,0.0,0.0,0.0,0.0,0.0,0.0,0.0,0.0,0.0,0
0.0,0.0,2011,2.0,0.0,0.0,0.0,0.0,0.0,0.0,0.0,0.0,0.0,0.0,2
0.0,0.0,2011,4.0,9.0,5.0,1.0,0.0,1.0,0.0,0.0,0.0,0.0,5.0,25
0.0,0.0,2011,0.0,0.0,0.0,0.0,0.0,0.0,0.0,0.0,0.0,0.0,0.0,0
0.0,0.0,2011,0.0,0.0,0.0,0.0,0.0,0.0,0.0,0.0,0.0,0.0,0.0,0
0.0,0.0,2011,0.0,0.0,0.0,0.0,0.0,0.0,0.0,0.0,0.0,0.0,0.0,0
0.0,0.0,2011,0.0,2.0,0.0,0.0,0.0,0.0,0.0,0.0,0.0,0.0,0.0,2
0.0,0.0,2011,0.0,0.0,1.0,0.0,0.0,0.0,0.0,0.0,0.0,0.0,4.0,5
0.0,0.0,2011,1.0,0.0,0.0,0.0,0.0,0.0,0.0,0.0,0.0,0.0,0.0,1
0.0,0.0,2011,3.0,4.0,1.0,0.0,0.0,0.0,0.0,0.0,0.0,0.0,13.0,21
0.0,0.0,2011,0.0,5.0,0.0,0.0,0.0,0.0,10.0,0.0,0.0,0.0,5.0,20
0.0,0.0,2011,0.0,0.0,0.0,0.0,0.0,0.0,0.0,0.0,0.0,0.0,0.0,0
0.0,0.0,2011,0.0,0.0,0.0,0.0,0.0,0.0,0.0,0.0,0.0,0.0,0.0,0
0.0,0.0,2011,0.0,4.0,12.0,1.0,0.0,1.0,0.0,1.0,6.0,0.0,0.0,25
0.0,0.0,2011,0.0,0.0,0.0,0.0,0.0,0.0,0.0,0.0,0.0,0.0,0.0,0
0.0,0.0,2011,0.0,0.0,0.0,0.0,0.0,0.0,0.0,0.0,0.0,0.0,0.0,0
0.0,0.0,2011,0.0,0.0,0.0,0.0,0.0,0.0,0.0,0.0,0.0,0.0,0.0,0
0.0,0.0,2011,0.0,0.0,0.0,0.0,0.0,0.0,0.0,0.0,0.0,0.0,0.0,0
0.0,0.0,2011,0.0,0.0,0.0,0.0,0.0,0.0,0.0,0.0,0.0,0.0,0.0,0
0.0,0.0,2011,0.0,0.0,0.0,0.0,0.0,0.0,0.0,0.0,0.0,0.0,0.0,0
0.0,0.0,2011,0.0,0.0,0.0,0.0,0.0,0.0,0.0,0.0,0.0,0.0,0.0,0
0.0,0.0,2011,1.0,0.0,0.0,0.0,0.0,0.0,0.0,0.0,0.0,0.0,0.0,1
0.0,0.0,2011,0.0,0.0,0.0,0.0,0.0,0.0,0.0,0.0,0.0,0.0,0.0,0
0.0,0.0,2011,0.0,0.0,0.0,0.0,0.0,0.0,0.0,0.0,0.0,0.0,0.0,0
0.0,0.0,2011,0.0,0.0,0.0,0.0,0.0,0.0,0.0,0.0,0.0,0.0,0.0,0
0.0,0.0,2011,0.0,0.0,0.0,0.0,0.0,0.0,0.0,0.0,0.0,0.0,0.0,0
0.0,0.0,2011,0.0,1.0,4.0,0.0,0.0,0.0,5.0,0.0,0.0,0.0,0.0,10
0.0,0.0,2011,0.0,0.0,0.0,0.0,0.0,0.0,0.0,0.0,0.0,0.0,0.0,0
0.0,0.0,2011,0.0,0.0,0.0,0.0,0.0,0.0,0.0,0.0,0.0,0.0,0.0,0
0.0,0.0,2011,5.0,16.0,18.0,1.0,0.0,1.0,15.0,1.0,6.0,0.0,22.0,85
0.0,0.0,2011,2.0,0.0,3.0,0.0,0.0,0.0,0.0,0.0,0.0,1.0,0.0,6
0.0,0.0,2011,4.0,13.0,34.0,0.0,0.0,0.0,0.0,0.0,0.0,3.0,0.0,54
0.0,0.0,2011,0.0,0.0,2.0,0.0,0.0,0.0,0.0,0.0,0.0,0.0,0.0,2
0.0,0.0,2011,12.0,25.0,23.0,0.0,0.0,11.0,0.0,0.0,0.0,0.0,0.0,71
0.0,0.0,2011,0.0,0.0,0.0,0.0,0.0,0.0,0.0,0.0,0.0,0.0,0.0,0
0.0,0.0,2011,4.0,8.0,8.0,0.0,0.0,6.0,0.0,0.0,0.0,0.0,0.0,26
0.0,0.0,2011,0.0,0.0,0.0,0.0,0.0,0.0,0.0,0.0,0.0,0.0,0.0,0
0.0,0.0,2011,0.0,0.0,0.0,0.0,0.0,0.0,0.0,0.0,0.0,1.0,0.0,1
0.0,0.0,2011,0.0,0.0,0.0,0.0,0.0,0.0,0.0,0.0,0.0,0.0,0.0,0
0.0,0.0,2011,1.0,0.0,6.0,0.0,0.0,1.0,0.0,0.0,0.0,0.0,1.0,9
0.0,0.0,2011,3.0,3.0,3.0,0.0,0.0,0.0,0.0,0.0,0.0,0.0,0.0,9
0.0,0.0,2011,5.0,3.0,1.0,0.0,0.0,2.0,0.0,0.0,0.0,0.0,1.0,12
0.0,0.0,2011,0.0,0.0,0.0,0.0,0.0,0.0,0.0,0.0,0.0,0.0,0.0,0
0.0,0.0,2011,5.0,2.0,8.0,0.0,0.0,0.0,0.0,0.0,0.0,0.0,0.0,15
0.0,0.0,2011,0.0,0.0,0.0,0.0,0.0,0.0,0.0,0.0,0.0,1.0,3.0,4
0.0,0.0,2011,0.0,0.0,0.0,0.0,0.0,0.0,0.0,0.0,0.0,0.0,0.0,0
0.0,0.0,2011,0.0,0.0,0.0,0.0,0.0,0.0,0.0,0.0,0.0,0.0,0.0,0
0.0,0.0,2011,0.0,0.0,0.0,0.0,0.0,0.0,0.0,0.0,0.0,0.0,0.0,0
0.0,0.0,2011,0.0,0.0,0.0,0.0,0.0,0.0,0.0,0.0,0.0,0.0,0.0,0
0.0,0.0,2011,0.0,0.0,0.0,0.0,0.0,0.0,0.0,0.0,0.0,0.0,0.0,0
0.0,0.0,2011,0.0,4.0,1.0,0.0,0.0,0.0,0.0,0.0,0.0,1.0,7.0,13
0.0,0.0,2011,0.0,0.0,0.0,0.0,0.0,0.0,0.0,0.0,1.0,0.0,6.0,7
0.0,0.0,2011,0.0,0.0,0.0,0.0,0.0,0.0,0.0,0.0,0.0,0.0,0.0,0
0.0,0.0,2011,1.0,4.0,3.0,0.0,0.0,0.0,0.0,0.0,0.0,2.0,1.0,11
0.0,0.0,2011,0.0,4.0,1.0,1.0,0.0,0.0,0.0,0.0,0.0,0.0,8.0,14
0.0,0.0,2011,0.0,0.0,0.0,0.0,0.0,0.0,0.0,0.0,0.0,1.0,0.0,1
0.0,0.0,2011,6.0,10.0,0.0,0.0,0.0,0.0,0.0,0.0,0.0,0.0,0.0,16
0.0,0.0,2011,2.0,4.0,14.0,0.0,0.0,0.0,0.0,0.0,0.0,0.0,0.0,20
0.0,0.0,2011,1.0,0.0,1.0,0.0,0.0,1.0,0.0,0.0,0.0,0.0,0.0,3
0.0,0.0,2011,0.0,0.0,0.0,0.0,0.0,0.0,0.0,0.0,0.0,1.0,0.0,1
0.0,0.0,2011,3.0,17.0,0.0,0.0,0.0,0.0,8.0,0.0,0.0,0.0,0.0,28
0.0,0.0,2011,0.0,0.0,0.0,0.0,0.0,0.0,0.0,0.0,0.0,0.0,4.0,4
0.0,0.0,2011,3.0,0.0,1.0,0.0,0.0,0.0,0.0,0.0,0.0,1.0,2.0,7
0.0,0.0,2011,0.0,0.0,0.0,0.0,0.0,0.0,0.0,0.0,0.0,0.0,0.0,0
0.0,0.0,2011,0.0,0.0,0.0,0.0,0.0,0.0,0.0,0.0,0.0,0.0,0.0,0
0.0,0.0,2011,52.0,97.0,109.0,1.0,0.0,21.0,8.0,0.0,1.0,12.0,33.0,334
0.0,0.0,2011,3.0,19.0,9.0,0.0,0.0,0.0,0.0,0.0,0.0,0.0,30.0,61
0.0,0.0,2011,2.0,28.0,1.0,0.0,0.0,0.0,1.0,0.0,0.0,0.0,121.0,153
0.0,0.0,2011,0.0,14.0,9.0,0.0,0.0,0.0,0.0,0.0,0.0,0.0,9.0,32
0.0,0.0,2011,4.0,22.0,0.0,0.0,0.0,0.0,0.0,0.0,0.0,0.0,5.0,31
0.0,0.0,2011,5.0,18.0,1.0,0.0,0.0,0.0,1.0,0.0,0.0,0.0,37.0,62
0.0,0.0,2011,1.0,19.0,1.0,0.0,0.0,0.0,1.0,0.0,0.0,0.0,112.0,134
0.0,0.0,2011,2.0,29.0,15.0,0.0,0.0,1.0,1.0,0.0,0.0,0.0,29.0,77
0.0,0.0,2011,9.0,22.0,7.0,0.0,0.0,0.0,1.0,0.0,0.0,0.0,39.0,78
0.0,0.0,2011,2.0,21.0,7.0,0.0,0.0,1.0,0.0,0.0,0.0,0.0,37.0,68
0.0,0.0,2011,1.0,5.0,2.0,0.0,1.0,0.0,1.0,0.0,0.0,0.0,49.0,59
0.0,0.0,2011,3.0,23.0,3.0,0.0,0.0,0.0,0.0,0.0,0.0,0.0,34.0,63
0.0,0.0,2011,0.0,24.0,10.0,0.0,0.0,0.0,0.0,0.0,0.0,3.0,74.0,111
0.0,0.0,2011,4.0,28.0,5.0,0.0,0.0,2.0,0.0,0.0,0.0,0.0,24.0,63
0.0,0.0,2011,2.0,19.0,11.0,0.0,0.0,0.0,0.0,0.0,0.0,0.0,18.0,50
0.0,0.0,2011,1.0,0.0,0.0,0.0,0.0,0.0,0.0,0.0,0.0,0.0,17.0,18
0.0,0.0,2011,0.0,8.0,8.0,0.0,0.0,0.0,0.0,0.0,0.0,0.0,55.0,71
0.0,0.0,2011,5.0,29.0,12.0,0.0,0.0,0.0,0.0,0.0,0.0,0.0,77.0,123
0.0,0.0,2011,0.0,23.0,13.0,0.0,0.0,0.0,1.0,0.0,0.0,0.0,16.0,53
0.0,0.0,2011,2.0,64.0,13.0,0.0,1.0,0.0,0.0,0.0,0.0,0.0,20.0,100
0.0,0.0,2011,1.0,8.0,2.0,0.0,0.0,0.0,2.0,0.0,0.0,0.0,32.0,45
0.0,0.0,2011,47.0,423.0,129.0,0.0,2.0,4.0,9.0,0.0,0.0,3.0,835.0,1452
0.0,0.0,2011,0.0,0.0,0.0,0.0,0.0,0.0,0.0,0.0,0.0,0.0,0.0,0
0.0,0.0,2011,2.0,38.0,5.0,3.0,1.0,1.0,0.0,0.0,0.0,1.0,0.0,51
0.0,0.0,2011,2.0,20.0,5.0,0.0,0.0,6.0,0.0,0.0,0.0,0.0,51.0,84
0.0,0.0,2011,2.0,30.0,6.0,0.0,0.0,0.0,0.0,0.0,0.0,0.0,93.0,131
0.0,0.0,2011,1.0,17.0,5.0,0.0,0.0,0.0,0.0,0.0,0.0,0.0,22.0,45
0.0,0.0,2011,4.0,53.0,9.0,1.0,0.0,0.0,0.0,0.0,0.0,0.0,88.0,155
0.0,0.0,2011,0.0,1.0,0.0,0.0,0.0,0.0,0.0,0.0,0.0,1.0,6.0,8
0.0,0.0,2011,4.0,52.0,18.0,0.0,0.0,0.0,0.0,0.0,1.0,0.0,0.0,75
0.0,0.0,2011,1.0,0.0,0.0,0.0,0.0,8.0,0.0,0.0,0.0,0.0,3.0,12
0.0,0.0,2011,0.0,0.0,0.0,0.0,0.0,0.0,0.0,0.0,0.0,0.0,0.0,0
0.0,0.0,2011,1.0,28.0,23.0,0.0,0.0,0.0,0.0,0.0,0.0,0.0,61.0,113
0.0,0.0,2011,0.0,0.0,0.0,0.0,0.0,0.0,0.0,0.0,0.0,0.0,0.0,0
0.0,0.0,2011,0.0,0.0,0.0,0.0,0.0,0.0,0.0,0.0,0.0,0.0,0.0,0
0.0,0.0,2011,1.0,18.0,15.0,2.0,0.0,0.0,0.0,0.0,0.0,0.0,60.0,96
0.0,0.0,2011,1.0,12.0,0.0,0.0,0.0,0.0,0.0,0.0,0.0,0.0,36.0,49
0.0,0.0,2011,3.0,56.0,28.0,0.0,0.0,0.0,0.0,0.0,0.0,0.0,0.0,87
0.0,0.0,2011,1.0,27.0,5.0,0.0,0.0,0.0,0.0,0.0,0.0,0.0,20.0,53
0.0,0.0,2011,1.0,37.0,11.0,1.0,0.0,0.0,0.0,0.0,0.0,0.0,105.0,155
0.0,0.0,2011,3.0,40.0,76.0,0.0,0.0,22.0,0.0,0.0,0.0,0.0,86.0,227
0.0,0.0,2011,4.0,26.0,2.0,0.0,0.0,0.0,0.0,0.0,0.0,0.0,5.0,37
0.0,0.0,2011,3.0,17.0,12.0,0.0,0.0,0.0,0.0,0.0,0.0,0.0,19.0,51
0.0,0.0,2011,12.0,26.0,8.0,0.0,0.0,0.0,0.0,0.0,0.0,2.0,322.0,370
0.0,0.0,2011,0.0,0.0,0.0,0.0,0.0,0.0,0.0,0.0,0.0,0.0,0.0,0
0.0,0.0,2011,8.0,41.0,24.0,3.0,0.0,0.0,0.0,0.0,0.0,0.0,107.0,183
0.0,0.0,2011,0.0,0.0,0.0,0.0,0.0,0.0,0.0,0.0,0.0,0.0,0.0,0
0.0,0.0,2011,0.0,5.0,0.0,0.0,0.0,0.0,0.0,0.0,0.0,0.0,0.0,5
0.0,0.0,2011,1.0,7.0,0.0,3.0,0.0,0.0,0.0,0.0,0.0,0.0,6.0,17
0.0,0.0,2011,4.0,35.0,8.0,0.0,0.0,8.0,0.0,0.0,0.0,0.0,61.0,116
0.0,0.0,2011,1.0,8.0,0.0,0.0,0.0,0.0,0.0,0.0,0.0,0.0,6.0,15
0.0,0.0,2011,2.0,33.0,9.0,0.0,1.0,0.0,0.0,0.0,0.0,0.0,0.0,45
0.0,0.0,2011,2.0,22.0,10.0,0.0,0.0,0.0,0.0,0.0,2.0,0.0,20.0,56
0.0,0.0,2011,2.0,6.0,4.0,0.0,0.0,10.0,0.0,0.0,0.0,0.0,20.0,42
0.0,0.0,2011,1.0,26.0,4.0,0.0,0.0,0.0,0.0,0.0,0.0,0.0,73.0,104
0.0,0.0,2011,2.0,14.0,5.0,0.0,0.0,0.0,0.0,0.0,0.0,0.0,15.0,36
0.0,0.0,2011,0.0,48.0,5.0,0.0,0.0,0.0,0.0,0.0,0.0,0.0,0.0,53
0.0,0.0,2011,0.0,31.0,12.0,0.0,0.0,0.0,0.0,0.0,0.0,0.0,0.0,43
0.0,0.0,2011,0.0,36.0,3.0,0.0,0.0,0.0,0.0,0.0,0.0,0.0,151.0,190
0.0,0.0,2011,2.0,45.0,23.0,6.0,0.0,0.0,0.0,0.0,0.0,0.0,49.0,125
0.0,0.0,2011,5.0,17.0,1.0,3.0,4.0,0.0,7.0,0.0,0.0,0.0,76.0,113
0.0,0.0,2011,3.0,15.0,27.0,10.0,0.0,0.0,0.0,0.0,0.0,0.0,106.0,161
0.0,0.0,2011,8.0,48.0,3.0,0.0,1.0,10.0,13.0,0.0,0.0,0.0,110.0,193
0.0,0.0,2011,4.0,38.0,8.0,0.0,0.0,0.0,0.0,0.0,0.0,0.0,54.0,104
0.0,0.0,2011,4.0,32.0,6.0,0.0,3.0,0.0,0.0,0.0,0.0,0.0,70.0,115
0.0,0.0,2011,4.0,29.0,8.0,0.0,0.0,0.0,0.0,0.0,0.0,0.0,49.0,90
0.0,0.0,2011,0.0,0.0,0.0,0.0,0.0,0.0,0.0,0.0,0.0,0.0,0.0,0
0.0,0.0,2011,7.0,39.0,13.0,0.0,0.0,1.0,0.0,0.0,0.0,0.0,0.0,60
0.0,0.0,2011,4.0,16.0,25.0,0.0,0.0,1.0,0.0,0.0,0.0,0.0,23.0,69
0.0,0.0,2011,2.0,32.0,18.0,0.0,0.0,1.0,0.0,0.0,0.0,0.0,94.0,147
0.0,0.0,2011,2.0,14.0,23.0,6.0,1.0,0.0,0.0,0.0,0.0,0.0,37.0,83
0.0,0.0,2011,6.0,50.0,18.0,0.0,1.0,11.0,0.0,0.0,0.0,1.0,37.0,124
0.0,0.0,2011,0.0,39.0,16.0,0.0,0.0,10.0,0.0,0.0,0.0,0.0,23.0,88
0.0,0.0,2011,1.0,14.0,2.0,0.0,0.0,0.0,0.0,0.0,0.0,0.0,24.0,41
0.0,0.0,2011,2.0,24.0,14.0,0.0,0.0,0.0,0.0,0.0,0.0,0.0,124.0,164
0.0,0.0,2011,123.0,1262.0,517.0,38.0,12.0,89.0,20.0,0.0,3.0,5.0,2312.0,4381
0.0,0.0,2011,8.0,27.0,19.0,0.0,0.0,0.0,0.0,0.0,0.0,0.0,0.0,54
0.0,0.0,2011,1.0,20.0,35.0,0.0,0.0,8.0,0.0,0.0,0.0,0.0,43.0,107
0.0,0.0,2011,0.0,12.0,14.0,0.0,0.0,2.0,0.0,0.0,0.0,0.0,13.0,41
0.0,0.0,2011,4.0,45.0,23.0,0.0,2.0,1.0,0.0,0.0,0.0,2.0,0.0,77
0.0,0.0,2011,3.0,6.0,14.0,0.0,0.0,7.0,3.0,0.0,0.0,0.0,17.0,50
0.0,0.0,2011,3.0,10.0,5.0,1.0,0.0,1.0,0.0,0.0,0.0,0.0,26.0,46
0.0,0.0,2011,10.0,20.0,27.0,0.0,0.0,0.0,0.0,0.0,0.0,0.0,32.0,89
0.0,0.0,2011,4.0,14.0,11.0,0.0,0.0,0.0,0.0,0.0,0.0,1.0,36.0,66
0.0,0.0,2011,2.0,9.0,23.0,0.0,0.0,8.0,0.0,0.0,0.0,0.0,27.0,69
0.0,0.0,2011,3.0,41.0,27.0,0.0,0.0,1.0,0.0,0.0,0.0,0.0,34.0,106
0.0,0.0,2011,4.0,12.0,9.0,0.0,0.0,7.0,0.0,0.0,0.0,0.0,0.0,32
0.0,0.0,2011,4.0,13.0,3.0,0.0,0.0,0.0,0.0,0.0,0.0,0.0,11.0,31
0.0,0.0,2011,2.0,5.0,1.0,0.0,0.0,0.0,0.0,0.0,0.0,0.0,4.0,12
0.0,0.0,2011,6.0,10.0,2.0,0.0,1.0,2.0,0.0,0.0,0.0,0.0,0.0,21
0.0,0.0,2011,7.0,10.0,16.0,0.0,0.0,15.0,1.0,0.0,0.0,1.0,1.0,51
0.0,0.0,2011,4.0,3.0,14.0,0.0,0.0,3.0,0.0,0.0,0.0,0.0,18.0,42
0.0,0.0,2011,4.0,18.0,31.0,1.0,0.0,4.0,0.0,0.0,0.0,1.0,61.0,120
0.0,0.0,2011,1.0,2.0,5.0,0.0,0.0,0.0,0.0,0.0,0.0,0.0,0.0,8
0.0,0.0,2011,17.0,117.0,132.0,3.0,2.0,22.0,0.0,1.0,0.0,0.0,131.0,425
0.0,0.0,2011,0.0,3.0,6.0,0.0,0.0,5.0,0.0,0.0,0.0,0.0,1.0,15
0.0,0.0,2011,5.0,23.0,17.0,1.0,1.0,2.0,0.0,0.0,2.0,1.0,125.0,177
0.0,0.0,2011,0.0,1.0,0.0,0.0,0.0,13.0,0.0,0.0,0.0,0.0,0.0,14
0.0,0.0,2011,0.0,28.0,20.0,1.0,0.0,6.0,0.0,0.0,0.0,0.0,19.0,74
0.0,0.0,2011,5.0,16.0,40.0,0.0,0.0,2.0,0.0,0.0,0.0,0.0,36.0,99
0.0,0.0,2011,5.0,12.0,8.0,0.0,0.0,2.0,0.0,0.0,0.0,0.0,8.0,35
0.0,0.0,2011,2.0,8.0,5.0,1.0,1.0,0.0,0.0,0.0,0.0,0.0,4.0,21
0.0,0.0,2011,3.0,23.0,0.0,1.0,3.0,8.0,14.0,0.0,0.0,0.0,17.0,69
0.0,0.0,2011,5.0,17.0,16.0,0.0,0.0,3.0,0.0,0.0,0.0,0.0,36.0,77
0.0,0.0,2011,4.0,13.0,10.0,0.0,1.0,2.0,0.0,0.0,0.0,1.0,7.0,38
0.0,0.0,2011,4.0,10.0,12.0,0.0,0.0,2.0,0.0,0.0,0.0,8.0,2.0,38
0.0,0.0,2011,9.0,36.0,43.0,0.0,0.0,4.0,0.0,19.0,0.0,2.0,181.0,294
0.0,0.0,2011,0.0,0.0,2.0,0.0,0.0,2.0,0.0,0.0,0.0,0.0,0.0,4
0.0,0.0,2011,10.0,48.0,27.0,1.0,0.0,3.0,0.0,0.0,0.0,0.0,112.0,201
0.0,0.0,2011,1.0,2.0,4.0,0.0,0.0,0.0,0.0,0.0,0.0,0.0,10.0,17
0.0,0.0,2011,1.0,20.0,7.0,0.0,0.0,1.0,0.0,0.0,0.0,0.0,6.0,35
0.0,0.0,2011,5.0,21.0,14.0,0.0,1.0,8.0,0.0,0.0,0.0,1.0,12.0,62
0.0,0.0,2011,10.0,22.0,33.0,0.0,0.0,4.0,0.0,0.0,0.0,1.0,35.0,105
0.0,0.0,2011,0.0,9.0,4.0,0.0,0.0,2.0,0.0,0.0,0.0,0.0,4.0,19
0.0,0.0,2011,1.0,2.0,8.0,1.0,0.0,2.0,0.0,0.0,0.0,0.0,16.0,30
0.0,0.0,2011,11.0,9.0,8.0,0.0,0.0,12.0,2.0,0.0,0.0,0.0,0.0,42
0.0,0.0,2011,10.0,41.0,61.0,0.0,0.0,10.0,0.0,0.0,0.0,0.0,82.0,204
0.0,0.0,2011,12.0,20.0,25.0,1.0,0.0,6.0,0.0,0.0,0.0,0.0,4.0,68
0.0,0.0,2011,0.0,14.0,13.0,0.0,0.0,0.0,0.0,0.0,0.0,0.0,11.0,38
0.0,0.0,2011,7.0,4.0,23.0,0.0,0.0,2.0,0.0,0.0,0.0,0.0,1.0,37
0.0,0.0,2011,7.0,22.0,41.0,0.0,0.0,7.0,0.0,0.0,0.0,0.0,25.0,102
0.0,0.0,2011,204.0,818.0,858.0,12.0,12.0,189.0,20.0,20.0,2.0,19.0,1208.0,3362
0.0,0.0,2011,1.0,1.0,6.0,0.0,0.0,0.0,0.0,0.0,0.0,0.0,0.0,8
0.0,0.0,2011,0.0,1.0,0.0,0.0,0.0,0.0,0.0,0.0,0.0,0.0,0.0,1
0.0,0.0,2011,1.0,0.0,0.0,0.0,0.0,0.0,0.0,0.0,0.0,0.0,0.0,1
0.0,0.0,2011,0.0,0.0,0.0,0.0,0.0,0.0,0.0,0.0,0.0,0.0,0.0,0
0.0,0.0,2011,1.0,6.0,16.0,0.0,0.0,0.0,0.0,0.0,0.0,0.0,0.0,23
0.0,0.0,2011,0.0,5.0,28.0,0.0,0.0,0.0,0.0,0.0,0.0,0.0,0.0,33
0.0,0.0,2011,0.0,0.0,1.0,0.0,0.0,0.0,0.0,0.0,0.0,0.0,0.0,1
0.0,0.0,2011,0.0,0.0,0.0,0.0,0.0,0.0,0.0,0.0,0.0,0.0,0.0,0
0.0,0.0,2011,0.0,5.0,14.0,0.0,0.0,0.0,0.0,0.0,0.0,0.0,0.0,19
0.0,0.0,2011,0.0,1.0,0.0,0.0,0.0,0.0,0.0,0.0,0.0,0.0,0.0,1
0.0,0.0,2011,3.0,19.0,65.0,0.0,0.0,0.0,0.0,0.0,0.0,0.0,0.0,87
0.0,0.0,2011,0.0,1.0,0.0,0.0,0.0,0.0,0.0,0.0,0.0,0.0,0.0,1
0.0,0.0,2011,0.0,0.0,0.0,0.0,0.0,0.0,0.0,0.0,0.0,0.0,0.0,0
0.0,0.0,2011,0.0,0.0,0.0,0.0,0.0,0.0,0.0,0.0,0.0,0.0,0.0,0
0.0,0.0,2011,3.0,16.0,7.0,0.0,0.0,0.0,0.0,0.0,0.0,0.0,0.0,26
0.0,0.0,2011,3.0,27.0,6.0,0.0,0.0,0.0,0.0,0.0,0.0,0.0,14.0,50
0.0,0.0,2011,0.0,8.0,1.0,0.0,0.0,0.0,0.0,0.0,0.0,0.0,0.0,9
0.0,0.0,2011,2.0,14.0,2.0,0.0,0.0,0.0,0.0,0.0,0.0,0.0,0.0,18
0.0,0.0,2011,8.0,66.0,16.0,0.0,0.0,0.0,0.0,0.0,0.0,0.0,14.0,104
0.0,0.0,2011,0.0,12.0,0.0,0.0,0.0,0.0,0.0,0.0,0.0,0.0,0.0,12
0.0,0.0,2011,0.0,7.0,0.0,0.0,0.0,0.0,0.0,0.0,0.0,0.0,6.0,13
0.0,0.0,2011,0.0,5.0,0.0,0.0,0.0,0.0,0.0,0.0,0.0,0.0,1.0,6
0.0,0.0,2011,0.0,1.0,1.0,0.0,0.0,0.0,0.0,0.0,0.0,0.0,0.0,2
0.0,0.0,2011,0.0,9.0,2.0,0.0,0.0,0.0,0.0,0.0,0.0,0.0,0.0,11
0.0,0.0,2011,0.0,3.0,0.0,0.0,0.0,0.0,0.0,0.0,0.0,0.0,3.0,6
0.0,0.0,2011,0.0,0.0,0.0,0.0,0.0,0.0,0.0,0.0,0.0,0.0,0.0,0
0.0,0.0,2011,0.0,2.0,0.0,0.0,0.0,0.0,0.0,0.0,0.0,0.0,0.0,2
0.0,0.0,2011,0.0,39.0,3.0,0.0,0.0,0.0,0.0,0.0,0.0,0.0,10.0,52
0.0,0.0,2011,4.0,7.0,0.0,0.0,0.0,0.0,0.0,0.0,0.0,0.0,0.0,11
0.0,0.0,2011,0.0,0.0,0.0,0.0,0.0,0.0,0.0,0.0,0.0,0.0,0.0,0
0.0,0.0,2011,0.0,0.0,0.0,0.0,0.0,0.0,0.0,0.0,0.0,0.0,0.0,0
0.0,0.0,2011,0.0,0.0,0.0,0.0,0.0,0.0,0.0,0.0,0.0,0.0,0.0,0
0.0,0.0,2011,0.0,1.0,0.0,0.0,0.0,0.0,0.0,0.0,0.0,0.0,0.0,1
0.0,0.0,2011,1.0,1.0,0.0,0.0,0.0,0.0,0.0,0.0,0.0,0.0,0.0,2
0.0,0.0,2011,0.0,0.0,0.0,0.0,0.0,0.0,0.0,0.0,0.0,0.0,0.0,0
0.0,0.0,2011,0.0,2.0,0.0,0.0,0.0,0.0,0.0,0.0,0.0,0.0,0.0,2
0.0,0.0,2011,0.0,0.0,0.0,0.0,0.0,0.0,0.0,0.0,0.0,0.0,0.0,0
0.0,0.0,2011,0.0,1.0,0.0,0.0,0.0,0.0,0.0,0.0,0.0,0.0,0.0,1
0.0,0.0,2011,0.0,3.0,0.0,0.0,0.0,0.0,0.0,0.0,0.0,0.0,0.0,3
0.0,0.0,2011,5.0,15.0,0.0,0.0,0.0,0.0,0.0,0.0,0.0,0.0,0.0,20
0.0,0.0,2011,4.0,5.0,3.0,0.0,0.0,0.0,0.0,0.0,0.0,0.0,4.0,16
0.0,0.0,2011,1.0,9.0,0.0,0.0,0.0,0.0,0.0,0.0,0.0,0.0,0.0,10
0.0,0.0,2011,1.0,5.0,0.0,0.0,0.0,0.0,0.0,0.0,0.0,0.0,0.0,6
0.0,0.0,2011,0.0,0.0,0.0,0.0,0.0,0.0,0.0,0.0,0.0,0.0,0.0,0
0.0,0.0,2011,0.0,0.0,0.0,0.0,0.0,0.0,0.0,0.0,0.0,0.0,0.0,0
0.0,0.0,2011,0.0,0.0,0.0,0.0,0.0,0.0,0.0,0.0,0.0,0.0,0.0,0
0.0,0.0,2011,1.0,0.0,16.0,0.0,1.0,0.0,0.0,0.0,0.0,0.0,0.0,18
0.0,0.0,2011,0.0,0.0,0.0,0.0,0.0,0.0,0.0,0.0,0.0,0.0,0.0,0
0.0,0.0,2011,0.0,0.0,0.0,0.0,0.0,0.0,0.0,0.0,0.0,1.0,0.0,1
0.0,0.0,2011,0.0,0.0,0.0,0.0,0.0,0.0,0.0,0.0,0.0,0.0,6.0,6
0.0,0.0,2011,0.0,1.0,0.0,0.0,0.0,0.0,0.0,0.0,0.0,0.0,4.0,5
0.0,0.0,2011,0.0,3.0,0.0,0.0,0.0,0.0,0.0,0.0,0.0,0.0,0.0,3
0.0,0.0,2011,1.0,6.0,1.0,0.0,0.0,0.0,0.0,0.0,0.0,0.0,0.0,8
0.0,0.0,2011,0.0,0.0,0.0,0.0,0.0,0.0,0.0,0.0,0.0,0.0,0.0,0
0.0,0.0,2011,0.0,0.0,0.0,0.0,0.0,0.0,0.0,0.0,0.0,0.0,0.0,0
0.0,0.0,2011,0.0,0.0,0.0,0.0,0.0,0.0,0.0,0.0,0.0,0.0,0.0,0
0.0,0.0,2011,1.0,17.0,12.0,0.0,0.0,0.0,0.0,0.0,0.0,0.0,0.0,30
0.0,0.0,2011,0.0,46.0,22.0,0.0,0.0,0.0,0.0,0.0,0.0,0.0,0.0,68
0.0,0.0,2011,0.0,0.0,0.0,0.0,0.0,0.0,0.0,0.0,0.0,0.0,0.0,0
0.0,0.0,2011,1.0,5.0,6.0,0.0,0.0,0.0,0.0,0.0,0.0,0.0,0.0,12
0.0,0.0,2011,0.0,0.0,0.0,0.0,0.0,0.0,0.0,0.0,0.0,0.0,0.0,0
0.0,0.0,2011,0.0,8.0,0.0,0.0,0.0,0.0,0.0,0.0,0.0,0.0,0.0,8
0.0,0.0,2011,0.0,0.0,1.0,0.0,0.0,0.0,0.0,0.0,0.0,0.0,0.0,1
0.0,0.0,2011,1.0,4.0,2.0,0.0,0.0,0.0,6.0,0.0,0.0,0.0,0.0,13
0.0,0.0,2011,2.0,4.0,0.0,0.0,0.0,0.0,0.0,0.0,0.0,0.0,11.0,17
0.0,0.0,2011,0.0,0.0,0.0,0.0,0.0,0.0,5.0,0.0,0.0,0.0,0.0,5
0.0,0.0,2011,0.0,0.0,0.0,0.0,0.0,0.0,0.0,0.0,0.0,0.0,0.0,0
0.0,0.0,2011,0.0,0.0,0.0,0.0,0.0,0.0,0.0,0.0,0.0,0.0,7.0,7
0.0,0.0,2011,0.0,0.0,0.0,0.0,0.0,0.0,0.0,0.0,0.0,0.0,0.0,0
0.0,0.0,2011,2.0,20.0,0.0,0.0,0.0,0.0,0.0,0.0,0.0,0.0,0.0,22
0.0,0.0,2011,0.0,10.0,6.0,0.0,0.0,0.0,0.0,0.0,0.0,0.0,0.0,16
0.0,0.0,2011,0.0,0.0,0.0,0.0,0.0,0.0,0.0,0.0,0.0,0.0,0.0,0
0.0,0.0,2011,0.0,0.0,0.0,0.0,0.0,0.0,0.0,0.0,0.0,0.0,0.0,0
0.0,0.0,2011,0.0,0.0,3.0,0.0,0.0,1.0,1.0,0.0,0.0,0.0,0.0,5
0.0,0.0,2011,0.0,0.0,0.0,0.0,0.0,0.0,0.0,0.0,0.0,0.0,0.0,0
0.0,0.0,2011,3.0,22.0,13.0,0.0,0.0,0.0,0.0,0.0,0.0,0.0,0.0,38
0.0,0.0,2011,18.0,165.0,85.0,0.0,1.0,1.0,12.0,0.0,0.0,1.0,32.0,315
0.0,0.0,2011,5.0,0.0,0.0,0.0,0.0,0.0,0.0,0.0,0.0,0.0,1.0,6
0.0,0.0,2011,1.0,4.0,3.0,0.0,0.0,0.0,0.0,0.0,0.0,0.0,1.0,9
0.0,0.0,2011,1.0,10.0,11.0,1.0,0.0,0.0,0.0,0.0,0.0,0.0,0.0,23
0.0,0.0,2011,3.0,21.0,17.0,4.0,0.0,0.0,0.0,0.0,0.0,0.0,2.0,47
0.0,0.0,2011,1.0,7.0,35.0,1.0,0.0,0.0,0.0,0.0,0.0,0.0,1.0,45
0.0,0.0,2011,4.0,1.0,20.0,0.0,0.0,0.0,0.0,0.0,0.0,0.0,0.0,25
0.0,0.0,2011,7.0,28.0,68.0,2.0,0.0,20.0,0.0,0.0,0.0,0.0,2.0,127
0.0,0.0,2011,0.0,0.0,0.0,0.0,0.0,0.0,0.0,0.0,0.0,0.0,0.0,0
0.0,0.0,2011,0.0,2.0,8.0,0.0,0.0,0.0,0.0,0.0,0.0,0.0,0.0,10
0.0,0.0,2011,0.0,3.0,2.0,0.0,0.0,0.0,0.0,0.0,0.0,0.0,0.0,5
0.0,0.0,2011,1.0,9.0,25.0,0.0,0.0,0.0,0.0,0.0,0.0,0.0,0.0,35
0.0,0.0,2011,1.0,0.0,0.0,0.0,0.0,0.0,0.0,0.0,0.0,0.0,0.0,1
0.0,0.0,2011,0.0,0.0,0.0,0.0,0.0,0.0,0.0,0.0,0.0,0.0,2.0,2
0.0,0.0,2011,0.0,23.0,24.0,0.0,0.0,0.0,0.0,0.0,0.0,0.0,0.0,47
0.0,0.0,2011,1.0,4.0,11.0,0.0,0.0,0.0,0.0,0.0,0.0,0.0,0.0,16
0.0,0.0,2011,1.0,6.0,14.0,0.0,0.0,0.0,0.0,0.0,0.0,0.0,2.0,23
0.0,0.0,2011,2.0,4.0,10.0,1.0,0.0,0.0,0.0,0.0,0.0,0.0,1.0,18
0.0,0.0,2011,1.0,0.0,8.0,0.0,0.0,0.0,0.0,0.0,0.0,0.0,0.0,9
0.0,0.0,2011,1.0,10.0,6.0,0.0,0.0,0.0,0.0,0.0,0.0,0.0,4.0,21
0.0,0.0,2011,1.0,1.0,4.0,0.0,0.0,0.0,0.0,0.0,0.0,0.0,0.0,6
0.0,0.0,2011,1.0,7.0,5.0,0.0,0.0,2.0,0.0,0.0,0.0,0.0,0.0,15
0.0,0.0,2011,0.0,4.0,2.0,0.0,0.0,0.0,0.0,0.0,0.0,0.0,0.0,6
0.0,0.0,2011,0.0,8.0,22.0,5.0,0.0,0.0,0.0,0.0,0.0,0.0,5.0,40
0.0,0.0,2011,1.0,4.0,13.0,0.0,0.0,0.0,0.0,0.0,0.0,0.0,2.0,20
0.0,0.0,2011,0.0,0.0,0.0,0.0,0.0,0.0,0.0,0.0,0.0,0.0,2.0,2
0.0,0.0,2011,4.0,10.0,19.0,0.0,0.0,0.0,0.0,0.0,0.0,0.0,4.0,37
0.0,0.0,2011,1.0,0.0,6.0,1.0,0.0,0.0,0.0,0.0,0.0,0.0,0.0,8
0.0,0.0,2011,3.0,0.0,16.0,0.0,0.0,0.0,0.0,0.0,0.0,0.0,0.0,19
0.0,0.0,2011,41.0,166.0,349.0,15.0,0.0,22.0,0.0,0.0,0.0,0.0,29.0,622
0.0,0.0,2011,3.0,28.0,48.0,1.0,0.0,1.0,0.0,0.0,0.0,1.0,0.0,82
0.0,0.0,2011,6.0,24.0,60.0,0.0,0.0,0.0,0.0,0.0,0.0,0.0,0.0,90
0.0,0.0,2011,1.0,6.0,6.0,0.0,0.0,6.0,0.0,0.0,0.0,0.0,0.0,19
0.0,0.0,2011,2.0,4.0,0.0,2.0,0.0,0.0,0.0,0.0,0.0,2.0,0.0,10
0.0,0.0,2011,0.0,0.0,15.0,0.0,0.0,0.0,0.0,0.0,0.0,0.0,0.0,15
0.0,0.0,2011,17.0,4.0,83.0,0.0,0.0,7.0,0.0,0.0,0.0,0.0,0.0,111
0.0,0.0,2011,0.0,14.0,11.0,1.0,0.0,3.0,0.0,0.0,0.0,0.0,35.0,64
0.0,0.0,2011,0.0,0.0,4.0,2.0,0.0,0.0,0.0,0.0,0.0,0.0,0.0,6
0.0,0.0,2011,2.0,10.0,0.0,0.0,0.0,3.0,0.0,0.0,2.0,1.0,0.0,18
0.0,0.0,2011,1.0,0.0,0.0,0.0,0.0,1.0,0.0,0.0,0.0,0.0,0.0,2
0.0,0.0,2011,1.0,15.0,7.0,0.0,0.0,1.0,0.0,0.0,0.0,0.0,0.0,24
0.0,0.0,2011,0.0,5.0,32.0,0.0,0.0,0.0,0.0,0.0,0.0,0.0,0.0,37
0.0,0.0,2011,3.0,8.0,24.0,0.0,0.0,3.0,0.0,0.0,0.0,0.0,3.0,41
0.0,0.0,2011,4.0,20.0,52.0,0.0,0.0,0.0,6.0,0.0,0.0,0.0,0.0,82
0.0,0.0,2011,1.0,0.0,2.0,0.0,0.0,5.0,0.0,0.0,0.0,0.0,0.0,8
0.0,0.0,2011,0.0,0.0,1.0,0.0,0.0,3.0,0.0,0.0,0.0,0.0,0.0,4
0.0,0.0,2011,3.0,20.0,29.0,0.0,0.0,8.0,4.0,0.0,0.0,1.0,3.0,68
0.0,0.0,2011,1.0,33.0,9.0,0.0,0.0,0.0,0.0,0.0,0.0,0.0,3.0,46
0.0,0.0,2011,1.0,8.0,34.0,0.0,0.0,0.0,0.0,0.0,0.0,0.0,0.0,43
0.0,0.0,2011,0.0,5.0,24.0,0.0,0.0,0.0,0.0,0.0,0.0,0.0,0.0,29
0.0,0.0,2011,1.0,10.0,28.0,0.0,0.0,13.0,0.0,0.0,0.0,0.0,0.0,52
0.0,0.0,2011,1.0,6.0,6.0,0.0,0.0,0.0,0.0,0.0,0.0,0.0,0.0,13
0.0,0.0,2011,5.0,9.0,29.0,1.0,0.0,1.0,0.0,0.0,0.0,0.0,1.0,46
0.0,0.0,2011,1.0,1.0,3.0,0.0,0.0,1.0,0.0,0.0,0.0,0.0,0.0,6
0.0,0.0,2011,1.0,14.0,32.0,0.0,0.0,4.0,0.0,0.0,0.0,0.0,0.0,51
0.0,0.0,2011,7.0,21.0,24.0,1.0,0.0,1.0,0.0,0.0,0.0,0.0,1.0,55
0.0,0.0,2011,2.0,27.0,21.0,0.0,0.0,7.0,0.0,0.0,0.0,0.0,0.0,57
0.0,0.0,2011,2.0,5.0,10.0,0.0,0.0,3.0,0.0,0.0,0.0,0.0,0.0,20
0.0,0.0,2011,0.0,8.0,7.0,0.0,0.0,2.0,0.0,0.0,0.0,0.0,0.0,17
0.0,0.0,2011,0.0,10.0,23.0,0.0,0.0,0.0,0.0,0.0,0.0,0.0,0.0,33
0.0,0.0,2011,1.0,9.0,0.0,0.0,0.0,4.0,9.0,0.0,0.0,0.0,0.0,23
0.0,0.0,2011,0.0,0.0,13.0,0.0,0.0,0.0,0.0,0.0,0.0,0.0,0.0,13
0.0,0.0,2011,0.0,8.0,0.0,0.0,0.0,0.0,0.0,0.0,0.0,0.0,12.0,20
0.0,0.0,2011,0.0,0.0,0.0,0.0,0.0,2.0,0.0,0.0,0.0,0.0,0.0,2
0.0,0.0,2011,0.0,37.0,22.0,2.0,0.0,3.0,0.0,0.0,0.0,0.0,0.0,64
0.0,0.0,2011,0.0,0.0,0.0,0.0,0.0,0.0,0.0,0.0,0.0,0.0,0.0,0
0.0,0.0,2011,1.0,10.0,27.0,3.0,0.0,0.0,0.0,0.0,0.0,0.0,0.0,41
0.0,0.0,2011,0.0,3.0,40.0,0.0,0.0,0.0,0.0,0.0,0.0,0.0,0.0,43
0.0,0.0,2011,2.0,1.0,16.0,0.0,0.0,1.0,0.0,0.0,0.0,0.0,0.0,20
0.0,0.0,2011,0.0,7.0,23.0,0.0,0.0,3.0,0.0,0.0,0.0,0.0,0.0,33
0.0,0.0,2011,8.0,4.0,20.0,0.0,0.0,12.0,0.0,0.0,0.0,0.0,39.0,83
0.0,0.0,2011,78.0,394.0,785.0,13.0,0.0,98.0,19.0,0.0,2.0,5.0,97.0,1491
0.0,0.0,2011,1.0,6.0,4.0,0.0,0.0,0.0,0.0,0.0,0.0,0.0,1.0,12
0.0,0.0,2011,0.0,0.0,0.0,0.0,0.0,0.0,0.0,0.0,0.0,0.0,0.0,0
0.0,0.0,2011,0.0,3.0,3.0,0.0,0.0,0.0,0.0,0.0,0.0,0.0,5.0,11
0.0,0.0,2011,0.0,2.0,0.0,0.0,0.0,0.0,0.0,0.0,0.0,0.0,4.0,6
0.0,0.0,2011,1.0,11.0,7.0,0.0,0.0,0.0,0.0,0.0,0.0,0.0,10.0,29
0.0,0.0,2011,1.0,3.0,0.0,0.0,0.0,0.0,0.0,0.0,0.0,0.0,0.0,4
0.0,0.0,2011,6.0,46.0,31.0,0.0,0.0,0.0,0.0,0.0,0.0,0.0,0.0,83
0.0,0.0,2011,0.0,0.0,0.0,0.0,0.0,1.0,0.0,0.0,0.0,0.0,0.0,1
0.0,0.0,2011,1.0,2.0,0.0,0.0,0.0,0.0,0.0,0.0,0.0,0.0,1.0,4
0.0,0.0,2011,1.0,5.0,6.0,0.0,0.0,0.0,0.0,0.0,0.0,0.0,0.0,12
0.0,0.0,2011,2.0,11.0,0.0,0.0,0.0,0.0,0.0,0.0,0.0,0.0,0.0,13
0.0,0.0,2011,5.0,10.0,42.0,0.0,0.0,0.0,0.0,0.0,0.0,0.0,2.0,59
0.0,0.0,2011,4.0,8.0,0.0,0.0,0.0,0.0,0.0,0.0,0.0,0.0,0.0,12
0.0,0.0,2011,0.0,7.0,19.0,0.0,0.0,0.0,0.0,0.0,0.0,0.0,0.0,26
0.0,0.0,2011,0.0,0.0,0.0,0.0,0.0,0.0,0.0,0.0,0.0,0.0,0.0,0
0.0,0.0,2011,0.0,0.0,21.0,0.0,0.0,0.0,0.0,0.0,0.0,0.0,0.0,21
0.0,0.0,2011,1.0,0.0,0.0,0.0,0.0,0.0,0.0,0.0,0.0,0.0,0.0,1
0.0,0.0,2011,11.0,0.0,33.0,0.0,0.0,0.0,0.0,0.0,0.0,0.0,0.0,44
0.0,0.0,2011,2.0,1.0,2.0,0.0,0.0,0.0,0.0,0.0,0.0,0.0,0.0,5
0.0,0.0,2011,6.0,0.0,1.0,0.0,0.0,0.0,0.0,0.0,0.0,0.0,0.0,7
0.0,0.0,2011,0.0,8.0,14.0,0.0,0.0,0.0,0.0,0.0,0.0,0.0,5.0,27
0.0,0.0,2011,3.0,5.0,40.0,0.0,0.0,0.0,0.0,0.0,0.0,0.0,0.0,48
0.0,0.0,2011,0.0,6.0,7.0,0.0,2.0,0.0,0.0,0.0,0.0,0.0,0.0,15
0.0,0.0,2011,2.0,5.0,10.0,0.0,0.0,0.0,0.0,0.0,0.0,0.0,2.0,19
0.0,0.0,2011,1.0,0.0,0.0,0.0,0.0,0.0,0.0,0.0,0.0,0.0,0.0,1
0.0,0.0,2011,2.0,1.0,2.0,0.0,0.0,0.0,0.0,0.0,0.0,0.0,7.0,12
0.0,0.0,2011,6.0,13.0,67.0,0.0,0.0,0.0,0.0,0.0,0.0,0.0,0.0,86
0.0,0.0,2011,3.0,17.0,25.0,0.0,0.0,0.0,0.0,0.0,0.0,0.0,0.0,45
0.0,0.0,2011,1.0,3.0,1.0,0.0,0.0,0.0,0.0,0.0,0.0,0.0,0.0,5
0.0,0.0,2011,0.0,1.0,1.0,0.0,0.0,0.0,0.0,0.0,0.0,0.0,0.0,2
0.0,0.0,2011,2.0,13.0,10.0,0.0,0.0,0.0,0.0,0.0,0.0,0.0,0.0,25
0.0,0.0,2011,8.0,14.0,22.0,0.0,0.0,1.0,0.0,0.0,0.0,0.0,1.0,46
0.0,0.0,2011,3.0,5.0,7.0,0.0,0.0,0.0,0.0,0.0,0.0,0.0,0.0,15
0.0,0.0,2011,4.0,3.0,9.0,0.0,0.0,0.0,0.0,0.0,0.0,0.0,0.0,16
0.0,0.0,2011,0.0,11.0,0.0,0.0,0.0,0.0,0.0,0.0,0.0,0.0,0.0,11
0.0,0.0,2011,1.0,2.0,0.0,0.0,0.0,0.0,0.0,0.0,0.0,0.0,1.0,4
0.0,0.0,2011,3.0,13.0,17.0,0.0,0.0,0.0,0.0,0.0,0.0,0.0,0.0,33
0.0,0.0,2011,0.0,7.0,0.0,0.0,0.0,0.0,0.0,0.0,0.0,0.0,0.0,7
0.0,0.0,2011,0.0,0.0,0.0,0.0,0.0,0.0,0.0,0.0,0.0,0.0,0.0,0
0.0,0.0,2011,3.0,9.0,25.0,0.0,0.0,0.0,0.0,0.0,0.0,0.0,0.0,37
0.0,0.0,2011,4.0,4.0,5.0,0.0,0.0,0.0,0.0,0.0,0.0,0.0,0.0,13
0.0,0.0,2011,16.0,14.0,67.0,0.0,0.0,0.0,0.0,0.0,0.0,0.0,0.0,97
0.0,0.0,2011,6.0,24.0,35.0,0.0,0.0,0.0,0.0,0.0,0.0,0.0,0.0,65
0.0,0.0,2011,0.0,0.0,0.0,0.0,0.0,0.0,0.0,0.0,0.0,0.0,4.0,4
0.0,0.0,2011,108.0,271.0,519.0,0.0,2.0,2.0,0.0,0.0,0.0,0.0,23.0,925
0.0,0.0,2011,5.0,7.0,7.0,0.0,0.0,0.0,0.0,0.0,0.0,0.0,8.0,27
0.0,0.0,2011,0.0,0.0,0.0,0.0,0.0,0.0,0.0,0.0,0.0,0.0,0.0,0
0.0,0.0,2011,1.0,18.0,19.0,0.0,0.0,0.0,0.0,0.0,0.0,0.0,2.0,40
0.0,0.0,2011,3.0,6.0,1.0,0.0,0.0,0.0,0.0,0.0,0.0,0.0,5.0,15
0.0,0.0,2011,0.0,14.0,1.0,0.0,0.0,0.0,5.0,0.0,0.0,0.0,0.0,20
0.0,0.0,2011,9.0,45.0,28.0,0.0,0.0,0.0,5.0,0.0,0.0,0.0,15.0,102
0.0,0.0,2011,7.0,52.0,146.0,0.0,0.0,0.0,0.0,0.0,0.0,0.0,9.0,214
0.0,0.0,2011,5.0,13.0,103.0,0.0,0.0,0.0,0.0,0.0,0.0,0.0,4.0,125
0.0,0.0,2011,3.0,36.0,62.0,1.0,0.0,0.0,0.0,0.0,4.0,0.0,7.0,113
0.0,0.0,2011,2.0,10.0,57.0,0.0,0.0,0.0,0.0,0.0,0.0,0.0,4.0,73
0.0,0.0,2011,3.0,8.0,61.0,0.0,0.0,0.0,0.0,0.0,0.0,0.0,9.0,81
0.0,0.0,2011,0.0,15.0,27.0,0.0,0.0,0.0,0.0,0.0,0.0,0.0,4.0,46
0.0,0.0,2011,9.0,11.0,102.0,0.0,0.0,0.0,0.0,0.0,0.0,0.0,0.0,122
0.0,0.0,2011,9.0,6.0,55.0,0.0,0.0,0.0,0.0,0.0,0.0,0.0,0.0,70
0.0,0.0,2011,2.0,22.0,53.0,1.0,0.0,0.0,0.0,0.0,0.0,0.0,2.0,80
0.0,0.0,2011,0.0,6.0,44.0,0.0,0.0,0.0,0.0,0.0,0.0,0.0,0.0,50
0.0,0.0,2011,0.0,10.0,5.0,0.0,0.0,0.0,0.0,0.0,0.0,0.0,0.0,15
0.0,0.0,2011,2.0,18.0,15.0,0.0,0.0,0.0,0.0,0.0,0.0,0.0,10.0,45
0.0,0.0,2011,4.0,21.0,120.0,0.0,0.0,0.0,0.0,0.0,0.0,0.0,0.0,145
0.0,0.0,2011,1.0,15.0,81.0,0.0,0.0,0.0,0.0,0.0,0.0,0.0,12.0,109
0.0,0.0,2011,2.0,7.0,29.0,0.0,0.0,0.0,0.0,0.0,0.0,0.0,4.0,42
0.0,0.0,2011,0.0,23.0,45.0,0.0,0.0,0.0,0.0,0.0,0.0,0.0,2.0,70
0.0,0.0,2011,8.0,27.0,104.0,0.0,0.0,0.0,0.0,0.0,0.0,0.0,4.0,143
0.0,0.0,2011,23.0,31.0,81.0,1.0,1.0,0.0,0.0,0.0,0.0,1.0,3.0,141
0.0,0.0,2011,0.0,8.0,1.0,0.0,0.0,0.0,0.0,0.0,0.0,0.0,2.0,11
0.0,0.0,2011,0.0,3.0,3.0,0.0,0.0,0.0,0.0,0.0,0.0,0.0,6.0,12
0.0,0.0,2011,0.0,20.0,0.0,0.0,0.0,0.0,0.0,0.0,0.0,0.0,3.0,23
0.0,0.0,2011,3.0,8.0,49.0,0.0,0.0,0.0,0.0,0.0,0.0,0.0,0.0,60
0.0,0.0,2011,2.0,14.0,40.0,0.0,2.0,0.0,0.0,0.0,0.0,0.0,4.0,62
0.0,0.0,2011,2.0,5.0,30.0,0.0,0.0,0.0,0.0,0.0,0.0,0.0,0.0,37
0.0,0.0,2011,7.0,17.0,65.0,0.0,0.0,0.0,0.0,0.0,0.0,0.0,4.0,93
0.0,0.0,2011,6.0,13.0,19.0,0.0,0.0,0.0,0.0,0.0,0.0,0.0,2.0,40
0.0,0.0,2011,5.0,12.0,38.0,0.0,0.0,0.0,0.0,0.0,0.0,0.0,29.0,84
0.0,0.0,2011,2.0,3.0,0.0,0.0,0.0,0.0,0.0,0.0,0.0,0.0,15.0,20
0.0,0.0,2011,0.0,1.0,7.0,0.0,0.0,0.0,0.0,0.0,0.0,0.0,0.0,8
0.0,0.0,2011,1.0,13.0,14.0,0.0,0.0,0.0,0.0,0.0,0.0,0.0,9.0,37
0.0,0.0,2011,3.0,15.0,53.0,0.0,0.0,0.0,0.0,0.0,0.0,0.0,3.0,74
0.0,0.0,2011,4.0,8.0,16.0,0.0,0.0,0.0,0.0,0.0,0.0,0.0,3.0,31
0.0,0.0,2011,0.0,23.0,87.0,0.0,0.0,0.0,0.0,0.0,0.0,0.0,7.0,117
0.0,0.0,2011,3.0,8.0,139.0,0.0,0.0,0.0,0.0,0.0,0.0,0.0,5.0,155
0.0,0.0,2011,3.0,7.0,36.0,0.0,0.0,0.0,0.0,0.0,0.0,0.0,0.0,46
0.0,0.0,2011,13.0,19.0,26.0,0.0,0.0,0.0,0.0,0.0,0.0,0.0,7.0,65
0.0,0.0,2011,1.0,16.0,43.0,0.0,0.0,0.0,0.0,0.0,0.0,0.0,3.0,63
0.0,0.0,2011,8.0,9.0,18.0,0.0,0.0,0.0,0.0,0.0,0.0,0.0,4.0,39
0.0,0.0,2011,2.0,5.0,19.0,0.0,0.0,0.0,0.0,0.0,0.0,0.0,4.0,30
0.0,0.0,2011,7.0,9.0,76.0,0.0,0.0,0.0,0.0,0.0,0.0,0.0,2.0,94
0.0,0.0,2011,6.0,12.0,47.0,0.0,0.0,0.0,0.0,0.0,0.0,0.0,0.0,65
0.0,0.0,2011,5.0,7.0,80.0,0.0,0.0,0.0,0.0,0.0,0.0,0.0,3.0,95
0.0,0.0,2011,8.0,43.0,177.0,0.0,0.0,0.0,0.0,0.0,0.0,0.0,27.0,255
0.0,0.0,2011,5.0,19.0,37.0,0.0,0.0,0.0,0.0,0.0,0.0,0.0,1.0,62
0.0,0.0,2011,0.0,7.0,1.0,0.0,0.0,0.0,0.0,0.0,0.0,0.0,3.0,11
0.0,0.0,2011,7.0,19.0,39.0,3.0,0.0,0.0,0.0,0.0,0.0,1.0,4.0,73
0.0,0.0,2011,7.0,8.0,71.0,0.0,0.0,0.0,0.0,0.0,0.0,0.0,3.0,89
0.0,0.0,2011,1.0,7.0,7.0,1.0,1.0,0.0,0.0,0.0,0.0,0.0,3.0,20
0.0,0.0,2011,2.0,32.0,64.0,2.0,0.0,0.0,0.0,0.0,0.0,0.0,6.0,106
0.0,0.0,2011,0.0,17.0,38.0,0.0,0.0,0.0,0.0,0.0,0.0,0.0,0.0,55
0.0,0.0,2011,2.0,5.0,8.0,0.0,0.0,0.0,0.0,0.0,0.0,0.0,0.0,15
0.0,0.0,2011,5.0,20.0,22.0,0.0,0.0,0.0,0.0,0.0,0.0,0.0,4.0,51
0.0,0.0,2011,0.0,15.0,73.0,0.0,0.0,0.0,0.0,0.0,0.0,2.0,1.0,91
0.0,0.0,2011,1.0,15.0,49.0,0.0,0.0,0.0,0.0,0.0,0.0,0.0,3.0,68
0.0,0.0,2011,15.0,39.0,137.0,0.0,1.0,0.0,0.0,0.0,0.0,0.0,19.0,211
0.0,0.0,2011,4.0,3.0,4.0,0.0,0.0,0.0,0.0,0.0,0.0,0.0,1.0,12
0.0,0.0,2011,3.0,19.0,50.0,0.0,0.0,0.0,0.0,0.0,0.0,0.0,4.0,76
0.0,0.0,2011,5.0,19.0,132.0,0.0,0.0,0.0,0.0,0.0,0.0,0.0,2.0,158
0.0,0.0,2011,12.0,8.0,12.0,0.0,0.0,0.0,0.0,0.0,0.0,0.0,0.0,32
0.0,0.0,2011,5.0,3.0,6.0,0.0,0.0,0.0,0.0,0.0,0.0,0.0,1.0,15
0.0,0.0,2011,4.0,4.0,25.0,0.0,0.0,0.0,0.0,0.0,0.0,0.0,0.0,33
0.0,0.0,2011,7.0,21.0,45.0,0.0,0.0,0.0,0.0,0.0,0.0,0.0,8.0,81
0.0,0.0,2011,3.0,20.0,36.0,1.0,0.0,0.0,0.0,0.0,0.0,0.0,5.0,65
0.0,0.0,2011,3.0,10.0,80.0,0.0,0.0,0.0,0.0,0.0,0.0,0.0,2.0,95
0.0,0.0,2011,10.0,19.0,40.0,0.0,0.0,0.0,0.0,0.0,0.0,0.0,5.0,74
0.0,0.0,2011,1.0,4.0,7.0,0.0,0.0,0.0,0.0,0.0,0.0,0.0,3.0,15
0.0,0.0,2011,4.0,14.0,43.0,0.0,0.0,0.0,0.0,0.0,0.0,0.0,4.0,65
0.0,0.0,2011,10.0,16.0,28.0,0.0,0.0,0.0,0.0,0.0,0.0,0.0,1.0,55
0.0,0.0,2011,1.0,4.0,10.0,0.0,0.0,0.0,0.0,0.0,0.0,0.0,3.0,18
0.0,0.0,2011,2.0,9.0,35.0,0.0,0.0,0.0,0.0,0.0,0.0,0.0,3.0,49
0.0,0.0,2011,25.0,36.0,203.0,0.0,0.0,0.0,0.0,0.0,0.0,0.0,0.0,264
0.0,0.0,2011,1.0,7.0,16.0,0.0,0.0,0.0,0.0,0.0,0.0,0.0,3.0,27
0.0,0.0,2011,0.0,2.0,2.0,0.0,0.0,0.0,0.0,0.0,0.0,0.0,1.0,5
0.0,0.0,2011,1.0,11.0,24.0,2.0,0.0,0.0,0.0,0.0,0.0,0.0,4.0,42
0.0,0.0,2011,6.0,21.0,58.0,0.0,0.0,0.0,0.0,0.0,0.0,0.0,3.0,88
0.0,0.0,2011,3.0,6.0,64.0,0.0,0.0,0.0,0.0,1.0,0.0,0.0,5.0,79
0.0,0.0,2011,326.0,1088.0,3739.0,12.0,5.0,0.0,0.0,1.0,4.0,4.0,321.0,5500
0.0,0.0,2011,0.0,0.0,0.0,0.0,0.0,0.0,0.0,0.0,0.0,0.0,0.0,0
0.0,0.0,2011,0.0,0.0,0.0,0.0,0.0,0.0,0.0,0.0,0.0,0.0,0.0,0
0.0,0.0,2011,3.0,2.0,1.0,0.0,0.0,0.0,0.0,0.0,0.0,0.0,0.0,6
0.0,0.0,2011,0.0,0.0,0.0,0.0,0.0,0.0,0.0,0.0,0.0,0.0,0.0,0
0.0,0.0,2011,3.0,16.0,32.0,0.0,0.0,0.0,0.0,0.0,0.0,0.0,2.0,53
0.0,0.0,2011,0.0,1.0,1.0,0.0,0.0,0.0,0.0,0.0,0.0,0.0,2.0,4
0.0,0.0,2011,0.0,0.0,0.0,0.0,0.0,0.0,0.0,0.0,0.0,0.0,0.0,0
0.0,0.0,2011,0.0,0.0,1.0,0.0,0.0,0.0,0.0,0.0,0.0,0.0,1.0,2
0.0,0.0,2011,0.0,0.0,0.0,0.0,0.0,0.0,0.0,0.0,0.0,0.0,0.0,0
0.0,0.0,2011,1.0,0.0,0.0,0.0,0.0,0.0,0.0,0.0,0.0,0.0,0.0,1
0.0,0.0,2011,0.0,0.0,0.0,0.0,0.0,0.0,0.0,0.0,0.0,0.0,0.0,0
0.0,0.0,2011,1.0,2.0,3.0,0.0,0.0,0.0,0.0,0.0,0.0,0.0,6.0,12
0.0,0.0,2011,1.0,2.0,1.0,0.0,0.0,0.0,0.0,0.0,0.0,0.0,1.0,5
0.0,0.0,2011,9.0,23.0,39.0,0.0,0.0,0.0,0.0,0.0,0.0,0.0,12.0,83
0.0,0.0,2011,16.0,29.0,119.0,0.0,0.0,0.0,47.0,0.0,26.0,1.0,0.0,238
0.0,0.0,2011,0.0,32.0,81.0,0.0,0.0,0.0,0.0,0.0,0.0,0.0,0.0,113
0.0,0.0,2011,0.0,0.0,0.0,0.0,0.0,0.0,0.0,0.0,0.0,0.0,0.0,0
0.0,0.0,2011,0.0,1.0,5.0,0.0,0.0,0.0,0.0,0.0,0.0,0.0,0.0,6
0.0,0.0,2011,8.0,17.0,26.0,0.0,0.0,0.0,0.0,0.0,1.0,0.0,0.0,52
0.0,0.0,2011,0.0,0.0,0.0,0.0,0.0,0.0,0.0,0.0,0.0,0.0,0.0,0
0.0,0.0,2011,0.0,0.0,0.0,0.0,0.0,0.0,0.0,0.0,0.0,0.0,0.0,0
0.0,0.0,2011,2.0,15.0,62.0,0.0,2.0,0.0,11.0,0.0,0.0,0.0,23.0,115
0.0,0.0,2011,0.0,0.0,7.0,0.0,0.0,0.0,23.0,0.0,4.0,0.0,0.0,34
0.0,0.0,2011,0.0,0.0,0.0,0.0,0.0,0.0,0.0,0.0,0.0,0.0,0.0,0
0.0,0.0,2011,0.0,0.0,0.0,0.0,0.0,0.0,0.0,0.0,0.0,0.0,0.0,0
0.0,0.0,2011,0.0,0.0,0.0,0.0,0.0,0.0,0.0,0.0,0.0,0.0,0.0,0
0.0,0.0,2011,0.0,0.0,0.0,0.0,0.0,0.0,0.0,0.0,0.0,0.0,0.0,0
0.0,0.0,2011,2.0,0.0,43.0,0.0,1.0,1.0,146.0,0.0,13.0,4.0,0.0,210
0.0,0.0,2011,0.0,0.0,0.0,0.0,0.0,0.0,0.0,0.0,0.0,0.0,0.0,0
0.0,0.0,2011,0.0,18.0,61.0,0.0,0.0,0.0,18.0,0.0,9.0,0.0,35.0,141
0.0,0.0,2011,0.0,0.0,0.0,0.0,0.0,0.0,0.0,0.0,0.0,6.0,0.0,6
0.0,0.0,2011,18.0,115.0,251.0,0.0,0.0,0.0,0.0,0.0,20.0,10.0,19.0,433
0.0,0.0,2011,0.0,1.0,0.0,0.0,0.0,0.0,0.0,0.0,0.0,4.0,0.0,5
0.0,0.0,2011,0.0,0.0,0.0,0.0,0.0,0.0,0.0,0.0,0.0,0.0,0.0,0
0.0,0.0,2011,0.0,0.0,0.0,0.0,0.0,0.0,0.0,0.0,0.0,0.0,0.0,0
0.0,0.0,2011,0.0,0.0,0.0,0.0,0.0,0.0,0.0,0.0,0.0,0.0,0.0,0
0.0,0.0,2011,0.0,0.0,0.0,0.0,0.0,0.0,0.0,0.0,0.0,0.0,0.0,0
0.0,0.0,2011,0.0,0.0,0.0,0.0,0.0,0.0,0.0,0.0,1.0,0.0,1.0,2
0.0,0.0,2011,0.0,24.0,5.0,0.0,0.0,0.0,53.0,0.0,13.0,0.0,0.0,95
0.0,0.0,2011,46.0,252.0,660.0,0.0,3.0,1.0,298.0,0.0,87.0,25.0,78.0,1450
0.0,0.0,2011,1.0,9.0,11.0,0.0,0.0,2.0,0.0,0.0,0.0,0.0,8.0,31
0.0,0.0,2011,0.0,0.0,0.0,0.0,0.0,0.0,0.0,0.0,0.0,0.0,0.0,0
0.0,0.0,2011,1.0,9.0,11.0,0.0,0.0,2.0,0.0,0.0,0.0,0.0,8.0,31
0.0,0.0,2011,3.0,15.0,40.0,0.0,0.0,7.0,0.0,0.0,0.0,0.0,9.0,74
0.0,0.0,2011,3.0,15.0,40.0,0.0,0.0,7.0,0.0,0.0,0.0,0.0,9.0,74
0.0,0.0,2011,2.0,1.0,8.0,0.0,0.0,0.0,0.0,0.0,0.0,0.0,0.0,11
0.0,0.0,2011,2.0,1.0,8.0,0.0,0.0,0.0,0.0,0.0,0.0,0.0,0.0,11
0.0,0.0,2011,0.0,0.0,2.0,0.0,0.0,1.0,0.0,0.0,0.0,0.0,0.0,3
0.0,0.0,2011,0.0,0.0,0.0,0.0,0.0,0.0,0.0,0.0,0.0,0.0,0.0,0
0.0,0.0,2011,0.0,0.0,2.0,0.0,0.0,1.0,0.0,0.0,0.0,0.0,0.0,3
0.0,0.0,2011,0.0,0.0,0.0,0.0,0.0,0.0,0.0,0.0,0.0,0.0,0.0,0
0.0,0.0,2011,4.0,7.0,145.0,0.0,0.0,6.0,3.0,0.0,2.0,0.0,15.0,182
0.0,0.0,2011,0.0,0.0,0.0,0.0,0.0,0.0,0.0,0.0,0.0,0.0,0.0,0
0.0,0.0,2011,4.0,33.0,362.0,1.0,0.0,9.0,0.0,0.0,0.0,0.0,2.0,411
0.0,0.0,2011,0.0,0.0,0.0,0.0,0.0,0.0,0.0,0.0,0.0,0.0,0.0,0
0.0,0.0,2011,0.0,4.0,22.0,0.0,0.0,6.0,0.0,0.0,0.0,0.0,3.0,35
0.0,0.0,2011,0.0,0.0,0.0,2.0,0.0,0.0,0.0,0.0,0.0,0.0,0.0,2
0.0,0.0,2011,2.0,2.0,29.0,0.0,0.0,1.0,0.0,0.0,0.0,0.0,15.0,49
0.0,0.0,2011,0.0,4.0,161.0,0.0,0.0,4.0,0.0,0.0,0.0,0.0,18.0,187
0.0,0.0,2011,8.0,36.0,502.0,0.0,0.0,2.0,0.0,0.0,0.0,0.0,24.0,572
0.0,0.0,2011,4.0,39.0,309.0,0.0,0.0,5.0,0.0,0.0,0.0,0.0,30.0,387
0.0,0.0,2011,2.0,39.0,548.0,0.0,0.0,8.0,0.0,0.0,0.0,0.0,16.0,613
0.0,0.0,2011,3.0,37.0,212.0,0.0,0.0,8.0,0.0,0.0,0.0,0.0,10.0,270
0.0,0.0,2011,6.0,46.0,433.0,0.0,0.0,9.0,0.0,0.0,0.0,0.0,28.0,522
0.0,0.0,2011,3.0,40.0,372.0,0.0,0.0,6.0,0.0,0.0,0.0,0.0,46.0,467
0.0,0.0,2011,0.0,0.0,0.0,0.0,0.0,0.0,0.0,0.0,0.0,0.0,0.0,0
0.0,0.0,2011,3.0,52.0,433.0,2.0,0.0,4.0,0.0,0.0,0.0,0.0,59.0,553
0.0,0.0,2011,39.0,339.0,3528.0,5.0,0.0,68.0,3.0,0.0,2.0,0.0,266.0,4250
0.0,0.0,2011,0.0,0.0,0.0,0.0,0.0,0.0,0.0,0.0,0.0,0.0,0.0,0
0.0,0.0,2011,0.0,0.0,0.0,0.0,0.0,0.0,0.0,0.0,0.0,0.0,0.0,0
0.0,0.0,2011,0.0,0.0,0.0,0.0,0.0,0.0,0.0,0.0,0.0,0.0,0.0,0
0.0,0.0,2011,0.0,6.0,7.0,0.0,0.0,0.0,0.0,0.0,0.0,0.0,2.0,15
0.0,0.0,2011,0.0,6.0,7.0,0.0,0.0,0.0,0.0,0.0,0.0,0.0,2.0,15
0.0,0.0,2012,1.0,30.0,18.0,0.0,1.0,4.0,0.0,0.0,0.0,1.0,22.0,77
0.0,0.0,2012,7.0,7.0,34.0,0.0,0.0,0.0,0.0,0.0,0.0,0.0,0.0,48
0.0,0.0,2012,6.0,15.0,10.0,0.0,0.0,0.0,0.0,0.0,0.0,0.0,0.0,31
0.0,0.0,2012,6.0,20.0,32.0,0.0,0.0,0.0,0.0,0.0,0.0,2.0,0.0,60
0.0,0.0,2012,7.0,25.0,24.0,0.0,4.0,0.0,0.0,0.0,0.0,4.0,77.0,141
0.0,0.0,2012,5.0,35.0,31.0,0.0,2.0,0.0,3.0,0.0,1.0,2.0,15.0,94
0.0,0.0,2012,1.0,0.0,1.0,0.0,0.0,0.0,0.0,0.0,0.0,0.0,0.0,2
0.0,0.0,2012,3.0,14.0,44.0,0.0,0.0,0.0,0.0,0.0,0.0,0.0,7.0,68
0.0,0.0,2012,2.0,18.0,22.0,0.0,0.0,4.0,0.0,0.0,0.0,1.0,0.0,47
0.0,0.0,2012,7.0,32.0,25.0,0.0,2.0,4.0,0.0,0.0,0.0,1.0,23.0,94
0.0,0.0,2012,5.0,22.0,75.0,0.0,0.0,0.0,0.0,0.0,0.0,2.0,94.0,198
0.0,0.0,2012,4.0,33.0,43.0,0.0,1.0,7.0,0.0,0.0,1.0,0.0,15.0,104
0.0,0.0,2012,3.0,42.0,44.0,1.0,0.0,0.0,0.0,0.0,0.0,0.0,66.0,156
0.0,0.0,2012,1.0,14.0,37.0,0.0,0.0,2.0,0.0,0.0,0.0,1.0,0.0,55
0.0,0.0,2012,7.0,45.0,55.0,0.0,0.0,3.0,7.0,0.0,0.0,1.0,0.0,118
0.0,0.0,2012,5.0,17.0,16.0,0.0,0.0,11.0,14.0,0.0,0.0,1.0,1.0,65
0.0,0.0,2012,0.0,35.0,54.0,0.0,0.0,3.0,0.0,0.0,0.0,1.0,0.0,93
0.0,0.0,2012,6.0,11.0,46.0,0.0,0.0,2.0,2.0,0.0,2.0,2.0,35.0,106
0.0,0.0,2012,4.0,6.0,7.0,0.0,0.0,1.0,3.0,0.0,0.0,0.0,12.0,33
0.0,0.0,2012,7.0,25.0,27.0,0.0,2.0,1.0,0.0,0.0,0.0,2.0,89.0,153
0.0,0.0,2012,0.0,2.0,0.0,0.0,0.0,0.0,0.0,0.0,0.0,1.0,28.0,31
0.0,0.0,2012,2.0,1.0,1.0,0.0,0.0,0.0,0.0,0.0,0.0,1.0,16.0,21
0.0,0.0,2012,0.0,1.0,0.0,0.0,0.0,0.0,0.0,0.0,0.0,0.0,0.0,1
0.0,0.0,2012,3.0,16.0,13.0,0.0,2.0,0.0,0.0,0.0,0.0,0.0,14.0,48
0.0,0.0,2012,2.0,2.0,4.0,0.0,0.0,0.0,0.0,0.0,0.0,1.0,2.0,11
0.0,0.0,2012,2.0,28.0,26.0,0.0,0.0,7.0,0.0,0.0,0.0,3.0,79.0,145
0.0,0.0,2012,0.0,0.0,0.0,0.0,0.0,0.0,0.0,0.0,0.0,0.0,0.0,0
0.0,0.0,2012,2.0,6.0,3.0,0.0,0.0,0.0,0.0,0.0,0.0,0.0,5.0,16
0.0,0.0,2012,2.0,21.0,18.0,0.0,0.0,0.0,0.0,0.0,0.0,0.0,0.0,41
0.0,0.0,2012,4.0,18.0,13.0,0.0,0.0,0.0,0.0,0.0,0.0,1.0,15.0,51
0.0,0.0,2012,6.0,34.0,12.0,0.0,7.0,0.0,0.0,0.0,0.0,0.0,10.0,69
0.0,0.0,2012,1.0,14.0,31.0,0.0,0.0,0.0,0.0,0.0,0.0,1.0,1.0,48
0.0,0.0,2012,2.0,24.0,15.0,0.0,0.0,0.0,1.0,0.0,0.0,0.0,7.0,49
0.0,0.0,2012,113.0,613.0,781.0,1.0,21.0,49.0,30.0,0.0,4.0,29.0,633.0,2274
0.0,0.0,2012,0.0,0.0,0.0,0.0,0.0,0.0,0.0,0.0,0.0,0.0,0.0,0
0.0,0.0,2012,0.0,1.0,2.0,0.0,0.0,0.0,0.0,0.0,0.0,0.0,0.0,3
0.0,0.0,2012,0.0,2.0,3.0,0.0,0.0,0.0,0.0,0.0,0.0,0.0,0.0,5
0.0,0.0,2012,0.0,0.0,0.0,0.0,0.0,0.0,0.0,0.0,0.0,0.0,0.0,0
0.0,0.0,2012,0.0,1.0,0.0,0.0,0.0,0.0,0.0,0.0,0.0,0.0,0.0,1
0.0,0.0,2012,0.0,0.0,0.0,0.0,0.0,0.0,0.0,0.0,0.0,0.0,0.0,0
0.0,0.0,2012,0.0,2.0,3.0,0.0,0.0,0.0,0.0,0.0,0.0,0.0,0.0,5
0.0,0.0,2012,0.0,3.0,4.0,0.0,0.0,0.0,0.0,0.0,0.0,0.0,0.0,7
0.0,0.0,2012,0.0,2.0,1.0,0.0,0.0,0.0,0.0,0.0,0.0,0.0,0.0,3
0.0,0.0,2012,0.0,3.0,1.0,0.0,0.0,0.0,0.0,0.0,0.0,0.0,1.0,5
0.0,0.0,2012,0.0,1.0,2.0,0.0,0.0,0.0,0.0,0.0,0.0,0.0,0.0,3
0.0,0.0,2012,0.0,1.0,0.0,0.0,0.0,0.0,0.0,0.0,0.0,0.0,0.0,1
0.0,0.0,2012,0.0,0.0,0.0,0.0,0.0,0.0,0.0,0.0,0.0,0.0,0.0,0
0.0,0.0,2012,0.0,1.0,0.0,0.0,0.0,0.0,0.0,0.0,0.0,0.0,0.0,1
0.0,0.0,2012,0.0,0.0,0.0,0.0,0.0,0.0,0.0,0.0,0.0,0.0,0.0,0
0.0,0.0,2012,0.0,1.0,4.0,0.0,0.0,0.0,0.0,0.0,0.0,0.0,0.0,5
0.0,0.0,2012,0.0,0.0,0.0,0.0,0.0,0.0,0.0,0.0,0.0,0.0,0.0,0
0.0,0.0,2012,0.0,18.0,20.0,0.0,0.0,0.0,0.0,0.0,0.0,0.0,1.0,39
0.0,0.0,2012,0.0,0.0,0.0,0.0,0.0,0.0,0.0,0.0,0.0,0.0,0.0,0
0.0,0.0,2012,0.0,0.0,0.0,0.0,0.0,0.0,0.0,0.0,0.0,0.0,0.0,0
0.0,0.0,2012,0.0,0.0,0.0,0.0,0.0,0.0,0.0,0.0,0.0,0.0,0.0,0
0.0,0.0,2012,1.0,7.0,6.0,0.0,0.0,0.0,0.0,0.0,0.0,0.0,0.0,14
0.0,0.0,2012,0.0,0.0,0.0,0.0,0.0,0.0,0.0,0.0,0.0,0.0,0.0,0
0.0,0.0,2012,2.0,4.0,4.0,0.0,0.0,0.0,0.0,0.0,0.0,0.0,9.0,19
0.0,0.0,2012,0.0,0.0,0.0,0.0,0.0,0.0,0.0,0.0,0.0,0.0,0.0,0
0.0,0.0,2012,0.0,0.0,0.0,0.0,0.0,0.0,0.0,0.0,0.0,0.0,0.0,0
0.0,0.0,2012,0.0,0.0,0.0,0.0,0.0,0.0,0.0,0.0,0.0,0.0,0.0,0
0.0,0.0,2012,0.0,133.0,5.0,0.0,0.0,0.0,122.0,0.0,0.0,0.0,5.0,265
0.0,0.0,2012,0.0,0.0,0.0,0.0,0.0,0.0,0.0,0.0,0.0,0.0,0.0,0
0.0,0.0,2012,0.0,0.0,0.0,0.0,0.0,0.0,0.0,0.0,0.0,0.0,0.0,0
0.0,0.0,2012,2.0,3.0,1.0,0.0,0.0,0.0,0.0,0.0,0.0,0.0,5.0,11
0.0,0.0,2012,0.0,0.0,0.0,0.0,0.0,0.0,0.0,0.0,0.0,0.0,0.0,0
0.0,0.0,2012,0.0,0.0,0.0,0.0,0.0,0.0,0.0,0.0,0.0,0.0,0.0,0
0.0,0.0,2012,0.0,0.0,0.0,0.0,0.0,0.0,0.0,0.0,0.0,0.0,0.0,0
0.0,0.0,2012,0.0,0.0,0.0,0.0,0.0,0.0,0.0,0.0,0.0,0.0,0.0,0
0.0,0.0,2012,0.0,0.0,0.0,0.0,0.0,0.0,0.0,0.0,0.0,0.0,0.0,0
0.0,0.0,2012,1.0,0.0,0.0,0.0,0.0,0.0,0.0,0.0,0.0,0.0,0.0,1
0.0,0.0,2012,0.0,0.0,0.0,0.0,0.0,0.0,0.0,0.0,0.0,0.0,0.0,0
0.0,0.0,2012,1.0,2.0,1.0,0.0,0.0,0.0,0.0,0.0,0.0,0.0,0.0,4
0.0,0.0,2012,2.0,2.0,0.0,0.0,0.0,0.0,0.0,0.0,0.0,0.0,0.0,4
0.0,0.0,2012,0.0,0.0,0.0,0.0,0.0,0.0,0.0,0.0,0.0,0.0,0.0,0
0.0,0.0,2012,0.0,0.0,0.0,0.0,0.0,0.0,0.0,0.0,0.0,0.0,0.0,0
0.0,0.0,2012,0.0,0.0,0.0,0.0,0.0,0.0,0.0,0.0,0.0,0.0,0.0,0
0.0,0.0,2012,0.0,0.0,0.0,0.0,0.0,0.0,0.0,0.0,0.0,0.0,0.0,0
0.0,0.0,2012,0.0,2.0,48.0,0.0,0.0,0.0,0.0,0.0,0.0,0.0,0.0,50
0.0,0.0,2012,0.0,0.0,0.0,0.0,0.0,0.0,0.0,0.0,0.0,0.0,0.0,0
0.0,0.0,2012,0.0,0.0,0.0,0.0,0.0,0.0,0.0,0.0,0.0,0.0,0.0,0
0.0,0.0,2012,0.0,0.0,0.0,0.0,0.0,0.0,0.0,0.0,0.0,0.0,0.0,0
0.0,0.0,2012,6.0,3.0,3.0,0.0,0.0,0.0,0.0,0.0,0.0,0.0,12.0,24
0.0,0.0,2012,0.0,0.0,0.0,0.0,0.0,0.0,0.0,0.0,0.0,0.0,0.0,0
0.0,0.0,2012,15.0,156.0,68.0,0.0,0.0,0.0,122.0,0.0,0.0,0.0,31.0,392
0.0,0.0,2012,7.0,2.0,52.0,0.0,0.0,0.0,4.0,0.0,0.0,0.0,0.0,65
0.0,0.0,2012,1.0,2.0,15.0,0.0,0.0,0.0,0.0,0.0,0.0,0.0,0.0,18
0.0,0.0,2012,3.0,6.0,43.0,0.0,0.0,0.0,1.0,0.0,0.0,0.0,0.0,53
0.0,0.0,2012,0.0,0.0,43.0,0.0,0.0,0.0,0.0,0.0,0.0,0.0,0.0,43
0.0,0.0,2012,0.0,0.0,35.0,0.0,0.0,0.0,0.0,0.0,0.0,0.0,0.0,35
0.0,0.0,2012,6.0,6.0,96.0,0.0,0.0,0.0,3.0,0.0,1.0,0.0,0.0,112
0.0,0.0,2012,2.0,3.0,100.0,0.0,0.0,0.0,0.0,1.0,0.0,0.0,0.0,106
0.0,0.0,2012,0.0,1.0,30.0,0.0,0.0,0.0,3.0,0.0,0.0,0.0,0.0,34
0.0,0.0,2012,3.0,8.0,81.0,0.0,0.0,0.0,0.0,0.0,0.0,0.0,0.0,92
0.0,0.0,2012,2.0,0.0,52.0,0.0,0.0,0.0,0.0,0.0,0.0,0.0,0.0,54
0.0,0.0,2012,1.0,0.0,53.0,0.0,0.0,0.0,0.0,0.0,0.0,0.0,0.0,54
0.0,0.0,2012,0.0,2.0,95.0,0.0,0.0,0.0,0.0,0.0,0.0,0.0,0.0,97
0.0,0.0,2012,8.0,19.0,87.0,0.0,0.0,0.0,0.0,0.0,0.0,0.0,0.0,114
0.0,0.0,2012,5.0,3.0,45.0,0.0,0.0,0.0,0.0,0.0,0.0,0.0,0.0,53
0.0,0.0,2012,0.0,0.0,0.0,0.0,0.0,0.0,0.0,0.0,0.0,0.0,0.0,0
0.0,0.0,2012,11.0,3.0,21.0,0.0,0.0,0.0,0.0,0.0,0.0,0.0,0.0,35
0.0,0.0,2012,5.0,2.0,33.0,0.0,0.0,0.0,0.0,0.0,0.0,0.0,0.0,40
0.0,0.0,2012,1.0,14.0,82.0,0.0,0.0,0.0,0.0,0.0,0.0,0.0,0.0,97
0.0,0.0,2012,0.0,0.0,0.0,0.0,0.0,0.0,0.0,0.0,0.0,0.0,0.0,0
0.0,0.0,2012,1.0,2.0,28.0,0.0,0.0,0.0,0.0,0.0,0.0,0.0,0.0,31
0.0,0.0,2012,0.0,0.0,28.0,0.0,0.0,0.0,0.0,0.0,0.0,1.0,1.0,30
0.0,0.0,2012,4.0,2.0,22.0,0.0,0.0,0.0,0.0,0.0,0.0,0.0,0.0,28
0.0,0.0,2012,0.0,0.0,32.0,0.0,0.0,0.0,0.0,0.0,0.0,0.0,0.0,32
0.0,0.0,2012,1.0,0.0,118.0,0.0,0.0,0.0,0.0,0.0,0.0,0.0,0.0,119
0.0,0.0,2012,2.0,1.0,132.0,0.0,0.0,0.0,2.0,0.0,1.0,0.0,0.0,138
0.0,0.0,2012,3.0,2.0,35.0,0.0,0.0,0.0,0.0,0.0,0.0,0.0,0.0,40
0.0,0.0,2012,16.0,6.0,103.0,0.0,0.0,0.0,0.0,0.0,6.0,15.0,0.0,146
0.0,0.0,2012,0.0,2.0,0.0,0.0,0.0,0.0,0.0,0.0,0.0,0.0,0.0,2
0.0,0.0,2012,1.0,6.0,71.0,0.0,0.0,0.0,0.0,0.0,0.0,0.0,1.0,79
0.0,0.0,2012,4.0,0.0,10.0,0.0,0.0,0.0,0.0,0.0,0.0,0.0,0.0,14
0.0,0.0,2012,5.0,0.0,48.0,0.0,0.0,0.0,0.0,0.0,0.0,0.0,0.0,53
0.0,0.0,2012,5.0,4.0,201.0,0.0,0.0,0.0,25.0,0.0,0.0,0.0,0.0,235
0.0,0.0,2012,0.0,0.0,1.0,0.0,0.0,0.0,0.0,0.0,0.0,0.0,0.0,1
0.0,0.0,2012,2.0,8.0,81.0,0.0,0.0,0.0,0.0,1.0,0.0,0.0,0.0,92
0.0,0.0,2012,10.0,5.0,68.0,0.0,0.0,0.0,0.0,0.0,0.0,0.0,0.0,83
0.0,0.0,2012,2.0,0.0,52.0,1.0,0.0,0.0,1.0,0.0,0.0,0.0,0.0,56
0.0,0.0,2012,0.0,4.0,90.0,0.0,0.0,0.0,6.0,0.0,2.0,0.0,2.0,104
0.0,0.0,2012,1.0,0.0,105.0,0.0,0.0,0.0,0.0,0.0,0.0,0.0,0.0,106
0.0,0.0,2012,3.0,2.0,15.0,0.0,0.0,0.0,0.0,0.0,0.0,0.0,0.0,20
0.0,0.0,2012,2.0,1.0,20.0,0.0,0.0,0.0,1.0,0.0,0.0,0.0,1.0,25
0.0,0.0,2012,9.0,8.0,88.0,0.0,0.0,0.0,0.0,0.0,0.0,0.0,0.0,105
0.0,0.0,2012,0.0,0.0,93.0,0.0,0.0,0.0,0.0,0.0,0.0,0.0,0.0,93
0.0,0.0,2012,0.0,9.0,55.0,0.0,0.0,0.0,0.0,0.0,0.0,0.0,0.0,64
0.0,0.0,2012,3.0,4.0,87.0,0.0,0.0,0.0,2.0,0.0,0.0,0.0,0.0,96
0.0,0.0,2012,129.0,137.0,2546.0,1.0,0.0,0.0,48.0,2.0,10.0,16.0,5.0,2894
0.0,0.0,2012,2.0,12.0,4.0,1.0,1.0,0.0,0.0,0.0,0.0,0.0,34.0,54
0.0,0.0,2012,4.0,36.0,16.0,0.0,0.0,2.0,0.0,0.0,0.0,0.0,69.0,127
0.0,0.0,2012,0.0,40.0,6.0,0.0,0.0,0.0,0.0,0.0,0.0,0.0,27.0,73
0.0,0.0,2012,0.0,14.0,19.0,0.0,0.0,0.0,0.0,0.0,0.0,0.0,36.0,69
0.0,0.0,2012,3.0,23.0,20.0,0.0,4.0,0.0,0.0,0.0,0.0,0.0,46.0,96
0.0,0.0,2012,2.0,2.0,3.0,0.0,0.0,0.0,0.0,0.0,0.0,0.0,0.0,7
0.0,0.0,2012,3.0,3.0,1.0,0.0,0.0,0.0,0.0,0.0,0.0,0.0,4.0,11
0.0,0.0,2012,2.0,13.0,1.0,1.0,0.0,1.0,0.0,0.0,0.0,0.0,20.0,38
0.0,0.0,2012,5.0,52.0,54.0,0.0,0.0,1.0,0.0,0.0,0.0,0.0,205.0,317
0.0,0.0,2012,0.0,13.0,1.0,0.0,0.0,0.0,0.0,0.0,0.0,0.0,12.0,26
0.0,0.0,2012,0.0,0.0,6.0,0.0,0.0,2.0,0.0,0.0,0.0,0.0,2.0,10
0.0,0.0,2012,4.0,22.0,10.0,0.0,1.0,0.0,0.0,0.0,0.0,0.0,0.0,37
0.0,0.0,2012,3.0,21.0,15.0,0.0,0.0,2.0,0.0,0.0,0.0,0.0,91.0,132
0.0,0.0,2012,0.0,2.0,9.0,0.0,0.0,0.0,0.0,0.0,0.0,0.0,63.0,74
0.0,0.0,2012,2.0,2.0,4.0,0.0,0.0,0.0,0.0,0.0,0.0,0.0,32.0,40
0.0,0.0,2012,2.0,14.0,3.0,0.0,0.0,0.0,0.0,0.0,0.0,0.0,12.0,31
0.0,0.0,2012,1.0,7.0,7.0,0.0,0.0,0.0,0.0,0.0,0.0,0.0,15.0,30
0.0,0.0,2012,1.0,2.0,0.0,0.0,0.0,0.0,0.0,0.0,0.0,0.0,23.0,26
0.0,0.0,2012,0.0,19.0,11.0,0.0,0.0,0.0,0.0,0.0,0.0,0.0,25.0,55
0.0,0.0,2012,3.0,19.0,33.0,0.0,0.0,0.0,0.0,0.0,0.0,2.0,10.0,67
0.0,0.0,2012,0.0,3.0,11.0,2.0,0.0,0.0,0.0,0.0,0.0,0.0,10.0,26
0.0,0.0,2012,1.0,1.0,2.0,0.0,0.0,0.0,0.0,0.0,0.0,0.0,3.0,7
0.0,0.0,2012,11.0,33.0,8.0,0.0,0.0,1.0,0.0,0.0,0.0,0.0,1.0,54
0.0,0.0,2012,6.0,69.0,19.0,0.0,0.0,0.0,0.0,0.0,0.0,0.0,169.0,263
0.0,0.0,2012,0.0,19.0,0.0,1.0,4.0,0.0,0.0,0.0,0.0,0.0,48.0,72
0.0,0.0,2012,9.0,47.0,13.0,0.0,0.0,0.0,0.0,0.0,0.0,0.0,19.0,88
0.0,0.0,2012,0.0,0.0,0.0,0.0,0.0,0.0,0.0,0.0,0.0,0.0,0.0,0
0.0,0.0,2012,5.0,31.0,0.0,0.0,0.0,0.0,13.0,0.0,0.0,0.0,2.0,51
0.0,0.0,2012,69.0,519.0,276.0,5.0,10.0,9.0,13.0,0.0,0.0,2.0,978.0,1881
0.0,0.0,2012,1.0,17.0,10.0,0.0,1.0,4.0,0.0,0.0,0.0,0.0,42.0,75
0.0,0.0,2012,2.0,21.0,5.0,0.0,0.0,0.0,0.0,0.0,0.0,0.0,19.0,47
0.0,0.0,2012,3.0,38.0,15.0,0.0,1.0,4.0,0.0,0.0,0.0,0.0,61.0,122
0.0,0.0,2012,0.0,25.0,182.0,0.0,0.0,15.0,1.0,0.0,0.0,0.0,0.0,223
0.0,0.0,2012,0.0,0.0,10.0,0.0,0.0,0.0,0.0,0.0,0.0,0.0,0.0,10
0.0,0.0,2012,0.0,0.0,0.0,0.0,0.0,0.0,0.0,0.0,0.0,0.0,0.0,0
0.0,0.0,2012,1.0,2.0,60.0,0.0,0.0,6.0,0.0,0.0,0.0,3.0,0.0,72
0.0,0.0,2012,1.0,5.0,38.0,0.0,0.0,2.0,0.0,0.0,0.0,0.0,0.0,46
0.0,0.0,2012,2.0,7.0,24.0,0.0,0.0,2.0,0.0,0.0,0.0,0.0,2.0,37
0.0,0.0,2012,3.0,5.0,20.0,6.0,0.0,0.0,0.0,0.0,0.0,0.0,42.0,76
0.0,0.0,2012,0.0,0.0,0.0,0.0,0.0,0.0,0.0,0.0,0.0,0.0,0.0,0
0.0,0.0,2012,1.0,1.0,42.0,0.0,0.0,2.0,0.0,0.0,0.0,0.0,1.0,47
0.0,0.0,2012,4.0,7.0,13.0,0.0,0.0,3.0,0.0,0.0,0.0,1.0,0.0,28
0.0,0.0,2012,3.0,1.0,40.0,0.0,0.0,0.0,0.0,0.0,0.0,0.0,0.0,44
0.0,0.0,2012,3.0,7.0,7.0,0.0,0.0,2.0,0.0,0.0,0.0,3.0,0.0,22
0.0,0.0,2012,1.0,2.0,43.0,0.0,0.0,9.0,0.0,0.0,0.0,2.0,8.0,65
0.0,0.0,2012,1.0,10.0,47.0,0.0,0.0,1.0,0.0,0.0,0.0,0.0,0.0,59
0.0,0.0,2012,1.0,4.0,11.0,0.0,0.0,0.0,0.0,0.0,0.0,0.0,0.0,16
0.0,0.0,2012,2.0,4.0,8.0,0.0,0.0,1.0,0.0,0.0,0.0,0.0,0.0,15
0.0,0.0,2012,0.0,1.0,0.0,0.0,0.0,1.0,0.0,0.0,0.0,1.0,34.0,37
0.0,0.0,2012,0.0,1.0,0.0,0.0,0.0,0.0,0.0,0.0,0.0,0.0,0.0,1
0.0,0.0,2012,3.0,2.0,0.0,0.0,0.0,2.0,0.0,0.0,0.0,0.0,0.0,7
0.0,0.0,2012,1.0,2.0,4.0,0.0,0.0,0.0,0.0,0.0,0.0,0.0,15.0,22
0.0,0.0,2012,0.0,0.0,8.0,0.0,0.0,0.0,0.0,0.0,0.0,0.0,10.0,18
0.0,0.0,2012,0.0,0.0,2.0,0.0,0.0,2.0,0.0,0.0,0.0,0.0,3.0,7
0.0,0.0,2012,1.0,1.0,2.0,0.0,0.0,1.0,0.0,0.0,0.0,0.0,0.0,5
0.0,0.0,2012,1.0,5.0,24.0,1.0,0.0,5.0,12.0,0.0,0.0,1.0,31.0,80
0.0,0.0,2012,9.0,10.0,50.0,0.0,0.0,2.0,0.0,0.0,0.0,1.0,2.0,74
0.0,0.0,2012,7.0,8.0,17.0,0.0,0.0,10.0,6.0,0.0,0.0,0.0,0.0,48
0.0,0.0,2012,0.0,6.0,18.0,0.0,0.0,0.0,0.0,0.0,0.0,0.0,2.0,26
0.0,0.0,2012,3.0,10.0,27.0,0.0,1.0,3.0,0.0,0.0,0.0,0.0,1.0,45
0.0,0.0,2012,0.0,0.0,0.0,0.0,0.0,0.0,0.0,0.0,0.0,0.0,6.0,6
0.0,0.0,2012,5.0,8.0,52.0,0.0,0.0,1.0,0.0,0.0,0.0,0.0,5.0,71
0.0,0.0,2012,4.0,10.0,64.0,0.0,0.0,3.0,0.0,0.0,0.0,2.0,1.0,84
0.0,0.0,2012,1.0,6.0,20.0,0.0,0.0,0.0,0.0,0.0,0.0,0.0,0.0,27
0.0,0.0,2012,0.0,0.0,0.0,0.0,0.0,1.0,0.0,0.0,0.0,0.0,0.0,1
0.0,0.0,2012,2.0,0.0,1.0,0.0,0.0,5.0,0.0,0.0,0.0,0.0,0.0,8
0.0,0.0,2012,60.0,150.0,834.0,7.0,1.0,79.0,19.0,0.0,0.0,14.0,163.0,1327
0.0,0.0,2012,0.0,3.0,1.0,0.0,0.0,0.0,0.0,0.0,0.0,0.0,0.0,4
0.0,0.0,2012,3.0,8.0,42.0,7.0,0.0,0.0,0.0,0.0,0.0,1.0,0.0,61
0.0,0.0,2012,1.0,10.0,23.0,0.0,0.0,0.0,0.0,0.0,0.0,0.0,41.0,75
0.0,0.0,2012,7.0,27.0,34.0,7.0,0.0,0.0,0.0,0.0,0.0,0.0,9.0,84
0.0,0.0,2012,2.0,10.0,28.0,3.0,0.0,0.0,0.0,0.0,0.0,0.0,8.0,51
0.0,0.0,2012,0.0,1.0,6.0,7.0,0.0,0.0,0.0,0.0,0.0,0.0,0.0,14
0.0,0.0,2012,3.0,26.0,33.0,0.0,0.0,4.0,0.0,0.0,0.0,0.0,0.0,66
0.0,0.0,2012,5.0,24.0,113.0,0.0,0.0,0.0,0.0,0.0,0.0,3.0,0.0,145
0.0,0.0,2012,0.0,0.0,0.0,0.0,0.0,0.0,0.0,0.0,0.0,0.0,0.0,0
0.0,0.0,2012,0.0,22.0,29.0,0.0,0.0,0.0,0.0,0.0,0.0,0.0,4.0,55
0.0,0.0,2012,3.0,7.0,11.0,4.0,1.0,0.0,0.0,0.0,0.0,3.0,6.0,35
0.0,0.0,2012,6.0,43.0,38.0,0.0,0.0,5.0,0.0,0.0,0.0,1.0,10.0,103
0.0,0.0,2012,1.0,5.0,4.0,0.0,0.0,0.0,0.0,0.0,0.0,1.0,9.0,20
0.0,0.0,2012,0.0,0.0,0.0,0.0,0.0,0.0,0.0,0.0,0.0,0.0,0.0,0
0.0,0.0,2012,2.0,18.0,11.0,0.0,0.0,0.0,0.0,0.0,0.0,0.0,0.0,31
0.0,0.0,2012,0.0,12.0,19.0,0.0,0.0,0.0,0.0,0.0,0.0,0.0,2.0,33
0.0,0.0,2012,0.0,2.0,1.0,0.0,0.0,0.0,0.0,0.0,0.0,1.0,0.0,4
0.0,0.0,2012,3.0,19.0,67.0,0.0,1.0,6.0,0.0,0.0,0.0,0.0,0.0,96
0.0,0.0,2012,0.0,10.0,15.0,0.0,0.0,0.0,0.0,0.0,0.0,0.0,6.0,31
0.0,0.0,2012,0.0,0.0,0.0,0.0,0.0,0.0,0.0,0.0,0.0,0.0,0.0,0
0.0,0.0,2012,0.0,10.0,25.0,0.0,0.0,0.0,0.0,0.0,0.0,1.0,5.0,41
0.0,0.0,2012,3.0,4.0,0.0,0.0,1.0,0.0,0.0,0.0,0.0,0.0,6.0,14
0.0,0.0,2012,1.0,15.0,35.0,0.0,0.0,0.0,0.0,0.0,0.0,0.0,1.0,52
0.0,0.0,2012,40.0,276.0,535.0,28.0,3.0,15.0,0.0,0.0,0.0,11.0,107.0,1015
0.0,0.0,2012,0.0,5.0,6.0,0.0,0.0,0.0,0.0,0.0,0.0,0.0,11.0,22
0.0,0.0,2012,0.0,8.0,4.0,0.0,0.0,0.0,0.0,0.0,0.0,0.0,2.0,14
0.0,0.0,2012,1.0,3.0,10.0,0.0,0.0,0.0,0.0,0.0,0.0,0.0,2.0,16
0.0,0.0,2012,0.0,0.0,0.0,0.0,0.0,0.0,0.0,0.0,0.0,0.0,0.0,0
0.0,0.0,2012,0.0,0.0,0.0,0.0,0.0,0.0,0.0,0.0,0.0,0.0,0.0,0
0.0,0.0,2012,1.0,3.0,3.0,0.0,0.0,0.0,0.0,0.0,0.0,0.0,3.0,10
0.0,0.0,2012,1.0,14.0,28.0,0.0,0.0,1.0,0.0,0.0,0.0,0.0,10.0,54
0.0,0.0,2012,0.0,2.0,0.0,0.0,0.0,0.0,0.0,0.0,0.0,0.0,0.0,2
0.0,0.0,2012,1.0,14.0,3.0,0.0,0.0,0.0,0.0,0.0,0.0,0.0,5.0,23
0.0,0.0,2012,0.0,0.0,0.0,0.0,0.0,0.0,0.0,0.0,0.0,0.0,0.0,0
0.0,0.0,2012,1.0,11.0,13.0,0.0,0.0,1.0,0.0,0.0,0.0,0.0,11.0,37
0.0,0.0,2012,3.0,11.0,18.0,0.0,0.0,0.0,0.0,0.0,0.0,0.0,9.0,41
0.0,0.0,2012,0.0,11.0,6.0,0.0,0.0,0.0,0.0,0.0,0.0,0.0,6.0,23
0.0,0.0,2012,0.0,4.0,1.0,0.0,0.0,1.0,3.0,0.0,0.0,0.0,3.0,12
0.0,0.0,2012,1.0,3.0,5.0,0.0,0.0,0.0,0.0,0.0,0.0,0.0,3.0,12
0.0,0.0,2012,9.0,89.0,97.0,0.0,0.0,3.0,3.0,0.0,0.0,0.0,65.0,266
0.0,0.0,2012,0.0,0.0,0.0,0.0,0.0,0.0,0.0,0.0,0.0,0.0,0.0,0
0.0,0.0,2012,0.0,0.0,0.0,0.0,0.0,0.0,0.0,0.0,0.0,0.0,0.0,0
0.0,0.0,2012,0.0,0.0,0.0,0.0,0.0,0.0,0.0,0.0,0.0,0.0,0.0,0
0.0,0.0,2012,0.0,0.0,0.0,0.0,0.0,0.0,0.0,0.0,0.0,0.0,0.0,0
0.0,0.0,2012,0.0,0.0,0.0,0.0,0.0,0.0,0.0,0.0,0.0,0.0,0.0,0
0.0,0.0,2012,0.0,0.0,0.0,0.0,0.0,0.0,0.0,0.0,0.0,0.0,0.0,0
0.0,0.0,2012,0.0,0.0,0.0,0.0,0.0,0.0,0.0,0.0,0.0,0.0,0.0,0
0.0,0.0,2012,0.0,0.0,0.0,0.0,0.0,0.0,0.0,0.0,0.0,0.0,0.0,0
0.0,0.0,2012,0.0,0.0,0.0,0.0,0.0,0.0,0.0,0.0,0.0,0.0,0.0,0
0.0,0.0,2012,0.0,0.0,0.0,0.0,0.0,0.0,0.0,0.0,0.0,0.0,0.0,0
0.0,0.0,2012,0.0,0.0,0.0,0.0,0.0,0.0,0.0,0.0,0.0,0.0,0.0,0
0.0,0.0,2012,0.0,0.0,0.0,0.0,0.0,0.0,0.0,0.0,0.0,0.0,0.0,0
0.0,0.0,2012,0.0,8.0,12.0,0.0,0.0,0.0,0.0,0.0,0.0,0.0,3.0,23
0.0,0.0,2012,0.0,0.0,0.0,0.0,0.0,0.0,0.0,0.0,0.0,0.0,0.0,0
0.0,0.0,2012,0.0,0.0,0.0,0.0,0.0,0.0,0.0,0.0,0.0,0.0,0.0,0
0.0,0.0,2012,0.0,0.0,0.0,0.0,0.0,0.0,0.0,0.0,0.0,0.0,0.0,0
0.0,0.0,2012,0.0,0.0,0.0,0.0,0.0,0.0,0.0,0.0,0.0,0.0,0.0,0
0.0,0.0,2012,0.0,1.0,0.0,0.0,0.0,1.0,0.0,0.0,0.0,0.0,0.0,2
0.0,0.0,2012,0.0,0.0,0.0,0.0,0.0,0.0,0.0,0.0,0.0,0.0,0.0,0
0.0,0.0,2012,0.0,0.0,0.0,0.0,0.0,0.0,0.0,0.0,0.0,0.0,0.0,0
0.0,0.0,2012,0.0,0.0,0.0,0.0,0.0,0.0,0.0,0.0,0.0,0.0,0.0,0
0.0,0.0,2012,0.0,0.0,0.0,0.0,0.0,0.0,0.0,0.0,0.0,0.0,0.0,0
0.0,0.0,2012,0.0,0.0,0.0,0.0,0.0,0.0,0.0,0.0,0.0,0.0,0.0,0
0.0,0.0,2012,0.0,0.0,0.0,0.0,0.0,0.0,0.0,0.0,0.0,0.0,0.0,0
0.0,0.0,2012,0.0,1.0,9.0,0.0,0.0,0.0,0.0,0.0,0.0,0.0,0.0,10
0.0,0.0,2012,0.0,1.0,1.0,0.0,0.0,0.0,0.0,0.0,0.0,0.0,0.0,2
0.0,0.0,2012,0.0,0.0,0.0,0.0,0.0,0.0,0.0,0.0,0.0,0.0,0.0,0
0.0,0.0,2012,0.0,0.0,0.0,0.0,0.0,0.0,0.0,0.0,0.0,0.0,0.0,0
0.0,0.0,2012,0.0,0.0,0.0,0.0,0.0,0.0,0.0,0.0,0.0,0.0,0.0,0
0.0,0.0,2012,0.0,2.0,1.0,0.0,0.0,0.0,0.0,0.0,0.0,0.0,0.0,3
0.0,0.0,2012,0.0,13.0,23.0,0.0,0.0,1.0,0.0,0.0,0.0,0.0,3.0,40
0.0,0.0,2012,0.0,0.0,0.0,0.0,0.0,0.0,0.0,0.0,0.0,0.0,0.0,0
0.0,0.0,2012,0.0,0.0,0.0,0.0,0.0,0.0,0.0,0.0,0.0,0.0,0.0,0
0.0,0.0,2012,0.0,0.0,0.0,0.0,0.0,0.0,0.0,0.0,0.0,0.0,0.0,0
0.0,0.0,2012,0.0,0.0,0.0,0.0,0.0,0.0,0.0,0.0,0.0,0.0,0.0,0
0.0,0.0,2012,0.0,0.0,0.0,0.0,0.0,0.0,0.0,0.0,0.0,0.0,0.0,0
0.0,0.0,2012,0.0,0.0,0.0,0.0,0.0,0.0,0.0,0.0,0.0,0.0,0.0,0
0.0,0.0,2012,1.0,4.0,5.0,0.0,0.0,0.0,0.0,0.0,0.0,0.0,42.0,52
0.0,0.0,2012,0.0,0.0,0.0,0.0,0.0,0.0,0.0,0.0,0.0,0.0,0.0,0
0.0,0.0,2012,0.0,0.0,0.0,0.0,0.0,0.0,0.0,0.0,0.0,0.0,0.0,0
0.0,0.0,2012,0.0,0.0,0.0,0.0,0.0,0.0,0.0,0.0,0.0,0.0,0.0,0
0.0,0.0,2012,0.0,2.0,27.0,0.0,0.0,0.0,16.0,5.0,7.0,0.0,0.0,57
0.0,0.0,2012,0.0,0.0,0.0,0.0,0.0,0.0,0.0,0.0,0.0,0.0,0.0,0
0.0,0.0,2012,0.0,0.0,0.0,0.0,0.0,0.0,0.0,0.0,0.0,0.0,0.0,0
0.0,0.0,2012,0.0,0.0,0.0,0.0,0.0,0.0,0.0,0.0,0.0,0.0,0.0,0
0.0,0.0,2012,0.0,0.0,0.0,0.0,0.0,0.0,0.0,0.0,0.0,0.0,0.0,0
0.0,0.0,2012,0.0,0.0,0.0,0.0,0.0,0.0,0.0,0.0,0.0,0.0,0.0,0
0.0,0.0,2012,0.0,0.0,0.0,0.0,0.0,0.0,0.0,0.0,0.0,0.0,0.0,0
0.0,0.0,2012,0.0,0.0,0.0,0.0,0.0,0.0,0.0,0.0,0.0,0.0,0.0,0
0.0,0.0,2012,0.0,0.0,0.0,0.0,0.0,0.0,0.0,0.0,0.0,0.0,2.0,2
0.0,0.0,2012,0.0,0.0,0.0,0.0,0.0,0.0,0.0,0.0,0.0,0.0,0.0,0
0.0,0.0,2012,0.0,0.0,0.0,0.0,0.0,0.0,0.0,0.0,0.0,0.0,0.0,0
0.0,0.0,2012,0.0,0.0,0.0,0.0,0.0,0.0,0.0,0.0,0.0,0.0,0.0,0
0.0,0.0,2012,0.0,0.0,0.0,0.0,0.0,0.0,0.0,0.0,0.0,0.0,0.0,0
0.0,0.0,2012,0.0,0.0,0.0,0.0,0.0,0.0,0.0,0.0,0.0,0.0,2.0,2
0.0,0.0,2012,0.0,0.0,0.0,0.0,0.0,0.0,0.0,0.0,0.0,0.0,0.0,0
0.0,0.0,2012,0.0,0.0,0.0,0.0,0.0,0.0,0.0,0.0,0.0,0.0,0.0,0
0.0,0.0,2012,1.0,6.0,32.0,0.0,0.0,0.0,16.0,5.0,7.0,0.0,46.0,113
0.0,0.0,2012,2.0,0.0,1.0,0.0,0.0,0.0,0.0,0.0,0.0,0.0,0.0,3
0.0,0.0,2012,16.0,38.0,370.0,2.0,0.0,17.0,44.0,0.0,0.0,2.0,62.0,551
0.0,0.0,2012,0.0,0.0,0.0,0.0,0.0,0.0,0.0,0.0,0.0,0.0,0.0,0
0.0,0.0,2012,16.0,28.0,28.0,0.0,0.0,14.0,0.0,0.0,0.0,0.0,0.0,86
0.0,0.0,2012,2.0,0.0,0.0,0.0,0.0,0.0,0.0,0.0,0.0,2.0,2.0,6
0.0,0.0,2012,2.0,6.0,11.0,0.0,0.0,8.0,0.0,0.0,0.0,1.0,1.0,29
0.0,0.0,2012,0.0,0.0,0.0,0.0,0.0,0.0,0.0,0.0,0.0,3.0,0.0,3
0.0,0.0,2012,0.0,0.0,0.0,0.0,0.0,0.0,0.0,0.0,0.0,2.0,0.0,2
0.0,0.0,2012,0.0,0.0,0.0,0.0,0.0,0.0,0.0,0.0,0.0,0.0,0.0,0
0.0,0.0,2012,0.0,0.0,1.0,0.0,0.0,0.0,1.0,0.0,0.0,0.0,2.0,4
0.0,0.0,2012,0.0,13.0,0.0,0.0,0.0,0.0,0.0,0.0,0.0,1.0,0.0,14
0.0,0.0,2012,0.0,5.0,5.0,1.0,0.0,1.0,0.0,0.0,0.0,0.0,5.0,17
0.0,0.0,2012,1.0,4.0,2.0,0.0,0.0,0.0,0.0,0.0,0.0,1.0,6.0,14
0.0,0.0,2012,3.0,3.0,31.0,0.0,0.0,0.0,0.0,0.0,0.0,0.0,0.0,37
0.0,0.0,2012,1.0,0.0,0.0,0.0,0.0,0.0,0.0,0.0,0.0,1.0,0.0,2
0.0,0.0,2012,0.0,0.0,0.0,0.0,0.0,0.0,0.0,0.0,0.0,0.0,0.0,0
0.0,0.0,2012,0.0,0.0,0.0,0.0,0.0,0.0,0.0,0.0,0.0,1.0,0.0,1
0.0,0.0,2012,0.0,0.0,0.0,0.0,0.0,0.0,0.0,0.0,0.0,0.0,0.0,0
0.0,0.0,2012,0.0,0.0,0.0,0.0,0.0,0.0,0.0,0.0,0.0,0.0,0.0,0
0.0,0.0,2012,0.0,1.0,0.0,0.0,0.0,0.0,0.0,0.0,0.0,0.0,1.0,2
0.0,0.0,2012,2.0,3.0,0.0,0.0,0.0,0.0,0.0,0.0,0.0,0.0,0.0,5
0.0,0.0,2012,0.0,0.0,4.0,0.0,0.0,0.0,0.0,0.0,0.0,0.0,1.0,5
0.0,0.0,2012,0.0,0.0,0.0,0.0,0.0,0.0,0.0,0.0,0.0,1.0,0.0,1
0.0,0.0,2012,3.0,17.0,6.0,0.0,0.0,0.0,0.0,0.0,0.0,0.0,6.0,32
0.0,0.0,2012,1.0,6.0,0.0,0.0,0.0,0.0,0.0,0.0,0.0,0.0,1.0,8
0.0,0.0,2012,1.0,7.0,5.0,0.0,0.0,0.0,0.0,0.0,0.0,0.0,0.0,13
0.0,0.0,2012,2.0,3.0,0.0,0.0,0.0,0.0,0.0,0.0,0.0,1.0,0.0,6
0.0,0.0,2012,0.0,0.0,0.0,0.0,0.0,0.0,0.0,0.0,0.0,1.0,0.0,1
0.0,0.0,2012,0.0,0.0,0.0,0.0,0.0,0.0,0.0,0.0,0.0,0.0,0.0,0
0.0,0.0,2012,1.0,1.0,0.0,0.0,0.0,0.0,0.0,0.0,0.0,0.0,0.0,2
0.0,0.0,2012,4.0,7.0,7.0,0.0,0.0,0.0,0.0,0.0,0.0,1.0,0.0,19
0.0,0.0,2012,0.0,0.0,0.0,0.0,0.0,1.0,0.0,0.0,0.0,1.0,7.0,9
0.0,0.0,2012,0.0,0.0,0.0,0.0,0.0,0.0,0.0,0.0,0.0,0.0,2.0,2
0.0,0.0,2012,0.0,0.0,0.0,0.0,0.0,0.0,0.0,0.0,0.0,0.0,0.0,0
0.0,0.0,2012,0.0,0.0,0.0,0.0,0.0,0.0,0.0,0.0,0.0,1.0,0.0,1
0.0,0.0,2012,57.0,142.0,471.0,3.0,0.0,41.0,45.0,0.0,0.0,20.0,96.0,875
0.0,0.0,2012,1.0,17.0,9.0,0.0,0.0,0.0,0.0,0.0,0.0,0.0,67.0,94
0.0,0.0,2012,0.0,15.0,4.0,0.0,0.0,0.0,0.0,0.0,0.0,0.0,24.0,43
0.0,0.0,2012,2.0,34.0,4.0,0.0,0.0,0.0,2.0,0.0,0.0,0.0,58.0,100
0.0,0.0,2012,1.0,26.0,6.0,0.0,0.0,0.0,0.0,0.0,0.0,1.0,10.0,44
0.0,0.0,2012,5.0,14.0,12.0,0.0,0.0,0.0,0.0,0.0,0.0,0.0,28.0,59
0.0,0.0,2012,2.0,28.0,7.0,0.0,0.0,0.0,0.0,0.0,0.0,0.0,71.0,108
0.0,0.0,2012,0.0,27.0,15.0,0.0,0.0,0.0,0.0,0.0,0.0,0.0,26.0,68
0.0,0.0,2012,5.0,29.0,10.0,0.0,2.0,0.0,0.0,0.0,0.0,0.0,23.0,69
0.0,0.0,2012,0.0,29.0,15.0,0.0,0.0,0.0,0.0,0.0,0.0,0.0,28.0,72
0.0,0.0,2012,0.0,23.0,0.0,0.0,0.0,0.0,1.0,0.0,0.0,0.0,40.0,64
0.0,0.0,2012,2.0,12.0,1.0,0.0,0.0,0.0,0.0,0.0,0.0,0.0,21.0,36
0.0,0.0,2012,3.0,30.0,1.0,1.0,0.0,0.0,0.0,0.0,0.0,3.0,67.0,105
0.0,0.0,2012,3.0,35.0,5.0,0.0,0.0,2.0,0.0,0.0,0.0,2.0,31.0,78
0.0,0.0,2012,2.0,18.0,13.0,0.0,0.0,0.0,0.0,0.0,0.0,0.0,9.0,42
0.0,0.0,2012,0.0,0.0,3.0,0.0,0.0,0.0,0.0,0.0,0.0,0.0,4.0,7
0.0,0.0,2012,1.0,19.0,8.0,0.0,0.0,1.0,0.0,0.0,0.0,0.0,34.0,63
0.0,0.0,2012,3.0,15.0,4.0,0.0,0.0,0.0,2.0,0.0,0.0,0.0,52.0,76
0.0,0.0,2012,2.0,17.0,14.0,0.0,1.0,1.0,5.0,0.0,0.0,0.0,19.0,59
0.0,0.0,2012,2.0,56.0,9.0,0.0,0.0,0.0,0.0,0.0,0.0,0.0,28.0,95
0.0,0.0,2012,0.0,11.0,7.0,0.0,0.0,0.0,0.0,0.0,0.0,0.0,24.0,42
0.0,0.0,2012,34.0,455.0,147.0,1.0,3.0,4.0,10.0,0.0,0.0,6.0,664.0,1324
0.0,0.0,2012,1.0,0.0,0.0,0.0,0.0,0.0,0.0,0.0,0.0,0.0,0.0,1
0.0,0.0,2012,3.0,32.0,7.0,4.0,0.0,0.0,0.0,0.0,0.0,1.0,0.0,47
0.0,0.0,2012,2.0,35.0,3.0,0.0,0.0,6.0,0.0,0.0,0.0,0.0,53.0,99
0.0,0.0,2012,1.0,48.0,7.0,1.0,0.0,1.0,0.0,0.0,0.0,0.0,76.0,134
0.0,0.0,2012,3.0,23.0,5.0,0.0,0.0,0.0,0.0,0.0,0.0,0.0,25.0,56
0.0,0.0,2012,3.0,51.0,3.0,0.0,1.0,0.0,0.0,0.0,0.0,0.0,50.0,108
0.0,0.0,2012,0.0,1.0,0.0,0.0,0.0,0.0,0.0,0.0,0.0,0.0,4.0,5
0.0,0.0,2012,7.0,66.0,31.0,0.0,1.0,2.0,0.0,0.0,0.0,0.0,111.0,218
0.0,0.0,2012,0.0,2.0,1.0,0.0,0.0,4.0,0.0,0.0,0.0,0.0,3.0,10
0.0,0.0,2012,1.0,9.0,0.0,0.0,0.0,0.0,0.0,0.0,0.0,0.0,0.0,10
0.0,0.0,2012,2.0,22.0,18.0,0.0,0.0,0.0,0.0,0.0,0.0,0.0,59.0,101
0.0,0.0,2012,3.0,60.0,8.0,0.0,0.0,0.0,0.0,0.0,0.0,0.0,231.0,302
0.0,0.0,2012,0.0,0.0,0.0,0.0,0.0,0.0,0.0,0.0,0.0,0.0,0.0,0
0.0,0.0,2012,3.0,13.0,20.0,1.0,0.0,0.0,0.0,0.0,0.0,0.0,47.0,84
0.0,0.0,2012,3.0,40.0,21.0,0.0,2.0,0.0,0.0,0.0,0.0,0.0,49.0,115
0.0,0.0,2012,4.0,40.0,32.0,15.0,3.0,0.0,0.0,0.0,0.0,0.0,0.0,94
0.0,0.0,2012,3.0,18.0,6.0,0.0,0.0,0.0,0.0,0.0,0.0,0.0,28.0,55
0.0,0.0,2012,3.0,28.0,15.0,2.0,0.0,0.0,0.0,0.0,0.0,0.0,82.0,130
0.0,0.0,2012,14.0,50.0,60.0,1.0,0.0,25.0,0.0,0.0,2.0,0.0,161.0,313
0.0,0.0,2012,0.0,17.0,3.0,2.0,0.0,0.0,0.0,0.0,0.0,0.0,6.0,28
0.0,0.0,2012,4.0,45.0,27.0,0.0,0.0,0.0,0.0,0.0,0.0,0.0,21.0,97
0.0,0.0,2012,8.0,112.0,38.0,2.0,0.0,13.0,0.0,0.0,0.0,0.0,207.0,380
0.0,0.0,2012,0.0,0.0,0.0,0.0,0.0,0.0,0.0,0.0,0.0,0.0,0.0,0
0.0,0.0,2012,10.0,81.0,27.0,5.0,0.0,0.0,0.0,0.0,0.0,0.0,123.0,246
0.0,0.0,2012,1.0,0.0,0.0,0.0,0.0,0.0,0.0,0.0,0.0,0.0,0.0,1
0.0,0.0,2012,0.0,10.0,0.0,0.0,0.0,0.0,0.0,0.0,0.0,0.0,0.0,10
0.0,0.0,2012,1.0,19.0,5.0,4.0,1.0,0.0,0.0,0.0,0.0,0.0,3.0,33
0.0,0.0,2012,3.0,41.0,5.0,0.0,0.0,9.0,0.0,0.0,0.0,0.0,32.0,90
0.0,0.0,2012,3.0,8.0,2.0,0.0,0.0,0.0,0.0,0.0,0.0,0.0,7.0,20
0.0,0.0,2012,5.0,38.0,5.0,0.0,0.0,0.0,0.0,0.0,0.0,0.0,0.0,48
0.0,0.0,2012,2.0,23.0,21.0,0.0,0.0,0.0,0.0,0.0,1.0,0.0,43.0,90
0.0,0.0,2012,4.0,9.0,13.0,0.0,0.0,11.0,0.0,0.0,1.0,0.0,2.0,40
0.0,0.0,2012,3.0,38.0,10.0,0.0,3.0,0.0,0.0,0.0,0.0,0.0,87.0,141
0.0,0.0,2012,1.0,13.0,10.0,0.0,0.0,0.0,0.0,0.0,0.0,0.0,24.0,48
0.0,0.0,2012,0.0,34.0,4.0,0.0,0.0,0.0,0.0,0.0,0.0,0.0,0.0,38
0.0,0.0,2012,0.0,17.0,0.0,0.0,0.0,0.0,0.0,0.0,0.0,0.0,0.0,17
0.0,0.0,2012,0.0,33.0,16.0,0.0,0.0,0.0,0.0,0.0,0.0,0.0,141.0,190
0.0,0.0,2012,0.0,41.0,18.0,1.0,0.0,0.0,0.0,0.0,0.0,1.0,59.0,120
0.0,0.0,2012,2.0,64.0,24.0,0.0,1.0,15.0,1.0,0.0,0.0,1.0,89.0,197
0.0,0.0,2012,5.0,20.0,22.0,13.0,0.0,0.0,0.0,0.0,0.0,0.0,148.0,208
0.0,0.0,2012,3.0,60.0,2.0,1.0,1.0,14.0,20.0,0.0,0.0,0.0,90.0,191
0.0,0.0,2012,1.0,41.0,8.0,1.0,1.0,0.0,0.0,0.0,0.0,0.0,31.0,83
0.0,0.0,2012,1.0,27.0,2.0,0.0,0.0,0.0,0.0,0.0,0.0,0.0,21.0,51
0.0,0.0,2012,2.0,42.0,13.0,0.0,0.0,7.0,0.0,0.0,0.0,0.0,55.0,119
0.0,0.0,2012,0.0,5.0,2.0,0.0,0.0,2.0,0.0,0.0,0.0,0.0,0.0,9
0.0,0.0,2012,10.0,44.0,17.0,0.0,0.0,2.0,0.0,0.0,0.0,0.0,0.0,73
0.0,0.0,2012,4.0,30.0,22.0,1.0,0.0,4.0,0.0,0.0,0.0,0.0,25.0,86
0.0,0.0,2012,1.0,27.0,9.0,0.0,0.0,5.0,0.0,0.0,1.0,0.0,96.0,139
0.0,0.0,2012,4.0,12.0,30.0,5.0,2.0,0.0,0.0,0.0,0.0,0.0,35.0,88
0.0,0.0,2012,0.0,35.0,8.0,0.0,2.0,7.0,0.0,0.0,0.0,0.0,52.0,104
0.0,0.0,2012,1.0,46.0,16.0,1.0,0.0,7.0,0.0,0.0,0.0,0.0,15.0,86
0.0,0.0,2012,1.0,11.0,4.0,0.0,0.0,0.0,0.0,0.0,0.0,0.0,44.0,60
0.0,0.0,2012,4.0,51.0,10.0,4.0,1.0,0.0,0.0,0.0,0.0,0.0,85.0,155
0.0,0.0,2012,140.0,1632.0,630.0,64.0,19.0,134.0,21.0,0.0,5.0,3.0,2520.0,5168
0.0,0.0,2012,8.0,18.0,27.0,0.0,0.0,0.0,0.0,0.0,0.0,0.0,5.0,58
0.0,0.0,2012,2.0,12.0,17.0,0.0,0.0,8.0,0.0,0.0,0.0,0.0,21.0,60
0.0,0.0,2012,2.0,13.0,10.0,0.0,0.0,0.0,0.0,0.0,0.0,0.0,15.0,40
0.0,0.0,2012,2.0,29.0,13.0,0.0,0.0,2.0,0.0,0.0,0.0,0.0,7.0,53
0.0,0.0,2012,2.0,14.0,10.0,1.0,0.0,6.0,6.0,0.0,0.0,0.0,27.0,66
0.0,0.0,2012,7.0,14.0,9.0,1.0,0.0,8.0,0.0,0.0,0.0,1.0,37.0,77
0.0,0.0,2012,6.0,15.0,14.0,1.0,0.0,0.0,1.0,0.0,0.0,0.0,27.0,64
0.0,0.0,2012,1.0,10.0,7.0,0.0,0.0,2.0,0.0,0.0,1.0,0.0,29.0,50
0.0,0.0,2012,4.0,6.0,19.0,0.0,0.0,6.0,0.0,0.0,0.0,0.0,17.0,52
0.0,0.0,2012,3.0,28.0,25.0,0.0,1.0,1.0,0.0,0.0,0.0,0.0,16.0,74
0.0,0.0,2012,3.0,13.0,9.0,0.0,0.0,4.0,0.0,0.0,0.0,0.0,0.0,29
0.0,0.0,2012,4.0,13.0,6.0,0.0,0.0,1.0,0.0,0.0,0.0,0.0,22.0,46
0.0,0.0,2012,1.0,8.0,5.0,0.0,0.0,0.0,0.0,0.0,0.0,0.0,5.0,19
0.0,0.0,2012,2.0,1.0,1.0,0.0,0.0,2.0,0.0,0.0,0.0,0.0,0.0,6
0.0,0.0,2012,5.0,8.0,10.0,4.0,0.0,8.0,0.0,1.0,0.0,1.0,3.0,40
0.0,0.0,2012,7.0,5.0,6.0,0.0,0.0,3.0,0.0,0.0,0.0,1.0,2.0,24
0.0,0.0,2012,13.0,23.0,21.0,1.0,0.0,2.0,0.0,0.0,0.0,0.0,15.0,75
0.0,0.0,2012,2.0,10.0,4.0,0.0,0.0,0.0,0.0,0.0,0.0,0.0,0.0,16
0.0,0.0,2012,18.0,141.0,142.0,1.0,1.0,21.0,0.0,0.0,0.0,0.0,193.0,517
0.0,0.0,2012,2.0,0.0,6.0,0.0,0.0,12.0,0.0,0.0,0.0,0.0,0.0,20
0.0,0.0,2012,4.0,38.0,32.0,0.0,3.0,3.0,0.0,0.0,1.0,0.0,141.0,222
0.0,0.0,2012,2.0,0.0,1.0,0.0,0.0,9.0,0.0,0.0,0.0,0.0,0.0,12
0.0,0.0,2012,4.0,20.0,10.0,0.0,0.0,1.0,0.0,0.0,0.0,0.0,24.0,59
0.0,0.0,2012,10.0,17.0,26.0,0.0,0.0,21.0,0.0,0.0,0.0,0.0,21.0,95
0.0,0.0,2012,3.0,9.0,4.0,0.0,0.0,1.0,0.0,0.0,0.0,0.0,13.0,30
0.0,0.0,2012,2.0,13.0,8.0,0.0,1.0,1.0,0.0,0.0,0.0,1.0,3.0,29
0.0,0.0,2012,6.0,25.0,1.0,1.0,1.0,10.0,19.0,0.0,0.0,1.0,29.0,93
0.0,0.0,2012,6.0,21.0,8.0,0.0,0.0,3.0,1.0,0.0,0.0,0.0,27.0,66
0.0,0.0,2012,5.0,19.0,13.0,1.0,4.0,3.0,0.0,0.0,0.0,1.0,19.0,65
0.0,0.0,2012,6.0,12.0,10.0,0.0,0.0,3.0,0.0,0.0,0.0,0.0,0.0,31
0.0,0.0,2012,8.0,51.0,74.0,2.0,0.0,8.0,0.0,3.0,0.0,0.0,142.0,288
0.0,0.0,2012,1.0,2.0,1.0,0.0,0.0,4.0,0.0,0.0,0.0,0.0,1.0,9
0.0,0.0,2012,13.0,41.0,42.0,0.0,0.0,9.0,0.0,0.0,0.0,0.0,81.0,186
0.0,0.0,2012,1.0,12.0,4.0,0.0,0.0,0.0,0.0,0.0,0.0,0.0,11.0,28
0.0,0.0,2012,2.0,7.0,3.0,0.0,0.0,1.0,0.0,0.0,0.0,0.0,4.0,17
0.0,0.0,2012,3.0,23.0,22.0,0.0,1.0,6.0,0.0,0.0,0.0,0.0,18.0,73
0.0,0.0,2012,7.0,30.0,25.0,6.0,0.0,10.0,0.0,0.0,0.0,0.0,32.0,110
0.0,0.0,2012,2.0,3.0,4.0,0.0,0.0,0.0,0.0,0.0,0.0,0.0,6.0,15
0.0,0.0,2012,2.0,10.0,19.0,1.0,0.0,0.0,1.0,0.0,0.0,0.0,5.0,38
0.0,0.0,2012,8.0,38.0,16.0,2.0,0.0,4.0,0.0,0.0,0.0,0.0,16.0,84
0.0,0.0,2012,9.0,50.0,85.0,0.0,1.0,7.0,0.0,0.0,0.0,0.0,59.0,211
0.0,0.0,2012,5.0,38.0,37.0,0.0,0.0,2.0,3.0,0.0,0.0,0.0,4.0,89
0.0,0.0,2012,2.0,22.0,22.0,0.0,0.0,0.0,0.0,0.0,0.0,0.0,24.0,70
0.0,0.0,2012,2.0,13.0,23.0,0.0,0.0,3.0,0.0,0.0,0.0,0.0,3.0,44
0.0,0.0,2012,5.0,22.0,42.0,0.0,0.0,4.0,0.0,0.0,0.0,0.0,33.0,106
0.0,0.0,2012,212.0,917.0,893.0,22.0,13.0,199.0,31.0,4.0,2.0,6.0,1157.0,3456
0.0,0.0,2012,1.0,5.0,4.0,0.0,0.0,0.0,0.0,0.0,0.0,0.0,0.0,10
0.0,0.0,2012,1.0,0.0,1.0,0.0,0.0,0.0,0.0,0.0,0.0,0.0,0.0,2
0.0,0.0,2012,0.0,1.0,1.0,0.0,0.0,0.0,1.0,0.0,0.0,0.0,0.0,3
0.0,0.0,2012,0.0,0.0,0.0,0.0,0.0,0.0,0.0,0.0,0.0,0.0,0.0,0
0.0,0.0,2012,1.0,1.0,23.0,0.0,0.0,0.0,0.0,0.0,0.0,0.0,1.0,26
0.0,0.0,2012,0.0,3.0,24.0,0.0,0.0,0.0,6.0,0.0,0.0,0.0,4.0,37
0.0,0.0,2012,0.0,2.0,1.0,0.0,0.0,0.0,0.0,0.0,0.0,0.0,0.0,3
0.0,0.0,2012,0.0,0.0,0.0,0.0,0.0,0.0,0.0,0.0,0.0,0.0,0.0,0
0.0,0.0,2012,1.0,5.0,7.0,0.0,0.0,0.0,10.0,0.0,0.0,0.0,0.0,23
0.0,0.0,2012,0.0,0.0,0.0,0.0,0.0,0.0,0.0,0.0,0.0,0.0,0.0,0
0.0,0.0,2012,4.0,17.0,61.0,0.0,0.0,0.0,17.0,0.0,0.0,0.0,5.0,104
0.0,0.0,2012,0.0,1.0,0.0,0.0,0.0,0.0,0.0,0.0,0.0,0.0,0.0,1
0.0,0.0,2012,0.0,6.0,2.0,0.0,0.0,0.0,0.0,0.0,0.0,0.0,0.0,8
0.0,0.0,2012,0.0,3.0,0.0,0.0,0.0,0.0,0.0,0.0,0.0,0.0,0.0,3
0.0,0.0,2012,0.0,14.0,4.0,0.0,0.0,0.0,0.0,0.0,0.0,0.0,0.0,18
0.0,0.0,2012,0.0,33.0,2.0,0.0,0.0,0.0,0.0,0.0,0.0,1.0,0.0,36
0.0,0.0,2012,0.0,15.0,0.0,0.0,0.0,0.0,0.0,0.0,0.0,0.0,0.0,15
0.0,0.0,2012,0.0,9.0,1.0,0.0,0.0,0.0,0.0,0.0,0.0,0.0,0.0,10
0.0,0.0,2012,0.0,81.0,9.0,0.0,0.0,0.0,0.0,0.0,0.0,1.0,0.0,91
0.0,0.0,2012,0.0,35.0,0.0,0.0,0.0,0.0,0.0,0.0,1.0,0.0,0.0,36
0.0,0.0,2012,0.0,8.0,1.0,0.0,0.0,1.0,0.0,0.0,0.0,0.0,11.0,21
0.0,0.0,2012,0.0,5.0,0.0,0.0,0.0,0.0,0.0,0.0,0.0,0.0,2.0,7
0.0,0.0,2012,0.0,0.0,0.0,0.0,0.0,0.0,0.0,0.0,0.0,0.0,0.0,0
0.0,0.0,2012,0.0,13.0,0.0,0.0,0.0,0.0,0.0,0.0,0.0,0.0,0.0,13
0.0,0.0,2012,0.0,9.0,0.0,0.0,0.0,0.0,0.0,0.0,0.0,0.0,2.0,11
0.0,0.0,2012,0.0,0.0,0.0,0.0,0.0,0.0,0.0,0.0,0.0,0.0,2.0,2
0.0,0.0,2012,1.0,3.0,0.0,0.0,0.0,0.0,0.0,0.0,0.0,0.0,1.0,5
0.0,0.0,2012,1.0,73.0,1.0,0.0,0.0,1.0,0.0,0.0,1.0,0.0,18.0,95
0.0,0.0,2012,1.0,7.0,5.0,0.0,0.0,0.0,0.0,0.0,0.0,0.0,0.0,13
0.0,0.0,2012,0.0,0.0,0.0,0.0,0.0,0.0,0.0,0.0,0.0,0.0,0.0,0
0.0,0.0,2012,0.0,0.0,0.0,0.0,0.0,0.0,0.0,0.0,0.0,0.0,0.0,0
0.0,0.0,2012,0.0,0.0,0.0,0.0,0.0,0.0,0.0,0.0,0.0,0.0,0.0,0
0.0,0.0,2012,0.0,0.0,0.0,0.0,0.0,0.0,0.0,0.0,0.0,0.0,0.0,0
0.0,0.0,2012,0.0,0.0,0.0,0.0,0.0,0.0,0.0,0.0,0.0,0.0,0.0,0
0.0,0.0,2012,0.0,0.0,0.0,0.0,0.0,0.0,0.0,0.0,0.0,0.0,0.0,0
0.0,0.0,2012,0.0,0.0,0.0,0.0,0.0,0.0,0.0,0.0,0.0,0.0,0.0,0
0.0,0.0,2012,0.0,0.0,0.0,0.0,0.0,0.0,0.0,0.0,0.0,0.0,0.0,0
0.0,0.0,2012,0.0,0.0,0.0,0.0,0.0,0.0,0.0,0.0,0.0,0.0,0.0,0
0.0,0.0,2012,0.0,0.0,0.0,0.0,0.0,0.0,0.0,0.0,0.0,0.0,0.0,0
0.0,0.0,2012,1.0,7.0,5.0,0.0,0.0,0.0,0.0,0.0,0.0,0.0,0.0,13
0.0,0.0,2012,1.0,4.0,2.0,0.0,0.0,0.0,0.0,0.0,0.0,0.0,41.0,48
0.0,0.0,2012,6.0,9.0,0.0,0.0,0.0,0.0,0.0,0.0,0.0,1.0,0.0,16
0.0,0.0,2012,0.0,1.0,0.0,0.0,0.0,0.0,0.0,0.0,0.0,0.0,0.0,1
0.0,0.0,2012,0.0,0.0,0.0,0.0,0.0,0.0,0.0,0.0,0.0,0.0,0.0,0
0.0,0.0,2012,0.0,0.0,0.0,0.0,0.0,0.0,0.0,0.0,0.0,0.0,0.0,0
0.0,0.0,2012,0.0,0.0,0.0,0.0,0.0,0.0,0.0,0.0,0.0,0.0,0.0,0
0.0,0.0,2012,0.0,8.0,12.0,0.0,0.0,0.0,0.0,0.0,0.0,0.0,0.0,20
0.0,0.0,2012,0.0,0.0,0.0,0.0,0.0,0.0,0.0,0.0,0.0,0.0,0.0,0
0.0,0.0,2012,0.0,0.0,0.0,0.0,0.0,0.0,0.0,0.0,0.0,0.0,0.0,0
0.0,0.0,2012,0.0,0.0,0.0,0.0,0.0,0.0,0.0,0.0,0.0,0.0,12.0,12
0.0,0.0,2012,0.0,11.0,0.0,0.0,0.0,0.0,0.0,0.0,0.0,0.0,0.0,11
0.0,0.0,2012,0.0,11.0,0.0,0.0,0.0,0.0,0.0,0.0,0.0,0.0,0.0,11
0.0,0.0,2012,0.0,1.0,10.0,0.0,0.0,0.0,0.0,0.0,0.0,0.0,0.0,11
0.0,0.0,2012,0.0,0.0,0.0,0.0,0.0,0.0,0.0,0.0,0.0,0.0,0.0,0
0.0,0.0,2012,0.0,0.0,0.0,0.0,0.0,0.0,0.0,0.0,0.0,0.0,0.0,0
0.0,0.0,2012,0.0,0.0,0.0,0.0,0.0,0.0,0.0,0.0,0.0,0.0,0.0,0
0.0,0.0,2012,0.0,0.0,0.0,0.0,0.0,0.0,0.0,0.0,0.0,0.0,0.0,0
0.0,0.0,2012,1.0,21.0,15.0,0.0,0.0,0.0,0.0,0.0,0.0,0.0,0.0,37
0.0,0.0,2012,1.0,3.0,0.0,0.0,0.0,0.0,0.0,0.0,0.0,0.0,1.0,5
0.0,0.0,2012,2.0,5.0,13.0,0.0,0.0,0.0,0.0,0.0,0.0,0.0,0.0,20
0.0,0.0,2012,4.0,18.0,5.0,0.0,0.0,0.0,0.0,0.0,0.0,0.0,0.0,27
0.0,0.0,2012,0.0,0.0,0.0,0.0,0.0,0.0,0.0,0.0,0.0,0.0,0.0,0
0.0,0.0,2012,0.0,0.0,0.0,0.0,0.0,0.0,0.0,0.0,0.0,0.0,0.0,0
0.0,0.0,2012,2.0,0.0,8.0,0.0,0.0,0.0,0.0,0.0,0.0,0.0,0.0,10
0.0,0.0,2012,2.0,7.0,1.0,0.0,0.0,0.0,0.0,0.0,0.0,0.0,9.0,19
0.0,0.0,2012,0.0,9.0,7.0,0.0,0.0,0.0,0.0,0.0,0.0,0.0,0.0,16
0.0,0.0,2012,0.0,0.0,0.0,0.0,0.0,0.0,0.0,0.0,0.0,0.0,0.0,0
0.0,0.0,2012,0.0,0.0,0.0,0.0,0.0,0.0,0.0,0.0,0.0,0.0,8.0,8
0.0,0.0,2012,0.0,0.0,0.0,0.0,0.0,0.0,0.0,0.0,0.0,0.0,0.0,0
0.0,0.0,2012,0.0,25.0,5.0,0.0,0.0,0.0,5.0,0.0,0.0,0.0,1.0,36
0.0,0.0,2012,1.0,5.0,0.0,0.0,0.0,0.0,0.0,0.0,0.0,0.0,26.0,32
0.0,0.0,2012,2.0,19.0,0.0,0.0,0.0,0.0,0.0,0.0,0.0,0.0,0.0,21
0.0,0.0,2012,1.0,8.0,5.0,0.0,0.0,0.0,0.0,0.0,0.0,0.0,0.0,14
0.0,0.0,2012,1.0,0.0,2.0,0.0,0.0,0.0,0.0,0.0,0.0,0.0,1.0,4
0.0,0.0,2012,0.0,0.0,0.0,0.0,0.0,0.0,0.0,0.0,0.0,0.0,0.0,0
0.0,0.0,2012,1.0,27.0,11.0,0.0,0.0,0.0,0.0,0.0,0.0,0.0,0.0,39
0.0,0.0,2012,25.0,192.0,96.0,0.0,0.0,0.0,5.0,0.0,0.0,1.0,99.0,418
0.0,0.0,2012,1.0,4.0,15.0,0.0,0.0,0.0,0.0,0.0,0.0,0.0,0.0,20
0.0,0.0,2012,1.0,12.0,4.0,0.0,0.0,0.0,0.0,0.0,0.0,0.0,0.0,17
0.0,0.0,2012,0.0,10.0,15.0,2.0,0.0,0.0,0.0,0.0,0.0,0.0,0.0,27
0.0,0.0,2012,2.0,19.0,20.0,7.0,0.0,0.0,0.0,0.0,0.0,0.0,0.0,48
0.0,0.0,2012,4.0,8.0,40.0,2.0,0.0,0.0,0.0,0.0,0.0,0.0,9.0,63
0.0,0.0,2012,1.0,2.0,11.0,0.0,1.0,0.0,0.0,0.0,0.0,0.0,0.0,15
0.0,0.0,2012,7.0,50.0,72.0,0.0,0.0,15.0,0.0,0.0,0.0,0.0,3.0,147
0.0,0.0,2012,1.0,2.0,15.0,0.0,0.0,0.0,0.0,0.0,0.0,0.0,0.0,18
0.0,0.0,2012,0.0,10.0,7.0,0.0,0.0,0.0,0.0,0.0,0.0,0.0,0.0,17
0.0,0.0,2012,1.0,9.0,12.0,0.0,0.0,0.0,0.0,0.0,0.0,0.0,0.0,22
0.0,0.0,2012,0.0,2.0,4.0,0.0,0.0,0.0,0.0,0.0,0.0,0.0,0.0,6
0.0,0.0,2012,3.0,0.0,0.0,0.0,0.0,0.0,0.0,0.0,0.0,0.0,0.0,3
0.0,0.0,2012,1.0,6.0,26.0,0.0,0.0,0.0,0.0,0.0,0.0,0.0,0.0,33
0.0,0.0,2012,1.0,18.0,16.0,0.0,0.0,0.0,0.0,0.0,0.0,0.0,2.0,37
0.0,0.0,2012,2.0,0.0,0.0,0.0,0.0,0.0,0.0,0.0,0.0,0.0,0.0,2
0.0,0.0,2012,1.0,5.0,18.0,0.0,0.0,0.0,0.0,0.0,0.0,0.0,3.0,27
0.0,0.0,2012,1.0,8.0,15.0,0.0,0.0,0.0,0.0,0.0,0.0,0.0,0.0,24
0.0,0.0,2012,0.0,6.0,16.0,0.0,0.0,0.0,0.0,0.0,0.0,0.0,5.0,27
0.0,0.0,2012,0.0,14.0,8.0,0.0,1.0,0.0,0.0,0.0,0.0,0.0,1.0,24
0.0,0.0,2012,1.0,3.0,2.0,2.0,0.0,0.0,0.0,0.0,0.0,0.0,0.0,8
0.0,0.0,2012,4.0,13.0,19.0,0.0,0.0,0.0,0.0,0.0,0.0,0.0,4.0,40
0.0,0.0,2012,0.0,0.0,5.0,0.0,0.0,0.0,0.0,0.0,0.0,0.0,0.0,5
0.0,0.0,2012,2.0,27.0,30.0,9.0,0.0,0.0,0.0,0.0,0.0,0.0,5.0,73
0.0,0.0,2012,0.0,2.0,16.0,0.0,0.0,0.0,0.0,0.0,0.0,0.0,0.0,18
0.0,0.0,2012,8.0,26.0,14.0,0.0,0.0,0.0,0.0,0.0,0.0,0.0,1.0,49
0.0,0.0,2012,2.0,6.0,34.0,0.0,0.0,0.0,0.0,0.0,0.0,0.0,0.0,42
0.0,0.0,2012,0.0,18.0,13.0,0.0,0.0,0.0,0.0,0.0,0.0,0.0,0.0,31
0.0,0.0,2012,4.0,15.0,12.0,3.0,0.0,0.0,0.0,0.0,0.0,0.0,0.0,34
0.0,0.0,2012,48.0,295.0,459.0,25.0,2.0,15.0,0.0,0.0,0.0,0.0,33.0,877
0.0,0.0,2012,4.0,28.0,40.0,1.0,0.0,4.0,0.0,0.0,0.0,0.0,0.0,77
0.0,0.0,2012,8.0,40.0,65.0,0.0,0.0,7.0,0.0,0.0,0.0,0.0,0.0,120
0.0,0.0,2012,0.0,0.0,0.0,1.0,0.0,1.0,0.0,0.0,0.0,0.0,0.0,2
0.0,0.0,2012,1.0,27.0,11.0,0.0,0.0,3.0,0.0,0.0,0.0,0.0,26.0,68
0.0,0.0,2012,0.0,9.0,7.0,0.0,0.0,5.0,0.0,0.0,0.0,0.0,0.0,21
0.0,0.0,2012,8.0,19.0,97.0,0.0,0.0,13.0,0.0,0.0,0.0,0.0,0.0,137
0.0,0.0,2012,3.0,15.0,21.0,2.0,0.0,10.0,0.0,0.0,0.0,0.0,0.0,51
0.0,0.0,2012,0.0,0.0,0.0,0.0,0.0,2.0,0.0,0.0,0.0,0.0,1.0,3
0.0,0.0,2012,0.0,17.0,0.0,0.0,0.0,2.0,0.0,0.0,1.0,0.0,0.0,20
0.0,0.0,2012,0.0,8.0,5.0,1.0,0.0,7.0,0.0,0.0,0.0,2.0,0.0,23
0.0,0.0,2012,1.0,29.0,18.0,3.0,0.0,0.0,0.0,0.0,0.0,1.0,0.0,52
0.0,0.0,2012,1.0,4.0,22.0,0.0,0.0,0.0,0.0,0.0,0.0,1.0,0.0,28
0.0,0.0,2012,2.0,6.0,17.0,0.0,0.0,1.0,0.0,0.0,0.0,0.0,3.0,29
0.0,0.0,2012,3.0,21.0,31.0,1.0,0.0,2.0,0.0,0.0,0.0,0.0,0.0,58
0.0,0.0,2012,0.0,0.0,4.0,0.0,0.0,6.0,0.0,0.0,0.0,0.0,0.0,10
0.0,0.0,2012,0.0,1.0,1.0,0.0,0.0,3.0,0.0,0.0,0.0,0.0,0.0,5
0.0,0.0,2012,0.0,11.0,21.0,2.0,0.0,2.0,4.0,0.0,0.0,0.0,1.0,41
0.0,0.0,2012,2.0,32.0,26.0,3.0,0.0,2.0,0.0,0.0,0.0,0.0,3.0,68
0.0,0.0,2012,1.0,9.0,15.0,1.0,0.0,7.0,0.0,0.0,0.0,0.0,1.0,34
0.0,0.0,2012,3.0,11.0,27.0,2.0,0.0,1.0,0.0,0.0,0.0,0.0,11.0,55
0.0,0.0,2012,0.0,18.0,30.0,1.0,0.0,11.0,0.0,0.0,0.0,0.0,2.0,62
0.0,0.0,2012,2.0,6.0,12.0,0.0,0.0,4.0,0.0,0.0,0.0,0.0,0.0,24
0.0,0.0,2012,0.0,12.0,37.0,12.0,0.0,4.0,0.0,0.0,0.0,0.0,11.0,76
0.0,0.0,2012,1.0,1.0,0.0,1.0,0.0,0.0,0.0,0.0,0.0,0.0,1.0,4
0.0,0.0,2012,0.0,8.0,20.0,0.0,0.0,5.0,0.0,0.0,0.0,1.0,0.0,34
0.0,0.0,2012,0.0,34.0,53.0,0.0,0.0,2.0,0.0,0.0,0.0,0.0,0.0,89
0.0,0.0,2012,0.0,21.0,20.0,2.0,0.0,6.0,0.0,0.0,0.0,0.0,0.0,49
0.0,0.0,2012,1.0,3.0,4.0,0.0,0.0,5.0,0.0,0.0,0.0,0.0,0.0,13
0.0,0.0,2012,1.0,10.0,0.0,0.0,0.0,1.0,12.0,0.0,0.0,0.0,0.0,24
0.0,0.0,2012,0.0,5.0,4.0,0.0,0.0,1.0,0.0,0.0,0.0,0.0,0.0,10
0.0,0.0,2012,0.0,16.0,23.0,0.0,0.0,0.0,0.0,0.0,0.0,0.0,0.0,39
0.0,0.0,2012,0.0,10.0,2.0,1.0,0.0,7.0,4.0,0.0,0.0,0.0,0.0,24
0.0,0.0,2012,1.0,9.0,10.0,1.0,0.0,0.0,0.0,0.0,0.0,0.0,0.0,21
0.0,0.0,2012,1.0,18.0,46.0,0.0,0.0,2.0,0.0,0.0,0.0,1.0,6.0,74
0.0,0.0,2012,0.0,0.0,0.0,0.0,0.0,1.0,0.0,0.0,0.0,2.0,0.0,3
0.0,0.0,2012,0.0,54.0,37.0,0.0,0.0,9.0,0.0,0.0,0.0,1.0,0.0,101
0.0,0.0,2012,0.0,1.0,0.0,0.0,0.0,6.0,0.0,0.0,0.0,0.0,1.0,8
0.0,0.0,2012,3.0,11.0,34.0,1.0,6.0,0.0,0.0,0.0,0.0,0.0,0.0,55
0.0,0.0,2012,7.0,33.0,24.0,0.0,0.0,15.0,0.0,0.0,0.0,0.0,1.0,80
0.0,0.0,2012,1.0,2.0,2.0,0.0,0.0,0.0,0.0,0.0,0.0,0.0,11.0,16
0.0,0.0,2012,0.0,9.0,31.0,1.0,0.0,1.0,0.0,0.0,0.0,1.0,0.0,43
0.0,0.0,2012,0.0,4.0,30.0,0.0,0.0,14.0,0.0,0.0,0.0,0.0,8.0,56
0.0,0.0,2012,55.0,572.0,847.0,37.0,6.0,172.0,20.0,0.0,1.0,10.0,87.0,1807
0.0,0.0,2012,0.0,6.0,3.0,1.0,0.0,0.0,0.0,0.0,0.0,0.0,0.0,10
0.0,0.0,2012,0.0,1.0,0.0,0.0,0.0,0.0,0.0,0.0,0.0,0.0,0.0,1
0.0,0.0,2012,0.0,10.0,2.0,0.0,0.0,0.0,0.0,0.0,0.0,0.0,0.0,12
0.0,0.0,2012,1.0,4.0,1.0,1.0,0.0,0.0,0.0,0.0,0.0,0.0,0.0,7
0.0,0.0,2012,1.0,21.0,6.0,2.0,0.0,0.0,0.0,0.0,0.0,0.0,0.0,30
0.0,0.0,2012,0.0,2.0,3.0,0.0,0.0,0.0,0.0,0.0,0.0,0.0,0.0,5
0.0,0.0,2012,10.0,45.0,51.0,0.0,0.0,0.0,0.0,0.0,0.0,0.0,2.0,108
0.0,0.0,2012,0.0,0.0,1.0,0.0,0.0,0.0,0.0,0.0,0.0,0.0,0.0,1
0.0,0.0,2012,2.0,5.0,10.0,0.0,0.0,0.0,0.0,0.0,0.0,0.0,0.0,17
0.0,0.0,2012,1.0,14.0,8.0,0.0,0.0,0.0,0.0,0.0,0.0,0.0,0.0,23
0.0,0.0,2012,3.0,16.0,0.0,0.0,0.0,0.0,0.0,0.0,0.0,0.0,0.0,19
0.0,0.0,2012,4.0,11.0,70.0,0.0,0.0,0.0,0.0,0.0,0.0,0.0,0.0,85
0.0,0.0,2012,6.0,0.0,0.0,0.0,0.0,0.0,0.0,0.0,0.0,0.0,0.0,6
0.0,0.0,2012,1.0,7.0,17.0,0.0,0.0,0.0,0.0,0.0,0.0,0.0,0.0,25
0.0,0.0,2012,1.0,0.0,0.0,0.0,0.0,0.0,0.0,0.0,0.0,0.0,0.0,1
0.0,0.0,2012,2.0,0.0,19.0,0.0,0.0,0.0,0.0,0.0,0.0,0.0,1.0,22
0.0,0.0,2012,0.0,0.0,0.0,0.0,0.0,0.0,0.0,0.0,0.0,0.0,0.0,0
0.0,0.0,2012,2.0,10.0,35.0,0.0,0.0,0.0,0.0,0.0,0.0,0.0,0.0,47
0.0,0.0,2012,5.0,12.0,0.0,0.0,1.0,0.0,28.0,0.0,0.0,0.0,7.0,53
0.0,0.0,2012,5.0,10.0,22.0,0.0,0.0,0.0,0.0,0.0,0.0,0.0,0.0,37
0.0,0.0,2012,0.0,6.0,0.0,0.0,0.0,0.0,0.0,0.0,0.0,0.0,2.0,8
0.0,0.0,2012,3.0,7.0,28.0,0.0,0.0,0.0,0.0,0.0,0.0,0.0,0.0,38
0.0,0.0,2012,3.0,5.0,6.0,0.0,0.0,0.0,0.0,0.0,0.0,0.0,0.0,14
0.0,0.0,2012,2.0,1.0,0.0,0.0,0.0,0.0,0.0,0.0,0.0,0.0,1.0,4
0.0,0.0,2012,0.0,0.0,0.0,0.0,0.0,0.0,0.0,0.0,0.0,0.0,0.0,0
0.0,0.0,2012,3.0,2.0,0.0,0.0,0.0,0.0,0.0,0.0,0.0,0.0,4.0,9
0.0,0.0,2012,7.0,29.0,49.0,0.0,0.0,0.0,0.0,0.0,0.0,0.0,0.0,85
0.0,0.0,2012,0.0,14.0,12.0,0.0,0.0,0.0,0.0,0.0,0.0,0.0,0.0,26
0.0,0.0,2012,2.0,4.0,18.0,0.0,0.0,0.0,0.0,0.0,0.0,0.0,0.0,24
0.0,0.0,2012,0.0,1.0,0.0,0.0,0.0,0.0,0.0,0.0,0.0,0.0,0.0,1
0.0,0.0,2012,3.0,6.0,13.0,0.0,0.0,0.0,0.0,0.0,0.0,0.0,3.0,25
0.0,0.0,2012,4.0,7.0,12.0,0.0,0.0,1.0,0.0,0.0,0.0,0.0,8.0,32
0.0,0.0,2012,0.0,2.0,0.0,0.0,0.0,0.0,0.0,0.0,0.0,0.0,0.0,2
0.0,0.0,2012,2.0,10.0,10.0,0.0,0.0,0.0,0.0,0.0,0.0,0.0,0.0,22
0.0,0.0,2012,1.0,4.0,0.0,0.0,0.0,0.0,0.0,0.0,0.0,0.0,0.0,5
0.0,0.0,2012,0.0,0.0,0.0,0.0,0.0,0.0,0.0,0.0,0.0,0.0,0.0,0
0.0,0.0,2012,10.0,7.0,26.0,0.0,0.0,0.0,0.0,0.0,0.0,0.0,0.0,43
0.0,0.0,2012,0.0,3.0,15.0,0.0,0.0,0.0,0.0,0.0,0.0,0.0,6.0,24
0.0,0.0,2012,0.0,0.0,1.0,0.0,0.0,0.0,0.0,0.0,0.0,0.0,0.0,1
0.0,0.0,2012,2.0,7.0,20.0,0.0,0.0,0.0,0.0,0.0,0.0,0.0,2.0,31
0.0,0.0,2012,2.0,3.0,8.0,0.0,0.0,0.0,0.0,0.0,0.0,0.0,0.0,13
0.0,0.0,2012,5.0,10.0,45.0,0.0,0.0,3.0,0.0,0.0,0.0,0.0,1.0,64
0.0,0.0,2012,2.0,20.0,66.0,0.0,0.0,0.0,0.0,0.0,0.0,0.0,0.0,88
0.0,0.0,2012,2.0,12.0,11.0,0.0,0.0,0.0,0.0,0.0,0.0,0.0,3.0,28
0.0,0.0,2012,95.0,292.0,576.0,0.0,1.0,4.0,28.0,0.0,0.0,0.0,40.0,1036
0.0,0.0,2012,0.0,1.0,0.0,0.0,0.0,0.0,0.0,0.0,0.0,0.0,1.0,2
0.0,0.0,2012,2.0,3.0,0.0,0.0,0.0,0.0,0.0,0.0,0.0,0.0,0.0,5
0.0,0.0,2012,0.0,0.0,0.0,0.0,0.0,0.0,0.0,0.0,0.0,0.0,0.0,0
0.0,0.0,2012,0.0,0.0,0.0,0.0,0.0,0.0,0.0,0.0,0.0,0.0,0.0,0
0.0,0.0,2012,0.0,0.0,0.0,0.0,0.0,0.0,0.0,0.0,0.0,0.0,0.0,0
0.0,0.0,2012,0.0,2.0,0.0,0.0,0.0,0.0,0.0,0.0,0.0,0.0,0.0,2
0.0,0.0,2012,0.0,1.0,0.0,0.0,0.0,0.0,0.0,0.0,0.0,0.0,0.0,1
0.0,0.0,2012,0.0,2.0,0.0,0.0,0.0,0.0,0.0,0.0,0.0,0.0,0.0,2
0.0,0.0,2012,0.0,8.0,0.0,0.0,0.0,0.0,0.0,0.0,0.0,0.0,0.0,8
0.0,0.0,2012,2.0,17.0,0.0,0.0,0.0,0.0,0.0,0.0,0.0,0.0,1.0,20
0.0,0.0,2012,13.0,29.0,77.0,0.0,1.0,0.0,0.0,0.0,16.0,0.0,8.0,144
0.0,0.0,2012,10.0,32.0,128.0,0.0,0.0,0.0,0.0,0.0,0.0,1.0,0.0,171
0.0,0.0,2012,12.0,23.0,64.0,0.0,8.0,0.0,0.0,0.0,0.0,0.0,0.0,107
0.0,0.0,2012,6.0,0.0,9.0,0.0,0.0,0.0,0.0,0.0,0.0,0.0,2.0,17
0.0,0.0,2012,4.0,9.0,59.0,0.0,0.0,0.0,0.0,0.0,0.0,0.0,0.0,72
0.0,0.0,2012,3.0,8.0,24.0,0.0,0.0,0.0,0.0,0.0,0.0,0.0,0.0,35
0.0,0.0,2012,6.0,13.0,93.0,0.0,0.0,0.0,0.0,0.0,0.0,0.0,2.0,114
0.0,0.0,2012,5.0,6.0,77.0,0.0,0.0,0.0,0.0,0.0,0.0,0.0,0.0,88
0.0,0.0,2012,1.0,13.0,52.0,0.0,0.0,0.0,0.0,0.0,0.0,0.0,0.0,66
0.0,0.0,2012,3.0,11.0,75.0,0.0,0.0,0.0,0.0,0.0,0.0,0.0,1.0,90
0.0,0.0,2012,5.0,11.0,17.0,0.0,0.0,0.0,0.0,0.0,0.0,0.0,0.0,33
0.0,0.0,2012,3.0,15.0,26.0,0.0,0.0,0.0,0.0,0.0,0.0,0.0,12.0,56
0.0,0.0,2012,10.0,20.0,22.0,0.0,0.0,0.0,0.0,0.0,0.0,0.0,1.0,53
0.0,0.0,2012,4.0,55.0,138.0,0.0,0.0,0.0,0.0,0.0,0.0,0.0,0.0,197
0.0,0.0,2012,4.0,7.0,56.0,0.0,0.0,0.0,0.0,0.0,0.0,0.0,0.0,67
0.0,0.0,2012,10.0,15.0,18.0,0.0,0.0,0.0,0.0,0.0,0.0,0.0,2.0,45
0.0,0.0,2012,12.0,19.0,144.0,0.0,0.0,0.0,0.0,0.0,0.0,0.0,7.0,182
0.0,0.0,2012,16.0,13.0,42.0,0.0,0.0,0.0,0.0,0.0,0.0,0.0,3.0,74
0.0,0.0,2012,2.0,9.0,14.0,0.0,0.0,0.0,0.0,0.0,1.0,0.0,2.0,28
0.0,0.0,2012,4.0,16.0,17.0,0.0,0.0,0.0,0.0,0.0,0.0,0.0,1.0,38
0.0,0.0,2012,1.0,18.0,69.0,0.0,0.0,0.0,0.0,0.0,0.0,0.0,0.0,88
0.0,0.0,2012,3.0,18.0,58.0,0.0,0.0,0.0,0.0,0.0,0.0,0.0,0.0,79
0.0,0.0,2012,7.0,10.0,61.0,0.0,0.0,0.0,0.0,0.0,0.0,1.0,4.0,83
0.0,0.0,2012,4.0,4.0,61.0,0.0,0.0,0.0,0.0,0.0,0.0,0.0,0.0,69
0.0,0.0,2012,5.0,24.0,61.0,0.0,0.0,0.0,0.0,0.0,0.0,0.0,0.0,90
0.0,0.0,2012,7.0,8.0,1.0,0.0,0.0,0.0,0.0,0.0,0.0,0.0,0.0,16
0.0,0.0,2012,14.0,21.0,51.0,0.0,0.0,0.0,0.0,0.0,0.0,0.0,24.0,110
0.0,0.0,2012,5.0,12.0,172.0,0.0,0.0,0.0,0.0,0.0,0.0,0.0,0.0,189
0.0,0.0,2012,0.0,2.0,4.0,0.0,0.0,0.0,0.0,0.0,0.0,0.0,0.0,6
0.0,0.0,2012,8.0,8.0,79.0,1.0,0.0,0.0,2.0,0.0,0.0,0.0,14.0,112
0.0,0.0,2012,18.0,16.0,96.0,0.0,0.0,0.0,0.0,0.0,0.0,0.0,9.0,139
0.0,0.0,2012,1.0,8.0,33.0,0.0,0.0,0.0,0.0,0.0,0.0,0.0,1.0,43
0.0,0.0,2012,5.0,16.0,66.0,0.0,0.0,0.0,0.0,0.0,0.0,0.0,4.0,91
0.0,0.0,2012,6.0,38.0,92.0,0.0,1.0,0.0,0.0,0.0,0.0,0.0,2.0,139
0.0,0.0,2012,4.0,15.0,35.0,0.0,0.0,0.0,0.0,0.0,0.0,0.0,2.0,56
0.0,0.0,2012,0.0,11.0,123.0,0.0,0.0,0.0,0.0,0.0,0.0,0.0,0.0,134
0.0,0.0,2012,3.0,7.0,39.0,0.0,1.0,0.0,0.0,0.0,0.0,1.0,0.0,51
0.0,0.0,2012,7.0,12.0,19.0,0.0,0.0,0.0,0.0,0.0,0.0,0.0,1.0,39
0.0,0.0,2012,5.0,6.0,45.0,0.0,0.0,0.0,0.0,0.0,0.0,0.0,2.0,58
0.0,0.0,2012,4.0,11.0,35.0,0.0,2.0,0.0,0.0,0.0,0.0,0.0,0.0,52
0.0,0.0,2012,7.0,15.0,33.0,1.0,0.0,0.0,0.0,0.0,0.0,0.0,0.0,56
0.0,0.0,2012,8.0,5.0,7.0,0.0,0.0,0.0,0.0,0.0,0.0,0.0,0.0,20
0.0,0.0,2012,13.0,26.0,189.0,0.0,0.0,0.0,0.0,0.0,0.0,0.0,5.0,233
0.0,0.0,2012,5.0,7.0,37.0,0.0,0.0,0.0,0.0,0.0,0.0,0.0,0.0,49
0.0,0.0,2012,6.0,5.0,21.0,0.0,0.0,0.0,0.0,0.0,0.0,0.0,0.0,32
0.0,0.0,2012,8.0,26.0,126.0,0.0,0.0,0.0,0.0,0.0,0.0,0.0,2.0,162
0.0,0.0,2012,4.0,18.0,20.0,1.0,2.0,0.0,0.0,0.0,0.0,0.0,0.0,45
0.0,0.0,2012,1.0,6.0,13.0,0.0,0.0,0.0,0.0,0.0,1.0,0.0,1.0,22
0.0,0.0,2012,12.0,35.0,130.0,3.0,4.0,0.0,0.0,0.0,0.0,0.0,24.0,208
0.0,0.0,2012,0.0,18.0,88.0,0.0,0.0,1.0,0.0,0.0,0.0,0.0,0.0,107
0.0,0.0,2012,3.0,13.0,12.0,0.0,6.0,0.0,0.0,0.0,0.0,0.0,0.0,34
0.0,0.0,2012,5.0,11.0,91.0,0.0,9.0,0.0,0.0,0.0,0.0,0.0,2.0,118
0.0,0.0,2012,5.0,11.0,53.0,2.0,9.0,0.0,0.0,0.0,0.0,0.0,0.0,80
0.0,0.0,2012,1.0,6.0,16.0,0.0,0.0,0.0,0.0,0.0,0.0,0.0,2.0,25
0.0,0.0,2012,36.0,23.0,85.0,0.0,0.0,1.0,0.0,0.0,0.0,0.0,0.0,145
0.0,0.0,2012,1.0,3.0,6.0,0.0,0.0,0.0,0.0,0.0,0.0,0.0,0.0,10
0.0,0.0,2012,14.0,12.0,114.0,0.0,0.0,0.0,0.0,0.0,0.0,0.0,1.0,141
0.0,0.0,2012,9.0,13.0,78.0,1.0,0.0,0.0,0.0,0.0,0.0,0.0,2.0,103
0.0,0.0,2012,7.0,7.0,14.0,0.0,0.0,0.0,0.0,0.0,0.0,0.0,1.0,29
0.0,0.0,2012,7.0,1.0,27.0,0.0,0.0,0.0,0.0,0.0,0.0,0.0,1.0,36
0.0,0.0,2012,5.0,3.0,32.0,0.0,0.0,0.0,0.0,0.0,0.0,0.0,1.0,41
0.0,0.0,2012,9.0,25.0,53.0,0.0,0.0,0.0,0.0,0.0,0.0,0.0,9.0,96
0.0,0.0,2012,4.0,17.0,0.0,0.0,0.0,0.0,0.0,0.0,0.0,0.0,0.0,21
0.0,0.0,2012,3.0,9.0,59.0,0.0,0.0,0.0,0.0,0.0,0.0,0.0,1.0,72
0.0,0.0,2012,0.0,11.0,43.0,0.0,4.0,0.0,0.0,0.0,0.0,0.0,3.0,61
0.0,0.0,2012,9.0,13.0,14.0,2.0,0.0,0.0,0.0,0.0,0.0,0.0,4.0,42
0.0,0.0,2012,5.0,11.0,2.0,0.0,0.0,0.0,0.0,0.0,0.0,0.0,0.0,18
0.0,0.0,2012,19.0,8.0,27.0,0.0,0.0,0.0,0.0,0.0,0.0,1.0,17.0,72
0.0,0.0,2012,1.0,7.0,29.0,0.0,0.0,0.0,0.0,0.0,0.0,0.0,4.0,41
0.0,0.0,2012,4.0,8.0,11.0,0.0,0.0,0.0,0.0,0.0,0.0,0.0,1.0,24
0.0,0.0,2012,1.0,25.0,214.0,0.0,3.0,0.0,0.0,0.0,0.0,1.0,2.0,246
0.0,0.0,2012,1.0,10.0,22.0,0.0,0.0,0.0,0.0,0.0,0.0,0.0,3.0,36
0.0,0.0,2012,0.0,1.0,6.0,0.0,0.0,0.0,0.0,0.0,0.0,0.0,0.0,7
0.0,0.0,2012,4.0,7.0,62.0,0.0,1.0,0.0,0.0,0.0,0.0,0.0,1.0,75
0.0,0.0,2012,4.0,27.0,78.0,0.0,6.0,0.0,0.0,0.0,0.0,0.0,3.0,118
0.0,0.0,2012,2.0,8.0,75.0,0.0,0.0,0.0,0.0,0.0,0.0,0.0,2.0,87
0.0,0.0,2012,463.0,1040.0,4239.0,11.0,57.0,2.0,2.0,0.0,18.0,5.0,196.0,6033
0.0,0.0,2012,0.0,0.0,0.0,0.0,0.0,0.0,0.0,0.0,0.0,0.0,0.0,0
0.0,0.0,2012,1.0,3.0,0.0,0.0,0.0,0.0,0.0,0.0,0.0,0.0,0.0,4
0.0,0.0,2012,1.0,2.0,2.0,0.0,0.0,0.0,0.0,0.0,0.0,0.0,0.0,5
0.0,0.0,2012,0.0,3.0,0.0,0.0,0.0,0.0,0.0,0.0,0.0,0.0,0.0,3
0.0,0.0,2012,3.0,16.0,25.0,0.0,0.0,0.0,7.0,0.0,0.0,0.0,6.0,57
0.0,0.0,2012,3.0,5.0,16.0,0.0,0.0,0.0,0.0,0.0,0.0,0.0,0.0,24
0.0,0.0,2012,2.0,0.0,0.0,0.0,0.0,0.0,0.0,0.0,0.0,0.0,6.0,8
0.0,0.0,2012,0.0,0.0,1.0,0.0,0.0,0.0,0.0,0.0,0.0,0.0,0.0,1
0.0,0.0,2012,0.0,0.0,0.0,0.0,0.0,0.0,0.0,0.0,0.0,0.0,0.0,0
0.0,0.0,2012,0.0,0.0,0.0,0.0,0.0,0.0,0.0,0.0,0.0,0.0,1.0,1
0.0,0.0,2012,0.0,0.0,0.0,0.0,0.0,0.0,0.0,0.0,0.0,0.0,0.0,0
0.0,0.0,2012,1.0,4.0,6.0,0.0,0.0,0.0,0.0,0.0,0.0,0.0,4.0,15
0.0,0.0,2012,0.0,1.0,3.0,0.0,0.0,0.0,0.0,0.0,0.0,0.0,0.0,4
0.0,0.0,2012,11.0,34.0,53.0,0.0,0.0,0.0,7.0,0.0,0.0,0.0,17.0,122
0.0,0.0,2012,5.0,70.0,186.0,0.0,0.0,0.0,86.0,0.0,25.0,3.0,0.0,375
0.0,0.0,2012,0.0,7.0,0.0,0.0,4.0,4.0,0.0,0.0,1.0,1.0,2.0,19
0.0,0.0,2012,0.0,8.0,0.0,0.0,0.0,0.0,0.0,0.0,0.0,0.0,0.0,8
0.0,0.0,2012,0.0,2.0,2.0,0.0,0.0,0.0,0.0,0.0,0.0,2.0,0.0,6
0.0,0.0,2012,0.0,0.0,0.0,0.0,0.0,0.0,0.0,0.0,0.0,0.0,0.0,0
0.0,0.0,2012,6.0,25.0,55.0,0.0,1.0,0.0,0.0,0.0,0.0,0.0,0.0,87
0.0,0.0,2012,2.0,0.0,9.0,0.0,0.0,0.0,8.0,0.0,3.0,0.0,0.0,22
0.0,0.0,2012,0.0,0.0,0.0,0.0,0.0,0.0,0.0,0.0,0.0,2.0,0.0,2
0.0,0.0,2012,0.0,0.0,0.0,0.0,0.0,0.0,0.0,0.0,0.0,2.0,0.0,2
0.0,0.0,2012,4.0,22.0,39.0,0.0,0.0,0.0,40.0,0.0,0.0,3.0,20.0,128
0.0,0.0,2012,0.0,0.0,0.0,0.0,0.0,0.0,0.0,0.0,0.0,1.0,0.0,1
0.0,0.0,2012,2.0,5.0,1.0,0.0,0.0,0.0,0.0,0.0,0.0,3.0,0.0,11
0.0,0.0,2012,0.0,0.0,0.0,0.0,0.0,0.0,0.0,0.0,0.0,0.0,0.0,0
0.0,0.0,2012,1.0,8.0,81.0,0.0,0.0,0.0,0.0,0.0,0.0,1.0,0.0,91
0.0,0.0,2012,0.0,0.0,0.0,0.0,0.0,0.0,0.0,0.0,0.0,0.0,0.0,0
0.0,0.0,2012,5.0,1.0,0.0,0.0,0.0,0.0,95.0,0.0,0.0,1.0,20.0,122
0.0,0.0,2012,0.0,0.0,6.0,0.0,0.0,0.0,0.0,0.0,0.0,0.0,0.0,6
0.0,0.0,2012,0.0,0.0,0.0,0.0,0.0,0.0,0.0,0.0,0.0,0.0,0.0,0
0.0,0.0,2012,2.0,34.0,139.0,0.0,2.0,0.0,18.0,3.0,10.0,0.0,21.0,229
0.0,0.0,2012,0.0,0.0,0.0,0.0,0.0,0.0,0.0,0.0,0.0,7.0,24.0,31
0.0,0.0,2012,8.0,85.0,209.0,0.0,0.0,0.0,80.0,0.0,9.0,7.0,4.0,402
0.0,0.0,2012,0.0,0.0,0.0,0.0,0.0,0.0,0.0,0.0,0.0,0.0,0.0,0
0.0,0.0,2012,0.0,0.0,0.0,0.0,0.0,3.0,6.0,0.0,0.0,2.0,6.0,17
0.0,0.0,2012,0.0,0.0,0.0,0.0,0.0,0.0,0.0,0.0,0.0,1.0,0.0,1
0.0,0.0,2012,0.0,0.0,0.0,0.0,0.0,0.0,0.0,0.0,0.0,0.0,0.0,0
0.0,0.0,2012,0.0,0.0,0.0,0.0,0.0,0.0,0.0,0.0,0.0,0.0,0.0,0
0.0,0.0,2012,0.0,0.0,0.0,0.0,0.0,0.0,0.0,0.0,0.0,0.0,0.0,0
0.0,0.0,2012,5.0,0.0,14.0,0.0,0.0,0.0,0.0,0.0,0.0,0.0,25.0,44
0.0,0.0,2012,6.0,18.0,26.0,0.0,0.0,1.0,36.0,0.0,8.0,7.0,0.0,102
0.0,0.0,2012,46.0,285.0,767.0,0.0,7.0,8.0,369.0,3.0,56.0,43.0,122.0,1706
0.0,0.0,2012,0.0,0.0,1.0,0.0,0.0,0.0,0.0,0.0,0.0,0.0,1.0,2
0.0,0.0,2012,1.0,4.0,0.0,0.0,0.0,0.0,0.0,0.0,0.0,0.0,2.0,7
0.0,0.0,2012,0.0,6.0,7.0,1.0,0.0,0.0,0.0,0.0,0.0,0.0,5.0,19
0.0,0.0,2012,1.0,10.0,8.0,1.0,0.0,0.0,0.0,0.0,0.0,0.0,8.0,28
0.0,0.0,2012,1.0,17.0,59.0,0.0,0.0,10.0,0.0,0.0,0.0,0.0,9.0,96
0.0,0.0,2012,1.0,17.0,59.0,0.0,0.0,10.0,0.0,0.0,0.0,0.0,9.0,96
0.0,0.0,2012,1.0,1.0,6.0,0.0,0.0,0.0,0.0,0.0,0.0,0.0,0.0,8
0.0,0.0,2012,1.0,1.0,6.0,0.0,0.0,0.0,0.0,0.0,0.0,0.0,0.0,8
0.0,0.0,2012,0.0,4.0,2.0,0.0,0.0,0.0,0.0,0.0,0.0,0.0,1.0,7
0.0,0.0,2012,0.0,0.0,0.0,0.0,0.0,0.0,0.0,0.0,0.0,0.0,1.0,1
0.0,0.0,2012,0.0,4.0,2.0,0.0,0.0,0.0,0.0,0.0,0.0,0.0,2.0,8
0.0,0.0,2012,0.0,0.0,0.0,0.0,0.0,0.0,0.0,0.0,0.0,0.0,0.0,0
0.0,0.0,2012,0.0,15.0,167.0,0.0,0.0,5.0,0.0,0.0,0.0,0.0,29.0,216
0.0,0.0,2012,0.0,0.0,0.0,0.0,0.0,0.0,0.0,0.0,0.0,0.0,0.0,0
0.0,0.0,2012,4.0,40.0,467.0,0.0,0.0,17.0,3.0,1.0,1.0,0.0,1.0,534
0.0,0.0,2012,0.0,0.0,0.0,0.0,0.0,0.0,0.0,0.0,0.0,0.0,0.0,0
0.0,0.0,2012,3.0,4.0,25.0,0.0,0.0,11.0,0.0,0.0,0.0,0.0,2.0,45
0.0,0.0,2012,0.0,0.0,0.0,0.0,0.0,0.0,0.0,0.0,0.0,0.0,0.0,0
0.0,0.0,2012,1.0,0.0,22.0,0.0,0.0,3.0,0.0,0.0,0.0,0.0,9.0,35
0.0,0.0,2012,2.0,7.0,146.0,0.0,0.0,5.0,0.0,0.0,0.0,1.0,12.0,173
0.0,0.0,2012,5.0,54.0,484.0,1.0,0.0,4.0,0.0,0.0,3.0,0.0,7.0,558
0.0,0.0,2012,8.0,42.0,339.0,0.0,0.0,2.0,0.0,0.0,0.0,0.0,14.0,405
0.0,0.0,2012,5.0,42.0,538.0,0.0,0.0,3.0,0.0,0.0,0.0,0.0,13.0,601
0.0,0.0,2012,2.0,42.0,221.0,0.0,0.0,5.0,0.0,0.0,0.0,0.0,20.0,290
0.0,0.0,2012,5.0,67.0,490.0,1.0,0.0,4.0,0.0,0.0,0.0,0.0,46.0,613
0.0,0.0,2012,3.0,56.0,360.0,0.0,0.0,3.0,0.0,0.0,0.0,0.0,28.0,450
0.0,0.0,2012,0.0,0.0,0.0,0.0,0.0,0.0,0.0,0.0,0.0,0.0,0.0,0
0.0,0.0,2012,3.0,46.0,427.0,0.0,0.0,6.0,0.0,0.0,0.0,0.0,60.0,542
0.0,0.0,2012,41.0,415.0,3686.0,2.0,0.0,68.0,3.0,1.0,4.0,1.0,241.0,4462
0.0,0.0,2012,0.0,0.0,0.0,0.0,0.0,0.0,0.0,0.0,0.0,0.0,0.0,0
0.0,0.0,2012,0.0,0.0,0.0,0.0,0.0,0.0,0.0,0.0,0.0,0.0,0.0,0
0.0,0.0,2012,0.0,3.0,2.0,0.0,0.0,1.0,0.0,0.0,0.0,0.0,1.0,7
0.0,0.0,2012,0.0,4.0,16.0,0.0,0.0,2.0,0.0,0.0,0.0,1.0,2.0,25
0.0,0.0,2012,0.0,7.0,18.0,0.0,0.0,3.0,0.0,0.0,0.0,1.0,3.0,32
