STATE_UT,DISTRICT,YEAR,MURDER,ATTEMPT_TO_MURDER,CULPABLE_HOMICIDE_NOT_AMOUNTING_TO_MURDER,RAPE,CUSTODIAL_RAPE,OTHER_RAPE,KIDNAPPING_ABDUCTION,KIDNAPPING_AND_ABDUCTION_OF_WOMEN_AND_GIRLS,KIDNAPPING_AND_ABDUCTION_OF_OTHERS,DACOITY,PREPARATION_AND_ASSEMBLY_FOR_DACOITY,ROBBERY,BURGLARY,THEFT,AUTO_THEFT,OTHER_THEFT,RIOTS,CRIMINAL_BREACH_OF_TRUST,CHEATING,COUNTERFIETING,ARSON,HURT_GREVIOUS_HURT,DOWRY_DEATHS,ASSAULT_ON_WOMEN_WITH_INTENT_TO_OUTRAGE_HER_MODESTY,INSULT_TO_MODESTY_OF_WOMEN,CRUELTY_BY_HUSBAND_OR_HIS_RELATIVES,IMPORTATION_OF_GIRLS_FROM_FOREIGN_COUNTRIES,CAUSING_DEATH_BY_NEGLIGENCE,OTHER_IPC_CRIMES,TOTAL_IPC_CRIMES,STATES_UTS,ATTEMPT_TO_COMMIT_MURDER,ATTEMPT_TO_COMMIT_CULPABLE_HOMICIDE,CUSTODIAL_GANG_RAPE,CUSTODIAL_OTHER_RAPE,RAPE_OTHER_THAN_CUSTODIAL,RAPE_GANG_RAPE,RAPE_OTHERS,ATTEMPT_TO_COMMIT_RAPE,KIDNAPPING_ABDUCTION_TOTAL,KIDNAPPING_ABDUCTION_IN_ORDER_TO_MURDER,KIDNAPPING_FOR_RANSOM,KIDNAPPING_ABDUCTION_OF_WOMEN_TO_COMPEL_HER_FOR_MARRIAGE,OTHER_KIDNAPPING,DACOITY_WITH_MURDER,OTHER_DACOITY,MAKING_PREPARATION_AND_ASSEMBLY_FOR_COMMITTING_DACOITY,CRIMINAL_TRESPASS_BURGLARY,CRIMINAL_TRESPASS_OR_BURGLARY,HOUSE_TRESPASS_HOUSE_BREAKING,OTHER_THEFTS,UNLAWFUL_ASSEMBLY,RIOTS_COMMUNAL,RIOTS_INDUSTRIAL,RIOTS_POLITICAL,RIOTS_CASTE_CONFLICT,RIOTS_SC_STS_VS_NON_SCS_STS,RIOTS_OTHER_CASTE_CONFLICT,RIOTS_AGRARIAN,RIOTS_STUDENTS,RIOTS_SECTARIAN,RIOTS_OTHERS,FORGERY,COUNTERFEITING,COUNTERFEIT_OFFENCES_RELATED_TO_COUNTERFEIT_COIN,COUNTERFEITING_GOVERNMENT_STAMP,COUNTERFEIT_CURRENCY_BANK_NOTES,COUNTERFEITING_CURRENCY_NOTES_BANK_NOTES,USING_FORGED_OR_COUNTERFEITING_CURRENCY_BANK_NOTES,POSSESSION_OF_FORGED_OR_COUNTERFEITING_CURRENCY_BANK_NOTES,MAKING_OR_POSSESSING_MATERIALS_FOR_FORGED_CURRENCY_BANK_NOTES,MAKING_OR_USING_DOCUMENTS_RESEMBLING_CURRENCY,GRIEVOUS_HURT,HURT,ACID_ATTACK,ATTEMPT_TO_ACID_ATTACK,SEXUAL_HARASSMENT,ASSAULT_OR_USE_OF_CRIMINAL_FORCE_TO_WOMEN_WITH_INTENT_TO_DISROBE,VOYEURISM,STALKING,OTHER_ASSAULT_ON_WOMEN,INSULT_TO_THE_MODESTY_OF_WOMEN,AT_OFFICE_PREMISES,OTHER_PLACES_RELATED_TO_WORK,IN_PUBLIC_TRANSPORT_SYSTEM,"PLACES_OTHER_THAN_231,_232_233",IMPORTATION_OF_GIRLS_FROM_FOREIGN_COUNTRY,DEATHS_DUE_TO_NEGLIGENT_DRIVING_ACT,DEATHS_DUE_TO_OTHER_CAUSES,OFFENCES_AGAINST_STATE,SEDITION,OTHER_OFFENCES_AGAINST_STATE,OFFENCES_PROMOTING_ENMITY_BETWEEN_DIFFERENT_GROUPS,PROMOTING_ENMITY_BETWEEN_DIFFERENT_GROUPS,"IMPUTATION,_ASSERTIONS_PREJUDICIAL_TO_NATIONAL_INTEGRATION",EXTORTION,DISCLOSURE_OF_IDENTITY_OF_VICTIMS,INCIDENCE_OF_RASH_DRIVING,HUMANTRAFFICKING,UNNATURAL_OFFENCE,TOTAL_COGNIZABLE_IPC_CRIMES,TOTAL_CRIMES,CRIME_YOY_CHANGE,CRIME_3YR_AVG,RISK_LABEL,RISK_CODE,DISTRICT_ENCODED,LAT,LON,VIOLENT_CRIME_INDEX,WOMEN_CRIME_INDEX,PROPERTY_CRIME_INDEX,IS_SPIKE,DISTRICT_NORM,DISTRICT_CENSUS,POPULATION,POP_MALE,POP_FEMALE,POP_URBAN,POP_RURAL,POP_SC,POP_ST,LITERATE,WORKERS_TOTAL,LITERACY_RATE,SEX_RATIO,URBANIZATION_RATE,SC_PERCENTAGE,ST_PERCENTAGE,WORKER_PARTICIPATION,VULNERABILITY_INDEX,MURDER_PER_LAKH,RAPE_PER_LAKH,KIDNAPPING_ABDUCTION_PER_LAKH,TOTAL_CRIMES_PER_LAKH,THEFT_PER_LAKH,BURGLARY_PER_LAKH,DOWRY_DEATHS_PER_LAKH,VIOLENT_CRIME_INDEX_PER_LAKH,WOMEN_CRIME_INDEX_PER_LAKH,PROPERTY_CRIME_INDEX_PER_LAKH
KARNATAKA,BAGALKOT,2001,59,34.0,10,2,0,2.0,17,7.0,10.0,2,0.0,3,47.0,105,27,78.0,218,6,18,2.0,12,315.0,1,39,0.0,50,0.0,0,770,1710.0,,0.0,0.0,0.0,0.0,0.0,0.0,0.0,0.0,0.0,0.0,0.0,0.0,0.0,0.0,0.0,0.0,0.0,0.0,0.0,0.0,0.0,0.0,0.0,0.0,0.0,0.0,0.0,0.0,0.0,0.0,0.0,0.0,0.0,0.0,0.0,0.0,0.0,0.0,0.0,0.0,0.0,0.0,0.0,0.0,0.0,0.0,0.0,0.0,0.0,0.0,0.0,0.0,0.0,0.0,0.0,0.0,0.0,0.0,,0.0,,0.0,0.0,0.0,0.0,0.0,0.0,0.0,0.0,0.0,3544.0,0.0,3544.0,LOW,0,0,16.1691,75.6966,83,92,203.0,0,BAGALKOT,BAGALKOT,1889752.0,950111.0,939641.0,0.0,0.0,319149.0,97203.0,1113412.0,818081.0,58.92,989.0,0.0,16.89,5.14,43.29,53.04,3.12,0.11,0.9,187.54,5.56,2.49,0.05,4.39,4.87,10.74
KARNATAKA,BAGALKOT,2002,51,38.0,2,4,0,4.0,17,7.0,10.0,2,0.0,1,74.0,147,35,112.0,209,11,28,1.0,6,363.0,2,53,1.0,63,0.0,0,842,1915.0,,0.0,0.0,0.0,0.0,0.0,0.0,0.0,0.0,0.0,0.0,0.0,0.0,0.0,0.0,0.0,0.0,0.0,0.0,0.0,0.0,0.0,0.0,0.0,0.0,0.0,0.0,0.0,0.0,0.0,0.0,0.0,0.0,0.0,0.0,0.0,0.0,0.0,0.0,0.0,0.0,0.0,0.0,0.0,0.0,0.0,0.0,0.0,0.0,0.0,0.0,0.0,0.0,0.0,0.0,0.0,0.0,0.0,0.0,,0.0,,0.0,0.0,0.0,0.0,0.0,0.0,0.0,0.0,0.0,3998.0,12.81,3771.0,LOW,0,0,16.1691,75.6966,75,122,295.0,0,BAGALKOT,BAGALKOT,1889752.0,950111.0,939641.0,0.0,0.0,319149.0,97203.0,1113412.0,818081.0,58.92,989.0,0.0,16.89,5.14,43.29,53.04,2.7,0.21,0.9,211.56,7.78,3.92,0.11,3.97,6.46,15.61
KARNATAKA,BAGALKOT,2003,50,28.0,6,12,0,12.0,16,11.0,5.0,1,0.0,7,84.0,112,39,73.0,180,4,20,2.0,17,342.0,2,44,0.0,45,0.0,0,979,1951.0,,0.0,0.0,0.0,0.0,0.0,0.0,0.0,0.0,0.0,0.0,0.0,0.0,0.0,0.0,0.0,0.0,0.0,0.0,0.0,0.0,0.0,0.0,0.0,0.0,0.0,0.0,0.0,0.0,0.0,0.0,0.0,0.0,0.0,0.0,0.0,0.0,0.0,0.0,0.0,0.0,0.0,0.0,0.0,0.0,0.0,0.0,0.0,0.0,0.0,0.0,0.0,0.0,0.0,0.0,0.0,0.0,0.0,0.0,,0.0,,0.0,0.0,0.0,0.0,0.0,0.0,0.0,0.0,0.0,4042.0,1.1,3861.3,LOW,0,0,16.1691,75.6966,86,103,259.0,0,BAGALKOT,BAGALKOT,1889752.0,950111.0,939641.0,0.0,0.0,319149.0,97203.0,1113412.0,818081.0,58.92,989.0,0.0,16.89,5.14,43.29,53.04,2.65,0.64,0.85,213.89,5.93,4.45,0.11,4.55,5.45,13.71
KARNATAKA,BAGALKOT,2004,38,39.0,1,3,0,3.0,24,14.0,10.0,7,12.0,11,89.0,134,37,97.0,189,12,23,0.0,15,336.0,2,40,0.0,54,0.0,0,1009,2038.0,,0.0,0.0,0.0,0.0,0.0,0.0,0.0,0.0,0.0,0.0,0.0,0.0,0.0,0.0,0.0,0.0,0.0,0.0,0.0,0.0,0.0,0.0,0.0,0.0,0.0,0.0,0.0,0.0,0.0,0.0,0.0,0.0,0.0,0.0,0.0,0.0,0.0,0.0,0.0,0.0,0.0,0.0,0.0,0.0,0.0,0.0,0.0,0.0,0.0,0.0,0.0,0.0,0.0,0.0,0.0,0.0,0.0,0.0,,0.0,,0.0,0.0,0.0,0.0,0.0,0.0,0.0,0.0,0.0,4237.0,4.82,4092.3,LOW,0,0,16.1691,75.6966,83,99,295.0,0,BAGALKOT,BAGALKOT,1889752.0,950111.0,939641.0,0.0,0.0,319149.0,97203.0,1113412.0,818081.0,58.92,989.0,0.0,16.89,5.14,43.29,53.04,2.01,0.16,1.27,224.21,7.09,4.71,0.11,4.39,5.24,15.61
KARNATAKA,BAGALKOT,2005,43,28.0,2,4,0,4.0,15,4.0,11.0,17,9.0,9,97.0,128,47,81.0,204,6,34,1.0,9,324.0,1,43,4.0,68,0.0,0,1037,2083.0,,0.0,0.0,0.0,0.0,0.0,0.0,0.0,0.0,0.0,0.0,0.0,0.0,0.0,0.0,0.0,0.0,0.0,0.0,0.0,0.0,0.0,0.0,0.0,0.0,0.0,0.0,0.0,0.0,0.0,0.0,0.0,0.0,0.0,0.0,0.0,0.0,0.0,0.0,0.0,0.0,0.0,0.0,0.0,0.0,0.0,0.0,0.0,0.0,0.0,0.0,0.0,0.0,0.0,0.0,0.0,0.0,0.0,0.0,,0.0,,0.0,0.0,0.0,0.0,0.0,0.0,0.0,0.0,0.0,4313.0,1.79,4197.3,LOW,0,0,16.1691,75.6966,88,116,312.0,0,BAGALKOT,BAGALKOT,1889752.0,950111.0,939641.0,0.0,0.0,319149.0,97203.0,1113412.0,818081.0,58.92,989.0,0.0,16.89,5.14,43.29,53.04,2.28,0.21,0.79,228.23,6.77,5.13,0.05,4.66,6.14,16.51
KARNATAKA,BAGALKOT,2006,35,25.0,1,12,0,12.0,20,13.0,7.0,5,6.0,20,85.0,128,32,96.0,147,11,37,3.0,7,276.0,3,45,1.0,59,0.0,0,1136,2062.0,,0.0,0.0,0.0,0.0,0.0,0.0,0.0,0.0,0.0,0.0,0.0,0.0,0.0,0.0,0.0,0.0,0.0,0.0,0.0,0.0,0.0,0.0,0.0,0.0,0.0,0.0,0.0,0.0,0.0,0.0,0.0,0.0,0.0,0.0,0.0,0.0,0.0,0.0,0.0,0.0,0.0,0.0,0.0,0.0,0.0,0.0,0.0,0.0,0.0,0.0,0.0,0.0,0.0,0.0,0.0,0.0,0.0,0.0,,0.0,,0.0,0.0,0.0,0.0,0.0,0.0,0.0,0.0,0.0,4284.0,-0.67,4278.0,LOW,0,0,16.1691,75.6966,92,119,293.0,0,BAGALKOT,BAGALKOT,1889752.0,950111.0,939641.0,0.0,0.0,319149.0,97203.0,1113412.0,818081.0,58.92,989.0,0.0,16.89,5.14,43.29,53.04,1.85,0.64,1.06,226.7,6.77,4.5,0.16,4.87,6.3,15.5
KARNATAKA,BAGALKOT,2007,38,24.0,3,4,0,4.0,27,17.0,10.0,8,3.0,11,60.0,125,41,84.0,123,4,44,5.0,15,245.0,2,51,3.0,70,0.0,0,1179,2044.0,,0.0,0.0,0.0,0.0,0.0,0.0,0.0,0.0,0.0,0.0,0.0,0.0,0.0,0.0,0.0,0.0,0.0,0.0,0.0,0.0,0.0,0.0,0.0,0.0,0.0,0.0,0.0,0.0,0.0,0.0,0.0,0.0,0.0,0.0,0.0,0.0,0.0,0.0,0.0,0.0,0.0,0.0,0.0,0.0,0.0,0.0,0.0,0.0,0.0,0.0,0.0,0.0,0.0,0.0,0.0,0.0,0.0,0.0,,0.0,,0.0,0.0,0.0,0.0,0.0,0.0,0.0,0.0,0.0,4244.0,-0.93,4280.3,LOW,0,0,16.1691,75.6966,88,127,274.0,0,BAGALKOT,BAGALKOT,1889752.0,950111.0,939641.0,0.0,0.0,319149.0,97203.0,1113412.0,818081.0,58.92,989.0,0.0,16.89,5.14,43.29,53.04,2.01,0.21,1.43,224.58,6.61,3.18,0.11,4.66,6.72,14.5
KARNATAKA,BAGALKOT,2008,43,26.0,0,2,0,2.0,22,15.0,7.0,1,1.0,8,68.0,128,52,76.0,175,9,45,3.0,3,222.0,6,62,2.0,56,0.0,0,1166,2048.0,,0.0,0.0,0.0,0.0,0.0,0.0,0.0,0.0,0.0,0.0,0.0,0.0,0.0,0.0,0.0,0.0,0.0,0.0,0.0,0.0,0.0,0.0,0.0,0.0,0.0,0.0,0.0,0.0,0.0,0.0,0.0,0.0,0.0,0.0,0.0,0.0,0.0,0.0,0.0,0.0,0.0,0.0,0.0,0.0,0.0,0.0,0.0,0.0,0.0,0.0,0.0,0.0,0.0,0.0,0.0,0.0,0.0,0.0,,0.0,,0.0,0.0,0.0,0.0,0.0,0.0,0.0,0.0,0.0,4248.0,0.09,4258.7,LOW,0,0,16.1691,75.6966,76,126,302.0,0,BAGALKOT,BAGALKOT,1889752.0,950111.0,939641.0,0.0,0.0,319149.0,97203.0,1113412.0,818081.0,58.92,989.0,0.0,16.89,5.14,43.29,53.04,2.28,0.11,1.16,224.79,6.77,3.6,0.32,4.02,6.67,15.98
KARNATAKA,BAGALKOT,2009,41,35.0,2,8,0,8.0,18,9.0,9.0,0,0.0,9,94.0,134,62,72.0,144,7,58,6.0,6,252.0,7,59,0.0,58,0.0,0,1192,2130.0,,0.0,0.0,0.0,0.0,0.0,0.0,0.0,0.0,0.0,0.0,0.0,0.0,0.0,0.0,0.0,0.0,0.0,0.0,0.0,0.0,0.0,0.0,0.0,0.0,0.0,0.0,0.0,0.0,0.0,0.0,0.0,0.0,0.0,0.0,0.0,0.0,0.0,0.0,0.0,0.0,0.0,0.0,0.0,0.0,0.0,0.0,0.0,0.0,0.0,0.0,0.0,0.0,0.0,0.0,0.0,0.0,0.0,0.0,,0.0,,0.0,0.0,0.0,0.0,0.0,0.0,0.0,0.0,0.0,4420.0,4.05,4304.0,LOW,0,0,16.1691,75.6966,76,132,355.0,0,BAGALKOT,BAGALKOT,1889752.0,950111.0,939641.0,0.0,0.0,319149.0,97203.0,1113412.0,818081.0,58.92,989.0,0.0,16.89,5.14,43.29,53.04,2.17,0.42,0.95,233.89,7.09,4.97,0.37,4.02,6.99,18.79
KARNATAKA,BAGALKOT,2010,51,28.0,0,9,0,9.0,11,6.0,5.0,0,0.0,24,92.0,149,71,78.0,164,8,46,1.0,4,244.0,5,67,0.0,59,0.0,0,1227,2189.0,,0.0,0.0,0.0,0.0,0.0,0.0,0.0,0.0,0.0,0.0,0.0,0.0,0.0,0.0,0.0,0.0,0.0,0.0,0.0,0.0,0.0,0.0,0.0,0.0,0.0,0.0,0.0,0.0,0.0,0.0,0.0,0.0,0.0,0.0,0.0,0.0,0.0,0.0,0.0,0.0,0.0,0.0,0.0,0.0,0.0,0.0,0.0,0.0,0.0,0.0,0.0,0.0,0.0,0.0,0.0,0.0,0.0,0.0,,0.0,,0.0,0.0,0.0,0.0,0.0,0.0,0.0,0.0,0.0,4547.0,2.87,4405.0,LOW,0,0,16.1691,75.6966,95,140,366.0,0,BAGALKOT,BAGALKOT,1889752.0,950111.0,939641.0,0.0,0.0,319149.0,97203.0,1113412.0,818081.0,58.92,989.0,0.0,16.89,5.14,43.29,53.04,2.7,0.48,0.58,240.61,7.88,4.87,0.26,5.03,7.41,19.37
KARNATAKA,BAGALKOT,2011,37,39.0,2,15,0,15.0,15,9.0,6.0,5,0.0,16,102.0,141,77,64.0,188,11,62,1.0,6,244.0,0,38,0.0,58,0.0,0,1275,2255.0,,0.0,0.0,0.0,0.0,0.0,0.0,0.0,0.0,0.0,0.0,0.0,0.0,0.0,0.0,0.0,0.0,0.0,0.0,0.0,0.0,0.0,0.0,0.0,0.0,0.0,0.0,0.0,0.0,0.0,0.0,0.0,0.0,0.0,0.0,0.0,0.0,0.0,0.0,0.0,0.0,0.0,0.0,0.0,0.0,0.0,0.0,0.0,0.0,0.0,0.0,0.0,0.0,0.0,0.0,0.0,0.0,0.0,0.0,,0.0,,0.0,0.0,0.0,0.0,0.0,0.0,0.0,0.0,0.0,4681.0,2.95,4549.3,LOW,0,0,16.1691,75.6966,88,111,393.0,0,BAGALKOT,BAGALKOT,1889752.0,950111.0,939641.0,0.0,0.0,319149.0,97203.0,1113412.0,818081.0,58.92,989.0,0.0,16.89,5.14,43.29,53.04,1.96,0.79,0.79,247.7,7.46,5.4,0.0,4.66,5.87,20.8
KARNATAKA,BAGALKOT,2012,51,43.0,1,11,0,11.0,17,14.0,3.0,7,0.0,18,91.0,130,73,57.0,221,6,72,0.0,4,235.0,6,63,0.0,72,2.0,0,1247,2297.0,,0.0,0.0,0.0,0.0,0.0,0.0,0.0,0.0,0.0,0.0,0.0,0.0,0.0,0.0,0.0,0.0,0.0,0.0,0.0,0.0,0.0,0.0,0.0,0.0,0.0,0.0,0.0,0.0,0.0,0.0,0.0,0.0,0.0,0.0,0.0,0.0,0.0,0.0,0.0,0.0,0.0,0.0,0.0,0.0,0.0,0.0,0.0,0.0,0.0,0.0,0.0,0.0,0.0,0.0,0.0,0.0,0.0,0.0,,0.0,,0.0,0.0,0.0,0.0,0.0,0.0,0.0,0.0,0.0,4752.0,1.52,4660.0,LOW,0,0,16.1691,75.6966,104,152,372.0,0,BAGALKOT,BAGALKOT,1889752.0,950111.0,939641.0,0.0,0.0,319149.0,97203.0,1113412.0,818081.0,58.92,989.0,0.0,16.89,5.14,43.29,53.04,2.7,0.58,0.9,251.46,6.88,4.82,0.32,5.5,8.04,19.69
Karnataka,BAGALKOT,2013,52,33.0,1,30,0,30.0,18,11.0,7.0,9,5.0,22,147.0,197,113,84.0,292,4,84,0.0,7,231.0,3,86,2.0,46,0.0,0,1071,2340.0,,0.0,0.0,0.0,0.0,0.0,0.0,0.0,0.0,0.0,0.0,0.0,0.0,0.0,0.0,0.0,0.0,0.0,0.0,0.0,0.0,0.0,0.0,0.0,0.0,0.0,0.0,0.0,0.0,0.0,0.0,0.0,0.0,0.0,0.0,0.0,0.0,0.0,0.0,0.0,0.0,0.0,0.0,0.0,0.0,0.0,0.0,0.0,0.0,0.0,0.0,0.0,0.0,0.0,0.0,0.0,0.0,0.0,0.0,,0.0,,0.0,0.0,0.0,0.0,0.0,0.0,0.0,0.0,0.0,4925.0,3.64,4786.0,LOW,0,0,16.1691,75.6966,131,165,545.0,0,BAGALKOT,BAGALKOT,1889752.0,950111.0,939641.0,0.0,0.0,319149.0,97203.0,1113412.0,818081.0,58.92,989.0,0.0,16.89,5.14,43.29,53.04,2.75,1.59,0.95,260.62,10.42,7.78,0.16,6.93,8.73,28.84
KARNATAKA,BANGALORE COMMR.,2001,221,327.0,5,40,0,40.0,152,56.0,96.0,31,25.0,284,2108.0,6293,2401,3892.0,298,258,1708,79.0,3,3735.0,40,223,51.0,229,0.0,38,11106,27254.0,,0.0,0.0,0.0,0.0,0.0,0.0,0.0,0.0,0.0,0.0,0.0,0.0,0.0,0.0,0.0,0.0,0.0,0.0,0.0,0.0,0.0,0.0,0.0,0.0,0.0,0.0,0.0,0.0,0.0,0.0,0.0,0.0,0.0,0.0,0.0,0.0,0.0,0.0,0.0,0.0,0.0,0.0,0.0,0.0,0.0,0.0,0.0,0.0,0.0,0.0,0.0,0.0,0.0,0.0,0.0,0.0,0.0,0.0,,0.0,,0.0,0.0,0.0,0.0,0.0,0.0,0.0,0.0,0.0,60993.0,0.0,60993.0,MEDIUM,1,1,,,728,532,12768.0,0,BANGALORE COMMR.,,,,,,,,,,,,,,,,,,,,,,,,,,,
KARNATAKA,BANGALORE COMMR.,2002,201,311.0,4,32,0,32.0,159,58.0,101.0,27,47.0,365,2084.0,7081,2754,4327.0,284,180,1788,107.0,1,4029.0,33,237,62.0,242,0.0,45,11801,29120.0,,0.0,0.0,0.0,0.0,0.0,0.0,0.0,0.0,0.0,0.0,0.0,0.0,0.0,0.0,0.0,0.0,0.0,0.0,0.0,0.0,0.0,0.0,0.0,0.0,0.0,0.0,0.0,0.0,0.0,0.0,0.0,0.0,0.0,0.0,0.0,0.0,0.0,0.0,0.0,0.0,0.0,0.0,0.0,0.0,0.0,0.0,0.0,0.0,0.0,0.0,0.0,0.0,0.0,0.0,0.0,0.0,0.0,0.0,,0.0,,0.0,0.0,0.0,0.0,0.0,0.0,0.0,0.0,0.0,65512.0,7.41,63252.5,MEDIUM,1,1,,,784,544,13887.0,0,BANGALORE COMMR.,,,,,,,,,,,,,,,,,,,,,,,,,,,
KARNATAKA,BANGALORE COMMR.,2003,216,280.0,1,34,0,34.0,132,11.0,121.0,46,46.0,311,1713.0,7123,2682,4441.0,273,241,1780,87.0,0,3847.0,34,213,39.0,213,0.0,84,12547,29260.0,,0.0,0.0,0.0,0.0,0.0,0.0,0.0,0.0,0.0,0.0,0.0,0.0,0.0,0.0,0.0,0.0,0.0,0.0,0.0,0.0,0.0,0.0,0.0,0.0,0.0,0.0,0.0,0.0,0.0,0.0,0.0,0.0,0.0,0.0,0.0,0.0,0.0,0.0,0.0,0.0,0.0,0.0,0.0,0.0,0.0,0.0,0.0,0.0,0.0,0.0,0.0,0.0,0.0,0.0,0.0,0.0,0.0,0.0,,0.0,,0.0,0.0,0.0,0.0,0.0,0.0,0.0,0.0,0.0,65809.0,0.45,64104.7,MEDIUM,1,1,,,739,494,13539.0,0,BANGALORE COMMR.,,,,,,,,,,,,,,,,,,,,,,,,,,,
KARNATAKA,BANGALORE COMMR.,2004,214,285.0,2,32,0,32.0,175,61.0,114.0,37,73.0,455,1874.0,8241,3205,5036.0,323,145,1534,22.0,3,3542.0,44,151,35.0,227,0.0,104,11008,28526.0,,0.0,0.0,0.0,0.0,0.0,0.0,0.0,0.0,0.0,0.0,0.0,0.0,0.0,0.0,0.0,0.0,0.0,0.0,0.0,0.0,0.0,0.0,0.0,0.0,0.0,0.0,0.0,0.0,0.0,0.0,0.0,0.0,0.0,0.0,0.0,0.0,0.0,0.0,0.0,0.0,0.0,0.0,0.0,0.0,0.0,0.0,0.0,0.0,0.0,0.0,0.0,0.0,0.0,0.0,0.0,0.0,0.0,0.0,,0.0,,0.0,0.0,0.0,0.0,0.0,0.0,0.0,0.0,0.0,65500.0,-0.47,65607.0,MEDIUM,1,1,,,913,454,14999.0,0,BANGALORE COMMR.,,,,,,,,,,,,,,,,,,,,,,,,,,,
KARNATAKA,BANGALORE COMMR.,2005,242,282.0,5,38,0,38.0,131,25.0,106.0,35,82.0,594,1771.0,9617,3753,5864.0,377,172,1633,90.0,5,3474.0,39,167,39.0,287,0.0,93,9869,29042.0,,0.0,0.0,0.0,0.0,0.0,0.0,0.0,0.0,0.0,0.0,0.0,0.0,0.0,0.0,0.0,0.0,0.0,0.0,0.0,0.0,0.0,0.0,0.0,0.0,0.0,0.0,0.0,0.0,0.0,0.0,0.0,0.0,0.0,0.0,0.0,0.0,0.0,0.0,0.0,0.0,0.0,0.0,0.0,0.0,0.0,0.0,0.0,0.0,0.0,0.0,0.0,0.0,0.0,0.0,0.0,0.0,0.0,0.0,,0.0,,0.0,0.0,0.0,0.0,0.0,0.0,0.0,0.0,0.0,67870.0,3.62,66393.0,MEDIUM,1,1,,,1040,531,16946.0,0,BANGALORE COMMR.,,,,,,,,,,,,,,,,,,,,,,,,,,,
KARNATAKA,BANGALORE COMMR.,2006,218,324.0,7,33,0,33.0,99,29.0,70.0,37,204.0,647,1666.0,7354,3501,3853.0,710,192,1554,55.0,5,2640.0,50,143,2.0,290,0.0,113,9941,26284.0,,0.0,0.0,0.0,0.0,0.0,0.0,0.0,0.0,0.0,0.0,0.0,0.0,0.0,0.0,0.0,0.0,0.0,0.0,0.0,0.0,0.0,0.0,0.0,0.0,0.0,0.0,0.0,0.0,0.0,0.0,0.0,0.0,0.0,0.0,0.0,0.0,0.0,0.0,0.0,0.0,0.0,0.0,0.0,0.0,0.0,0.0,0.0,0.0,0.0,0.0,0.0,0.0,0.0,0.0,0.0,0.0,0.0,0.0,,0.0,,0.0,0.0,0.0,0.0,0.0,0.0,0.0,0.0,0.0,60054.0,-11.52,64474.7,MEDIUM,1,1,,,1034,516,14267.0,0,BANGALORE COMMR.,,,,,,,,,,,,,,,,,,,,,,,,,,,
KARNATAKA,BANGALORE COMMR.,2007,246,264.0,7,62,1,61.0,119,35.0,84.0,41,203.0,545,1485.0,7377,3667,3710.0,425,183,2052,45.0,2,2381.0,54,187,2.0,290,0.0,110,10969,27049.0,,0.0,0.0,0.0,0.0,0.0,0.0,0.0,0.0,0.0,0.0,0.0,0.0,0.0,0.0,0.0,0.0,0.0,0.0,0.0,0.0,0.0,0.0,0.0,0.0,0.0,0.0,0.0,0.0,0.0,0.0,0.0,0.0,0.0,0.0,0.0,0.0,0.0,0.0,0.0,0.0,0.0,0.0,0.0,0.0,0.0,0.0,0.0,0.0,0.0,0.0,0.0,0.0,0.0,0.0,0.0,0.0,0.0,0.0,,0.0,,0.0,0.0,0.0,0.0,0.0,0.0,0.0,0.0,0.0,61656.0,2.67,63193.3,MEDIUM,1,1,,,1013,593,14764.0,0,BANGALORE COMMR.,,,,,,,,,,,,,,,,,,,,,,,,,,,
KARNATAKA,BANGALORE COMMR.,2008,253,297.0,8,54,0,54.0,159,2.0,157.0,88,203.0,702,1787.0,9681,5605,4076.0,348,190,2025,49.0,10,2497.0,52,179,1.0,307,0.0,126,10648,29664.0,,0.0,0.0,0.0,0.0,0.0,0.0,0.0,0.0,0.0,0.0,0.0,0.0,0.0,0.0,0.0,0.0,0.0,0.0,0.0,0.0,0.0,0.0,0.0,0.0,0.0,0.0,0.0,0.0,0.0,0.0,0.0,0.0,0.0,0.0,0.0,0.0,0.0,0.0,0.0,0.0,0.0,0.0,0.0,0.0,0.0,0.0,0.0,0.0,0.0,0.0,0.0,0.0,0.0,0.0,0.0,0.0,0.0,0.0,,0.0,,0.0,0.0,0.0,0.0,0.0,0.0,0.0,0.0,0.0,69222.0,12.27,63644.0,MEDIUM,1,1,,,1256,592,19288.0,0,BANGALORE COMMR.,,,,,,,,,,,,,,,,,,,,,,,,,,,
KARNATAKA,BANGALORE COMMR.,2009,256,338.0,1,65,0,65.0,270,2.0,268.0,41,278.0,743,1592.0,11730,7074,4656.0,337,214,3007,65.0,8,2653.0,50,251,35.0,367,0.0,87,9992,32380.0,,0.0,0.0,0.0,0.0,0.0,0.0,0.0,0.0,0.0,0.0,0.0,0.0,0.0,0.0,0.0,0.0,0.0,0.0,0.0,0.0,0.0,0.0,0.0,0.0,0.0,0.0,0.0,0.0,0.0,0.0,0.0,0.0,0.0,0.0,0.0,0.0,0.0,0.0,0.0,0.0,0.0,0.0,0.0,0.0,0.0,0.0,0.0,0.0,0.0,0.0,0.0,0.0,0.0,0.0,0.0,0.0,0.0,0.0,,0.0,,0.0,0.0,0.0,0.0,0.0,0.0,0.0,0.0,0.0,76825.0,10.98,69234.3,MEDIUM,1,1,,,1375,733,23617.0,0,BANGALORE COMMR.,,,,,,,,,,,,,,,,,,,,,,,,,,,
KARNATAKA,BANGALORE COMMR.,2010,266,445.0,5,65,0,65.0,513,29.0,484.0,66,246.0,641,1335.0,10568,6407,4161.0,349,139,3073,72.0,7,3153.0,52,308,50.0,398,0.0,104,10333,32188.0,,0.0,0.0,0.0,0.0,0.0,0.0,0.0,0.0,0.0,0.0,0.0,0.0,0.0,0.0,0.0,0.0,0.0,0.0,0.0,0.0,0.0,0.0,0.0,0.0,0.0,0.0,0.0,0.0,0.0,0.0,0.0,0.0,0.0,0.0,0.0,0.0,0.0,0.0,0.0,0.0,0.0,0.0,0.0,0.0,0.0,0.0,0.0,0.0,0.0,0.0,0.0,0.0,0.0,0.0,0.0,0.0,0.0,0.0,,0.0,,0.0,0.0,0.0,0.0,0.0,0.0,0.0,0.0,0.0,75522.0,-1.7,73856.3,MEDIUM,1,1,,,1551,823,21522.0,0,BANGALORE COMMR.,,,,,,,,,,,,,,,,,,,,,,,,,,,
KARNATAKA,BANGALORE COMMR.,2011,232,460.0,3,97,0,97.0,573,206.0,367.0,43,342.0,783,1313.0,10543,5977,4566.0,390,152,3155,60.0,4,2927.0,53,250,40.0,458,0.0,108,8297,30283.0,,0.0,0.0,0.0,0.0,0.0,0.0,0.0,0.0,0.0,0.0,0.0,0.0,0.0,0.0,0.0,0.0,0.0,0.0,0.0,0.0,0.0,0.0,0.0,0.0,0.0,0.0,0.0,0.0,0.0,0.0,0.0,0.0,0.0,0.0,0.0,0.0,0.0,0.0,0.0,0.0,0.0,0.0,0.0,0.0,0.0,0.0,0.0,0.0,0.0,0.0,0.0,0.0,0.0,0.0,0.0,0.0,0.0,0.0,,0.0,,0.0,0.0,0.0,0.0,0.0,0.0,0.0,0.0,0.0,71779.0,-4.96,74708.7,MEDIUM,1,1,,,1728,858,21140.0,0,BANGALORE COMMR.,,,,,,,,,,,,,,,,,,,,,,,,,,,
KARNATAKA,BANGALORE COMMR.,2012,266,454.0,6,90,0,90.0,532,433.0,99.0,37,470.0,670,1240.0,9826,5090,4736.0,551,145,3092,41.0,0,3095.0,51,321,51.0,524,0.0,170,7665,29297.0,,0.0,0.0,0.0,0.0,0.0,0.0,0.0,0.0,0.0,0.0,0.0,0.0,0.0,0.0,0.0,0.0,0.0,0.0,0.0,0.0,0.0,0.0,0.0,0.0,0.0,0.0,0.0,0.0,0.0,0.0,0.0,0.0,0.0,0.0,0.0,0.0,0.0,0.0,0.0,0.0,0.0,0.0,0.0,0.0,0.0,0.0,0.0,0.0,0.0,0.0,0.0,0.0,0.0,0.0,0.0,0.0,0.0,0.0,,0.0,,0.0,0.0,0.0,0.0,0.0,0.0,0.0,0.0,0.0,69042.0,-3.81,72114.3,MEDIUM,1,1,,,1595,986,19393.0,0,BANGALORE COMMR.,,,,,,,,,,,,,,,,,,,,,,,,,,,
Karnataka,BANGALORE COMMR.,2013,217,442.0,26,80,0,80.0,642,538.0,104.0,40,425.0,619,1404.0,10643,5356,5287.0,362,133,2987,33.0,16,3132.0,52,378,73.0,482,0.0,160,7972,30318.0,,0.0,0.0,0.0,0.0,0.0,0.0,0.0,0.0,0.0,0.0,0.0,0.0,0.0,0.0,0.0,0.0,0.0,0.0,0.0,0.0,0.0,0.0,0.0,0.0,0.0,0.0,0.0,0.0,0.0,0.0,0.0,0.0,0.0,0.0,0.0,0.0,0.0,0.0,0.0,0.0,0.0,0.0,0.0,0.0,0.0,0.0,0.0,0.0,0.0,0.0,0.0,0.0,0.0,0.0,0.0,0.0,0.0,0.0,,0.0,,0.0,0.0,0.0,0.0,0.0,0.0,0.0,0.0,0.0,72001.0,4.29,70940.7,MEDIUM,1,1,,,1598,992,20523.0,0,BANGALORE COMMR.,,,,,,,,,,,,,,,,,,,,,,,,,,,
KARNATAKA,BANGALORE RURAL,2001,137,86.0,2,13,0,13.0,37,10.0,27.0,23,0.0,32,405.0,533,92,441.0,358,22,60,2.0,39,1097.0,30,90,0.0,123,0.0,0,2120,5209.0,,0.0,0.0,0.0,0.0,0.0,0.0,0.0,0.0,0.0,0.0,0.0,0.0,0.0,0.0,0.0,0.0,0.0,0.0,0.0,0.0,0.0,0.0,0.0,0.0,0.0,0.0,0.0,0.0,0.0,0.0,0.0,0.0,0.0,0.0,0.0,0.0,0.0,0.0,0.0,0.0,0.0,0.0,0.0,0.0,0.0,0.0,0.0,0.0,0.0,0.0,0.0,0.0,0.0,0.0,0.0,0.0,0.0,0.0,,0.0,,0.0,0.0,0.0,0.0,0.0,0.0,0.0,0.0,0.0,11001.0,0.0,11001.0,LOW,0,2,13.1986,77.5659,242,256,1112.0,0,BANGALORE RURAL,BANGALORE RURAL,9621551.0,5022661.0,4598890.0,0.0,0.0,1198385.0,190239.0,7512276.0,4246927.0,78.08,915.6,0.0,12.46,1.98,44.14,43.1,1.42,0.14,0.38,114.34,5.54,4.21,0.31,2.52,2.66,11.56
KARNATAKA,BANGALORE RURAL,2001,137,86.0,2,13,0,13.0,37,10.0,27.0,23,0.0,32,405.0,533,92,441.0,358,22,60,2.0,39,1097.0,30,90,0.0,123,0.0,0,2120,5209.0,,0.0,0.0,0.0,0.0,0.0,0.0,0.0,0.0,0.0,0.0,0.0,0.0,0.0,0.0,0.0,0.0,0.0,0.0,0.0,0.0,0.0,0.0,0.0,0.0,0.0,0.0,0.0,0.0,0.0,0.0,0.0,0.0,0.0,0.0,0.0,0.0,0.0,0.0,0.0,0.0,0.0,0.0,0.0,0.0,0.0,0.0,0.0,0.0,0.0,0.0,0.0,0.0,0.0,0.0,0.0,0.0,0.0,0.0,,0.0,,0.0,0.0,0.0,0.0,0.0,0.0,0.0,0.0,0.0,11001.0,0.0,11001.0,LOW,0,2,13.1986,77.5659,242,256,1112.0,0,BANGALORE RURAL,BANGALORE RURAL,990923.0,509172.0,481751.0,0.0,0.0,213700.0,52903.0,688749.0,459891.0,69.51,946.1,0.0,21.57,5.34,46.41,50.27,13.83,1.31,3.73,1110.18,53.79,40.87,3.03,24.42,25.83,112.22
KARNATAKA,BANGALORE RURAL,2002,153,114.0,7,22,0,22.0,38,0.0,38.0,23,1.0,54,498.0,767,129,638.0,480,37,63,1.0,41,1274.0,35,114,0.0,129,0.0,0,3459,7310.0,,0.0,0.0,0.0,0.0,0.0,0.0,0.0,0.0,0.0,0.0,0.0,0.0,0.0,0.0,0.0,0.0,0.0,0.0,0.0,0.0,0.0,0.0,0.0,0.0,0.0,0.0,0.0,0.0,0.0,0.0,0.0,0.0,0.0,0.0,0.0,0.0,0.0,0.0,0.0,0.0,0.0,0.0,0.0,0.0,0.0,0.0,0.0,0.0,0.0,0.0,0.0,0.0,0.0,0.0,0.0,0.0,0.0,0.0,,0.0,,0.0,0.0,0.0,0.0,0.0,0.0,0.0,0.0,0.0,15447.0,40.41,13224.0,LOW,0,2,13.1986,77.5659,290,300,1494.0,0,BANGALORE RURAL,BANGALORE RURAL,9621551.0,5022661.0,4598890.0,0.0,0.0,1198385.0,190239.0,7512276.0,4246927.0,78.08,915.6,0.0,12.46,1.98,44.14,43.1,1.59,0.23,0.39,160.55,7.97,5.18,0.36,3.01,3.12,15.53
KARNATAKA,BANGALORE RURAL,2002,153,114.0,7,22,0,22.0,38,0.0,38.0,23,1.0,54,498.0,767,129,638.0,480,37,63,1.0,41,1274.0,35,114,0.0,129,0.0,0,3459,7310.0,,0.0,0.0,0.0,0.0,0.0,0.0,0.0,0.0,0.0,0.0,0.0,0.0,0.0,0.0,0.0,0.0,0.0,0.0,0.0,0.0,0.0,0.0,0.0,0.0,0.0,0.0,0.0,0.0,0.0,0.0,0.0,0.0,0.0,0.0,0.0,0.0,0.0,0.0,0.0,0.0,0.0,0.0,0.0,0.0,0.0,0.0,0.0,0.0,0.0,0.0,0.0,0.0,0.0,0.0,0.0,0.0,0.0,0.0,,0.0,,0.0,0.0,0.0,0.0,0.0,0.0,0.0,0.0,0.0,15447.0,40.41,13224.0,LOW,0,2,13.1986,77.5659,290,300,1494.0,0,BANGALORE RURAL,BANGALORE RURAL,990923.0,509172.0,481751.0,0.0,0.0,213700.0,52903.0,688749.0,459891.0,69.51,946.1,0.0,21.57,5.34,46.41,50.27,15.44,2.22,3.83,1558.85,77.4,50.26,3.53,29.27,30.27,150.77
KARNATAKA,BANGALORE RURAL,2003,128,85.0,17,27,0,27.0,34,19.0,15.0,17,0.0,49,462.0,864,156,708.0,465,28,54,0.0,103,1363.0,31,107,0.0,130,0.0,0,3445,7409.0,,0.0,0.0,0.0,0.0,0.0,0.0,0.0,0.0,0.0,0.0,0.0,0.0,0.0,0.0,0.0,0.0,0.0,0.0,0.0,0.0,0.0,0.0,0.0,0.0,0.0,0.0,0.0,0.0,0.0,0.0,0.0,0.0,0.0,0.0,0.0,0.0,0.0,0.0,0.0,0.0,0.0,0.0,0.0,0.0,0.0,0.0,0.0,0.0,0.0,0.0,0.0,0.0,0.0,0.0,0.0,0.0,0.0,0.0,,0.0,,0.0,0.0,0.0,0.0,0.0,0.0,0.0,0.0,0.0,15743.0,1.92,14063.7,LOW,0,2,13.1986,77.5659,255,295,1564.0,0,BANGALORE RURAL,BANGALORE RURAL,9621551.0,5022661.0,4598890.0,0.0,0.0,1198385.0,190239.0,7512276.0,4246927.0,78.08,915.6,0.0,12.46,1.98,44.14,43.1,1.33,0.28,0.35,163.62,8.98,4.8,0.32,2.65,3.07,16.26
KARNATAKA,BANGALORE RURAL,2003,128,85.0,17,27,0,27.0,34,19.0,15.0,17,0.0,49,462.0,864,156,708.0,465,28,54,0.0,103,1363.0,31,107,0.0,130,0.0,0,3445,7409.0,,0.0,0.0,0.0,0.0,0.0,0.0,0.0,0.0,0.0,0.0,0.0,0.0,0.0,0.0,0.0,0.0,0.0,0.0,0.0,0.0,0.0,0.0,0.0,0.0,0.0,0.0,0.0,0.0,0.0,0.0,0.0,0.0,0.0,0.0,0.0,0.0,0.0,0.0,0.0,0.0,0.0,0.0,0.0,0.0,0.0,0.0,0.0,0.0,0.0,0.0,0.0,0.0,0.0,0.0,0.0,0.0,0.0,0.0,,0.0,,0.0,0.0,0.0,0.0,0.0,0.0,0.0,0.0,0.0,15743.0,1.92,14063.7,LOW,0,2,13.1986,77.5659,255,295,1564.0,0,BANGALORE RURAL,BANGALORE RURAL,990923.0,509172.0,481751.0,0.0,0.0,213700.0,52903.0,688749.0,459891.0,69.51,946.1,0.0,21.57,5.34,46.41,50.27,12.92,2.72,3.43,1588.72,87.19,46.62,3.13,25.73,29.77,157.83
KARNATAKA,BANGALORE RURAL,2004,152,88.0,2,29,0,29.0,42,20.0,22.0,17,0.0,42,539.0,1038,249,789.0,477,21,142,3.0,17,1128.0,31,104,0.0,94,0.0,0,4118,8084.0,,0.0,0.0,0.0,0.0,0.0,0.0,0.0,0.0,0.0,0.0,0.0,0.0,0.0,0.0,0.0,0.0,0.0,0.0,0.0,0.0,0.0,0.0,0.0,0.0,0.0,0.0,0.0,0.0,0.0,0.0,0.0,0.0,0.0,0.0,0.0,0.0,0.0,0.0,0.0,0.0,0.0,0.0,0.0,0.0,0.0,0.0,0.0,0.0,0.0,0.0,0.0,0.0,0.0,0.0,0.0,0.0,0.0,0.0,,0.0,,0.0,0.0,0.0,0.0,0.0,0.0,0.0,0.0,0.0,17277.0,9.74,16155.7,MEDIUM,1,2,13.1986,77.5659,282,258,1989.0,0,BANGALORE RURAL,BANGALORE RURAL,9621551.0,5022661.0,4598890.0,0.0,0.0,1198385.0,190239.0,7512276.0,4246927.0,78.08,915.6,0.0,12.46,1.98,44.14,43.1,1.58,0.3,0.44,179.57,10.79,5.6,0.32,2.93,2.68,20.67
KARNATAKA,BANGALORE RURAL,2004,152,88.0,2,29,0,29.0,42,20.0,22.0,17,0.0,42,539.0,1038,249,789.0,477,21,142,3.0,17,1128.0,31,104,0.0,94,0.0,0,4118,8084.0,,0.0,0.0,0.0,0.0,0.0,0.0,0.0,0.0,0.0,0.0,0.0,0.0,0.0,0.0,0.0,0.0,0.0,0.0,0.0,0.0,0.0,0.0,0.0,0.0,0.0,0.0,0.0,0.0,0.0,0.0,0.0,0.0,0.0,0.0,0.0,0.0,0.0,0.0,0.0,0.0,0.0,0.0,0.0,0.0,0.0,0.0,0.0,0.0,0.0,0.0,0.0,0.0,0.0,0.0,0.0,0.0,0.0,0.0,,0.0,,0.0,0.0,0.0,0.0,0.0,0.0,0.0,0.0,0.0,17277.0,9.74,16155.7,MEDIUM,1,2,13.1986,77.5659,282,258,1989.0,0,BANGALORE RURAL,BANGALORE RURAL,990923.0,509172.0,481751.0,0.0,0.0,213700.0,52903.0,688749.0,459891.0,69.51,946.1,0.0,21.57,5.34,46.41,50.27,15.34,2.93,4.24,1743.53,104.75,54.39,3.13,28.46,26.04,200.72
KARNATAKA,BANGALORE RURAL,2005,171,94.0,2,16,0,16.0,44,20.0,24.0,25,1.0,58,378.0,876,292,584.0,599,24,106,1.0,13,1154.0,46,110,0.0,102,0.0,0,4380,8200.0,,0.0,0.0,0.0,0.0,0.0,0.0,0.0,0.0,0.0,0.0,0.0,0.0,0.0,0.0,0.0,0.0,0.0,0.0,0.0,0.0,0.0,0.0,0.0,0.0,0.0,0.0,0.0,0.0,0.0,0.0,0.0,0.0,0.0,0.0,0.0,0.0,0.0,0.0,0.0,0.0,0.0,0.0,0.0,0.0,0.0,0.0,0.0,0.0,0.0,0.0,0.0,0.0,0.0,0.0,0.0,0.0,0.0,0.0,,0.0,,0.0,0.0,0.0,0.0,0.0,0.0,0.0,0.0,0.0,17336.0,0.34,16785.3,MEDIUM,1,2,13.1986,77.5659,314,274,1676.0,0,BANGALORE RURAL,BANGALORE RURAL,9621551.0,5022661.0,4598890.0,0.0,0.0,1198385.0,190239.0,7512276.0,4246927.0,78.08,915.6,0.0,12.46,1.98,44.14,43.1,1.78,0.17,0.46,180.18,9.1,3.93,0.48,3.26,2.85,17.42
KARNATAKA,BANGALORE RURAL,2005,171,94.0,2,16,0,16.0,44,20.0,24.0,25,1.0,58,378.0,876,292,584.0,599,24,106,1.0,13,1154.0,46,110,0.0,102,0.0,0,4380,8200.0,,0.0,0.0,0.0,0.0,0.0,0.0,0.0,0.0,0.0,0.0,0.0,0.0,0.0,0.0,0.0,0.0,0.0,0.0,0.0,0.0,0.0,0.0,0.0,0.0,0.0,0.0,0.0,0.0,0.0,0.0,0.0,0.0,0.0,0.0,0.0,0.0,0.0,0.0,0.0,0.0,0.0,0.0,0.0,0.0,0.0,0.0,0.0,0.0,0.0,0.0,0.0,0.0,0.0,0.0,0.0,0.0,0.0,0.0,,0.0,,0.0,0.0,0.0,0.0,0.0,0.0,0.0,0.0,0.0,17336.0,0.34,16785.3,MEDIUM,1,2,13.1986,77.5659,314,274,1676.0,0,BANGALORE RURAL,BANGALORE RURAL,990923.0,509172.0,481751.0,0.0,0.0,213700.0,52903.0,688749.0,459891.0,69.51,946.1,0.0,21.57,5.34,46.41,50.27,17.26,1.61,4.44,1749.48,88.4,38.15,4.64,31.69,27.65,169.14
KARNATAKA,BANGALORE RURAL,2006,175,104.0,1,26,0,26.0,34,22.0,12.0,27,0.0,49,362.0,920,284,636.0,582,30,112,0.0,37,1047.0,26,121,0.0,99,0.0,0,5026,8778.0,,0.0,0.0,0.0,0.0,0.0,0.0,0.0,0.0,0.0,0.0,0.0,0.0,0.0,0.0,0.0,0.0,0.0,0.0,0.0,0.0,0.0,0.0,0.0,0.0,0.0,0.0,0.0,0.0,0.0,0.0,0.0,0.0,0.0,0.0,0.0,0.0,0.0,0.0,0.0,0.0,0.0,0.0,0.0,0.0,0.0,0.0,0.0,0.0,0.0,0.0,0.0,0.0,0.0,0.0,0.0,0.0,0.0,0.0,,0.0,,0.0,0.0,0.0,0.0,0.0,0.0,0.0,0.0,0.0,18536.0,6.92,17716.3,MEDIUM,1,2,13.1986,77.5659,311,272,1708.0,0,BANGALORE RURAL,BANGALORE RURAL,9621551.0,5022661.0,4598890.0,0.0,0.0,1198385.0,190239.0,7512276.0,4246927.0,78.08,915.6,0.0,12.46,1.98,44.14,43.1,1.82,0.27,0.35,192.65,9.56,3.76,0.27,3.23,2.83,17.75
KARNATAKA,BANGALORE RURAL,2006,175,104.0,1,26,0,26.0,34,22.0,12.0,27,0.0,49,362.0,920,284,636.0,582,30,112,0.0,37,1047.0,26,121,0.0,99,0.0,0,5026,8778.0,,0.0,0.0,0.0,0.0,0.0,0.0,0.0,0.0,0.0,0.0,0.0,0.0,0.0,0.0,0.0,0.0,0.0,0.0,0.0,0.0,0.0,0.0,0.0,0.0,0.0,0.0,0.0,0.0,0.0,0.0,0.0,0.0,0.0,0.0,0.0,0.0,0.0,0.0,0.0,0.0,0.0,0.0,0.0,0.0,0.0,0.0,0.0,0.0,0.0,0.0,0.0,0.0,0.0,0.0,0.0,0.0,0.0,0.0,,0.0,,0.0,0.0,0.0,0.0,0.0,0.0,0.0,0.0,0.0,18536.0,6.92,17716.3,MEDIUM,1,2,13.1986,77.5659,311,272,1708.0,0,BANGALORE RURAL,BANGALORE RURAL,990923.0,509172.0,481751.0,0.0,0.0,213700.0,52903.0,688749.0,459891.0,69.51,946.1,0.0,21.57,5.34,46.41,50.27,17.66,2.62,3.43,1870.58,92.84,36.53,2.62,31.38,27.45,172.36
KARNATAKA,BANGALORE RURAL,2007,176,43.0,0,29,0,29.0,43,13.0,30.0,18,0.0,55,330.0,834,173,661.0,504,23,86,0.0,10,1012.0,32,99,0.0,103,0.0,0,5180,8577.0,,0.0,0.0,0.0,0.0,0.0,0.0,0.0,0.0,0.0,0.0,0.0,0.0,0.0,0.0,0.0,0.0,0.0,0.0,0.0,0.0,0.0,0.0,0.0,0.0,0.0,0.0,0.0,0.0,0.0,0.0,0.0,0.0,0.0,0.0,0.0,0.0,0.0,0.0,0.0,0.0,0.0,0.0,0.0,0.0,0.0,0.0,0.0,0.0,0.0,0.0,0.0,0.0,0.0,0.0,0.0,0.0,0.0,0.0,,0.0,,0.0,0.0,0.0,0.0,0.0,0.0,0.0,0.0,0.0,18060.0,-2.57,17977.3,MEDIUM,1,2,13.1986,77.5659,321,263,1446.0,0,BANGALORE RURAL,BANGALORE RURAL,9621551.0,5022661.0,4598890.0,0.0,0.0,1198385.0,190239.0,7512276.0,4246927.0,78.08,915.6,0.0,12.46,1.98,44.14,43.1,1.83,0.3,0.45,187.7,8.67,3.43,0.33,3.34,2.73,15.03
KARNATAKA,BANGALORE RURAL,2007,176,43.0,0,29,0,29.0,43,13.0,30.0,18,0.0,55,330.0,834,173,661.0,504,23,86,0.0,10,1012.0,32,99,0.0,103,0.0,0,5180,8577.0,,0.0,0.0,0.0,0.0,0.0,0.0,0.0,0.0,0.0,0.0,0.0,0.0,0.0,0.0,0.0,0.0,0.0,0.0,0.0,0.0,0.0,0.0,0.0,0.0,0.0,0.0,0.0,0.0,0.0,0.0,0.0,0.0,0.0,0.0,0.0,0.0,0.0,0.0,0.0,0.0,0.0,0.0,0.0,0.0,0.0,0.0,0.0,0.0,0.0,0.0,0.0,0.0,0.0,0.0,0.0,0.0,0.0,0.0,,0.0,,0.0,0.0,0.0,0.0,0.0,0.0,0.0,0.0,0.0,18060.0,-2.57,17977.3,MEDIUM,1,2,13.1986,77.5659,321,263,1446.0,0,BANGALORE RURAL,BANGALORE RURAL,990923.0,509172.0,481751.0,0.0,0.0,213700.0,52903.0,688749.0,459891.0,69.51,946.1,0.0,21.57,5.34,46.41,50.27,17.76,2.93,4.34,1822.54,84.16,33.3,3.23,32.39,26.54,145.92
KARNATAKA,BANGALORE RURAL,2008,102,54.0,0,14,0,14.0,22,7.0,15.0,29,0.0,49,185.0,527,244,283.0,209,6,81,2.0,0,471.0,11,56,0.0,56,0.0,0,2549,4423.0,,0.0,0.0,0.0,0.0,0.0,0.0,0.0,0.0,0.0,0.0,0.0,0.0,0.0,0.0,0.0,0.0,0.0,0.0,0.0,0.0,0.0,0.0,0.0,0.0,0.0,0.0,0.0,0.0,0.0,0.0,0.0,0.0,0.0,0.0,0.0,0.0,0.0,0.0,0.0,0.0,0.0,0.0,0.0,0.0,0.0,0.0,0.0,0.0,0.0,0.0,0.0,0.0,0.0,0.0,0.0,0.0,0.0,0.0,,0.0,,0.0,0.0,0.0,0.0,0.0,0.0,0.0,0.0,0.0,9409.0,-47.9,15335.0,LOW,0,2,13.1986,77.5659,216,137,1043.0,0,BANGALORE RURAL,BANGALORE RURAL,9621551.0,5022661.0,4598890.0,0.0,0.0,1198385.0,190239.0,7512276.0,4246927.0,78.08,915.6,0.0,12.46,1.98,44.14,43.1,1.06,0.15,0.23,97.79,5.48,1.92,0.11,2.24,1.42,10.84
KARNATAKA,BANGALORE RURAL,2008,102,54.0,0,14,0,14.0,22,7.0,15.0,29,0.0,49,185.0,527,244,283.0,209,6,81,2.0,0,471.0,11,56,0.0,56,0.0,0,2549,4423.0,,0.0,0.0,0.0,0.0,0.0,0.0,0.0,0.0,0.0,0.0,0.0,0.0,0.0,0.0,0.0,0.0,0.0,0.0,0.0,0.0,0.0,0.0,0.0,0.0,0.0,0.0,0.0,0.0,0.0,0.0,0.0,0.0,0.0,0.0,0.0,0.0,0.0,0.0,0.0,0.0,0.0,0.0,0.0,0.0,0.0,0.0,0.0,0.0,0.0,0.0,0.0,0.0,0.0,0.0,0.0,0.0,0.0,0.0,,0.0,,0.0,0.0,0.0,0.0,0.0,0.0,0.0,0.0,0.0,9409.0,-47.9,15335.0,LOW,0,2,13.1986,77.5659,216,137,1043.0,0,BANGALORE RURAL,BANGALORE RURAL,990923.0,509172.0,481751.0,0.0,0.0,213700.0,52903.0,688749.0,459891.0,69.51,946.1,0.0,21.57,5.34,46.41,50.27,10.29,1.41,2.22,949.52,53.18,18.67,1.11,21.8,13.83,105.26
KARNATAKA,BANGALORE RURAL,2009,87,80.0,0,14,0,14.0,23,4.0,19.0,26,0.0,76,272.0,729,416,313.0,166,15,182,4.0,0,563.0,14,48,0.0,79,0.0,0,2006,4384.0,,0.0,0.0,0.0,0.0,0.0,0.0,0.0,0.0,0.0,0.0,0.0,0.0,0.0,0.0,0.0,0.0,0.0,0.0,0.0,0.0,0.0,0.0,0.0,0.0,0.0,0.0,0.0,0.0,0.0,0.0,0.0,0.0,0.0,0.0,0.0,0.0,0.0,0.0,0.0,0.0,0.0,0.0,0.0,0.0,0.0,0.0,0.0,0.0,0.0,0.0,0.0,0.0,0.0,0.0,0.0,0.0,0.0,0.0,,0.0,,0.0,0.0,0.0,0.0,0.0,0.0,0.0,0.0,0.0,9534.0,1.33,12334.3,LOW,0,2,13.1986,77.5659,226,155,1614.0,0,BANGALORE RURAL,BANGALORE RURAL,9621551.0,5022661.0,4598890.0,0.0,0.0,1198385.0,190239.0,7512276.0,4246927.0,78.08,915.6,0.0,12.46,1.98,44.14,43.1,0.9,0.15,0.24,99.09,7.58,2.83,0.15,2.35,1.61,16.77
KARNATAKA,BANGALORE RURAL,2009,87,80.0,0,14,0,14.0,23,4.0,19.0,26,0.0,76,272.0,729,416,313.0,166,15,182,4.0,0,563.0,14,48,0.0,79,0.0,0,2006,4384.0,,0.0,0.0,0.0,0.0,0.0,0.0,0.0,0.0,0.0,0.0,0.0,0.0,0.0,0.0,0.0,0.0,0.0,0.0,0.0,0.0,0.0,0.0,0.0,0.0,0.0,0.0,0.0,0.0,0.0,0.0,0.0,0.0,0.0,0.0,0.0,0.0,0.0,0.0,0.0,0.0,0.0,0.0,0.0,0.0,0.0,0.0,0.0,0.0,0.0,0.0,0.0,0.0,0.0,0.0,0.0,0.0,0.0,0.0,,0.0,,0.0,0.0,0.0,0.0,0.0,0.0,0.0,0.0,0.0,9534.0,1.33,12334.3,LOW,0,2,13.1986,77.5659,226,155,1614.0,0,BANGALORE RURAL,BANGALORE RURAL,990923.0,509172.0,481751.0,0.0,0.0,213700.0,52903.0,688749.0,459891.0,69.51,946.1,0.0,21.57,5.34,46.41,50.27,8.78,1.41,2.32,962.13,73.57,27.45,1.41,22.81,15.64,162.88
KARNATAKA,BANGALORE RURAL,2010,100,50.0,1,16,0,16.0,30,18.0,12.0,15,2.0,81,261.0,686,388,298.0,240,16,83,0.0,0,510.0,8,48,0.0,55,0.0,0,2410,4612.0,,0.0,0.0,0.0,0.0,0.0,0.0,0.0,0.0,0.0,0.0,0.0,0.0,0.0,0.0,0.0,0.0,0.0,0.0,0.0,0.0,0.0,0.0,0.0,0.0,0.0,0.0,0.0,0.0,0.0,0.0,0.0,0.0,0.0,0.0,0.0,0.0,0.0,0.0,0.0,0.0,0.0,0.0,0.0,0.0,0.0,0.0,0.0,0.0,0.0,0.0,0.0,0.0,0.0,0.0,0.0,0.0,0.0,0.0,,0.0,,0.0,0.0,0.0,0.0,0.0,0.0,0.0,0.0,0.0,9956.0,4.43,9633.0,LOW,0,2,13.1986,77.5659,242,127,1434.0,0,BANGALORE RURAL,BANGALORE RURAL,9621551.0,5022661.0,4598890.0,0.0,0.0,1198385.0,190239.0,7512276.0,4246927.0,78.08,915.6,0.0,12.46,1.98,44.14,43.1,1.04,0.17,0.31,103.48,7.13,2.71,0.08,2.52,1.32,14.9
KARNATAKA,BANGALORE RURAL,2010,100,50.0,1,16,0,16.0,30,18.0,12.0,15,2.0,81,261.0,686,388,298.0,240,16,83,0.0,0,510.0,8,48,0.0,55,0.0,0,2410,4612.0,,0.0,0.0,0.0,0.0,0.0,0.0,0.0,0.0,0.0,0.0,0.0,0.0,0.0,0.0,0.0,0.0,0.0,0.0,0.0,0.0,0.0,0.0,0.0,0.0,0.0,0.0,0.0,0.0,0.0,0.0,0.0,0.0,0.0,0.0,0.0,0.0,0.0,0.0,0.0,0.0,0.0,0.0,0.0,0.0,0.0,0.0,0.0,0.0,0.0,0.0,0.0,0.0,0.0,0.0,0.0,0.0,0.0,0.0,,0.0,,0.0,0.0,0.0,0.0,0.0,0.0,0.0,0.0,0.0,9956.0,4.43,9633.0,LOW,0,2,13.1986,77.5659,242,127,1434.0,0,BANGALORE RURAL,BANGALORE RURAL,990923.0,509172.0,481751.0,0.0,0.0,213700.0,52903.0,688749.0,459891.0,69.51,946.1,0.0,21.57,5.34,46.41,50.27,10.09,1.61,3.03,1004.72,69.23,26.34,0.81,24.42,12.82,144.71
KARNATAKA,BANGALORE RURAL,2011,105,39.0,1,29,0,29.0,30,1.0,29.0,18,1.0,81,277.0,633,307,326.0,252,24,109,1.0,0,517.0,10,74,2.0,83,0.0,0,2629,4915.0,,0.0,0.0,0.0,0.0,0.0,0.0,0.0,0.0,0.0,0.0,0.0,0.0,0.0,0.0,0.0,0.0,0.0,0.0,0.0,0.0,0.0,0.0,0.0,0.0,0.0,0.0,0.0,0.0,0.0,0.0,0.0,0.0,0.0,0.0,0.0,0.0,0.0,0.0,0.0,0.0,0.0,0.0,0.0,0.0,0.0,0.0,0.0,0.0,0.0,0.0,0.0,0.0,0.0,0.0,0.0,0.0,0.0,0.0,,0.0,,0.0,0.0,0.0,0.0,0.0,0.0,0.0,0.0,0.0,10522.0,5.69,10004.0,LOW,0,2,13.1986,77.5659,263,196,1350.0,0,BANGALORE RURAL,BANGALORE RURAL,9621551.0,5022661.0,4598890.0,0.0,0.0,1198385.0,190239.0,7512276.0,4246927.0,78.08,915.6,0.0,12.46,1.98,44.14,43.1,1.09,0.3,0.31,109.36,6.58,2.88,0.1,2.73,2.04,14.03
KARNATAKA,BANGALORE RURAL,2011,105,39.0,1,29,0,29.0,30,1.0,29.0,18,1.0,81,277.0,633,307,326.0,252,24,109,1.0,0,517.0,10,74,2.0,83,0.0,0,2629,4915.0,,0.0,0.0,0.0,0.0,0.0,0.0,0.0,0.0,0.0,0.0,0.0,0.0,0.0,0.0,0.0,0.0,0.0,0.0,0.0,0.0,0.0,0.0,0.0,0.0,0.0,0.0,0.0,0.0,0.0,0.0,0.0,0.0,0.0,0.0,0.0,0.0,0.0,0.0,0.0,0.0,0.0,0.0,0.0,0.0,0.0,0.0,0.0,0.0,0.0,0.0,0.0,0.0,0.0,0.0,0.0,0.0,0.0,0.0,,0.0,,0.0,0.0,0.0,0.0,0.0,0.0,0.0,0.0,0.0,10522.0,5.69,10004.0,LOW,0,2,13.1986,77.5659,263,196,1350.0,0,BANGALORE RURAL,BANGALORE RURAL,990923.0,509172.0,481751.0,0.0,0.0,213700.0,52903.0,688749.0,459891.0,69.51,946.1,0.0,21.57,5.34,46.41,50.27,10.6,2.93,3.03,1061.84,63.88,27.95,1.01,26.54,19.78,136.24
KARNATAKA,BANGALORE RURAL,2012,93,57.0,0,31,0,31.0,53,41.0,12.0,26,1.0,113,299.0,648,226,422.0,257,15,178,1.0,0,668.0,10,70,0.0,96,0.0,0,2944,5560.0,,0.0,0.0,0.0,0.0,0.0,0.0,0.0,0.0,0.0,0.0,0.0,0.0,0.0,0.0,0.0,0.0,0.0,0.0,0.0,0.0,0.0,0.0,0.0,0.0,0.0,0.0,0.0,0.0,0.0,0.0,0.0,0.0,0.0,0.0,0.0,0.0,0.0,0.0,0.0,0.0,0.0,0.0,0.0,0.0,0.0,0.0,0.0,0.0,0.0,0.0,0.0,0.0,0.0,0.0,0.0,0.0,0.0,0.0,,0.0,,0.0,0.0,0.0,0.0,0.0,0.0,0.0,0.0,0.0,11852.0,12.64,10776.7,LOW,0,2,13.1986,77.5659,316,207,1366.0,0,BANGALORE RURAL,BANGALORE RURAL,9621551.0,5022661.0,4598890.0,0.0,0.0,1198385.0,190239.0,7512276.0,4246927.0,78.08,915.6,0.0,12.46,1.98,44.14,43.1,0.97,0.32,0.55,123.18,6.73,3.11,0.1,3.28,2.15,14.2
KARNATAKA,BANGALORE RURAL,2012,93,57.0,0,31,0,31.0,53,41.0,12.0,26,1.0,113,299.0,648,226,422.0,257,15,178,1.0,0,668.0,10,70,0.0,96,0.0,0,2944,5560.0,,0.0,0.0,0.0,0.0,0.0,0.0,0.0,0.0,0.0,0.0,0.0,0.0,0.0,0.0,0.0,0.0,0.0,0.0,0.0,0.0,0.0,0.0,0.0,0.0,0.0,0.0,0.0,0.0,0.0,0.0,0.0,0.0,0.0,0.0,0.0,0.0,0.0,0.0,0.0,0.0,0.0,0.0,0.0,0.0,0.0,0.0,0.0,0.0,0.0,0.0,0.0,0.0,0.0,0.0,0.0,0.0,0.0,0.0,,0.0,,0.0,0.0,0.0,0.0,0.0,0.0,0.0,0.0,0.0,11852.0,12.64,10776.7,LOW,0,2,13.1986,77.5659,316,207,1366.0,0,BANGALORE RURAL,BANGALORE RURAL,990923.0,509172.0,481751.0,0.0,0.0,213700.0,52903.0,688749.0,459891.0,69.51,946.1,0.0,21.57,5.34,46.41,50.27,9.39,3.13,5.35,1196.06,65.39,30.17,1.01,31.89,20.89,137.85
Karnataka,BANGALORE RURAL,2013,69,76.0,3,57,0,57.0,93,85.0,8.0,30,7.0,129,311.0,596,305,291.0,246,35,281,1.0,10,562.0,22,130,0.0,112,0.0,24,2869,5663.0,,0.0,0.0,0.0,0.0,0.0,0.0,0.0,0.0,0.0,0.0,0.0,0.0,0.0,0.0,0.0,0.0,0.0,0.0,0.0,0.0,0.0,0.0,0.0,0.0,0.0,0.0,0.0,0.0,0.0,0.0,0.0,0.0,0.0,0.0,0.0,0.0,0.0,0.0,0.0,0.0,0.0,0.0,0.0,0.0,0.0,0.0,0.0,0.0,0.0,0.0,0.0,0.0,0.0,0.0,0.0,0.0,0.0,0.0,,0.0,,0.0,0.0,0.0,0.0,0.0,0.0,0.0,0.0,0.0,12072.0,1.86,11482.0,LOW,0,2,13.1986,77.5659,378,321,1528.0,0,BANGALORE RURAL,BANGALORE RURAL,9621551.0,5022661.0,4598890.0,0.0,0.0,1198385.0,190239.0,7512276.0,4246927.0,78.08,915.6,0.0,12.46,1.98,44.14,43.1,0.72,0.59,0.97,125.47,6.19,3.23,0.23,3.93,3.34,15.88
Karnataka,BANGALORE RURAL,2013,69,76.0,3,57,0,57.0,93,85.0,8.0,30,7.0,129,311.0,596,305,291.0,246,35,281,1.0,10,562.0,22,130,0.0,112,0.0,24,2869,5663.0,,0.0,0.0,0.0,0.0,0.0,0.0,0.0,0.0,0.0,0.0,0.0,0.0,0.0,0.0,0.0,0.0,0.0,0.0,0.0,0.0,0.0,0.0,0.0,0.0,0.0,0.0,0.0,0.0,0.0,0.0,0.0,0.0,0.0,0.0,0.0,0.0,0.0,0.0,0.0,0.0,0.0,0.0,0.0,0.0,0.0,0.0,0.0,0.0,0.0,0.0,0.0,0.0,0.0,0.0,0.0,0.0,0.0,0.0,,0.0,,0.0,0.0,0.0,0.0,0.0,0.0,0.0,0.0,0.0,12072.0,1.86,11482.0,LOW,0,2,13.1986,77.5659,378,321,1528.0,0,BANGALORE RURAL,BANGALORE RURAL,990923.0,509172.0,481751.0,0.0,0.0,213700.0,52903.0,688749.0,459891.0,69.51,946.1,0.0,21.57,5.34,46.41,50.27,6.96,5.75,9.39,1218.26,60.15,31.38,2.22,38.15,32.39,154.2
KARNATAKA,BELGAUM,2001,120,55.0,2,8,0,8.0,27,12.0,15.0,19,0.0,47,212.0,386,139,247.0,389,17,102,1.0,25,1002.0,4,62,0.0,125,0.0,21,2429,5053.0,,0.0,0.0,0.0,0.0,0.0,0.0,0.0,0.0,0.0,0.0,0.0,0.0,0.0,0.0,0.0,0.0,0.0,0.0,0.0,0.0,0.0,0.0,0.0,0.0,0.0,0.0,0.0,0.0,0.0,0.0,0.0,0.0,0.0,0.0,0.0,0.0,0.0,0.0,0.0,0.0,0.0,0.0,0.0,0.0,0.0,0.0,0.0,0.0,0.0,0.0,0.0,0.0,0.0,0.0,0.0,0.0,0.0,0.0,,0.0,,0.0,0.0,0.0,0.0,0.0,0.0,0.0,0.0,0.0,10527.0,0.0,10527.0,LOW,0,3,15.8497,74.4977,221,199,856.0,0,BELGAUM,BELGAUM,4779661.0,2423063.0,2356598.0,0.0,0.0,577418.0,297198.0,3052032.0,2105668.0,63.85,972.6,0.0,12.08,6.22,44.05,49.95,2.51,0.17,0.56,220.25,8.08,4.44,0.08,4.62,4.16,17.91
KARNATAKA,BELGAUM,2002,113,60.0,1,6,0,6.0,26,16.0,10.0,12,0.0,48,203.0,272,107,165.0,370,18,137,10.0,19,806.0,7,55,0.0,102,0.0,19,2442,4726.0,,0.0,0.0,0.0,0.0,0.0,0.0,0.0,0.0,0.0,0.0,0.0,0.0,0.0,0.0,0.0,0.0,0.0,0.0,0.0,0.0,0.0,0.0,0.0,0.0,0.0,0.0,0.0,0.0,0.0,0.0,0.0,0.0,0.0,0.0,0.0,0.0,0.0,0.0,0.0,0.0,0.0,0.0,0.0,0.0,0.0,0.0,0.0,0.0,0.0,0.0,0.0,0.0,0.0,0.0,0.0,0.0,0.0,0.0,,0.0,,0.0,0.0,0.0,0.0,0.0,0.0,0.0,0.0,0.0,9756.0,-7.32,10141.5,LOW,0,3,15.8497,74.4977,205,170,737.0,0,BELGAUM,BELGAUM,4779661.0,2423063.0,2356598.0,0.0,0.0,577418.0,297198.0,3052032.0,2105668.0,63.85,972.6,0.0,12.08,6.22,44.05,49.95,2.36,0.13,0.54,204.11,5.69,4.25,0.15,4.29,3.56,15.42
KARNATAKA,BELGAUM,2003,107,39.0,3,11,0,11.0,28,15.0,13.0,13,4.0,41,205.0,298,102,196.0,243,26,111,5.0,18,703.0,12,45,4.0,93,0.0,24,2461,4494.0,,0.0,0.0,0.0,0.0,0.0,0.0,0.0,0.0,0.0,0.0,0.0,0.0,0.0,0.0,0.0,0.0,0.0,0.0,0.0,0.0,0.0,0.0,0.0,0.0,0.0,0.0,0.0,0.0,0.0,0.0,0.0,0.0,0.0,0.0,0.0,0.0,0.0,0.0,0.0,0.0,0.0,0.0,0.0,0.0,0.0,0.0,0.0,0.0,0.0,0.0,0.0,0.0,0.0,0.0,0.0,0.0,0.0,0.0,,0.0,,0.0,0.0,0.0,0.0,0.0,0.0,0.0,0.0,0.0,9325.0,-4.42,9869.3,LOW,0,3,15.8497,74.4977,200,161,742.0,0,BELGAUM,BELGAUM,4779661.0,2423063.0,2356598.0,0.0,0.0,577418.0,297198.0,3052032.0,2105668.0,63.85,972.6,0.0,12.08,6.22,44.05,49.95,2.24,0.23,0.59,195.1,6.23,4.29,0.25,4.18,3.37,15.52
KARNATAKA,BELGAUM,2004,106,81.0,2,5,0,5.0,26,12.0,14.0,14,1.0,30,188.0,291,114,177.0,255,14,144,0.0,19,773.0,6,56,0.0,109,0.0,33,2504,4657.0,,0.0,0.0,0.0,0.0,0.0,0.0,0.0,0.0,0.0,0.0,0.0,0.0,0.0,0.0,0.0,0.0,0.0,0.0,0.0,0.0,0.0,0.0,0.0,0.0,0.0,0.0,0.0,0.0,0.0,0.0,0.0,0.0,0.0,0.0,0.0,0.0,0.0,0.0,0.0,0.0,0.0,0.0,0.0,0.0,0.0,0.0,0.0,0.0,0.0,0.0,0.0,0.0,0.0,0.0,0.0,0.0,0.0,0.0,,0.0,,0.0,0.0,0.0,0.0,0.0,0.0,0.0,0.0,0.0,9636.0,3.34,9572.3,LOW,0,3,15.8497,74.4977,181,176,751.0,0,BELGAUM,BELGAUM,4779661.0,2423063.0,2356598.0,0.0,0.0,577418.0,297198.0,3052032.0,2105668.0,63.85,972.6,0.0,12.08,6.22,44.05,49.95,2.22,0.1,0.54,201.6,6.09,3.93,0.13,3.79,3.68,15.71
KARNATAKA,BELGAUM,2005,116,79.0,1,13,0,13.0,41,26.0,15.0,11,2.0,36,234.0,363,137,226.0,311,14,141,4.0,23,816.0,10,74,0.0,108,0.0,34,3249,5680.0,,0.0,0.0,0.0,0.0,0.0,0.0,0.0,0.0,0.0,0.0,0.0,0.0,0.0,0.0,0.0,0.0,0.0,0.0,0.0,0.0,0.0,0.0,0.0,0.0,0.0,0.0,0.0,0.0,0.0,0.0,0.0,0.0,0.0,0.0,0.0,0.0,0.0,0.0,0.0,0.0,0.0,0.0,0.0,0.0,0.0,0.0,0.0,0.0,0.0,0.0,0.0,0.0,0.0,0.0,0.0,0.0,0.0,0.0,,0.0,,0.0,0.0,0.0,0.0,0.0,0.0,0.0,0.0,0.0,11777.0,22.22,10246.0,LOW,0,3,15.8497,74.4977,217,205,889.0,0,BELGAUM,BELGAUM,4779661.0,2423063.0,2356598.0,0.0,0.0,577418.0,297198.0,3052032.0,2105668.0,63.85,972.6,0.0,12.08,6.22,44.05,49.95,2.43,0.27,0.86,246.4,7.59,4.9,0.21,4.54,4.29,18.6
KARNATAKA,BELGAUM,2006,98,91.0,0,22,0,22.0,35,23.0,12.0,15,0.0,48,292.0,434,168,266.0,358,20,197,8.0,17,956.0,13,107,2.0,152,0.0,35,3243,6143.0,,0.0,0.0,0.0,0.0,0.0,0.0,0.0,0.0,0.0,0.0,0.0,0.0,0.0,0.0,0.0,0.0,0.0,0.0,0.0,0.0,0.0,0.0,0.0,0.0,0.0,0.0,0.0,0.0,0.0,0.0,0.0,0.0,0.0,0.0,0.0,0.0,0.0,0.0,0.0,0.0,0.0,0.0,0.0,0.0,0.0,0.0,0.0,0.0,0.0,0.0,0.0,0.0,0.0,0.0,0.0,0.0,0.0,0.0,,0.0,,0.0,0.0,0.0,0.0,0.0,0.0,0.0,0.0,0.0,12777.0,8.49,11396.7,LOW,0,3,15.8497,74.4977,218,294,1111.0,0,BELGAUM,BELGAUM,4779661.0,2423063.0,2356598.0,0.0,0.0,577418.0,297198.0,3052032.0,2105668.0,63.85,972.6,0.0,12.08,6.22,44.05,49.95,2.05,0.46,0.73,267.32,9.08,6.11,0.27,4.56,6.15,23.24
KARNATAKA,BELGAUM,2007,110,84.0,3,22,0,22.0,42,28.0,14.0,7,1.0,51,224.0,459,202,257.0,372,21,253,8.0,39,944.0,10,129,2.0,232,0.0,21,3744,6778.0,,0.0,0.0,0.0,0.0,0.0,0.0,0.0,0.0,0.0,0.0,0.0,0.0,0.0,0.0,0.0,0.0,0.0,0.0,0.0,0.0,0.0,0.0,0.0,0.0,0.0,0.0,0.0,0.0,0.0,0.0,0.0,0.0,0.0,0.0,0.0,0.0,0.0,0.0,0.0,0.0,0.0,0.0,0.0,0.0,0.0,0.0,0.0,0.0,0.0,0.0,0.0,0.0,0.0,0.0,0.0,0.0,0.0,0.0,,0.0,,0.0,0.0,0.0,0.0,0.0,0.0,0.0,0.0,0.0,14079.0,10.19,12877.7,LOW,0,3,15.8497,74.4977,232,393,1159.0,0,BELGAUM,BELGAUM,4779661.0,2423063.0,2356598.0,0.0,0.0,577418.0,297198.0,3052032.0,2105668.0,63.85,972.6,0.0,12.08,6.22,44.05,49.95,2.3,0.46,0.88,294.56,9.6,4.69,0.21,4.85,8.22,24.25
KARNATAKA,BELGAUM,2008,124,94.0,1,30,0,30.0,59,45.0,14.0,3,7.0,53,311.0,599,256,343.0,460,19,223,7.0,27,1049.0,9,180,9.0,233,0.0,36,3617,7150.0,,0.0,0.0,0.0,0.0,0.0,0.0,0.0,0.0,0.0,0.0,0.0,0.0,0.0,0.0,0.0,0.0,0.0,0.0,0.0,0.0,0.0,0.0,0.0,0.0,0.0,0.0,0.0,0.0,0.0,0.0,0.0,0.0,0.0,0.0,0.0,0.0,0.0,0.0,0.0,0.0,0.0,0.0,0.0,0.0,0.0,0.0,0.0,0.0,0.0,0.0,0.0,0.0,0.0,0.0,0.0,0.0,0.0,0.0,,0.0,,0.0,0.0,0.0,0.0,0.0,0.0,0.0,0.0,0.0,14988.0,6.46,13948.0,LOW,0,3,15.8497,74.4977,269,452,1408.0,0,BELGAUM,BELGAUM,4779661.0,2423063.0,2356598.0,0.0,0.0,577418.0,297198.0,3052032.0,2105668.0,63.85,972.6,0.0,12.08,6.22,44.05,49.95,2.59,0.63,1.23,313.58,12.53,6.51,0.19,5.63,9.46,29.46
KARNATAKA,BELGAUM,2009,106,92.0,2,39,0,39.0,60,43.0,17.0,16,8.0,76,342.0,534,265,269.0,488,25,242,7.0,20,1079.0,10,220,3.0,311,0.0,47,3588,7315.0,,0.0,0.0,0.0,0.0,0.0,0.0,0.0,0.0,0.0,0.0,0.0,0.0,0.0,0.0,0.0,0.0,0.0,0.0,0.0,0.0,0.0,0.0,0.0,0.0,0.0,0.0,0.0,0.0,0.0,0.0,0.0,0.0,0.0,0.0,0.0,0.0,0.0,0.0,0.0,0.0,0.0,0.0,0.0,0.0,0.0,0.0,0.0,0.0,0.0,0.0,0.0,0.0,0.0,0.0,0.0,0.0,0.0,0.0,,0.0,,0.0,0.0,0.0,0.0,0.0,0.0,0.0,0.0,0.0,15263.0,1.83,14776.7,LOW,0,3,15.8497,74.4977,297,580,1408.0,0,BELGAUM,BELGAUM,4779661.0,2423063.0,2356598.0,0.0,0.0,577418.0,297198.0,3052032.0,2105668.0,63.85,972.6,0.0,12.08,6.22,44.05,49.95,2.22,0.82,1.26,319.33,11.17,7.16,0.21,6.21,12.13,29.46
KARNATAKA,BELGAUM,2010,124,106.0,2,42,0,42.0,62,44.0,18.0,14,2.0,61,239.0,567,320,247.0,572,26,243,9.0,12,1053.0,10,222,8.0,273,0.0,39,3777,7463.0,,0.0,0.0,0.0,0.0,0.0,0.0,0.0,0.0,0.0,0.0,0.0,0.0,0.0,0.0,0.0,0.0,0.0,0.0,0.0,0.0,0.0,0.0,0.0,0.0,0.0,0.0,0.0,0.0,0.0,0.0,0.0,0.0,0.0,0.0,0.0,0.0,0.0,0.0,0.0,0.0,0.0,0.0,0.0,0.0,0.0,0.0,0.0,0.0,0.0,0.0,0.0,0.0,0.0,0.0,0.0,0.0,0.0,0.0,,0.0,,0.0,0.0,0.0,0.0,0.0,0.0,0.0,0.0,0.0,15597.0,2.19,15282.7,LOW,0,3,15.8497,74.4977,303,547,1395.0,0,BELGAUM,BELGAUM,4779661.0,2423063.0,2356598.0,0.0,0.0,577418.0,297198.0,3052032.0,2105668.0,63.85,972.6,0.0,12.08,6.22,44.05,49.95,2.59,0.88,1.3,326.32,11.86,5.0,0.21,6.34,11.44,29.19
KARNATAKA,BELGAUM,2011,136,121.0,2,45,0,45.0,53,32.0,21.0,7,2.0,83,284.0,499,281,218.0,552,15,298,1.0,23,1050.0,11,221,4.0,297,0.0,44,3645,7393.0,,0.0,0.0,0.0,0.0,0.0,0.0,0.0,0.0,0.0,0.0,0.0,0.0,0.0,0.0,0.0,0.0,0.0,0.0,0.0,0.0,0.0,0.0,0.0,0.0,0.0,0.0,0.0,0.0,0.0,0.0,0.0,0.0,0.0,0.0,0.0,0.0,0.0,0.0,0.0,0.0,0.0,0.0,0.0,0.0,0.0,0.0,0.0,0.0,0.0,0.0,0.0,0.0,0.0,0.0,0.0,0.0,0.0,0.0,,0.0,,0.0,0.0,0.0,0.0,0.0,0.0,0.0,0.0,0.0,15383.0,-1.37,15414.3,LOW,0,3,15.8497,74.4977,324,574,1377.0,0,BELGAUM,BELGAUM,4779661.0,2423063.0,2356598.0,0.0,0.0,577418.0,297198.0,3052032.0,2105668.0,63.85,972.6,0.0,12.08,6.22,44.05,49.95,2.85,0.94,1.11,321.84,10.44,5.94,0.23,6.78,12.01,28.81
KARNATAKA,BELGAUM,2012,142,120.0,3,37,0,37.0,54,34.0,20.0,7,0.0,80,214.0,428,236,192.0,460,27,339,3.0,26,888.0,5,205,9.0,307,0.0,29,3462,6845.0,,0.0,0.0,0.0,0.0,0.0,0.0,0.0,0.0,0.0,0.0,0.0,0.0,0.0,0.0,0.0,0.0,0.0,0.0,0.0,0.0,0.0,0.0,0.0,0.0,0.0,0.0,0.0,0.0,0.0,0.0,0.0,0.0,0.0,0.0,0.0,0.0,0.0,0.0,0.0,0.0,0.0,0.0,0.0,0.0,0.0,0.0,0.0,0.0,0.0,0.0,0.0,0.0,0.0,0.0,0.0,0.0,0.0,0.0,,0.0,,0.0,0.0,0.0,0.0,0.0,0.0,0.0,0.0,0.0,14209.0,-7.63,15063.0,LOW,0,3,15.8497,74.4977,320,554,1244.0,0,BELGAUM,BELGAUM,4779661.0,2423063.0,2356598.0,0.0,0.0,577418.0,297198.0,3052032.0,2105668.0,63.85,972.6,0.0,12.08,6.22,44.05,49.95,2.97,0.77,1.13,297.28,8.95,4.48,0.1,6.7,11.59,26.03
Karnataka,BELGAUM,2013,113,103.0,0,61,0,61.0,40,25.0,15.0,8,4.0,67,310.0,472,268,204.0,473,20,296,0.0,16,775.0,7,246,12.0,200,0.0,36,3335,6594.0,,0.0,0.0,0.0,0.0,0.0,0.0,0.0,0.0,0.0,0.0,0.0,0.0,0.0,0.0,0.0,0.0,0.0,0.0,0.0,0.0,0.0,0.0,0.0,0.0,0.0,0.0,0.0,0.0,0.0,0.0,0.0,0.0,0.0,0.0,0.0,0.0,0.0,0.0,0.0,0.0,0.0,0.0,0.0,0.0,0.0,0.0,0.0,0.0,0.0,0.0,0.0,0.0,0.0,0.0,0.0,0.0,0.0,0.0,,0.0,,0.0,0.0,0.0,0.0,0.0,0.0,0.0,0.0,0.0,13761.0,-3.15,14451.0,LOW,0,3,15.8497,74.4977,289,514,1366.0,0,BELGAUM,BELGAUM,4779661.0,2423063.0,2356598.0,0.0,0.0,577418.0,297198.0,3052032.0,2105668.0,63.85,972.6,0.0,12.08,6.22,44.05,49.95,2.36,1.28,0.84,287.91,9.88,6.49,0.15,6.05,10.75,28.58
KARNATAKA,BELLARY,2001,58,41.0,1,16,0,16.0,14,11.0,3.0,5,0.0,20,179.0,303,75,228.0,260,9,19,1.0,13,709.0,5,82,0.0,49,0.0,0,1445,3229.0,,0.0,0.0,0.0,0.0,0.0,0.0,0.0,0.0,0.0,0.0,0.0,0.0,0.0,0.0,0.0,0.0,0.0,0.0,0.0,0.0,0.0,0.0,0.0,0.0,0.0,0.0,0.0,0.0,0.0,0.0,0.0,0.0,0.0,0.0,0.0,0.0,0.0,0.0,0.0,0.0,0.0,0.0,0.0,0.0,0.0,0.0,0.0,0.0,0.0,0.0,0.0,0.0,0.0,0.0,0.0,0.0,0.0,0.0,,0.0,,0.0,0.0,0.0,0.0,0.0,0.0,0.0,0.0,0.0,6791.0,0.0,6791.0,LOW,0,4,15.1394,76.9214,113,152,585.0,0,BELLARY,BELLARY,2452595.0,1236954.0,1215641.0,0.0,0.0,517409.0,451406.0,1421621.0,1116880.0,57.96,982.8,0.0,21.1,18.41,45.54,58.66,2.36,0.65,0.57,276.89,12.35,7.3,0.2,4.61,6.2,23.85
KARNATAKA,BELLARY,2002,62,58.0,0,11,0,11.0,13,8.0,5.0,2,3.0,18,189.0,265,65,200.0,271,6,29,5.0,15,643.0,8,68,0.0,52,0.0,4,1366,3088.0,,0.0,0.0,0.0,0.0,0.0,0.0,0.0,0.0,0.0,0.0,0.0,0.0,0.0,0.0,0.0,0.0,0.0,0.0,0.0,0.0,0.0,0.0,0.0,0.0,0.0,0.0,0.0,0.0,0.0,0.0,0.0,0.0,0.0,0.0,0.0,0.0,0.0,0.0,0.0,0.0,0.0,0.0,0.0,0.0,0.0,0.0,0.0,0.0,0.0,0.0,0.0,0.0,0.0,0.0,0.0,0.0,0.0,0.0,,0.0,,0.0,0.0,0.0,0.0,0.0,0.0,0.0,0.0,0.0,6465.0,-4.8,6628.0,LOW,0,4,15.1394,76.9214,106,139,554.0,0,BELLARY,BELLARY,2452595.0,1236954.0,1215641.0,0.0,0.0,517409.0,451406.0,1421621.0,1116880.0,57.96,982.8,0.0,21.1,18.41,45.54,58.66,2.53,0.45,0.53,263.6,10.8,7.71,0.33,4.32,5.67,22.59
KARNATAKA,BELLARY,2003,48,41.0,0,14,0,14.0,12,6.0,6.0,3,2.0,16,128.0,265,49,216.0,218,6,34,1.0,14,528.0,2,58,0.0,36,0.0,3,1873,3302.0,,0.0,0.0,0.0,0.0,0.0,0.0,0.0,0.0,0.0,0.0,0.0,0.0,0.0,0.0,0.0,0.0,0.0,0.0,0.0,0.0,0.0,0.0,0.0,0.0,0.0,0.0,0.0,0.0,0.0,0.0,0.0,0.0,0.0,0.0,0.0,0.0,0.0,0.0,0.0,0.0,0.0,0.0,0.0,0.0,0.0,0.0,0.0,0.0,0.0,0.0,0.0,0.0,0.0,0.0,0.0,0.0,0.0,0.0,,0.0,,0.0,0.0,0.0,0.0,0.0,0.0,0.0,0.0,0.0,6895.0,6.65,6717.0,LOW,0,4,15.1394,76.9214,93,110,482.0,0,BELLARY,BELLARY,2452595.0,1236954.0,1215641.0,0.0,0.0,517409.0,451406.0,1421621.0,1116880.0,57.96,982.8,0.0,21.1,18.41,45.54,58.66,1.96,0.57,0.49,281.13,10.8,5.22,0.08,3.79,4.49,19.65
KARNATAKA,BELLARY,2004,42,31.0,1,5,0,5.0,17,12.0,5.0,3,1.0,13,118.0,295,70,225.0,219,6,43,1.0,8,518.0,5,38,1.0,44,0.0,8,2433,3850.0,,0.0,0.0,0.0,0.0,0.0,0.0,0.0,0.0,0.0,0.0,0.0,0.0,0.0,0.0,0.0,0.0,0.0,0.0,0.0,0.0,0.0,0.0,0.0,0.0,0.0,0.0,0.0,0.0,0.0,0.0,0.0,0.0,0.0,0.0,0.0,0.0,0.0,0.0,0.0,0.0,0.0,0.0,0.0,0.0,0.0,0.0,0.0,0.0,0.0,0.0,0.0,0.0,0.0,0.0,0.0,0.0,0.0,0.0,,0.0,,0.0,0.0,0.0,0.0,0.0,0.0,0.0,0.0,0.0,8017.0,16.27,7125.7,LOW,0,4,15.1394,76.9214,80,92,532.0,0,BELLARY,BELLARY,2452595.0,1236954.0,1215641.0,0.0,0.0,517409.0,451406.0,1421621.0,1116880.0,57.96,982.8,0.0,21.1,18.41,45.54,58.66,1.71,0.2,0.69,326.88,12.03,4.81,0.2,3.26,3.75,21.69
KARNATAKA,BELLARY,2005,58,35.0,0,17,0,17.0,21,16.0,5.0,4,1.0,31,166.0,304,115,189.0,263,12,93,2.0,17,627.0,5,53,0.0,60,0.0,7,2656,4432.0,,0.0,0.0,0.0,0.0,0.0,0.0,0.0,0.0,0.0,0.0,0.0,0.0,0.0,0.0,0.0,0.0,0.0,0.0,0.0,0.0,0.0,0.0,0.0,0.0,0.0,0.0,0.0,0.0,0.0,0.0,0.0,0.0,0.0,0.0,0.0,0.0,0.0,0.0,0.0,0.0,0.0,0.0,0.0,0.0,0.0,0.0,0.0,0.0,0.0,0.0,0.0,0.0,0.0,0.0,0.0,0.0,0.0,0.0,,0.0,,0.0,0.0,0.0,0.0,0.0,0.0,0.0,0.0,0.0,9206.0,14.83,8039.3,LOW,0,4,15.1394,76.9214,131,135,690.0,0,BELLARY,BELLARY,2452595.0,1236954.0,1215641.0,0.0,0.0,517409.0,451406.0,1421621.0,1116880.0,57.96,982.8,0.0,21.1,18.41,45.54,58.66,2.36,0.69,0.86,375.36,12.4,6.77,0.2,5.34,5.5,28.13
KARNATAKA,BELLARY,2006,56,44.0,1,15,0,15.0,23,22.0,1.0,5,3.0,31,155.0,268,96,172.0,224,15,49,5.0,5,566.0,13,59,0.0,70,0.0,8,2497,4112.0,,0.0,0.0,0.0,0.0,0.0,0.0,0.0,0.0,0.0,0.0,0.0,0.0,0.0,0.0,0.0,0.0,0.0,0.0,0.0,0.0,0.0,0.0,0.0,0.0,0.0,0.0,0.0,0.0,0.0,0.0,0.0,0.0,0.0,0.0,0.0,0.0,0.0,0.0,0.0,0.0,0.0,0.0,0.0,0.0,0.0,0.0,0.0,0.0,0.0,0.0,0.0,0.0,0.0,0.0,0.0,0.0,0.0,0.0,,0.0,,0.0,0.0,0.0,0.0,0.0,0.0,0.0,0.0,0.0,8530.0,-7.34,8584.3,LOW,0,4,15.1394,76.9214,130,157,583.0,0,BELLARY,BELLARY,2452595.0,1236954.0,1215641.0,0.0,0.0,517409.0,451406.0,1421621.0,1116880.0,57.96,982.8,0.0,21.1,18.41,45.54,58.66,2.28,0.61,0.94,347.79,10.93,6.32,0.53,5.3,6.4,23.77
KARNATAKA,BELLARY,2007,62,51.0,0,14,0,14.0,17,15.0,2.0,2,3.0,25,139.0,226,81,145.0,222,6,70,4.0,11,530.0,7,71,0.0,62,0.0,15,2099,3636.0,,0.0,0.0,0.0,0.0,0.0,0.0,0.0,0.0,0.0,0.0,0.0,0.0,0.0,0.0,0.0,0.0,0.0,0.0,0.0,0.0,0.0,0.0,0.0,0.0,0.0,0.0,0.0,0.0,0.0,0.0,0.0,0.0,0.0,0.0,0.0,0.0,0.0,0.0,0.0,0.0,0.0,0.0,0.0,0.0,0.0,0.0,0.0,0.0,0.0,0.0,0.0,0.0,0.0,0.0,0.0,0.0,0.0,0.0,,0.0,,0.0,0.0,0.0,0.0,0.0,0.0,0.0,0.0,0.0,7529.0,-11.74,8421.7,LOW,0,4,15.1394,76.9214,120,154,522.0,0,BELLARY,BELLARY,2452595.0,1236954.0,1215641.0,0.0,0.0,517409.0,451406.0,1421621.0,1116880.0,57.96,982.8,0.0,21.1,18.41,45.54,58.66,2.53,0.57,0.69,306.98,9.21,5.67,0.29,4.89,6.28,21.28
KARNATAKA,BELLARY,2008,46,47.0,1,11,0,11.0,19,10.0,9.0,5,0.0,24,123.0,284,135,149.0,189,20,48,0.0,7,497.0,10,41,0.0,49,0.0,9,1834,3264.0,,0.0,0.0,0.0,0.0,0.0,0.0,0.0,0.0,0.0,0.0,0.0,0.0,0.0,0.0,0.0,0.0,0.0,0.0,0.0,0.0,0.0,0.0,0.0,0.0,0.0,0.0,0.0,0.0,0.0,0.0,0.0,0.0,0.0,0.0,0.0,0.0,0.0,0.0,0.0,0.0,0.0,0.0,0.0,0.0,0.0,0.0,0.0,0.0,0.0,0.0,0.0,0.0,0.0,0.0,0.0,0.0,0.0,0.0,,0.0,,0.0,0.0,0.0,0.0,0.0,0.0,0.0,0.0,0.0,6842.0,-9.12,7633.7,LOW,0,4,15.1394,76.9214,105,111,610.0,0,BELLARY,BELLARY,2452595.0,1236954.0,1215641.0,0.0,0.0,517409.0,451406.0,1421621.0,1116880.0,57.96,982.8,0.0,21.1,18.41,45.54,58.66,1.88,0.45,0.77,278.97,11.58,5.02,0.41,4.28,4.53,24.87
KARNATAKA,BELLARY,2009,44,46.0,0,11,0,11.0,25,19.0,6.0,4,4.0,22,149.0,328,175,153.0,165,10,65,2.0,9,403.0,7,66,0.0,75,0.0,27,1747,3209.0,,0.0,0.0,0.0,0.0,0.0,0.0,0.0,0.0,0.0,0.0,0.0,0.0,0.0,0.0,0.0,0.0,0.0,0.0,0.0,0.0,0.0,0.0,0.0,0.0,0.0,0.0,0.0,0.0,0.0,0.0,0.0,0.0,0.0,0.0,0.0,0.0,0.0,0.0,0.0,0.0,0.0,0.0,0.0,0.0,0.0,0.0,0.0,0.0,0.0,0.0,0.0,0.0,0.0,0.0,0.0,0.0,0.0,0.0,,0.0,,0.0,0.0,0.0,0.0,0.0,0.0,0.0,0.0,0.0,6782.0,-0.88,7051.0,LOW,0,4,15.1394,76.9214,106,159,727.0,0,BELLARY,BELLARY,2452595.0,1236954.0,1215641.0,0.0,0.0,517409.0,451406.0,1421621.0,1116880.0,57.96,982.8,0.0,21.1,18.41,45.54,58.66,1.79,0.45,1.02,276.52,13.37,6.08,0.29,4.32,6.48,29.64
KARNATAKA,BELLARY,2010,58,40.0,0,12,0,12.0,20,15.0,5.0,8,1.0,28,150.0,270,179,91.0,228,9,77,5.0,16,440.0,13,80,0.0,99,0.0,16,1844,3414.0,,0.0,0.0,0.0,0.0,0.0,0.0,0.0,0.0,0.0,0.0,0.0,0.0,0.0,0.0,0.0,0.0,0.0,0.0,0.0,0.0,0.0,0.0,0.0,0.0,0.0,0.0,0.0,0.0,0.0,0.0,0.0,0.0,0.0,0.0,0.0,0.0,0.0,0.0,0.0,0.0,0.0,0.0,0.0,0.0,0.0,0.0,0.0,0.0,0.0,0.0,0.0,0.0,0.0,0.0,0.0,0.0,0.0,0.0,,0.0,,0.0,0.0,0.0,0.0,0.0,0.0,0.0,0.0,0.0,7130.0,5.13,6918.0,LOW,0,4,15.1394,76.9214,126,204,685.0,0,BELLARY,BELLARY,2452595.0,1236954.0,1215641.0,0.0,0.0,517409.0,451406.0,1421621.0,1116880.0,57.96,982.8,0.0,21.1,18.41,45.54,58.66,2.36,0.49,0.82,290.71,11.01,6.12,0.53,5.14,8.32,27.93
KARNATAKA,BELLARY,2011,58,57.0,1,6,0,6.0,21,15.0,6.0,5,2.0,31,164.0,364,230,134.0,193,18,91,3.0,5,391.0,15,65,1.0,103,1.0,29,1581,3205.0,,0.0,0.0,0.0,0.0,0.0,0.0,0.0,0.0,0.0,0.0,0.0,0.0,0.0,0.0,0.0,0.0,0.0,0.0,0.0,0.0,0.0,0.0,0.0,0.0,0.0,0.0,0.0,0.0,0.0,0.0,0.0,0.0,0.0,0.0,0.0,0.0,0.0,0.0,0.0,0.0,0.0,0.0,0.0,0.0,0.0,0.0,0.0,0.0,0.0,0.0,0.0,0.0,0.0,0.0,0.0,0.0,0.0,0.0,,0.0,,0.0,0.0,0.0,0.0,0.0,0.0,0.0,0.0,0.0,6801.0,-4.61,6904.3,LOW,0,4,15.1394,76.9214,121,189,867.0,0,BELLARY,BELLARY,2452595.0,1236954.0,1215641.0,0.0,0.0,517409.0,451406.0,1421621.0,1116880.0,57.96,982.8,0.0,21.1,18.41,45.54,58.66,2.36,0.24,0.86,277.3,14.84,6.69,0.61,4.93,7.71,35.35
KARNATAKA,BELLARY,2012,54,46.0,2,18,0,18.0,31,24.0,7.0,6,0.0,44,151.0,347,210,137.0,228,10,102,3.0,11,368.0,9,48,0.0,104,0.0,32,1498,3112.0,,0.0,0.0,0.0,0.0,0.0,0.0,0.0,0.0,0.0,0.0,0.0,0.0,0.0,0.0,0.0,0.0,0.0,0.0,0.0,0.0,0.0,0.0,0.0,0.0,0.0,0.0,0.0,0.0,0.0,0.0,0.0,0.0,0.0,0.0,0.0,0.0,0.0,0.0,0.0,0.0,0.0,0.0,0.0,0.0,0.0,0.0,0.0,0.0,0.0,0.0,0.0,0.0,0.0,0.0,0.0,0.0,0.0,0.0,,0.0,,0.0,0.0,0.0,0.0,0.0,0.0,0.0,0.0,0.0,6620.0,-2.66,6850.3,LOW,0,4,15.1394,76.9214,153,179,820.0,0,BELLARY,BELLARY,2452595.0,1236954.0,1215641.0,0.0,0.0,517409.0,451406.0,1421621.0,1116880.0,57.96,982.8,0.0,21.1,18.41,45.54,58.66,2.2,0.73,1.26,269.92,14.15,6.16,0.37,6.24,7.3,33.43
Karnataka,BELLARY,2013,57,41.0,0,36,0,36.0,58,23.0,35.0,7,1.0,53,177.0,351,205,146.0,206,25,214,0.0,3,414.0,5,99,0.0,58,0.0,3,1461,3269.0,,0.0,0.0,0.0,0.0,0.0,0.0,0.0,0.0,0.0,0.0,0.0,0.0,0.0,0.0,0.0,0.0,0.0,0.0,0.0,0.0,0.0,0.0,0.0,0.0,0.0,0.0,0.0,0.0,0.0,0.0,0.0,0.0,0.0,0.0,0.0,0.0,0.0,0.0,0.0,0.0,0.0,0.0,0.0,0.0,0.0,0.0,0.0,0.0,0.0,0.0,0.0,0.0,0.0,0.0,0.0,0.0,0.0,0.0,,0.0,,0.0,0.0,0.0,0.0,0.0,0.0,0.0,0.0,0.0,6983.0,5.48,6801.3,LOW,0,4,15.1394,76.9214,211,198,972.0,0,BELLARY,BELLARY,2452595.0,1236954.0,1215641.0,0.0,0.0,517409.0,451406.0,1421621.0,1116880.0,57.96,982.8,0.0,21.1,18.41,45.54,58.66,2.32,1.47,2.36,284.72,14.31,7.22,0.2,8.6,8.07,39.63
KARNATAKA,BIDAR,2001,48,58.0,4,7,0,7.0,19,10.0,9.0,7,2.0,36,154.0,202,45,157.0,163,7,33,0.0,21,1015.0,2,90,3.0,51,0.0,0,2449,4371.0,,0.0,0.0,0.0,0.0,0.0,0.0,0.0,0.0,0.0,0.0,0.0,0.0,0.0,0.0,0.0,0.0,0.0,0.0,0.0,0.0,0.0,0.0,0.0,0.0,0.0,0.0,0.0,0.0,0.0,0.0,0.0,0.0,0.0,0.0,0.0,0.0,0.0,0.0,0.0,0.0,0.0,0.0,0.0,0.0,0.0,0.0,0.0,0.0,0.0,0.0,0.0,0.0,0.0,0.0,0.0,0.0,0.0,0.0,,0.0,,0.0,0.0,0.0,0.0,0.0,0.0,0.0,0.0,0.0,8970.0,0.0,8970.0,LOW,0,5,17.9104,77.5199,117,150,441.0,0,BIDAR,BIDAR,1703300.0,870665.0,832635.0,0.0,0.0,399785.0,235822.0,1042673.0,702608.0,61.21,956.3,0.0,23.47,13.85,41.25,56.71,2.82,0.41,1.12,526.62,11.86,9.04,0.12,6.87,8.81,25.89
KARNATAKA,BIDAR,2002,49,62.0,0,8,0,8.0,23,13.0,10.0,6,5.0,29,222.0,208,42,166.0,166,4,31,0.0,29,1020.0,10,85,2.0,64,0.0,0,2394,4417.0,,0.0,0.0,0.0,0.0,0.0,0.0,0.0,0.0,0.0,0.0,0.0,0.0,0.0,0.0,0.0,0.0,0.0,0.0,0.0,0.0,0.0,0.0,0.0,0.0,0.0,0.0,0.0,0.0,0.0,0.0,0.0,0.0,0.0,0.0,0.0,0.0,0.0,0.0,0.0,0.0,0.0,0.0,0.0,0.0,0.0,0.0,0.0,0.0,0.0,0.0,0.0,0.0,0.0,0.0,0.0,0.0,0.0,0.0,,0.0,,0.0,0.0,0.0,0.0,0.0,0.0,0.0,0.0,0.0,9073.0,1.15,9021.5,LOW,0,5,17.9104,77.5199,115,167,507.0,0,BIDAR,BIDAR,1703300.0,870665.0,832635.0,0.0,0.0,399785.0,235822.0,1042673.0,702608.0,61.21,956.3,0.0,23.47,13.85,41.25,56.71,2.88,0.47,1.35,532.67,12.21,13.03,0.59,6.75,9.8,29.77
KARNATAKA,BIDAR,2003,37,57.0,3,6,0,6.0,22,17.0,5.0,8,2.0,43,210.0,226,46,180.0,144,8,36,3.0,27,1142.0,5,45,3.0,67,0.0,0,1975,4069.0,,0.0,0.0,0.0,0.0,0.0,0.0,0.0,0.0,0.0,0.0,0.0,0.0,0.0,0.0,0.0,0.0,0.0,0.0,0.0,0.0,0.0,0.0,0.0,0.0,0.0,0.0,0.0,0.0,0.0,0.0,0.0,0.0,0.0,0.0,0.0,0.0,0.0,0.0,0.0,0.0,0.0,0.0,0.0,0.0,0.0,0.0,0.0,0.0,0.0,0.0,0.0,0.0,0.0,0.0,0.0,0.0,0.0,0.0,,0.0,,0.0,0.0,0.0,0.0,0.0,0.0,0.0,0.0,0.0,8392.0,-7.51,8811.7,LOW,0,5,17.9104,77.5199,116,123,526.0,0,BIDAR,BIDAR,1703300.0,870665.0,832635.0,0.0,0.0,399785.0,235822.0,1042673.0,702608.0,61.21,956.3,0.0,23.47,13.85,41.25,56.71,2.17,0.35,1.29,492.69,13.27,12.33,0.29,6.81,7.22,30.88
KARNATAKA,BIDAR,2004,40,94.0,1,8,0,8.0,25,16.0,9.0,9,1.0,20,155.0,246,47,199.0,187,7,37,2.0,14,1112.0,8,27,2.0,47,0.0,0,2003,4045.0,,0.0,0.0,0.0,0.0,0.0,0.0,0.0,0.0,0.0,0.0,0.0,0.0,0.0,0.0,0.0,0.0,0.0,0.0,0.0,0.0,0.0,0.0,0.0,0.0,0.0,0.0,0.0,0.0,0.0,0.0,0.0,0.0,0.0,0.0,0.0,0.0,0.0,0.0,0.0,0.0,0.0,0.0,0.0,0.0,0.0,0.0,0.0,0.0,0.0,0.0,0.0,0.0,0.0,0.0,0.0,0.0,0.0,0.0,,0.0,,0.0,0.0,0.0,0.0,0.0,0.0,0.0,0.0,0.0,8369.0,-0.27,8611.3,LOW,0,5,17.9104,77.5199,102,90,492.0,0,BIDAR,BIDAR,1703300.0,870665.0,832635.0,0.0,0.0,399785.0,235822.0,1042673.0,702608.0,61.21,956.3,0.0,23.47,13.85,41.25,56.71,2.35,0.47,1.47,491.34,14.44,9.1,0.47,5.99,5.28,28.89
KARNATAKA,BIDAR,2005,38,44.0,1,5,0,5.0,12,8.0,4.0,2,0.0,22,136.0,183,31,152.0,165,19,34,2.0,9,1056.0,10,44,3.0,53,0.0,0,1751,3589.0,,0.0,0.0,0.0,0.0,0.0,0.0,0.0,0.0,0.0,0.0,0.0,0.0,0.0,0.0,0.0,0.0,0.0,0.0,0.0,0.0,0.0,0.0,0.0,0.0,0.0,0.0,0.0,0.0,0.0,0.0,0.0,0.0,0.0,0.0,0.0,0.0,0.0,0.0,0.0,0.0,0.0,0.0,0.0,0.0,0.0,0.0,0.0,0.0,0.0,0.0,0.0,0.0,0.0,0.0,0.0,0.0,0.0,0.0,,0.0,,0.0,0.0,0.0,0.0,0.0,0.0,0.0,0.0,0.0,7378.0,-11.84,8046.3,LOW,0,5,17.9104,77.5199,79,112,403.0,0,BIDAR,BIDAR,1703300.0,870665.0,832635.0,0.0,0.0,399785.0,235822.0,1042673.0,702608.0,61.21,956.3,0.0,23.47,13.85,41.25,56.71,2.23,0.29,0.7,433.16,10.74,7.98,0.59,4.64,6.58,23.66
KARNATAKA,BIDAR,2006,38,53.0,6,8,0,8.0,20,13.0,7.0,6,0.0,20,148.0,232,53,179.0,209,11,39,1.0,18,1079.0,10,82,2.0,69,0.0,0,1532,3583.0,,0.0,0.0,0.0,0.0,0.0,0.0,0.0,0.0,0.0,0.0,0.0,0.0,0.0,0.0,0.0,0.0,0.0,0.0,0.0,0.0,0.0,0.0,0.0,0.0,0.0,0.0,0.0,0.0,0.0,0.0,0.0,0.0,0.0,0.0,0.0,0.0,0.0,0.0,0.0,0.0,0.0,0.0,0.0,0.0,0.0,0.0,0.0,0.0,0.0,0.0,0.0,0.0,0.0,0.0,0.0,0.0,0.0,0.0,,0.0,,0.0,0.0,0.0,0.0,0.0,0.0,0.0,0.0,0.0,7426.0,0.65,7724.3,LOW,0,5,17.9104,77.5199,92,169,483.0,0,BIDAR,BIDAR,1703300.0,870665.0,832635.0,0.0,0.0,399785.0,235822.0,1042673.0,702608.0,61.21,956.3,0.0,23.47,13.85,41.25,56.71,2.23,0.47,1.17,435.98,13.62,8.69,0.59,5.4,9.92,28.36
KARNATAKA,BIDAR,2007,42,46.0,11,11,0,11.0,26,20.0,6.0,7,0.0,25,160.0,197,55,142.0,172,7,22,2.0,19,946.0,4,103,1.0,81,0.0,0,1757,3639.0,,0.0,0.0,0.0,0.0,0.0,0.0,0.0,0.0,0.0,0.0,0.0,0.0,0.0,0.0,0.0,0.0,0.0,0.0,0.0,0.0,0.0,0.0,0.0,0.0,0.0,0.0,0.0,0.0,0.0,0.0,0.0,0.0,0.0,0.0,0.0,0.0,0.0,0.0,0.0,0.0,0.0,0.0,0.0,0.0,0.0,0.0,0.0,0.0,0.0,0.0,0.0,0.0,0.0,0.0,0.0,0.0,0.0,0.0,,0.0,,0.0,0.0,0.0,0.0,0.0,0.0,0.0,0.0,0.0,7512.0,1.16,7438.7,LOW,0,5,17.9104,77.5199,111,199,441.0,0,BIDAR,BIDAR,1703300.0,870665.0,832635.0,0.0,0.0,399785.0,235822.0,1042673.0,702608.0,61.21,956.3,0.0,23.47,13.85,41.25,56.71,2.47,0.65,1.53,441.03,11.57,9.39,0.23,6.52,11.68,25.89
KARNATAKA,BIDAR,2008,28,36.0,1,7,0,7.0,23,17.0,6.0,3,0.0,24,147.0,203,57,146.0,135,12,37,1.0,15,899.0,11,105,2.0,55,0.0,18,1601,3363.0,,0.0,0.0,0.0,0.0,0.0,0.0,0.0,0.0,0.0,0.0,0.0,0.0,0.0,0.0,0.0,0.0,0.0,0.0,0.0,0.0,0.0,0.0,0.0,0.0,0.0,0.0,0.0,0.0,0.0,0.0,0.0,0.0,0.0,0.0,0.0,0.0,0.0,0.0,0.0,0.0,0.0,0.0,0.0,0.0,0.0,0.0,0.0,0.0,0.0,0.0,0.0,0.0,0.0,0.0,0.0,0.0,0.0,0.0,,0.0,,0.0,0.0,0.0,0.0,0.0,0.0,0.0,0.0,0.0,6959.0,-7.36,7299.0,LOW,0,5,17.9104,77.5199,85,178,456.0,0,BIDAR,BIDAR,1703300.0,870665.0,832635.0,0.0,0.0,399785.0,235822.0,1042673.0,702608.0,61.21,956.3,0.0,23.47,13.85,41.25,56.71,1.64,0.41,1.35,408.56,11.92,8.63,0.65,4.99,10.45,26.77
KARNATAKA,BIDAR,2009,22,41.0,2,12,0,12.0,14,4.0,10.0,3,1.0,22,133.0,157,57,100.0,110,12,36,0.0,14,912.0,3,38,0.0,81,0.0,9,1972,3594.0,,0.0,0.0,0.0,0.0,0.0,0.0,0.0,0.0,0.0,0.0,0.0,0.0,0.0,0.0,0.0,0.0,0.0,0.0,0.0,0.0,0.0,0.0,0.0,0.0,0.0,0.0,0.0,0.0,0.0,0.0,0.0,0.0,0.0,0.0,0.0,0.0,0.0,0.0,0.0,0.0,0.0,0.0,0.0,0.0,0.0,0.0,0.0,0.0,0.0,0.0,0.0,0.0,0.0,0.0,0.0,0.0,0.0,0.0,,0.0,,0.0,0.0,0.0,0.0,0.0,0.0,0.0,0.0,0.0,7371.0,5.92,7280.7,LOW,0,5,17.9104,77.5199,73,134,395.0,0,BIDAR,BIDAR,1703300.0,870665.0,832635.0,0.0,0.0,399785.0,235822.0,1042673.0,702608.0,61.21,956.3,0.0,23.47,13.85,41.25,56.71,1.29,0.7,0.82,432.75,9.22,7.81,0.18,4.29,7.87,23.19
KARNATAKA,BIDAR,2010,41,39.0,1,8,0,8.0,26,19.0,7.0,5,0.0,17,114.0,149,54,95.0,165,16,48,2.0,15,882.0,6,26,1.0,88,0.0,8,1942,3599.0,,0.0,0.0,0.0,0.0,0.0,0.0,0.0,0.0,0.0,0.0,0.0,0.0,0.0,0.0,0.0,0.0,0.0,0.0,0.0,0.0,0.0,0.0,0.0,0.0,0.0,0.0,0.0,0.0,0.0,0.0,0.0,0.0,0.0,0.0,0.0,0.0,0.0,0.0,0.0,0.0,0.0,0.0,0.0,0.0,0.0,0.0,0.0,0.0,0.0,0.0,0.0,0.0,0.0,0.0,0.0,0.0,0.0,0.0,,0.0,,0.0,0.0,0.0,0.0,0.0,0.0,0.0,0.0,0.0,7381.0,0.14,7237.0,LOW,0,5,17.9104,77.5199,97,128,381.0,0,BIDAR,BIDAR,1703300.0,870665.0,832635.0,0.0,0.0,399785.0,235822.0,1042673.0,702608.0,61.21,956.3,0.0,23.47,13.85,41.25,56.71,2.41,0.47,1.53,433.34,8.75,6.69,0.35,5.69,7.51,22.37
KARNATAKA,BIDAR,2011,51,33.0,1,14,0,14.0,13,11.0,2.0,2,2.0,9,121.0,137,51,86.0,150,9,51,0.0,11,896.0,7,27,2.0,77,0.0,11,1847,3471.0,,0.0,0.0,0.0,0.0,0.0,0.0,0.0,0.0,0.0,0.0,0.0,0.0,0.0,0.0,0.0,0.0,0.0,0.0,0.0,0.0,0.0,0.0,0.0,0.0,0.0,0.0,0.0,0.0,0.0,0.0,0.0,0.0,0.0,0.0,0.0,0.0,0.0,0.0,0.0,0.0,0.0,0.0,0.0,0.0,0.0,0.0,0.0,0.0,0.0,0.0,0.0,0.0,0.0,0.0,0.0,0.0,0.0,0.0,,0.0,,0.0,0.0,0.0,0.0,0.0,0.0,0.0,0.0,0.0,7106.0,-3.73,7286.0,LOW,0,5,17.9104,77.5199,89,125,369.0,0,BIDAR,BIDAR,1703300.0,870665.0,832635.0,0.0,0.0,399785.0,235822.0,1042673.0,702608.0,61.21,956.3,0.0,23.47,13.85,41.25,56.71,2.99,0.82,0.76,417.19,8.04,7.1,0.41,5.23,7.34,21.66
KARNATAKA,BIDAR,2012,38,39.0,0,11,0,11.0,30,24.0,6.0,1,2.0,32,102.0,173,68,105.0,168,9,72,1.0,17,759.0,10,40,2.0,99,0.0,9,2044,3658.0,,0.0,0.0,0.0,0.0,0.0,0.0,0.0,0.0,0.0,0.0,0.0,0.0,0.0,0.0,0.0,0.0,0.0,0.0,0.0,0.0,0.0,0.0,0.0,0.0,0.0,0.0,0.0,0.0,0.0,0.0,0.0,0.0,0.0,0.0,0.0,0.0,0.0,0.0,0.0,0.0,0.0,0.0,0.0,0.0,0.0,0.0,0.0,0.0,0.0,0.0,0.0,0.0,0.0,0.0,0.0,0.0,0.0,0.0,,0.0,,0.0,0.0,0.0,0.0,0.0,0.0,0.0,0.0,0.0,7530.0,5.97,7339.0,LOW,0,5,17.9104,77.5199,112,160,424.0,0,BIDAR,BIDAR,1703300.0,870665.0,832635.0,0.0,0.0,399785.0,235822.0,1042673.0,702608.0,61.21,956.3,0.0,23.47,13.85,41.25,56.71,2.23,0.65,1.76,442.08,10.16,5.99,0.59,6.58,9.39,24.89
Karnataka,BIDAR,2013,40,47.0,7,18,0,18.0,34,31.0,3.0,3,2.0,30,107.0,171,75,96.0,207,4,53,3.0,15,941.0,7,82,9.0,112,0.0,13,2058,3963.0,,0.0,0.0,0.0,0.0,0.0,0.0,0.0,0.0,0.0,0.0,0.0,0.0,0.0,0.0,0.0,0.0,0.0,0.0,0.0,0.0,0.0,0.0,0.0,0.0,0.0,0.0,0.0,0.0,0.0,0.0,0.0,0.0,0.0,0.0,0.0,0.0,0.0,0.0,0.0,0.0,0.0,0.0,0.0,0.0,0.0,0.0,0.0,0.0,0.0,0.0,0.0,0.0,0.0,0.0,0.0,0.0,0.0,0.0,,0.0,,0.0,0.0,0.0,0.0,0.0,0.0,0.0,0.0,0.0,8149.0,8.22,7595.0,LOW,0,5,17.9104,77.5199,125,219,410.0,0,BIDAR,BIDAR,1703300.0,870665.0,832635.0,0.0,0.0,399785.0,235822.0,1042673.0,702608.0,61.21,956.3,0.0,23.47,13.85,41.25,56.71,2.35,1.06,2.0,478.42,10.04,6.28,0.41,7.34,12.86,24.07
KARNATAKA,BIJAPUR,2001,51,47.0,4,6,0,6.0,24,19.0,5.0,5,0.0,21,108.0,202,34,168.0,396,5,19,3.0,34,695.0,1,65,0.0,92,0.0,0,1163,2941.0,,0.0,0.0,0.0,0.0,0.0,0.0,0.0,0.0,0.0,0.0,0.0,0.0,0.0,0.0,0.0,0.0,0.0,0.0,0.0,0.0,0.0,0.0,0.0,0.0,0.0,0.0,0.0,0.0,0.0,0.0,0.0,0.0,0.0,0.0,0.0,0.0,0.0,0.0,0.0,0.0,0.0,0.0,0.0,0.0,0.0,0.0,0.0,0.0,0.0,0.0,0.0,0.0,0.0,0.0,0.0,0.0,0.0,0.0,,0.0,,0.0,0.0,0.0,0.0,0.0,0.0,0.0,0.0,0.0,6114.0,0.0,6114.0,LOW,0,6,16.8302,75.71,107,164,368.0,0,BIJAPUR,BIJAPUR,2177331.0,1111022.0,1066309.0,0.0,0.0,442773.0,39314.0,1248268.0,927722.0,57.33,959.8,0.0,20.34,1.81,42.61,53.71,2.34,0.28,1.1,280.8,9.28,4.96,0.05,4.91,7.53,16.9
KARNATAKA,BIJAPUR,2002,62,53.0,2,3,0,3.0,30,24.0,6.0,12,0.0,22,138.0,117,32,85.0,326,4,23,0.0,27,645.0,5,71,0.0,90,0.0,0,1132,2762.0,,0.0,0.0,0.0,0.0,0.0,0.0,0.0,0.0,0.0,0.0,0.0,0.0,0.0,0.0,0.0,0.0,0.0,0.0,0.0,0.0,0.0,0.0,0.0,0.0,0.0,0.0,0.0,0.0,0.0,0.0,0.0,0.0,0.0,0.0,0.0,0.0,0.0,0.0,0.0,0.0,0.0,0.0,0.0,0.0,0.0,0.0,0.0,0.0,0.0,0.0,0.0,0.0,0.0,0.0,0.0,0.0,0.0,0.0,,0.0,,0.0,0.0,0.0,0.0,0.0,0.0,0.0,0.0,0.0,5674.0,-7.2,5894.0,LOW,0,6,16.8302,75.71,129,169,314.0,0,BIJAPUR,BIJAPUR,2177331.0,1111022.0,1066309.0,0.0,0.0,442773.0,39314.0,1248268.0,927722.0,57.33,959.8,0.0,20.34,1.81,42.61,53.71,2.85,0.14,1.38,260.59,5.37,6.34,0.23,5.92,7.76,14.42
KARNATAKA,BIJAPUR,2003,55,33.0,2,9,0,9.0,18,11.0,7.0,5,0.0,15,108.0,115,40,75.0,226,1,22,2.0,13,634.0,4,68,0.0,83,0.0,0,2870,4283.0,,0.0,0.0,0.0,0.0,0.0,0.0,0.0,0.0,0.0,0.0,0.0,0.0,0.0,0.0,0.0,0.0,0.0,0.0,0.0,0.0,0.0,0.0,0.0,0.0,0.0,0.0,0.0,0.0,0.0,0.0,0.0,0.0,0.0,0.0,0.0,0.0,0.0,0.0,0.0,0.0,0.0,0.0,0.0,0.0,0.0,0.0,0.0,0.0,0.0,0.0,0.0,0.0,0.0,0.0,0.0,0.0,0.0,0.0,,0.0,,0.0,0.0,0.0,0.0,0.0,0.0,0.0,0.0,0.0,8708.0,53.47,6832.0,LOW,0,6,16.8302,75.71,102,164,286.0,0,BIJAPUR,BIJAPUR,2177331.0,1111022.0,1066309.0,0.0,0.0,442773.0,39314.0,1248268.0,927722.0,57.33,959.8,0.0,20.34,1.81,42.61,53.71,2.53,0.41,0.83,399.94,5.28,4.96,0.18,4.68,7.53,13.14
KARNATAKA,BIJAPUR,2004,66,49.0,4,8,0,8.0,21,11.0,10.0,6,1.0,16,123.0,121,45,76.0,242,5,29,0.0,19,621.0,2,96,0.0,73,0.0,0,1607,3109.0,,0.0,0.0,0.0,0.0,0.0,0.0,0.0,0.0,0.0,0.0,0.0,0.0,0.0,0.0,0.0,0.0,0.0,0.0,0.0,0.0,0.0,0.0,0.0,0.0,0.0,0.0,0.0,0.0,0.0,0.0,0.0,0.0,0.0,0.0,0.0,0.0,0.0,0.0,0.0,0.0,0.0,0.0,0.0,0.0,0.0,0.0,0.0,0.0,0.0,0.0,0.0,0.0,0.0,0.0,0.0,0.0,0.0,0.0,,0.0,,0.0,0.0,0.0,0.0,0.0,0.0,0.0,0.0,0.0,6368.0,-26.87,6916.7,LOW,0,6,16.8302,75.71,117,179,323.0,0,BIJAPUR,BIJAPUR,2177331.0,1111022.0,1066309.0,0.0,0.0,442773.0,39314.0,1248268.0,927722.0,57.33,959.8,0.0,20.34,1.81,42.61,53.71,3.03,0.37,0.96,292.47,5.56,5.65,0.09,5.37,8.22,14.83
KARNATAKA,BIJAPUR,2005,49,61.0,2,18,0,18.0,22,16.0,6.0,6,7.0,18,149.0,154,54,100.0,326,11,40,1.0,12,678.0,0,93,0.0,105,0.0,0,1263,3015.0,,0.0,0.0,0.0,0.0,0.0,0.0,0.0,0.0,0.0,0.0,0.0,0.0,0.0,0.0,0.0,0.0,0.0,0.0,0.0,0.0,0.0,0.0,0.0,0.0,0.0,0.0,0.0,0.0,0.0,0.0,0.0,0.0,0.0,0.0,0.0,0.0,0.0,0.0,0.0,0.0,0.0,0.0,0.0,0.0,0.0,0.0,0.0,0.0,0.0,0.0,0.0,0.0,0.0,0.0,0.0,0.0,0.0,0.0,,0.0,,0.0,0.0,0.0,0.0,0.0,0.0,0.0,0.0,0.0,6224.0,-2.26,7100.0,LOW,0,6,16.8302,75.71,113,216,408.0,0,BIJAPUR,BIJAPUR,2177331.0,1111022.0,1066309.0,0.0,0.0,442773.0,39314.0,1248268.0,927722.0,57.33,959.8,0.0,20.34,1.81,42.61,53.71,2.25,0.83,1.01,285.85,7.07,6.84,0.0,5.19,9.92,18.74
KARNATAKA,BIJAPUR,2006,63,59.0,0,18,0,18.0,26,19.0,7.0,2,12.0,22,123.0,153,38,115.0,319,16,64,1.0,17,622.0,4,89,0.0,126,0.0,0,1426,3162.0,,0.0,0.0,0.0,0.0,0.0,0.0,0.0,0.0,0.0,0.0,0.0,0.0,0.0,0.0,0.0,0.0,0.0,0.0,0.0,0.0,0.0,0.0,0.0,0.0,0.0,0.0,0.0,0.0,0.0,0.0,0.0,0.0,0.0,0.0,0.0,0.0,0.0,0.0,0.0,0.0,0.0,0.0,0.0,0.0,0.0,0.0,0.0,0.0,0.0,0.0,0.0,0.0,0.0,0.0,0.0,0.0,0.0,0.0,,0.0,,0.0,0.0,0.0,0.0,0.0,0.0,0.0,0.0,0.0,6521.0,4.77,6371.0,LOW,0,6,16.8302,75.71,131,237,394.0,0,BIJAPUR,BIJAPUR,2177331.0,1111022.0,1066309.0,0.0,0.0,442773.0,39314.0,1248268.0,927722.0,57.33,959.8,0.0,20.34,1.81,42.61,53.71,2.89,0.83,1.19,299.5,7.03,5.65,0.18,6.02,10.88,18.1
KARNATAKA,BIJAPUR,2007,49,28.0,1,17,0,17.0,30,13.0,17.0,2,10.0,31,129.0,155,45,110.0,298,6,72,3.0,23,690.0,2,80,0.0,145,0.0,0,1447,3218.0,,0.0,0.0,0.0,0.0,0.0,0.0,0.0,0.0,0.0,0.0,0.0,0.0,0.0,0.0,0.0,0.0,0.0,0.0,0.0,0.0,0.0,0.0,0.0,0.0,0.0,0.0,0.0,0.0,0.0,0.0,0.0,0.0,0.0,0.0,0.0,0.0,0.0,0.0,0.0,0.0,0.0,0.0,0.0,0.0,0.0,0.0,0.0,0.0,0.0,0.0,0.0,0.0,0.0,0.0,0.0,0.0,0.0,0.0,,0.0,,0.0,0.0,0.0,0.0,0.0,0.0,0.0,0.0,0.0,6638.0,1.79,6461.0,LOW,0,6,16.8302,75.71,129,244,407.0,0,BIJAPUR,BIJAPUR,2177331.0,1111022.0,1066309.0,0.0,0.0,442773.0,39314.0,1248268.0,927722.0,57.33,959.8,0.0,20.34,1.81,42.61,53.71,2.25,0.78,1.38,304.87,7.12,5.92,0.09,5.92,11.21,18.69
KARNATAKA,BIJAPUR,2008,83,73.0,0,19,0,19.0,23,17.0,6.0,6,5.0,19,146.0,151,75,76.0,313,15,55,0.0,20,592.0,1,83,0.0,135,0.0,0,1386,3125.0,,0.0,0.0,0.0,0.0,0.0,0.0,0.0,0.0,0.0,0.0,0.0,0.0,0.0,0.0,0.0,0.0,0.0,0.0,0.0,0.0,0.0,0.0,0.0,0.0,0.0,0.0,0.0,0.0,0.0,0.0,0.0,0.0,0.0,0.0,0.0,0.0,0.0,0.0,0.0,0.0,0.0,0.0,0.0,0.0,0.0,0.0,0.0,0.0,0.0,0.0,0.0,0.0,0.0,0.0,0.0,0.0,0.0,0.0,,0.0,,0.0,0.0,0.0,0.0,0.0,0.0,0.0,0.0,0.0,6443.0,-2.94,6534.0,LOW,0,6,16.8302,75.71,150,238,442.0,0,BIJAPUR,BIJAPUR,2177331.0,1111022.0,1066309.0,0.0,0.0,442773.0,39314.0,1248268.0,927722.0,57.33,959.8,0.0,20.34,1.81,42.61,53.71,3.81,0.87,1.06,295.91,6.94,6.71,0.05,6.89,10.93,20.3
KARNATAKA,BIJAPUR,2009,64,64.0,2,19,0,19.0,28,23.0,5.0,3,0.0,18,147.0,157,81,76.0,288,8,74,2.0,14,594.0,0,73,0.0,139,0.0,0,1596,3290.0,,0.0,0.0,0.0,0.0,0.0,0.0,0.0,0.0,0.0,0.0,0.0,0.0,0.0,0.0,0.0,0.0,0.0,0.0,0.0,0.0,0.0,0.0,0.0,0.0,0.0,0.0,0.0,0.0,0.0,0.0,0.0,0.0,0.0,0.0,0.0,0.0,0.0,0.0,0.0,0.0,0.0,0.0,0.0,0.0,0.0,0.0,0.0,0.0,0.0,0.0,0.0,0.0,0.0,0.0,0.0,0.0,0.0,0.0,,0.0,,0.0,0.0,0.0,0.0,0.0,0.0,0.0,0.0,0.0,6784.0,5.29,6621.7,LOW,0,6,16.8302,75.71,132,231,467.0,0,BIJAPUR,BIJAPUR,2177331.0,1111022.0,1066309.0,0.0,0.0,442773.0,39314.0,1248268.0,927722.0,57.33,959.8,0.0,20.34,1.81,42.61,53.71,2.94,0.87,1.29,311.57,7.21,6.75,0.0,6.06,10.61,21.45
KARNATAKA,BIJAPUR,2010,59,49.0,1,13,0,13.0,43,27.0,16.0,4,2.0,23,126.0,135,71,64.0,294,16,100,2.0,3,551.0,5,58,0.0,160,0.0,0,1615,3259.0,,0.0,0.0,0.0,0.0,0.0,0.0,0.0,0.0,0.0,0.0,0.0,0.0,0.0,0.0,0.0,0.0,0.0,0.0,0.0,0.0,0.0,0.0,0.0,0.0,0.0,0.0,0.0,0.0,0.0,0.0,0.0,0.0,0.0,0.0,0.0,0.0,0.0,0.0,0.0,0.0,0.0,0.0,0.0,0.0,0.0,0.0,0.0,0.0,0.0,0.0,0.0,0.0,0.0,0.0,0.0,0.0,0.0,0.0,,0.0,,0.0,0.0,0.0,0.0,0.0,0.0,0.0,0.0,0.0,6709.0,-1.11,6645.3,LOW,0,6,16.8302,75.71,142,236,448.0,0,BIJAPUR,BIJAPUR,2177331.0,1111022.0,1066309.0,0.0,0.0,442773.0,39314.0,1248268.0,927722.0,57.33,959.8,0.0,20.34,1.81,42.61,53.71,2.71,0.6,1.97,308.13,6.2,5.79,0.23,6.52,10.84,20.58
KARNATAKA,BIJAPUR,2011,66,58.0,0,7,0,7.0,43,21.0,22.0,4,3.0,24,120.0,140,76,64.0,294,8,97,1.0,0,627.0,8,66,0.0,116,1.0,0,1357,3040.0,,0.0,0.0,0.0,0.0,0.0,0.0,0.0,0.0,0.0,0.0,0.0,0.0,0.0,0.0,0.0,0.0,0.0,0.0,0.0,0.0,0.0,0.0,0.0,0.0,0.0,0.0,0.0,0.0,0.0,0.0,0.0,0.0,0.0,0.0,0.0,0.0,0.0,0.0,0.0,0.0,0.0,0.0,0.0,0.0,0.0,0.0,0.0,0.0,0.0,0.0,0.0,0.0,0.0,0.0,0.0,0.0,0.0,0.0,,0.0,,0.0,0.0,0.0,0.0,0.0,0.0,0.0,0.0,0.0,6270.0,-6.54,6587.7,LOW,0,6,16.8302,75.71,144,197,441.0,0,BIJAPUR,BIJAPUR,2177331.0,1111022.0,1066309.0,0.0,0.0,442773.0,39314.0,1248268.0,927722.0,57.33,959.8,0.0,20.34,1.81,42.61,53.71,3.03,0.32,1.97,287.97,6.43,5.51,0.37,6.61,9.05,20.25
KARNATAKA,BIJAPUR,2012,69,64.0,1,18,0,18.0,30,24.0,6.0,5,2.0,33,101.0,139,80,59.0,245,9,104,0.0,11,460.0,4,41,0.0,128,9.0,0,1310,2783.0,,0.0,0.0,0.0,0.0,0.0,0.0,0.0,0.0,0.0,0.0,0.0,0.0,0.0,0.0,0.0,0.0,0.0,0.0,0.0,0.0,0.0,0.0,0.0,0.0,0.0,0.0,0.0,0.0,0.0,0.0,0.0,0.0,0.0,0.0,0.0,0.0,0.0,0.0,0.0,0.0,0.0,0.0,0.0,0.0,0.0,0.0,0.0,0.0,0.0,0.0,0.0,0.0,0.0,0.0,0.0,0.0,0.0,0.0,,0.0,,0.0,0.0,0.0,0.0,0.0,0.0,0.0,0.0,0.0,5753.0,-8.25,6244.0,LOW,0,6,16.8302,75.71,155,191,433.0,0,BIJAPUR,BIJAPUR,2177331.0,1111022.0,1066309.0,0.0,0.0,442773.0,39314.0,1248268.0,927722.0,57.33,959.8,0.0,20.34,1.81,42.61,53.71,3.17,0.83,1.38,264.22,6.38,4.64,0.18,7.12,8.77,19.89
Karnataka,BIJAPUR,2013,66,45.0,3,28,0,28.0,37,21.0,16.0,6,4.0,27,118.0,145,84,61.0,205,4,54,0.0,11,383.0,2,94,0.0,92,0.0,0,1245,2569.0,,0.0,0.0,0.0,0.0,0.0,0.0,0.0,0.0,0.0,0.0,0.0,0.0,0.0,0.0,0.0,0.0,0.0,0.0,0.0,0.0,0.0,0.0,0.0,0.0,0.0,0.0,0.0,0.0,0.0,0.0,0.0,0.0,0.0,0.0,0.0,0.0,0.0,0.0,0.0,0.0,0.0,0.0,0.0,0.0,0.0,0.0,0.0,0.0,0.0,0.0,0.0,0.0,0.0,0.0,0.0,0.0,0.0,0.0,,0.0,,0.0,0.0,0.0,0.0,0.0,0.0,0.0,0.0,0.0,5348.0,-7.04,5790.3,LOW,0,6,16.8302,75.71,164,216,405.0,0,BIJAPUR,BIJAPUR,2177331.0,1111022.0,1066309.0,0.0,0.0,442773.0,39314.0,1248268.0,927722.0,57.33,959.8,0.0,20.34,1.81,42.61,53.71,3.03,1.29,1.7,245.62,6.66,5.42,0.09,7.53,9.92,18.6
KARNATAKA,CBPURA,2008,39,44.0,1,7,0,7.0,17,13.0,4.0,2,0.0,13,98.0,209,53,156.0,172,3,60,3.0,0,309.0,9,37,0.0,22,0.0,1,845,1891.0,,0.0,0.0,0.0,0.0,0.0,0.0,0.0,0.0,0.0,0.0,0.0,0.0,0.0,0.0,0.0,0.0,0.0,0.0,0.0,0.0,0.0,0.0,0.0,0.0,0.0,0.0,0.0,0.0,0.0,0.0,0.0,0.0,0.0,0.0,0.0,0.0,0.0,0.0,0.0,0.0,0.0,0.0,0.0,0.0,0.0,0.0,0.0,0.0,0.0,0.0,0.0,0.0,0.0,0.0,0.0,0.0,0.0,0.0,,0.0,,0.0,0.0,0.0,0.0,0.0,0.0,0.0,0.0,0.0,4015.0,0.0,4015.0,LOW,0,7,,,78,75,423.0,0,CBPURA,,,,,,,,,,,,,,,,,,,,,,,,,,,
KARNATAKA,CBPURA,2009,47,40.0,7,11,0,11.0,24,18.0,6.0,6,0.0,12,159.0,166,64,102.0,158,4,58,3.0,0,266.0,11,43,1.0,38,0.0,0,894,1948.0,,0.0,0.0,0.0,0.0,0.0,0.0,0.0,0.0,0.0,0.0,0.0,0.0,0.0,0.0,0.0,0.0,0.0,0.0,0.0,0.0,0.0,0.0,0.0,0.0,0.0,0.0,0.0,0.0,0.0,0.0,0.0,0.0,0.0,0.0,0.0,0.0,0.0,0.0,0.0,0.0,0.0,0.0,0.0,0.0,0.0,0.0,0.0,0.0,0.0,0.0,0.0,0.0,0.0,0.0,0.0,0.0,0.0,0.0,,0.0,,0.0,0.0,0.0,0.0,0.0,0.0,0.0,0.0,0.0,4097.0,2.04,4056.0,LOW,0,7,,,100,103,451.0,0,CBPURA,,,,,,,,,,,,,,,,,,,,,,,,,,,
KARNATAKA,CBPURA,2010,39,41.0,11,9,0,9.0,30,18.0,12.0,3,1.0,29,109.0,257,98,159.0,248,14,56,1.0,0,355.0,5,34,0.0,41,0.0,0,1050,2333.0,,0.0,0.0,0.0,0.0,0.0,0.0,0.0,0.0,0.0,0.0,0.0,0.0,0.0,0.0,0.0,0.0,0.0,0.0,0.0,0.0,0.0,0.0,0.0,0.0,0.0,0.0,0.0,0.0,0.0,0.0,0.0,0.0,0.0,0.0,0.0,0.0,0.0,0.0,0.0,0.0,0.0,0.0,0.0,0.0,0.0,0.0,0.0,0.0,0.0,0.0,0.0,0.0,0.0,0.0,0.0,0.0,0.0,0.0,,0.0,,0.0,0.0,0.0,0.0,0.0,0.0,0.0,0.0,0.0,4962.0,21.11,4358.0,LOW,0,7,,,110,89,534.0,0,CBPURA,,,,,,,,,,,,,,,,,,,,,,,,,,,
KARNATAKA,CBPURA,2011,52,41.0,11,16,0,16.0,23,16.0,7.0,5,2.0,31,114.0,385,96,289.0,229,4,81,1.0,0,485.0,7,55,0.0,92,0.0,0,977,2611.0,,0.0,0.0,0.0,0.0,0.0,0.0,0.0,0.0,0.0,0.0,0.0,0.0,0.0,0.0,0.0,0.0,0.0,0.0,0.0,0.0,0.0,0.0,0.0,0.0,0.0,0.0,0.0,0.0,0.0,0.0,0.0,0.0,0.0,0.0,0.0,0.0,0.0,0.0,0.0,0.0,0.0,0.0,0.0,0.0,0.0,0.0,0.0,0.0,0.0,0.0,0.0,0.0,0.0,0.0,0.0,0.0,0.0,0.0,,0.0,,0.0,0.0,0.0,0.0,0.0,0.0,0.0,0.0,0.0,5646.0,13.78,4901.7,LOW,0,7,,,127,170,680.0,0,CBPURA,,,,,,,,,,,,,,,,,,,,,,,,,,,
KARNATAKA,CBPURA,2012,51,44.0,7,12,0,12.0,25,20.0,5.0,3,1.0,32,140.0,312,83,229.0,280,4,62,1.0,0,441.0,12,56,3.0,36,0.0,7,1025,2554.0,,0.0,0.0,0.0,0.0,0.0,0.0,0.0,0.0,0.0,0.0,0.0,0.0,0.0,0.0,0.0,0.0,0.0,0.0,0.0,0.0,0.0,0.0,0.0,0.0,0.0,0.0,0.0,0.0,0.0,0.0,0.0,0.0,0.0,0.0,0.0,0.0,0.0,0.0,0.0,0.0,0.0,0.0,0.0,0.0,0.0,0.0,0.0,0.0,0.0,0.0,0.0,0.0,0.0,0.0,0.0,0.0,0.0,0.0,,0.0,,0.0,0.0,0.0,0.0,0.0,0.0,0.0,0.0,0.0,5457.0,-3.35,5355.0,LOW,0,7,,,123,116,601.0,0,CBPURA,,,,,,,,,,,,,,,,,,,,,,,,,,,
Karnataka,CBPURA,2013,43,32.0,12,33,0,33.0,26,16.0,10.0,1,0.0,26,76.0,211,92,119.0,228,23,56,1.0,0,472.0,17,57,0.0,51,0.0,0,1007,2372.0,,0.0,0.0,0.0,0.0,0.0,0.0,0.0,0.0,0.0,0.0,0.0,0.0,0.0,0.0,0.0,0.0,0.0,0.0,0.0,0.0,0.0,0.0,0.0,0.0,0.0,0.0,0.0,0.0,0.0,0.0,0.0,0.0,0.0,0.0,0.0,0.0,0.0,0.0,0.0,0.0,0.0,0.0,0.0,0.0,0.0,0.0,0.0,0.0,0.0,0.0,0.0,0.0,0.0,0.0,0.0,0.0,0.0,0.0,,0.0,,0.0,0.0,0.0,0.0,0.0,0.0,0.0,0.0,0.0,5014.0,-8.12,5372.3,LOW,0,7,,,129,158,458.0,0,CBPURA,,,,,,,,,,,,,,,,,,,,,,,,,,,
KARNATAKA,CHAMARAJNAGAR,2001,19,18.0,0,4,0,4.0,5,5.0,0.0,1,1.0,9,72.0,133,20,113.0,107,3,10,1.0,25,480.0,7,43,0.0,15,0.0,0,437,1390.0,,0.0,0.0,0.0,0.0,0.0,0.0,0.0,0.0,0.0,0.0,0.0,0.0,0.0,0.0,0.0,0.0,0.0,0.0,0.0,0.0,0.0,0.0,0.0,0.0,0.0,0.0,0.0,0.0,0.0,0.0,0.0,0.0,0.0,0.0,0.0,0.0,0.0,0.0,0.0,0.0,0.0,0.0,0.0,0.0,0.0,0.0,0.0,0.0,0.0,0.0,0.0,0.0,0.0,0.0,0.0,0.0,0.0,0.0,,0.0,,0.0,0.0,0.0,0.0,0.0,0.0,0.0,0.0,0.0,2922.0,0.0,2922.0,LOW,0,8,,,38,69,238.0,0,CHAMARAJNAGAR,CHAMARAJNAGAR,1020791.0,512231.0,508560.0,0.0,0.0,259445.0,120219.0,565279.0,481693.0,55.38,992.8,0.0,25.42,11.78,47.19,59.01,1.86,0.39,0.49,286.25,13.03,7.05,0.69,3.72,6.76,23.32
KARNATAKA,CHAMARAJNAGAR,2002,29,24.0,0,4,0,4.0,6,3.0,3.0,4,0.0,6,46.0,99,11,88.0,222,2,2,2.0,22,375.0,1,26,0.0,13,0.0,0,444,1327.0,,0.0,0.0,0.0,0.0,0.0,0.0,0.0,0.0,0.0,0.0,0.0,0.0,0.0,0.0,0.0,0.0,0.0,0.0,0.0,0.0,0.0,0.0,0.0,0.0,0.0,0.0,0.0,0.0,0.0,0.0,0.0,0.0,0.0,0.0,0.0,0.0,0.0,0.0,0.0,0.0,0.0,0.0,0.0,0.0,0.0,0.0,0.0,0.0,0.0,0.0,0.0,0.0,0.0,0.0,0.0,0.0,0.0,0.0,,0.0,,0.0,0.0,0.0,0.0,0.0,0.0,0.0,0.0,0.0,2763.0,-5.44,2842.5,LOW,0,8,,,49,44,160.0,0,CHAMARAJNAGAR,CHAMARAJNAGAR,1020791.0,512231.0,508560.0,0.0,0.0,259445.0,120219.0,565279.0,481693.0,55.38,992.8,0.0,25.42,11.78,47.19,59.01,2.84,0.39,0.59,270.67,9.7,4.51,0.1,4.8,4.31,15.67
KARNATAKA,CHAMARAJNAGAR,2003,25,16.0,0,3,0,3.0,2,2.0,0.0,4,0.0,4,76.0,121,5,116.0,87,2,19,1.0,8,358.0,4,40,0.0,19,0.0,0,382,1171.0,,0.0,0.0,0.0,0.0,0.0,0.0,0.0,0.0,0.0,0.0,0.0,0.0,0.0,0.0,0.0,0.0,0.0,0.0,0.0,0.0,0.0,0.0,0.0,0.0,0.0,0.0,0.0,0.0,0.0,0.0,0.0,0.0,0.0,0.0,0.0,0.0,0.0,0.0,0.0,0.0,0.0,0.0,0.0,0.0,0.0,0.0,0.0,0.0,0.0,0.0,0.0,0.0,0.0,0.0,0.0,0.0,0.0,0.0,,0.0,,0.0,0.0,0.0,0.0,0.0,0.0,0.0,0.0,0.0,2468.0,-10.68,2717.7,LOW,0,8,,,38,66,223.0,0,CHAMARAJNAGAR,CHAMARAJNAGAR,1020791.0,512231.0,508560.0,0.0,0.0,259445.0,120219.0,565279.0,481693.0,55.38,992.8,0.0,25.42,11.78,47.19,59.01,2.45,0.29,0.2,241.77,11.85,7.45,0.39,3.72,6.47,21.85
KARNATAKA,CHAMARAJNAGAR,2004,23,16.0,3,7,0,7.0,9,2.0,7.0,2,0.0,6,99.0,151,9,142.0,106,5,22,1.0,0,520.0,4,42,0.0,19,0.0,0,592,1627.0,,0.0,0.0,0.0,0.0,0.0,0.0,0.0,0.0,0.0,0.0,0.0,0.0,0.0,0.0,0.0,0.0,0.0,0.0,0.0,0.0,0.0,0.0,0.0,0.0,0.0,0.0,0.0,0.0,0.0,0.0,0.0,0.0,0.0,0.0,0.0,0.0,0.0,0.0,0.0,0.0,0.0,0.0,0.0,0.0,0.0,0.0,0.0,0.0,0.0,0.0,0.0,0.0,0.0,0.0,0.0,0.0,0.0,0.0,,0.0,,0.0,0.0,0.0,0.0,0.0,0.0,0.0,0.0,0.0,3421.0,38.61,2884.0,LOW,0,8,,,47,72,286.0,0,CHAMARAJNAGAR,CHAMARAJNAGAR,1020791.0,512231.0,508560.0,0.0,0.0,259445.0,120219.0,565279.0,481693.0,55.38,992.8,0.0,25.42,11.78,47.19,59.01,2.25,0.69,0.88,335.13,14.79,9.7,0.39,4.6,7.05,28.02
KARNATAKA,CHAMARAJNAGAR,2005,24,29.0,1,7,0,7.0,8,5.0,3.0,3,0.0,3,81.0,134,13,121.0,89,2,10,0.0,0,503.0,3,43,0.0,23,0.0,0,541,1504.0,,0.0,0.0,0.0,0.0,0.0,0.0,0.0,0.0,0.0,0.0,0.0,0.0,0.0,0.0,0.0,0.0,0.0,0.0,0.0,0.0,0.0,0.0,0.0,0.0,0.0,0.0,0.0,0.0,0.0,0.0,0.0,0.0,0.0,0.0,0.0,0.0,0.0,0.0,0.0,0.0,0.0,0.0,0.0,0.0,0.0,0.0,0.0,0.0,0.0,0.0,0.0,0.0,0.0,0.0,0.0,0.0,0.0,0.0,,0.0,,0.0,0.0,0.0,0.0,0.0,0.0,0.0,0.0,0.0,3157.0,-7.72,3015.3,LOW,0,8,,,45,76,240.0,0,CHAMARAJNAGAR,CHAMARAJNAGAR,1020791.0,512231.0,508560.0,0.0,0.0,259445.0,120219.0,565279.0,481693.0,55.38,992.8,0.0,25.42,11.78,47.19,59.01,2.35,0.69,0.78,309.27,13.13,7.94,0.29,4.41,7.45,23.51
KARNATAKA,CHAMARAJNAGAR,2006,20,15.0,1,16,0,16.0,7,5.0,2.0,0,0.0,1,40.0,109,20,89.0,70,4,10,4.0,0,394.0,1,35,0.0,25,0.0,0,548,1300.0,,0.0,0.0,0.0,0.0,0.0,0.0,0.0,0.0,0.0,0.0,0.0,0.0,0.0,0.0,0.0,0.0,0.0,0.0,0.0,0.0,0.0,0.0,0.0,0.0,0.0,0.0,0.0,0.0,0.0,0.0,0.0,0.0,0.0,0.0,0.0,0.0,0.0,0.0,0.0,0.0,0.0,0.0,0.0,0.0,0.0,0.0,0.0,0.0,0.0,0.0,0.0,0.0,0.0,0.0,0.0,0.0,0.0,0.0,,0.0,,0.0,0.0,0.0,0.0,0.0,0.0,0.0,0.0,0.0,2732.0,-13.46,3103.3,LOW,0,8,,,44,77,183.0,0,CHAMARAJNAGAR,CHAMARAJNAGAR,1020791.0,512231.0,508560.0,0.0,0.0,259445.0,120219.0,565279.0,481693.0,55.38,992.8,0.0,25.42,11.78,47.19,59.01,1.96,1.57,0.69,267.64,10.68,3.92,0.1,4.31,7.54,17.93
KARNATAKA,CHAMARAJNAGAR,2007,19,11.0,1,3,0,3.0,7,4.0,3.0,1,0.0,2,58.0,84,18,66.0,77,3,15,0.0,0,432.0,2,26,0.0,18,0.0,0,614,1373.0,,0.0,0.0,0.0,0.0,0.0,0.0,0.0,0.0,0.0,0.0,0.0,0.0,0.0,0.0,0.0,0.0,0.0,0.0,0.0,0.0,0.0,0.0,0.0,0.0,0.0,0.0,0.0,0.0,0.0,0.0,0.0,0.0,0.0,0.0,0.0,0.0,0.0,0.0,0.0,0.0,0.0,0.0,0.0,0.0,0.0,0.0,0.0,0.0,0.0,0.0,0.0,0.0,0.0,0.0,0.0,0.0,0.0,0.0,,0.0,,0.0,0.0,0.0,0.0,0.0,0.0,0.0,0.0,0.0,2840.0,3.95,2909.7,LOW,0,8,,,32,49,178.0,0,CHAMARAJNAGAR,CHAMARAJNAGAR,1020791.0,512231.0,508560.0,0.0,0.0,259445.0,120219.0,565279.0,481693.0,55.38,992.8,0.0,25.42,11.78,47.19,59.01,1.86,0.29,0.69,278.22,8.23,5.68,0.2,3.13,4.8,17.44
KARNATAKA,CHAMARAJNAGAR,2008,36,20.0,1,4,0,4.0,7,3.0,4.0,4,0.0,10,76.0,128,31,97.0,85,0,22,2.0,0,423.0,4,29,0.0,35,0.0,0,632,1518.0,,0.0,0.0,0.0,0.0,0.0,0.0,0.0,0.0,0.0,0.0,0.0,0.0,0.0,0.0,0.0,0.0,0.0,0.0,0.0,0.0,0.0,0.0,0.0,0.0,0.0,0.0,0.0,0.0,0.0,0.0,0.0,0.0,0.0,0.0,0.0,0.0,0.0,0.0,0.0,0.0,0.0,0.0,0.0,0.0,0.0,0.0,0.0,0.0,0.0,0.0,0.0,0.0,0.0,0.0,0.0,0.0,0.0,0.0,,0.0,,0.0,0.0,0.0,0.0,0.0,0.0,0.0,0.0,0.0,3175.0,11.8,2915.7,LOW,0,8,,,61,72,257.0,0,CHAMARAJNAGAR,CHAMARAJNAGAR,1020791.0,512231.0,508560.0,0.0,0.0,259445.0,120219.0,565279.0,481693.0,55.38,992.8,0.0,25.42,11.78,47.19,59.01,3.53,0.39,0.69,311.03,12.54,7.45,0.39,5.98,7.05,25.18
KARNATAKA,CHAMARAJNAGAR,2009,23,19.0,0,8,0,8.0,8,7.0,1.0,2,0.0,6,74.0,150,33,117.0,95,1,25,2.0,0,433.0,6,55,0.0,44,0.0,0,710,1661.0,,0.0,0.0,0.0,0.0,0.0,0.0,0.0,0.0,0.0,0.0,0.0,0.0,0.0,0.0,0.0,0.0,0.0,0.0,0.0,0.0,0.0,0.0,0.0,0.0,0.0,0.0,0.0,0.0,0.0,0.0,0.0,0.0,0.0,0.0,0.0,0.0,0.0,0.0,0.0,0.0,0.0,0.0,0.0,0.0,0.0,0.0,0.0,0.0,0.0,0.0,0.0,0.0,0.0,0.0,0.0,0.0,0.0,0.0,,0.0,,0.0,0.0,0.0,0.0,0.0,0.0,0.0,0.0,0.0,3488.0,9.86,3167.7,LOW,0,8,,,47,113,283.0,0,CHAMARAJNAGAR,CHAMARAJNAGAR,1020791.0,512231.0,508560.0,0.0,0.0,259445.0,120219.0,565279.0,481693.0,55.38,992.8,0.0,25.42,11.78,47.19,59.01,2.25,0.78,0.78,341.7,14.69,7.25,0.59,4.6,11.07,27.72
KARNATAKA,CHAMARAJNAGAR,2010,31,18.0,0,12,0,12.0,6,5.0,1.0,1,0.0,7,72.0,134,46,88.0,124,2,19,1.0,0,488.0,3,53,0.0,52,0.0,0,914,1937.0,,0.0,0.0,0.0,0.0,0.0,0.0,0.0,0.0,0.0,0.0,0.0,0.0,0.0,0.0,0.0,0.0,0.0,0.0,0.0,0.0,0.0,0.0,0.0,0.0,0.0,0.0,0.0,0.0,0.0,0.0,0.0,0.0,0.0,0.0,0.0,0.0,0.0,0.0,0.0,0.0,0.0,0.0,0.0,0.0,0.0,0.0,0.0,0.0,0.0,0.0,0.0,0.0,0.0,0.0,0.0,0.0,0.0,0.0,,0.0,,0.0,0.0,0.0,0.0,0.0,0.0,0.0,0.0,0.0,4026.0,15.42,3563.0,LOW,0,8,,,57,120,273.0,0,CHAMARAJNAGAR,CHAMARAJNAGAR,1020791.0,512231.0,508560.0,0.0,0.0,259445.0,120219.0,565279.0,481693.0,55.38,992.8,0.0,25.42,11.78,47.19,59.01,3.04,1.18,0.59,394.4,13.13,7.05,0.29,5.58,11.76,26.74
KARNATAKA,CHAMARAJNAGAR,2011,40,28.0,0,11,0,11.0,7,6.0,1.0,3,1.0,8,64.0,141,65,76.0,148,0,15,1.0,0,506.0,9,71,0.0,62,0.0,0,845,1960.0,,0.0,0.0,0.0,0.0,0.0,0.0,0.0,0.0,0.0,0.0,0.0,0.0,0.0,0.0,0.0,0.0,0.0,0.0,0.0,0.0,0.0,0.0,0.0,0.0,0.0,0.0,0.0,0.0,0.0,0.0,0.0,0.0,0.0,0.0,0.0,0.0,0.0,0.0,0.0,0.0,0.0,0.0,0.0,0.0,0.0,0.0,0.0,0.0,0.0,0.0,0.0,0.0,0.0,0.0,0.0,0.0,0.0,0.0,,0.0,,0.0,0.0,0.0,0.0,0.0,0.0,0.0,0.0,0.0,4079.0,1.32,3864.3,LOW,0,8,,,69,153,285.0,0,CHAMARAJNAGAR,CHAMARAJNAGAR,1020791.0,512231.0,508560.0,0.0,0.0,259445.0,120219.0,565279.0,481693.0,55.38,992.8,0.0,25.42,11.78,47.19,59.01,3.92,1.08,0.69,399.59,13.81,6.27,0.88,6.76,14.99,27.92
KARNATAKA,CHAMARAJNAGAR,2012,18,34.0,0,9,0,9.0,10,8.0,2.0,6,0.0,8,52.0,111,32,79.0,120,4,28,1.0,0,436.0,2,64,0.0,62,1.0,0,767,1733.0,,0.0,0.0,0.0,0.0,0.0,0.0,0.0,0.0,0.0,0.0,0.0,0.0,0.0,0.0,0.0,0.0,0.0,0.0,0.0,0.0,0.0,0.0,0.0,0.0,0.0,0.0,0.0,0.0,0.0,0.0,0.0,0.0,0.0,0.0,0.0,0.0,0.0,0.0,0.0,0.0,0.0,0.0,0.0,0.0,0.0,0.0,0.0,0.0,0.0,0.0,0.0,0.0,0.0,0.0,0.0,0.0,0.0,0.0,,0.0,,0.0,0.0,0.0,0.0,0.0,0.0,0.0,0.0,0.0,3596.0,-11.84,3900.3,LOW,0,8,,,51,137,227.0,0,CHAMARAJNAGAR,CHAMARAJNAGAR,1020791.0,512231.0,508560.0,0.0,0.0,259445.0,120219.0,565279.0,481693.0,55.38,992.8,0.0,25.42,11.78,47.19,59.01,1.76,0.88,0.98,352.28,10.87,5.09,0.2,5.0,13.42,22.24
Karnataka,CHAMARAJNAGAR,2013,27,63.0,4,16,0,16.0,17,15.0,2.0,5,0.0,11,54.0,137,58,79.0,141,3,41,0.0,3,515.0,4,95,0.0,25,0.0,0,705,1866.0,,0.0,0.0,0.0,0.0,0.0,0.0,0.0,0.0,0.0,0.0,0.0,0.0,0.0,0.0,0.0,0.0,0.0,0.0,0.0,0.0,0.0,0.0,0.0,0.0,0.0,0.0,0.0,0.0,0.0,0.0,0.0,0.0,0.0,0.0,0.0,0.0,0.0,0.0,0.0,0.0,0.0,0.0,0.0,0.0,0.0,0.0,0.0,0.0,0.0,0.0,0.0,0.0,0.0,0.0,0.0,0.0,0.0,0.0,,0.0,,0.0,0.0,0.0,0.0,0.0,0.0,0.0,0.0,0.0,3902.0,8.51,3859.0,LOW,0,8,,,76,140,293.0,0,CHAMARAJNAGAR,CHAMARAJNAGAR,1020791.0,512231.0,508560.0,0.0,0.0,259445.0,120219.0,565279.0,481693.0,55.38,992.8,0.0,25.42,11.78,47.19,59.01,2.65,1.57,1.67,382.25,13.42,5.29,0.39,7.45,13.71,28.7
KARNATAKA,CHICKMAGALUR,2001,41,24.0,3,8,0,8.0,12,7.0,5.0,4,0.0,10,148.0,222,44,178.0,187,7,25,4.0,5,885.0,4,57,8.0,83,0.0,7,1022,2766.0,,0.0,0.0,0.0,0.0,0.0,0.0,0.0,0.0,0.0,0.0,0.0,0.0,0.0,0.0,0.0,0.0,0.0,0.0,0.0,0.0,0.0,0.0,0.0,0.0,0.0,0.0,0.0,0.0,0.0,0.0,0.0,0.0,0.0,0.0,0.0,0.0,0.0,0.0,0.0,0.0,0.0,0.0,0.0,0.0,0.0,0.0,0.0,0.0,0.0,0.0,0.0,0.0,0.0,0.0,0.0,0.0,0.0,0.0,,0.0,,0.0,0.0,0.0,0.0,0.0,0.0,0.0,0.0,0.0,5774.0,0.0,5774.0,LOW,0,9,13.3153,75.7754,75,152,446.0,0,CHICKMAGALUR,,,,,,,,,,,,,,,,,,,,,,,,,,,
KARNATAKA,CHICKMAGALUR,2002,36,64.0,2,18,0,18.0,12,9.0,3.0,1,0.0,11,159.0,237,45,192.0,166,7,12,0.0,7,852.0,3,62,6.0,64,0.0,9,1068,2796.0,,0.0,0.0,0.0,0.0,0.0,0.0,0.0,0.0,0.0,0.0,0.0,0.0,0.0,0.0,0.0,0.0,0.0,0.0,0.0,0.0,0.0,0.0,0.0,0.0,0.0,0.0,0.0,0.0,0.0,0.0,0.0,0.0,0.0,0.0,0.0,0.0,0.0,0.0,0.0,0.0,0.0,0.0,0.0,0.0,0.0,0.0,0.0,0.0,0.0,0.0,0.0,0.0,0.0,0.0,0.0,0.0,0.0,0.0,,0.0,,0.0,0.0,0.0,0.0,0.0,0.0,0.0,0.0,0.0,5859.0,1.47,5816.5,LOW,0,9,13.3153,75.7754,78,147,460.0,0,CHICKMAGALUR,,,,,,,,,,,,,,,,,,,,,,,,,,,
KARNATAKA,CHICKMAGALUR,2003,28,30.0,1,12,0,12.0,14,10.0,4.0,7,1.0,13,213.0,308,41,267.0,150,9,6,1.0,10,916.0,4,49,7.0,89,0.0,6,1139,3013.0,,0.0,0.0,0.0,0.0,0.0,0.0,0.0,0.0,0.0,0.0,0.0,0.0,0.0,0.0,0.0,0.0,0.0,0.0,0.0,0.0,0.0,0.0,0.0,0.0,0.0,0.0,0.0,0.0,0.0,0.0,0.0,0.0,0.0,0.0,0.0,0.0,0.0,0.0,0.0,0.0,0.0,0.0,0.0,0.0,0.0,0.0,0.0,0.0,0.0,0.0,0.0,0.0,0.0,0.0,0.0,0.0,0.0,0.0,,0.0,,0.0,0.0,0.0,0.0,0.0,0.0,0.0,0.0,0.0,6360.0,8.55,5997.7,LOW,0,9,13.3153,75.7754,74,154,577.0,0,CHICKMAGALUR,,,,,,,,,,,,,,,,,,,,,,,,,,,
KARNATAKA,CHICKMAGALUR,2004,29,37.0,3,7,0,7.0,13,7.0,6.0,4,1.0,14,141.0,237,55,182.0,161,10,29,0.0,9,864.0,5,55,4.0,59,0.0,10,1131,2823.0,,0.0,0.0,0.0,0.0,0.0,0.0,0.0,0.0,0.0,0.0,0.0,0.0,0.0,0.0,0.0,0.0,0.0,0.0,0.0,0.0,0.0,0.0,0.0,0.0,0.0,0.0,0.0,0.0,0.0,0.0,0.0,0.0,0.0,0.0,0.0,0.0,0.0,0.0,0.0,0.0,0.0,0.0,0.0,0.0,0.0,0.0,0.0,0.0,0.0,0.0,0.0,0.0,0.0,0.0,0.0,0.0,0.0,0.0,,0.0,,0.0,0.0,0.0,0.0,0.0,0.0,0.0,0.0,0.0,5903.0,-7.19,6040.7,LOW,0,9,13.3153,75.7754,67,126,472.0,0,CHICKMAGALUR,,,,,,,,,,,,,,,,,,,,,,,,,,,
KARNATAKA,CHICKMAGALUR,2005,35,25.0,0,16,0,16.0,9,4.0,5.0,5,1.0,12,154.0,193,36,157.0,135,9,18,0.0,8,809.0,7,33,3.0,69,0.0,2,1173,2716.0,,0.0,0.0,0.0,0.0,0.0,0.0,0.0,0.0,0.0,0.0,0.0,0.0,0.0,0.0,0.0,0.0,0.0,0.0,0.0,0.0,0.0,0.0,0.0,0.0,0.0,0.0,0.0,0.0,0.0,0.0,0.0,0.0,0.0,0.0,0.0,0.0,0.0,0.0,0.0,0.0,0.0,0.0,0.0,0.0,0.0,0.0,0.0,0.0,0.0,0.0,0.0,0.0,0.0,0.0,0.0,0.0,0.0,0.0,,0.0,,0.0,0.0,0.0,0.0,0.0,0.0,0.0,0.0,0.0,5650.0,-4.29,5971.0,LOW,0,9,13.3153,75.7754,77,125,410.0,0,CHICKMAGALUR,,,,,,,,,,,,,,,,,,,,,,,,,,,
KARNATAKA,CHICKMAGALUR,2006,40,42.0,2,17,0,17.0,11,9.0,2.0,4,0.0,15,246.0,254,45,209.0,136,8,35,3.0,10,928.0,4,71,8.0,89,0.0,3,1443,3369.0,,0.0,0.0,0.0,0.0,0.0,0.0,0.0,0.0,0.0,0.0,0.0,0.0,0.0,0.0,0.0,0.0,0.0,0.0,0.0,0.0,0.0,0.0,0.0,0.0,0.0,0.0,0.0,0.0,0.0,0.0,0.0,0.0,0.0,0.0,0.0,0.0,0.0,0.0,0.0,0.0,0.0,0.0,0.0,0.0,0.0,0.0,0.0,0.0,0.0,0.0,0.0,0.0,0.0,0.0,0.0,0.0,0.0,0.0,,0.0,,0.0,0.0,0.0,0.0,0.0,0.0,0.0,0.0,0.0,7020.0,24.25,6191.0,LOW,0,9,13.3153,75.7754,87,181,588.0,0,CHICKMAGALUR,,,,,,,,,,,,,,,,,,,,,,,,,,,
KARNATAKA,CHICKMAGALUR,2007,32,29.0,2,11,0,11.0,11,7.0,4.0,6,2.0,22,126.0,169,43,126.0,121,3,20,3.0,7,702.0,4,55,3.0,108,0.0,3,1375,2814.0,,0.0,0.0,0.0,0.0,0.0,0.0,0.0,0.0,0.0,0.0,0.0,0.0,0.0,0.0,0.0,0.0,0.0,0.0,0.0,0.0,0.0,0.0,0.0,0.0,0.0,0.0,0.0,0.0,0.0,0.0,0.0,0.0,0.0,0.0,0.0,0.0,0.0,0.0,0.0,0.0,0.0,0.0,0.0,0.0,0.0,0.0,0.0,0.0,0.0,0.0,0.0,0.0,0.0,0.0,0.0,0.0,0.0,0.0,,0.0,,0.0,0.0,0.0,0.0,0.0,0.0,0.0,0.0,0.0,5819.0,-17.11,6163.0,LOW,0,9,13.3153,75.7754,82,178,361.0,0,CHICKMAGALUR,,,,,,,,,,,,,,,,,,,,,,,,,,,
KARNATAKA,CHICKMAGALUR,2008,39,31.0,3,17,0,17.0,23,10.0,13.0,4,1.0,26,151.0,201,49,152.0,151,1,24,4.0,8,775.0,8,60,6.0,123,0.0,4,1441,3101.0,,0.0,0.0,0.0,0.0,0.0,0.0,0.0,0.0,0.0,0.0,0.0,0.0,0.0,0.0,0.0,0.0,0.0,0.0,0.0,0.0,0.0,0.0,0.0,0.0,0.0,0.0,0.0,0.0,0.0,0.0,0.0,0.0,0.0,0.0,0.0,0.0,0.0,0.0,0.0,0.0,0.0,0.0,0.0,0.0,0.0,0.0,0.0,0.0,0.0,0.0,0.0,0.0,0.0,0.0,0.0,0.0,0.0,0.0,,0.0,,0.0,0.0,0.0,0.0,0.0,0.0,0.0,0.0,0.0,6443.0,10.72,6427.3,LOW,0,9,13.3153,75.7754,109,208,426.0,0,CHICKMAGALUR,,,,,,,,,,,,,,,,,,,,,,,,,,,
KARNATAKA,CHICKMAGALUR,2009,32,36.0,2,13,0,13.0,16,12.0,4.0,4,1.0,14,160.0,173,62,111.0,137,6,50,4.0,6,761.0,1,64,5.0,104,0.0,2,1324,2915.0,,0.0,0.0,0.0,0.0,0.0,0.0,0.0,0.0,0.0,0.0,0.0,0.0,0.0,0.0,0.0,0.0,0.0,0.0,0.0,0.0,0.0,0.0,0.0,0.0,0.0,0.0,0.0,0.0,0.0,0.0,0.0,0.0,0.0,0.0,0.0,0.0,0.0,0.0,0.0,0.0,0.0,0.0,0.0,0.0,0.0,0.0,0.0,0.0,0.0,0.0,0.0,0.0,0.0,0.0,0.0,0.0,0.0,0.0,,0.0,,0.0,0.0,0.0,0.0,0.0,0.0,0.0,0.0,0.0,6032.0,-6.38,6098.0,LOW,0,9,13.3153,75.7754,79,182,451.0,0,CHICKMAGALUR,,,,,,,,,,,,,,,,,,,,,,,,,,,
KARNATAKA,CHICKMAGALUR,2010,26,32.0,2,19,0,19.0,28,21.0,7.0,7,1.0,26,122.0,179,70,109.0,152,6,46,5.0,6,846.0,11,63,3.0,90,0.0,4,1491,3165.0,,0.0,0.0,0.0,0.0,0.0,0.0,0.0,0.0,0.0,0.0,0.0,0.0,0.0,0.0,0.0,0.0,0.0,0.0,0.0,0.0,0.0,0.0,0.0,0.0,0.0,0.0,0.0,0.0,0.0,0.0,0.0,0.0,0.0,0.0,0.0,0.0,0.0,0.0,0.0,0.0,0.0,0.0,0.0,0.0,0.0,0.0,0.0,0.0,0.0,0.0,0.0,0.0,0.0,0.0,0.0,0.0,0.0,0.0,,0.0,,0.0,0.0,0.0,0.0,0.0,0.0,0.0,0.0,0.0,6556.0,8.69,6343.7,LOW,0,9,13.3153,75.7754,106,183,423.0,0,CHICKMAGALUR,,,,,,,,,,,,,,,,,,,,,,,,,,,
KARNATAKA,CHICKMAGALUR,2011,27,34.0,4,10,0,10.0,17,11.0,6.0,7,1.0,18,121.0,189,91,98.0,137,4,42,2.0,0,673.0,1,53,4.0,68,1.0,0,1313,2726.0,,0.0,0.0,0.0,0.0,0.0,0.0,0.0,0.0,0.0,0.0,0.0,0.0,0.0,0.0,0.0,0.0,0.0,0.0,0.0,0.0,0.0,0.0,0.0,0.0,0.0,0.0,0.0,0.0,0.0,0.0,0.0,0.0,0.0,0.0,0.0,0.0,0.0,0.0,0.0,0.0,0.0,0.0,0.0,0.0,0.0,0.0,0.0,0.0,0.0,0.0,0.0,0.0,0.0,0.0,0.0,0.0,0.0,0.0,,0.0,,0.0,0.0,0.0,0.0,0.0,0.0,0.0,0.0,0.0,5668.0,-13.54,6085.3,LOW,0,9,13.3153,75.7754,79,132,447.0,0,CHICKMAGALUR,,,,,,,,,,,,,,,,,,,,,,,,,,,
KARNATAKA,CHICKMAGALUR,2012,33,28.0,9,11,0,11.0,12,7.0,5.0,8,0.0,22,91.0,145,59,86.0,114,0,49,1.0,0,568.0,4,70,2.0,89,4.0,0,1238,2498.0,,0.0,0.0,0.0,0.0,0.0,0.0,0.0,0.0,0.0,0.0,0.0,0.0,0.0,0.0,0.0,0.0,0.0,0.0,0.0,0.0,0.0,0.0,0.0,0.0,0.0,0.0,0.0,0.0,0.0,0.0,0.0,0.0,0.0,0.0,0.0,0.0,0.0,0.0,0.0,0.0,0.0,0.0,0.0,0.0,0.0,0.0,0.0,0.0,0.0,0.0,0.0,0.0,0.0,0.0,0.0,0.0,0.0,0.0,,0.0,,0.0,0.0,0.0,0.0,0.0,0.0,0.0,0.0,0.0,5164.0,-8.89,5796.0,LOW,0,9,13.3153,75.7754,86,174,344.0,0,CHICKMAGALUR,,,,,,,,,,,,,,,,,,,,,,,,,,,
Karnataka,CHICKMAGALUR,2013,38,37.0,6,21,1,20.0,36,36.0,0.0,7,0.0,20,106.0,162,75,87.0,154,13,71,1.0,0,577.0,7,141,0.0,69,0.0,0,1292,2758.0,,0.0,0.0,0.0,0.0,0.0,0.0,0.0,0.0,0.0,0.0,0.0,0.0,0.0,0.0,0.0,0.0,0.0,0.0,0.0,0.0,0.0,0.0,0.0,0.0,0.0,0.0,0.0,0.0,0.0,0.0,0.0,0.0,0.0,0.0,0.0,0.0,0.0,0.0,0.0,0.0,0.0,0.0,0.0,0.0,0.0,0.0,0.0,0.0,0.0,0.0,0.0,0.0,0.0,0.0,0.0,0.0,0.0,0.0,,0.0,,0.0,0.0,0.0,0.0,0.0,0.0,0.0,0.0,0.0,5735.0,11.06,5522.3,LOW,0,9,13.3153,75.7754,122,238,427.0,0,CHICKMAGALUR,,,,,,,,,,,,,,,,,,,,,,,,,,,
KARNATAKA,CHITRADURGA,2001,31,22.0,0,18,0,18.0,4,0.0,4.0,8,0.0,20,115.0,145,38,107.0,269,7,22,1.0,8,717.0,2,48,0.0,35,0.0,0,1219,2691.0,,0.0,0.0,0.0,0.0,0.0,0.0,0.0,0.0,0.0,0.0,0.0,0.0,0.0,0.0,0.0,0.0,0.0,0.0,0.0,0.0,0.0,0.0,0.0,0.0,0.0,0.0,0.0,0.0,0.0,0.0,0.0,0.0,0.0,0.0,0.0,0.0,0.0,0.0,0.0,0.0,0.0,0.0,0.0,0.0,0.0,0.0,0.0,0.0,0.0,0.0,0.0,0.0,0.0,0.0,0.0,0.0,0.0,0.0,,0.0,,0.0,0.0,0.0,0.0,0.0,0.0,0.0,0.0,0.0,5549.0,0.0,5549.0,LOW,0,10,14.2251,76.398,81,103,327.0,0,CHITRADURGA,CHITRADURGA,1659456.0,840843.0,818613.0,0.0,0.0,389117.0,302554.0,1087392.0,856587.0,65.53,973.6,0.0,23.45,18.23,51.62,56.29,1.87,1.08,0.24,334.39,8.74,6.93,0.12,4.88,6.21,19.71
KARNATAKA,CHITRADURGA,2002,37,18.0,1,12,0,12.0,7,4.0,3.0,3,0.0,15,113.0,165,37,128.0,319,16,18,0.0,6,733.0,7,46,0.0,32,0.0,1,1437,2986.0,,0.0,0.0,0.0,0.0,0.0,0.0,0.0,0.0,0.0,0.0,0.0,0.0,0.0,0.0,0.0,0.0,0.0,0.0,0.0,0.0,0.0,0.0,0.0,0.0,0.0,0.0,0.0,0.0,0.0,0.0,0.0,0.0,0.0,0.0,0.0,0.0,0.0,0.0,0.0,0.0,0.0,0.0,0.0,0.0,0.0,0.0,0.0,0.0,0.0,0.0,0.0,0.0,0.0,0.0,0.0,0.0,0.0,0.0,,0.0,,0.0,0.0,0.0,0.0,0.0,0.0,0.0,0.0,0.0,6156.0,10.94,5852.5,LOW,0,10,14.2251,76.398,74,97,349.0,0,CHITRADURGA,CHITRADURGA,1659456.0,840843.0,818613.0,0.0,0.0,389117.0,302554.0,1087392.0,856587.0,65.53,973.6,0.0,23.45,18.23,51.62,56.29,2.23,0.72,0.42,370.96,9.94,6.81,0.42,4.46,5.85,21.03
KARNATAKA,CHITRADURGA,2003,42,20.0,0,19,0,19.0,15,7.0,8.0,5,0.0,10,135.0,185,46,139.0,326,10,27,1.0,5,840.0,6,43,1.0,32,0.0,0,1554,3276.0,,0.0,0.0,0.0,0.0,0.0,0.0,0.0,0.0,0.0,0.0,0.0,0.0,0.0,0.0,0.0,0.0,0.0,0.0,0.0,0.0,0.0,0.0,0.0,0.0,0.0,0.0,0.0,0.0,0.0,0.0,0.0,0.0,0.0,0.0,0.0,0.0,0.0,0.0,0.0,0.0,0.0,0.0,0.0,0.0,0.0,0.0,0.0,0.0,0.0,0.0,0.0,0.0,0.0,0.0,0.0,0.0,0.0,0.0,,0.0,,0.0,0.0,0.0,0.0,0.0,0.0,0.0,0.0,0.0,6771.0,9.99,6158.7,LOW,0,10,14.2251,76.398,91,100,403.0,0,CHITRADURGA,CHITRADURGA,1659456.0,840843.0,818613.0,0.0,0.0,389117.0,302554.0,1087392.0,856587.0,65.53,973.6,0.0,23.45,18.23,51.62,56.29,2.53,1.14,0.9,408.03,11.15,8.14,0.36,5.48,6.03,24.29
KARNATAKA,CHITRADURGA,2004,32,32.0,4,16,0,16.0,7,5.0,2.0,5,1.0,10,119.0,252,51,201.0,315,9,23,0.0,6,911.0,6,63,0.0,39,0.0,0,1822,3672.0,,0.0,0.0,0.0,0.0,0.0,0.0,0.0,0.0,0.0,0.0,0.0,0.0,0.0,0.0,0.0,0.0,0.0,0.0,0.0,0.0,0.0,0.0,0.0,0.0,0.0,0.0,0.0,0.0,0.0,0.0,0.0,0.0,0.0,0.0,0.0,0.0,0.0,0.0,0.0,0.0,0.0,0.0,0.0,0.0,0.0,0.0,0.0,0.0,0.0,0.0,0.0,0.0,0.0,0.0,0.0,0.0,0.0,0.0,,0.0,,0.0,0.0,0.0,0.0,0.0,0.0,0.0,0.0,0.0,7619.0,12.52,6848.7,LOW,0,10,14.2251,76.398,70,124,454.0,0,CHITRADURGA,CHITRADURGA,1659456.0,840843.0,818613.0,0.0,0.0,389117.0,302554.0,1087392.0,856587.0,65.53,973.6,0.0,23.45,18.23,51.62,56.29,1.93,0.96,0.42,459.13,15.19,7.17,0.36,4.22,7.47,27.36
KARNATAKA,CHITRADURGA,2005,21,14.0,3,15,0,15.0,6,5.0,1.0,2,2.0,12,118.0,230,47,183.0,230,8,32,1.0,6,723.0,6,62,0.0,29,0.0,0,1972,3492.0,,0.0,0.0,0.0,0.0,0.0,0.0,0.0,0.0,0.0,0.0,0.0,0.0,0.0,0.0,0.0,0.0,0.0,0.0,0.0,0.0,0.0,0.0,0.0,0.0,0.0,0.0,0.0,0.0,0.0,0.0,0.0,0.0,0.0,0.0,0.0,0.0,0.0,0.0,0.0,0.0,0.0,0.0,0.0,0.0,0.0,0.0,0.0,0.0,0.0,0.0,0.0,0.0,0.0,0.0,0.0,0.0,0.0,0.0,,0.0,,0.0,0.0,0.0,0.0,0.0,0.0,0.0,0.0,0.0,7235.0,-5.04,7208.3,LOW,0,10,14.2251,76.398,56,112,435.0,0,CHITRADURGA,CHITRADURGA,1659456.0,840843.0,818613.0,0.0,0.0,389117.0,302554.0,1087392.0,856587.0,65.53,973.6,0.0,23.45,18.23,51.62,56.29,1.27,0.9,0.36,435.99,13.86,7.11,0.36,3.37,6.75,26.21
KARNATAKA,CHITRADURGA,2006,38,21.0,3,16,0,16.0,19,17.0,2.0,2,0.0,9,127.0,276,54,222.0,193,7,26,0.0,2,709.0,3,52,0.0,28,0.0,0,2000,3531.0,,0.0,0.0,0.0,0.0,0.0,0.0,0.0,0.0,0.0,0.0,0.0,0.0,0.0,0.0,0.0,0.0,0.0,0.0,0.0,0.0,0.0,0.0,0.0,0.0,0.0,0.0,0.0,0.0,0.0,0.0,0.0,0.0,0.0,0.0,0.0,0.0,0.0,0.0,0.0,0.0,0.0,0.0,0.0,0.0,0.0,0.0,0.0,0.0,0.0,0.0,0.0,0.0,0.0,0.0,0.0,0.0,0.0,0.0,,0.0,,0.0,0.0,0.0,0.0,0.0,0.0,0.0,0.0,0.0,7373.0,1.91,7409.0,LOW,0,10,14.2251,76.398,84,99,490.0,0,CHITRADURGA,CHITRADURGA,1659456.0,840843.0,818613.0,0.0,0.0,389117.0,302554.0,1087392.0,856587.0,65.53,973.6,0.0,23.45,18.23,51.62,56.29,2.29,0.96,1.14,444.3,16.63,7.65,0.18,5.06,5.97,29.53
KARNATAKA,CHITRADURGA,2007,32,20.0,0,10,0,10.0,21,7.0,14.0,1,0.0,23,114.0,183,40,143.0,238,6,27,1.0,8,821.0,9,65,1.0,51,0.0,0,2298,3929.0,,0.0,0.0,0.0,0.0,0.0,0.0,0.0,0.0,0.0,0.0,0.0,0.0,0.0,0.0,0.0,0.0,0.0,0.0,0.0,0.0,0.0,0.0,0.0,0.0,0.0,0.0,0.0,0.0,0.0,0.0,0.0,0.0,0.0,0.0,0.0,0.0,0.0,0.0,0.0,0.0,0.0,0.0,0.0,0.0,0.0,0.0,0.0,0.0,0.0,0.0,0.0,0.0,0.0,0.0,0.0,0.0,0.0,0.0,,0.0,,0.0,0.0,0.0,0.0,0.0,0.0,0.0,0.0,0.0,8072.0,9.48,7560.0,LOW,0,10,14.2251,76.398,87,135,370.0,0,CHITRADURGA,CHITRADURGA,1659456.0,840843.0,818613.0,0.0,0.0,389117.0,302554.0,1087392.0,856587.0,65.53,973.6,0.0,23.45,18.23,51.62,56.29,1.93,0.6,1.27,486.42,11.03,6.87,0.54,5.24,8.14,22.3
KARNATAKA,CHITRADURGA,2008,42,15.0,1,18,0,18.0,20,15.0,5.0,5,3.0,29,118.0,281,114,167.0,266,11,33,3.0,9,794.0,6,82,0.0,49,0.0,0,2406,4191.0,,0.0,0.0,0.0,0.0,0.0,0.0,0.0,0.0,0.0,0.0,0.0,0.0,0.0,0.0,0.0,0.0,0.0,0.0,0.0,0.0,0.0,0.0,0.0,0.0,0.0,0.0,0.0,0.0,0.0,0.0,0.0,0.0,0.0,0.0,0.0,0.0,0.0,0.0,0.0,0.0,0.0,0.0,0.0,0.0,0.0,0.0,0.0,0.0,0.0,0.0,0.0,0.0,0.0,0.0,0.0,0.0,0.0,0.0,,0.0,,0.0,0.0,0.0,0.0,0.0,0.0,0.0,0.0,0.0,8701.0,7.79,8048.7,LOW,0,10,14.2251,76.398,114,155,557.0,0,CHITRADURGA,CHITRADURGA,1659456.0,840843.0,818613.0,0.0,0.0,389117.0,302554.0,1087392.0,856587.0,65.53,973.6,0.0,23.45,18.23,51.62,56.29,2.53,1.08,1.21,524.33,16.93,7.11,0.36,6.87,9.34,33.57
KARNATAKA,CHITRADURGA,2009,43,27.0,3,26,0,26.0,24,21.0,3.0,4,1.0,24,107.0,238,112,126.0,247,7,40,7.0,5,870.0,10,102,0.0,83,0.0,0,2254,4122.0,,0.0,0.0,0.0,0.0,0.0,0.0,0.0,0.0,0.0,0.0,0.0,0.0,0.0,0.0,0.0,0.0,0.0,0.0,0.0,0.0,0.0,0.0,0.0,0.0,0.0,0.0,0.0,0.0,0.0,0.0,0.0,0.0,0.0,0.0,0.0,0.0,0.0,0.0,0.0,0.0,0.0,0.0,0.0,0.0,0.0,0.0,0.0,0.0,0.0,0.0,0.0,0.0,0.0,0.0,0.0,0.0,0.0,0.0,,0.0,,0.0,0.0,0.0,0.0,0.0,0.0,0.0,0.0,0.0,8532.0,-1.94,8435.0,LOW,0,10,14.2251,76.398,121,221,504.0,0,CHITRADURGA,CHITRADURGA,1659456.0,840843.0,818613.0,0.0,0.0,389117.0,302554.0,1087392.0,856587.0,65.53,973.6,0.0,23.45,18.23,51.62,56.29,2.59,1.57,1.45,514.14,14.34,6.45,0.6,7.29,13.32,30.37
KARNATAKA,CHITRADURGA,2010,40,34.0,3,26,0,26.0,39,38.0,1.0,4,0.0,40,101.0,275,123,152.0,388,7,63,4.0,17,951.0,7,158,0.0,99,0.0,0,2496,4752.0,,0.0,0.0,0.0,0.0,0.0,0.0,0.0,0.0,0.0,0.0,0.0,0.0,0.0,0.0,0.0,0.0,0.0,0.0,0.0,0.0,0.0,0.0,0.0,0.0,0.0,0.0,0.0,0.0,0.0,0.0,0.0,0.0,0.0,0.0,0.0,0.0,0.0,0.0,0.0,0.0,0.0,0.0,0.0,0.0,0.0,0.0,0.0,0.0,0.0,0.0,0.0,0.0,0.0,0.0,0.0,0.0,0.0,0.0,,0.0,,0.0,0.0,0.0,0.0,0.0,0.0,0.0,0.0,0.0,9844.0,15.38,9025.7,LOW,0,10,14.2251,76.398,149,290,569.0,0,CHITRADURGA,CHITRADURGA,1659456.0,840843.0,818613.0,0.0,0.0,389117.0,302554.0,1087392.0,856587.0,65.53,973.6,0.0,23.45,18.23,51.62,56.29,2.41,1.57,2.35,593.21,16.57,6.09,0.42,8.98,17.48,34.29
KARNATAKA,CHITRADURGA,2011,38,21.0,3,27,0,27.0,30,24.0,6.0,6,0.0,39,168.0,295,160,135.0,287,9,62,3.0,9,871.0,5,93,0.0,96,0.0,0,2216,4278.0,,0.0,0.0,0.0,0.0,0.0,0.0,0.0,0.0,0.0,0.0,0.0,0.0,0.0,0.0,0.0,0.0,0.0,0.0,0.0,0.0,0.0,0.0,0.0,0.0,0.0,0.0,0.0,0.0,0.0,0.0,0.0,0.0,0.0,0.0,0.0,0.0,0.0,0.0,0.0,0.0,0.0,0.0,0.0,0.0,0.0,0.0,0.0,0.0,0.0,0.0,0.0,0.0,0.0,0.0,0.0,0.0,0.0,0.0,,0.0,,0.0,0.0,0.0,0.0,0.0,0.0,0.0,0.0,0.0,8908.0,-9.51,9094.7,LOW,0,10,14.2251,76.398,140,221,694.0,0,CHITRADURGA,CHITRADURGA,1659456.0,840843.0,818613.0,0.0,0.0,389117.0,302554.0,1087392.0,856587.0,65.53,973.6,0.0,23.45,18.23,51.62,56.29,2.29,1.63,1.81,536.8,17.78,10.12,0.3,8.44,13.32,41.82
KARNATAKA,CHITRADURGA,2012,43,38.0,7,26,0,26.0,34,34.0,0.0,3,0.0,25,119.0,224,90,134.0,323,4,71,0.0,8,799.0,6,140,0.0,75,0.0,0,2114,4059.0,,0.0,0.0,0.0,0.0,0.0,0.0,0.0,0.0,0.0,0.0,0.0,0.0,0.0,0.0,0.0,0.0,0.0,0.0,0.0,0.0,0.0,0.0,0.0,0.0,0.0,0.0,0.0,0.0,0.0,0.0,0.0,0.0,0.0,0.0,0.0,0.0,0.0,0.0,0.0,0.0,0.0,0.0,0.0,0.0,0.0,0.0,0.0,0.0,0.0,0.0,0.0,0.0,0.0,0.0,0.0,0.0,0.0,0.0,,0.0,,0.0,0.0,0.0,0.0,0.0,0.0,0.0,0.0,0.0,8402.0,-5.68,9051.3,LOW,0,10,14.2251,76.398,131,247,508.0,0,CHITRADURGA,CHITRADURGA,1659456.0,840843.0,818613.0,0.0,0.0,389117.0,302554.0,1087392.0,856587.0,65.53,973.6,0.0,23.45,18.23,51.62,56.29,2.59,1.57,2.05,506.31,13.5,7.17,0.36,7.89,14.88,30.61
Karnataka,CHITRADURGA,2013,31,42.0,1,31,0,31.0,28,27.0,1.0,4,1.0,25,130.0,213,98,115.0,193,7,62,0.0,17,782.0,7,178,0.0,64,0.0,4,2150,3970.0,,0.0,0.0,0.0,0.0,0.0,0.0,0.0,0.0,0.0,0.0,0.0,0.0,0.0,0.0,0.0,0.0,0.0,0.0,0.0,0.0,0.0,0.0,0.0,0.0,0.0,0.0,0.0,0.0,0.0,0.0,0.0,0.0,0.0,0.0,0.0,0.0,0.0,0.0,0.0,0.0,0.0,0.0,0.0,0.0,0.0,0.0,0.0,0.0,0.0,0.0,0.0,0.0,0.0,0.0,0.0,0.0,0.0,0.0,,0.0,,0.0,0.0,0.0,0.0,0.0,0.0,0.0,0.0,0.0,8212.0,-2.26,8507.3,LOW,0,10,14.2251,76.398,119,280,510.0,0,CHITRADURGA,CHITRADURGA,1659456.0,840843.0,818613.0,0.0,0.0,389117.0,302554.0,1087392.0,856587.0,65.53,973.6,0.0,23.45,18.23,51.62,56.29,1.87,1.87,1.69,494.86,12.84,7.83,0.42,7.17,16.87,30.73
KARNATAKA,DAKSHIN KANNADA,2001,33,36.0,0,3,0,3.0,9,6.0,3.0,1,0.0,8,214.0,219,109,110.0,127,15,55,5.0,12,411.0,1,24,0.0,25,0.0,3,1846,3047.0,,0.0,0.0,0.0,0.0,0.0,0.0,0.0,0.0,0.0,0.0,0.0,0.0,0.0,0.0,0.0,0.0,0.0,0.0,0.0,0.0,0.0,0.0,0.0,0.0,0.0,0.0,0.0,0.0,0.0,0.0,0.0,0.0,0.0,0.0,0.0,0.0,0.0,0.0,0.0,0.0,0.0,0.0,0.0,0.0,0.0,0.0,0.0,0.0,0.0,0.0,0.0,0.0,0.0,0.0,0.0,0.0,0.0,0.0,,0.0,,0.0,0.0,0.0,0.0,0.0,0.0,0.0,0.0,0.0,6325.0,0.0,6325.0,LOW,0,11,,,54,53,612.0,0,DAKSHIN KANNADA,,,,,,,,,,,,,,,,,,,,,,,,,,,
KARNATAKA,DAKSHIN KANNADA,2002,26,27.0,0,9,0,9.0,6,0.0,6.0,3,0.0,9,173.0,208,103,105.0,141,11,49,11.0,17,502.0,0,22,5.0,28,0.0,4,2178,3429.0,,0.0,0.0,0.0,0.0,0.0,0.0,0.0,0.0,0.0,0.0,0.0,0.0,0.0,0.0,0.0,0.0,0.0,0.0,0.0,0.0,0.0,0.0,0.0,0.0,0.0,0.0,0.0,0.0,0.0,0.0,0.0,0.0,0.0,0.0,0.0,0.0,0.0,0.0,0.0,0.0,0.0,0.0,0.0,0.0,0.0,0.0,0.0,0.0,0.0,0.0,0.0,0.0,0.0,0.0,0.0,0.0,0.0,0.0,,0.0,,0.0,0.0,0.0,0.0,0.0,0.0,0.0,0.0,0.0,7081.0,11.95,6703.0,LOW,0,11,,,53,59,544.0,0,DAKSHIN KANNADA,,,,,,,,,,,,,,,,,,,,,,,,,,,
KARNATAKA,DAKSHIN KANNADA,2003,35,30.0,1,3,0,3.0,10,5.0,5.0,7,0.0,7,163.0,220,99,121.0,194,4,40,2.0,22,508.0,2,23,4.0,31,0.0,5,2210,3521.0,,0.0,0.0,0.0,0.0,0.0,0.0,0.0,0.0,0.0,0.0,0.0,0.0,0.0,0.0,0.0,0.0,0.0,0.0,0.0,0.0,0.0,0.0,0.0,0.0,0.0,0.0,0.0,0.0,0.0,0.0,0.0,0.0,0.0,0.0,0.0,0.0,0.0,0.0,0.0,0.0,0.0,0.0,0.0,0.0,0.0,0.0,0.0,0.0,0.0,0.0,0.0,0.0,0.0,0.0,0.0,0.0,0.0,0.0,,0.0,,0.0,0.0,0.0,0.0,0.0,0.0,0.0,0.0,0.0,7275.0,2.74,6893.7,LOW,0,11,,,62,59,526.0,0,DAKSHIN KANNADA,,,,,,,,,,,,,,,,,,,,,,,,,,,
KARNATAKA,DAKSHIN KANNADA,2004,24,25.0,2,12,0,12.0,13,8.0,5.0,8,0.0,50,218.0,259,120,139.0,277,11,66,6.0,24,565.0,1,25,4.0,26,0.0,13,2504,4133.0,,0.0,0.0,0.0,0.0,0.0,0.0,0.0,0.0,0.0,0.0,0.0,0.0,0.0,0.0,0.0,0.0,0.0,0.0,0.0,0.0,0.0,0.0,0.0,0.0,0.0,0.0,0.0,0.0,0.0,0.0,0.0,0.0,0.0,0.0,0.0,0.0,0.0,0.0,0.0,0.0,0.0,0.0,0.0,0.0,0.0,0.0,0.0,0.0,0.0,0.0,0.0,0.0,0.0,0.0,0.0,0.0,0.0,0.0,,0.0,,0.0,0.0,0.0,0.0,0.0,0.0,0.0,0.0,0.0,8550.0,17.53,7635.3,LOW,0,11,,,107,64,674.0,0,DAKSHIN KANNADA,,,,,,,,,,,,,,,,,,,,,,,,,,,
KARNATAKA,DAKSHIN KANNADA,2005,35,29.0,1,14,0,14.0,14,6.0,8.0,12,0.0,37,213.0,269,128,141.0,221,10,89,3.0,29,611.0,2,40,1.0,37,0.0,13,2612,4292.0,,0.0,0.0,0.0,0.0,0.0,0.0,0.0,0.0,0.0,0.0,0.0,0.0,0.0,0.0,0.0,0.0,0.0,0.0,0.0,0.0,0.0,0.0,0.0,0.0,0.0,0.0,0.0,0.0,0.0,0.0,0.0,0.0,0.0,0.0,0.0,0.0,0.0,0.0,0.0,0.0,0.0,0.0,0.0,0.0,0.0,0.0,0.0,0.0,0.0,0.0,0.0,0.0,0.0,0.0,0.0,0.0,0.0,0.0,,0.0,,0.0,0.0,0.0,0.0,0.0,0.0,0.0,0.0,0.0,8881.0,3.87,8235.3,LOW,0,11,,,112,93,709.0,0,DAKSHIN KANNADA,,,,,,,,,,,,,,,,,,,,,,,,,,,
KARNATAKA,DAKSHIN KANNADA,2006,28,44.0,0,17,0,17.0,12,5.0,7.0,7,0.0,20,208.0,237,105,132.0,419,5,56,8.0,28,441.0,2,47,6.0,34,0.0,11,2407,4037.0,,0.0,0.0,0.0,0.0,0.0,0.0,0.0,0.0,0.0,0.0,0.0,0.0,0.0,0.0,0.0,0.0,0.0,0.0,0.0,0.0,0.0,0.0,0.0,0.0,0.0,0.0,0.0,0.0,0.0,0.0,0.0,0.0,0.0,0.0,0.0,0.0,0.0,0.0,0.0,0.0,0.0,0.0,0.0,0.0,0.0,0.0,0.0,0.0,0.0,0.0,0.0,0.0,0.0,0.0,0.0,0.0,0.0,0.0,,0.0,,0.0,0.0,0.0,0.0,0.0,0.0,0.0,0.0,0.0,8340.0,-6.09,8590.3,LOW,0,11,,,84,100,611.0,0,DAKSHIN KANNADA,,,,,,,,,,,,,,,,,,,,,,,,,,,
KARNATAKA,DAKSHIN KANNADA,2007,26,37.0,1,11,0,11.0,11,8.0,3.0,3,2.0,19,266.0,215,108,107.0,195,9,93,6.0,20,502.0,2,36,3.0,46,0.0,12,2373,3888.0,,0.0,0.0,0.0,0.0,0.0,0.0,0.0,0.0,0.0,0.0,0.0,0.0,0.0,0.0,0.0,0.0,0.0,0.0,0.0,0.0,0.0,0.0,0.0,0.0,0.0,0.0,0.0,0.0,0.0,0.0,0.0,0.0,0.0,0.0,0.0,0.0,0.0,0.0,0.0,0.0,0.0,0.0,0.0,0.0,0.0,0.0,0.0,0.0,0.0,0.0,0.0,0.0,0.0,0.0,0.0,0.0,0.0,0.0,,0.0,,0.0,0.0,0.0,0.0,0.0,0.0,0.0,0.0,0.0,8013.0,-3.92,8411.3,LOW,0,11,,,70,95,691.0,0,DAKSHIN KANNADA,,,,,,,,,,,,,,,,,,,,,,,,,,,
KARNATAKA,DAKSHIN KANNADA,2008,29,45.0,2,10,0,10.0,10,6.0,4.0,5,0.0,38,187.0,256,145,111.0,266,3,91,6.0,19,508.0,5,53,4.0,51,0.0,14,2372,3974.0,,0.0,0.0,0.0,0.0,0.0,0.0,0.0,0.0,0.0,0.0,0.0,0.0,0.0,0.0,0.0,0.0,0.0,0.0,0.0,0.0,0.0,0.0,0.0,0.0,0.0,0.0,0.0,0.0,0.0,0.0,0.0,0.0,0.0,0.0,0.0,0.0,0.0,0.0,0.0,0.0,0.0,0.0,0.0,0.0,0.0,0.0,0.0,0.0,0.0,0.0,0.0,0.0,0.0,0.0,0.0,0.0,0.0,0.0,,0.0,,0.0,0.0,0.0,0.0,0.0,0.0,0.0,0.0,0.0,8224.0,2.63,8192.3,LOW,0,11,,,92,119,682.0,0,DAKSHIN KANNADA,,,,,,,,,,,,,,,,,,,,,,,,,,,
KARNATAKA,DAKSHIN KANNADA,2009,61,64.0,0,14,0,14.0,15,5.0,10.0,3,0.0,37,278.0,304,174,130.0,232,5,129,6.0,21,402.0,1,61,2.0,69,0.0,12,2471,4187.0,,0.0,0.0,0.0,0.0,0.0,0.0,0.0,0.0,0.0,0.0,0.0,0.0,0.0,0.0,0.0,0.0,0.0,0.0,0.0,0.0,0.0,0.0,0.0,0.0,0.0,0.0,0.0,0.0,0.0,0.0,0.0,0.0,0.0,0.0,0.0,0.0,0.0,0.0,0.0,0.0,0.0,0.0,0.0,0.0,0.0,0.0,0.0,0.0,0.0,0.0,0.0,0.0,0.0,0.0,0.0,0.0,0.0,0.0,,0.0,,0.0,0.0,0.0,0.0,0.0,0.0,0.0,0.0,0.0,8707.0,5.87,8314.7,LOW,0,11,,,130,145,890.0,0,DAKSHIN KANNADA,,,,,,,,,,,,,,,,,,,,,,,,,,,
KARNATAKA,DAKSHIN KANNADA,2010,43,47.0,1,16,0,16.0,16,9.0,7.0,8,0.0,40,218.0,391,184,207.0,194,9,151,19.0,15,412.0,1,67,2.0,62,0.0,17,2467,4196.0,,0.0,0.0,0.0,0.0,0.0,0.0,0.0,0.0,0.0,0.0,0.0,0.0,0.0,0.0,0.0,0.0,0.0,0.0,0.0,0.0,0.0,0.0,0.0,0.0,0.0,0.0,0.0,0.0,0.0,0.0,0.0,0.0,0.0,0.0,0.0,0.0,0.0,0.0,0.0,0.0,0.0,0.0,0.0,0.0,0.0,0.0,0.0,0.0,0.0,0.0,0.0,0.0,0.0,0.0,0.0,0.0,0.0,0.0,,0.0,,0.0,0.0,0.0,0.0,0.0,0.0,0.0,0.0,0.0,8815.0,1.24,8582.0,LOW,0,11,,,123,146,953.0,0,DAKSHIN KANNADA,,,,,,,,,,,,,,,,,,,,,,,,,,,
KARNATAKA,DAKSHIN KANNADA,2011,23,20.0,0,6,0,6.0,6,3.0,3.0,4,0.0,10,102.0,108,44,64.0,87,2,42,4.0,13,268.0,1,46,0.0,38,0.0,5,956,1741.0,,0.0,0.0,0.0,0.0,0.0,0.0,0.0,0.0,0.0,0.0,0.0,0.0,0.0,0.0,0.0,0.0,0.0,0.0,0.0,0.0,0.0,0.0,0.0,0.0,0.0,0.0,0.0,0.0,0.0,0.0,0.0,0.0,0.0,0.0,0.0,0.0,0.0,0.0,0.0,0.0,0.0,0.0,0.0,0.0,0.0,0.0,0.0,0.0,0.0,0.0,0.0,0.0,0.0,0.0,0.0,0.0,0.0,0.0,,0.0,,0.0,0.0,0.0,0.0,0.0,0.0,0.0,0.0,0.0,3602.0,-59.14,7041.3,LOW,0,11,,,49,91,298.0,0,DAKSHIN KANNADA,,,,,,,,,,,,,,,,,,,,,,,,,,,
KARNATAKA,DAKSHIN KANNADA,2012,23,25.0,0,12,0,12.0,10,9.0,1.0,5,0.0,15,103.0,82,28,54.0,115,11,49,1.0,15,263.0,2,35,8.0,42,0.0,7,1013,1836.0,,0.0,0.0,0.0,0.0,0.0,0.0,0.0,0.0,0.0,0.0,0.0,0.0,0.0,0.0,0.0,0.0,0.0,0.0,0.0,0.0,0.0,0.0,0.0,0.0,0.0,0.0,0.0,0.0,0.0,0.0,0.0,0.0,0.0,0.0,0.0,0.0,0.0,0.0,0.0,0.0,0.0,0.0,0.0,0.0,0.0,0.0,0.0,0.0,0.0,0.0,0.0,0.0,0.0,0.0,0.0,0.0,0.0,0.0,,0.0,,0.0,0.0,0.0,0.0,0.0,0.0,0.0,0.0,0.0,3776.0,4.83,5397.7,LOW,0,11,,,65,91,273.0,0,DAKSHIN KANNADA,,,,,,,,,,,,,,,,,,,,,,,,,,,
Karnataka,DAKSHIN KANNADA,2013,17,24.0,0,14,0,14.0,17,15.0,2.0,6,1.0,29,109.0,100,33,67.0,164,1,52,0.0,11,292.0,0,72,2.0,45,0.0,5,1089,2050.0,,0.0,0.0,0.0,0.0,0.0,0.0,0.0,0.0,0.0,0.0,0.0,0.0,0.0,0.0,0.0,0.0,0.0,0.0,0.0,0.0,0.0,0.0,0.0,0.0,0.0,0.0,0.0,0.0,0.0,0.0,0.0,0.0,0.0,0.0,0.0,0.0,0.0,0.0,0.0,0.0,0.0,0.0,0.0,0.0,0.0,0.0,0.0,0.0,0.0,0.0,0.0,0.0,0.0,0.0,0.0,0.0,0.0,0.0,,0.0,,0.0,0.0,0.0,0.0,0.0,0.0,0.0,0.0,0.0,4231.0,12.05,3869.7,LOW,0,11,,,83,131,295.0,0,DAKSHIN KANNADA,,,,,,,,,,,,,,,,,,,,,,,,,,,
KARNATAKA,DAVANAGERE,2001,58,39.0,6,22,0,22.0,23,13.0,10.0,5,1.0,26,246.0,332,114,218.0,297,12,46,3.0,1,684.0,8,84,5.0,77,0.0,1,1325,3301.0,,0.0,0.0,0.0,0.0,0.0,0.0,0.0,0.0,0.0,0.0,0.0,0.0,0.0,0.0,0.0,0.0,0.0,0.0,0.0,0.0,0.0,0.0,0.0,0.0,0.0,0.0,0.0,0.0,0.0,0.0,0.0,0.0,0.0,0.0,0.0,0.0,0.0,0.0,0.0,0.0,0.0,0.0,0.0,0.0,0.0,0.0,0.0,0.0,0.0,0.0,0.0,0.0,0.0,0.0,0.0,0.0,0.0,0.0,,0.0,,0.0,0.0,0.0,0.0,0.0,0.0,0.0,0.0,0.0,6979.0,0.0,6979.0,LOW,0,12,14.4644,75.9218,134,191,750.0,0,DAVANAGERE,DAVANAGERE,1945497.0,986400.0,959097.0,0.0,0.0,392595.0,233112.0,1308540.0,875207.0,67.26,972.3,0.0,20.18,11.98,44.99,52.74,2.98,1.13,1.18,358.73,17.07,12.64,0.41,6.89,9.82,38.55
KARNATAKA,DAVANAGERE,2002,57,26.0,7,14,0,14.0,18,15.0,3.0,8,0.0,43,176.0,279,75,204.0,276,13,39,2.0,2,589.0,8,74,2.0,73,0.0,17,1383,3106.0,,0.0,0.0,0.0,0.0,0.0,0.0,0.0,0.0,0.0,0.0,0.0,0.0,0.0,0.0,0.0,0.0,0.0,0.0,0.0,0.0,0.0,0.0,0.0,0.0,0.0,0.0,0.0,0.0,0.0,0.0,0.0,0.0,0.0,0.0,0.0,0.0,0.0,0.0,0.0,0.0,0.0,0.0,0.0,0.0,0.0,0.0,0.0,0.0,0.0,0.0,0.0,0.0,0.0,0.0,0.0,0.0,0.0,0.0,,0.0,,0.0,0.0,0.0,0.0,0.0,0.0,0.0,0.0,0.0,6523.0,-6.53,6751.0,LOW,0,12,14.4644,75.9218,140,169,582.0,0,DAVANAGERE,DAVANAGERE,1945497.0,986400.0,959097.0,0.0,0.0,392595.0,233112.0,1308540.0,875207.0,67.26,972.3,0.0,20.18,11.98,44.99,52.74,2.93,0.72,0.93,335.29,14.34,9.05,0.41,7.2,8.69,29.92
KARNATAKA,DAVANAGERE,2003,28,20.0,3,16,0,16.0,14,6.0,8.0,9,2.0,35,192.0,329,100,229.0,277,11,47,1.0,0,584.0,10,56,2.0,78,0.0,2,1272,2988.0,,0.0,0.0,0.0,0.0,0.0,0.0,0.0,0.0,0.0,0.0,0.0,0.0,0.0,0.0,0.0,0.0,0.0,0.0,0.0,0.0,0.0,0.0,0.0,0.0,0.0,0.0,0.0,0.0,0.0,0.0,0.0,0.0,0.0,0.0,0.0,0.0,0.0,0.0,0.0,0.0,0.0,0.0,0.0,0.0,0.0,0.0,0.0,0.0,0.0,0.0,0.0,0.0,0.0,0.0,0.0,0.0,0.0,0.0,,0.0,,0.0,0.0,0.0,0.0,0.0,0.0,0.0,0.0,0.0,6335.0,-2.88,6612.3,LOW,0,12,14.4644,75.9218,102,160,679.0,0,DAVANAGERE,DAVANAGERE,1945497.0,986400.0,959097.0,0.0,0.0,392595.0,233112.0,1308540.0,875207.0,67.26,972.3,0.0,20.18,11.98,44.99,52.74,1.44,0.82,0.72,325.62,16.91,9.87,0.51,5.24,8.22,34.9
KARNATAKA,DAVANAGERE,2004,38,14.0,4,8,0,8.0,10,7.0,3.0,5,2.0,19,143.0,273,69,204.0,266,10,60,4.0,4,525.0,11,61,0.0,59,0.0,1,1433,2950.0,,0.0,0.0,0.0,0.0,0.0,0.0,0.0,0.0,0.0,0.0,0.0,0.0,0.0,0.0,0.0,0.0,0.0,0.0,0.0,0.0,0.0,0.0,0.0,0.0,0.0,0.0,0.0,0.0,0.0,0.0,0.0,0.0,0.0,0.0,0.0,0.0,0.0,0.0,0.0,0.0,0.0,0.0,0.0,0.0,0.0,0.0,0.0,0.0,0.0,0.0,0.0,0.0,0.0,0.0,0.0,0.0,0.0,0.0,,0.0,,0.0,0.0,0.0,0.0,0.0,0.0,0.0,0.0,0.0,6191.0,-2.27,6349.7,LOW,0,12,14.4644,75.9218,80,139,555.0,0,DAVANAGERE,DAVANAGERE,1945497.0,986400.0,959097.0,0.0,0.0,392595.0,233112.0,1308540.0,875207.0,67.26,972.3,0.0,20.18,11.98,44.99,52.74,1.95,0.41,0.51,318.22,14.03,7.35,0.57,4.11,7.14,28.53
KARNATAKA,DAVANAGERE,2005,40,16.0,5,14,0,14.0,14,9.0,5.0,2,1.0,24,145.0,283,64,219.0,184,6,67,6.0,3,547.0,9,66,2.0,78,0.0,5,1352,2869.0,,0.0,0.0,0.0,0.0,0.0,0.0,0.0,0.0,0.0,0.0,0.0,0.0,0.0,0.0,0.0,0.0,0.0,0.0,0.0,0.0,0.0,0.0,0.0,0.0,0.0,0.0,0.0,0.0,0.0,0.0,0.0,0.0,0.0,0.0,0.0,0.0,0.0,0.0,0.0,0.0,0.0,0.0,0.0,0.0,0.0,0.0,0.0,0.0,0.0,0.0,0.0,0.0,0.0,0.0,0.0,0.0,0.0,0.0,,0.0,,0.0,0.0,0.0,0.0,0.0,0.0,0.0,0.0,0.0,6049.0,-2.29,6191.7,LOW,0,12,14.4644,75.9218,94,167,565.0,0,DAVANAGERE,DAVANAGERE,1945497.0,986400.0,959097.0,0.0,0.0,392595.0,233112.0,1308540.0,875207.0,67.26,972.3,0.0,20.18,11.98,44.99,52.74,2.06,0.72,0.72,310.92,14.55,7.45,0.46,4.83,8.58,29.04
KARNATAKA,DAVANAGERE,2006,23,13.0,4,17,0,17.0,14,12.0,2.0,10,0.0,25,173.0,272,55,217.0,147,25,46,5.0,0,554.0,11,60,6.0,79,0.0,6,1322,2812.0,,0.0,0.0,0.0,0.0,0.0,0.0,0.0,0.0,0.0,0.0,0.0,0.0,0.0,0.0,0.0,0.0,0.0,0.0,0.0,0.0,0.0,0.0,0.0,0.0,0.0,0.0,0.0,0.0,0.0,0.0,0.0,0.0,0.0,0.0,0.0,0.0,0.0,0.0,0.0,0.0,0.0,0.0,0.0,0.0,0.0,0.0,0.0,0.0,0.0,0.0,0.0,0.0,0.0,0.0,0.0,0.0,0.0,0.0,,0.0,,0.0,0.0,0.0,0.0,0.0,0.0,0.0,0.0,0.0,5927.0,-2.02,6055.7,LOW,0,12,14.4644,75.9218,89,167,571.0,0,DAVANAGERE,DAVANAGERE,1945497.0,986400.0,959097.0,0.0,0.0,392595.0,233112.0,1308540.0,875207.0,67.26,972.3,0.0,20.18,11.98,44.99,52.74,1.18,0.87,0.72,304.65,13.98,8.89,0.57,4.57,8.58,29.35
KARNATAKA,DAVANAGERE,2007,19,22.0,1,10,0,10.0,16,11.0,5.0,2,2.0,20,134.0,205,49,156.0,220,13,41,3.0,0,472.0,5,49,2.0,102,0.0,0,1437,2775.0,,0.0,0.0,0.0,0.0,0.0,0.0,0.0,0.0,0.0,0.0,0.0,0.0,0.0,0.0,0.0,0.0,0.0,0.0,0.0,0.0,0.0,0.0,0.0,0.0,0.0,0.0,0.0,0.0,0.0,0.0,0.0,0.0,0.0,0.0,0.0,0.0,0.0,0.0,0.0,0.0,0.0,0.0,0.0,0.0,0.0,0.0,0.0,0.0,0.0,0.0,0.0,0.0,0.0,0.0,0.0,0.0,0.0,0.0,,0.0,,0.0,0.0,0.0,0.0,0.0,0.0,0.0,0.0,0.0,5781.0,-2.46,5919.0,LOW,0,12,14.4644,75.9218,67,166,442.0,0,DAVANAGERE,DAVANAGERE,1945497.0,986400.0,959097.0,0.0,0.0,392595.0,233112.0,1308540.0,875207.0,67.26,972.3,0.0,20.18,11.98,44.99,52.74,0.98,0.51,0.82,297.15,10.54,6.89,0.26,3.44,8.53,22.72
KARNATAKA,DAVANAGERE,2008,26,18.0,1,10,0,10.0,35,31.0,4.0,3,2.0,16,138.0,268,103,165.0,213,14,53,1.0,0,468.0,9,60,5.0,102,0.0,3,1564,3009.0,,0.0,0.0,0.0,0.0,0.0,0.0,0.0,0.0,0.0,0.0,0.0,0.0,0.0,0.0,0.0,0.0,0.0,0.0,0.0,0.0,0.0,0.0,0.0,0.0,0.0,0.0,0.0,0.0,0.0,0.0,0.0,0.0,0.0,0.0,0.0,0.0,0.0,0.0,0.0,0.0,0.0,0.0,0.0,0.0,0.0,0.0,0.0,0.0,0.0,0.0,0.0,0.0,0.0,0.0,0.0,0.0,0.0,0.0,,0.0,,0.0,0.0,0.0,0.0,0.0,0.0,0.0,0.0,0.0,6331.0,9.51,6013.0,LOW,0,12,14.4644,75.9218,90,181,576.0,0,DAVANAGERE,DAVANAGERE,1945497.0,986400.0,959097.0,0.0,0.0,392595.0,233112.0,1308540.0,875207.0,67.26,972.3,0.0,20.18,11.98,44.99,52.74,1.34,0.51,1.8,325.42,13.78,7.09,0.46,4.63,9.3,29.61
KARNATAKA,DAVANAGERE,2009,27,24.0,3,16,0,16.0,17,15.0,2.0,6,1.0,28,195.0,298,110,188.0,278,9,76,4.0,0,451.0,12,90,0.0,112,0.0,3,1609,3259.0,,0.0,0.0,0.0,0.0,0.0,0.0,0.0,0.0,0.0,0.0,0.0,0.0,0.0,0.0,0.0,0.0,0.0,0.0,0.0,0.0,0.0,0.0,0.0,0.0,0.0,0.0,0.0,0.0,0.0,0.0,0.0,0.0,0.0,0.0,0.0,0.0,0.0,0.0,0.0,0.0,0.0,0.0,0.0,0.0,0.0,0.0,0.0,0.0,0.0,0.0,0.0,0.0,0.0,0.0,0.0,0.0,0.0,0.0,,0.0,,0.0,0.0,0.0,0.0,0.0,0.0,0.0,0.0,0.0,6849.0,8.18,6320.3,LOW,0,12,14.4644,75.9218,94,230,688.0,0,DAVANAGERE,DAVANAGERE,1945497.0,986400.0,959097.0,0.0,0.0,392595.0,233112.0,1308540.0,875207.0,67.26,972.3,0.0,20.18,11.98,44.99,52.74,1.39,0.82,0.87,352.04,15.32,10.02,0.62,4.83,11.82,35.36
KARNATAKA,DAVANAGERE,2010,29,25.0,6,16,0,16.0,20,20.0,0.0,5,0.0,27,127.0,270,140,130.0,270,13,59,3.0,0,393.0,9,91,1.0,120,0.0,0,1575,3059.0,,0.0,0.0,0.0,0.0,0.0,0.0,0.0,0.0,0.0,0.0,0.0,0.0,0.0,0.0,0.0,0.0,0.0,0.0,0.0,0.0,0.0,0.0,0.0,0.0,0.0,0.0,0.0,0.0,0.0,0.0,0.0,0.0,0.0,0.0,0.0,0.0,0.0,0.0,0.0,0.0,0.0,0.0,0.0,0.0,0.0,0.0,0.0,0.0,0.0,0.0,0.0,0.0,0.0,0.0,0.0,0.0,0.0,0.0,,0.0,,0.0,0.0,0.0,0.0,0.0,0.0,0.0,0.0,0.0,6424.0,-6.21,6534.7,LOW,0,12,14.4644,75.9218,97,236,609.0,0,DAVANAGERE,DAVANAGERE,1945497.0,986400.0,959097.0,0.0,0.0,392595.0,233112.0,1308540.0,875207.0,67.26,972.3,0.0,20.18,11.98,44.99,52.74,1.49,0.82,1.03,330.2,13.88,6.53,0.46,4.99,12.13,31.3
KARNATAKA,DAVANAGERE,2011,35,18.0,7,11,0,11.0,17,15.0,2.0,1,4.0,31,141.0,190,102,88.0,218,8,55,1.0,0,394.0,6,65,0.0,93,0.0,0,1473,2768.0,,0.0,0.0,0.0,0.0,0.0,0.0,0.0,0.0,0.0,0.0,0.0,0.0,0.0,0.0,0.0,0.0,0.0,0.0,0.0,0.0,0.0,0.0,0.0,0.0,0.0,0.0,0.0,0.0,0.0,0.0,0.0,0.0,0.0,0.0,0.0,0.0,0.0,0.0,0.0,0.0,0.0,0.0,0.0,0.0,0.0,0.0,0.0,0.0,0.0,0.0,0.0,0.0,0.0,0.0,0.0,0.0,0.0,0.0,,0.0,,0.0,0.0,0.0,0.0,0.0,0.0,0.0,0.0,0.0,5754.0,-10.43,6342.3,LOW,0,12,14.4644,75.9218,95,175,496.0,0,DAVANAGERE,DAVANAGERE,1945497.0,986400.0,959097.0,0.0,0.0,392595.0,233112.0,1308540.0,875207.0,67.26,972.3,0.0,20.18,11.98,44.99,52.74,1.8,0.57,0.87,295.76,9.77,7.25,0.31,4.88,9.0,25.49
KARNATAKA,DAVANAGERE,2012,42,35.0,8,17,0,17.0,23,20.0,3.0,3,3.0,50,139.0,297,143,154.0,298,17,58,3.0,0,442.0,8,117,0.0,119,0.0,0,1592,3271.0,,0.0,0.0,0.0,0.0,0.0,0.0,0.0,0.0,0.0,0.0,0.0,0.0,0.0,0.0,0.0,0.0,0.0,0.0,0.0,0.0,0.0,0.0,0.0,0.0,0.0,0.0,0.0,0.0,0.0,0.0,0.0,0.0,0.0,0.0,0.0,0.0,0.0,0.0,0.0,0.0,0.0,0.0,0.0,0.0,0.0,0.0,0.0,0.0,0.0,0.0,0.0,0.0,0.0,0.0,0.0,0.0,0.0,0.0,,0.0,,0.0,0.0,0.0,0.0,0.0,0.0,0.0,0.0,0.0,6879.0,19.55,6352.3,LOW,0,12,14.4644,75.9218,135,261,654.0,0,DAVANAGERE,DAVANAGERE,1945497.0,986400.0,959097.0,0.0,0.0,392595.0,233112.0,1308540.0,875207.0,67.26,972.3,0.0,20.18,11.98,44.99,52.74,2.16,0.87,1.18,353.59,15.27,7.14,0.41,6.94,13.42,33.62
Karnataka,DAVANAGERE,2013,33,23.0,2,33,0,33.0,31,21.0,10.0,7,7.0,58,180.0,397,199,198.0,352,30,93,2.0,3,641.0,14,167,5.0,127,0.0,12,1626,3843.0,,0.0,0.0,0.0,0.0,0.0,0.0,0.0,0.0,0.0,0.0,0.0,0.0,0.0,0.0,0.0,0.0,0.0,0.0,0.0,0.0,0.0,0.0,0.0,0.0,0.0,0.0,0.0,0.0,0.0,0.0,0.0,0.0,0.0,0.0,0.0,0.0,0.0,0.0,0.0,0.0,0.0,0.0,0.0,0.0,0.0,0.0,0.0,0.0,0.0,0.0,0.0,0.0,0.0,0.0,0.0,0.0,0.0,0.0,,0.0,,0.0,0.0,0.0,0.0,0.0,0.0,0.0,0.0,0.0,8147.0,18.43,6926.7,LOW,0,12,14.4644,75.9218,162,341,899.0,0,DAVANAGERE,DAVANAGERE,1945497.0,986400.0,959097.0,0.0,0.0,392595.0,233112.0,1308540.0,875207.0,67.26,972.3,0.0,20.18,11.98,44.99,52.74,1.7,1.7,1.59,418.76,20.41,9.25,0.72,8.33,17.53,46.21
KARNATAKA,DHARWAD COMMR.,2001,16,24.0,0,4,0,4.0,8,4.0,4.0,5,0.0,34,159.0,245,99,146.0,168,8,56,0.0,7,191.0,2,3,0.0,24,0.0,4,944,1902.0,,0.0,0.0,0.0,0.0,0.0,0.0,0.0,0.0,0.0,0.0,0.0,0.0,0.0,0.0,0.0,0.0,0.0,0.0,0.0,0.0,0.0,0.0,0.0,0.0,0.0,0.0,0.0,0.0,0.0,0.0,0.0,0.0,0.0,0.0,0.0,0.0,0.0,0.0,0.0,0.0,0.0,0.0,0.0,0.0,0.0,0.0,0.0,0.0,0.0,0.0,0.0,0.0,0.0,0.0,0.0,0.0,0.0,0.0,,0.0,,0.0,0.0,0.0,0.0,0.0,0.0,0.0,0.0,0.0,4061.0,0.0,4061.0,LOW,0,13,,,67,33,567.0,0,DHARWAD COMMR.,,,,,,,,,,,,,,,,,,,,,,,,,,,
KARNATAKA,DHARWAD COMMR.,2002,17,36.0,0,1,0,1.0,16,7.0,9.0,7,0.0,38,105.0,269,123,146.0,122,13,61,2.0,9,221.0,5,14,4.0,24,0.0,6,1051,2021.0,,0.0,0.0,0.0,0.0,0.0,0.0,0.0,0.0,0.0,0.0,0.0,0.0,0.0,0.0,0.0,0.0,0.0,0.0,0.0,0.0,0.0,0.0,0.0,0.0,0.0,0.0,0.0,0.0,0.0,0.0,0.0,0.0,0.0,0.0,0.0,0.0,0.0,0.0,0.0,0.0,0.0,0.0,0.0,0.0,0.0,0.0,0.0,0.0,0.0,0.0,0.0,0.0,0.0,0.0,0.0,0.0,0.0,0.0,,0.0,,0.0,0.0,0.0,0.0,0.0,0.0,0.0,0.0,0.0,4328.0,6.57,4194.5,LOW,0,13,,,79,44,571.0,0,DHARWAD COMMR.,,,,,,,,,,,,,,,,,,,,,,,,,,,
KARNATAKA,DHARWAD COMMR.,2003,23,18.0,0,3,0,3.0,11,4.0,7.0,4,1.0,16,126.0,288,118,170.0,80,6,81,0.0,0,183.0,3,3,9.0,28,0.0,4,906,1793.0,,0.0,0.0,0.0,0.0,0.0,0.0,0.0,0.0,0.0,0.0,0.0,0.0,0.0,0.0,0.0,0.0,0.0,0.0,0.0,0.0,0.0,0.0,0.0,0.0,0.0,0.0,0.0,0.0,0.0,0.0,0.0,0.0,0.0,0.0,0.0,0.0,0.0,0.0,0.0,0.0,0.0,0.0,0.0,0.0,0.0,0.0,0.0,0.0,0.0,0.0,0.0,0.0,0.0,0.0,0.0,0.0,0.0,0.0,,0.0,,0.0,0.0,0.0,0.0,0.0,0.0,0.0,0.0,0.0,3888.0,-10.17,4092.3,LOW,0,13,,,57,37,619.0,0,DHARWAD COMMR.,,,,,,,,,,,,,,,,,,,,,,,,,,,
KARNATAKA,DHARWAD COMMR.,2004,17,17.0,0,1,0,1.0,10,6.0,4.0,0,0.0,8,101.0,251,106,145.0,67,11,143,2.0,3,201.0,3,8,1.0,10,0.0,3,841,1698.0,,0.0,0.0,0.0,0.0,0.0,0.0,0.0,0.0,0.0,0.0,0.0,0.0,0.0,0.0,0.0,0.0,0.0,0.0,0.0,0.0,0.0,0.0,0.0,0.0,0.0,0.0,0.0,0.0,0.0,0.0,0.0,0.0,0.0,0.0,0.0,0.0,0.0,0.0,0.0,0.0,0.0,0.0,0.0,0.0,0.0,0.0,0.0,0.0,0.0,0.0,0.0,0.0,0.0,0.0,0.0,0.0,0.0,0.0,,0.0,,0.0,0.0,0.0,0.0,0.0,0.0,0.0,0.0,0.0,3658.0,-5.92,3958.0,LOW,0,13,,,36,22,612.0,0,DHARWAD COMMR.,,,,,,,,,,,,,,,,,,,,,,,,,,,
KARNATAKA,DHARWAD COMMR.,2005,15,13.0,0,0,0,0.0,7,4.0,3.0,1,0.0,22,133.0,274,143,131.0,73,24,66,2.0,3,195.0,3,2,2.0,14,0.0,2,967,1818.0,,0.0,0.0,0.0,0.0,0.0,0.0,0.0,0.0,0.0,0.0,0.0,0.0,0.0,0.0,0.0,0.0,0.0,0.0,0.0,0.0,0.0,0.0,0.0,0.0,0.0,0.0,0.0,0.0,0.0,0.0,0.0,0.0,0.0,0.0,0.0,0.0,0.0,0.0,0.0,0.0,0.0,0.0,0.0,0.0,0.0,0.0,0.0,0.0,0.0,0.0,0.0,0.0,0.0,0.0,0.0,0.0,0.0,0.0,,0.0,,0.0,0.0,0.0,0.0,0.0,0.0,0.0,0.0,0.0,3917.0,7.08,3821.0,LOW,0,13,,,45,19,640.0,0,DHARWAD COMMR.,,,,,,,,,,,,,,,,,,,,,,,,,,,
KARNATAKA,DHARWAD COMMR.,2006,23,18.0,0,3,0,3.0,15,8.0,7.0,4,10.0,60,136.0,338,138,200.0,67,10,105,4.0,3,198.0,1,13,1.0,34,0.0,7,1075,2125.0,,0.0,0.0,0.0,0.0,0.0,0.0,0.0,0.0,0.0,0.0,0.0,0.0,0.0,0.0,0.0,0.0,0.0,0.0,0.0,0.0,0.0,0.0,0.0,0.0,0.0,0.0,0.0,0.0,0.0,0.0,0.0,0.0,0.0,0.0,0.0,0.0,0.0,0.0,0.0,0.0,0.0,0.0,0.0,0.0,0.0,0.0,0.0,0.0,0.0,0.0,0.0,0.0,0.0,0.0,0.0,0.0,0.0,0.0,,0.0,,0.0,0.0,0.0,0.0,0.0,0.0,0.0,0.0,0.0,4606.0,17.59,4060.3,LOW,0,13,,,105,51,727.0,0,DHARWAD COMMR.,,,,,,,,,,,,,,,,,,,,,,,,,,,
KARNATAKA,DHARWAD COMMR.,2007,16,20.0,0,5,0,5.0,16,12.0,4.0,1,4.0,60,147.0,273,118,155.0,104,17,133,6.0,0,184.0,3,10,1.0,30,0.0,5,1018,2053.0,,0.0,0.0,0.0,0.0,0.0,0.0,0.0,0.0,0.0,0.0,0.0,0.0,0.0,0.0,0.0,0.0,0.0,0.0,0.0,0.0,0.0,0.0,0.0,0.0,0.0,0.0,0.0,0.0,0.0,0.0,0.0,0.0,0.0,0.0,0.0,0.0,0.0,0.0,0.0,0.0,0.0,0.0,0.0,0.0,0.0,0.0,0.0,0.0,0.0,0.0,0.0,0.0,0.0,0.0,0.0,0.0,0.0,0.0,,0.0,,0.0,0.0,0.0,0.0,0.0,0.0,0.0,0.0,0.0,4400.0,-4.47,4307.7,LOW,0,13,,,98,48,688.0,0,DHARWAD COMMR.,,,,,,,,,,,,,,,,,,,,,,,,,,,
KARNATAKA,DHARWAD COMMR.,2008,21,26.0,0,3,0,3.0,15,10.0,5.0,8,1.0,78,153.0,422,245,177.0,90,7,135,5.0,8,168.0,1,16,1.0,44,0.0,9,1088,2299.0,,0.0,0.0,0.0,0.0,0.0,0.0,0.0,0.0,0.0,0.0,0.0,0.0,0.0,0.0,0.0,0.0,0.0,0.0,0.0,0.0,0.0,0.0,0.0,0.0,0.0,0.0,0.0,0.0,0.0,0.0,0.0,0.0,0.0,0.0,0.0,0.0,0.0,0.0,0.0,0.0,0.0,0.0,0.0,0.0,0.0,0.0,0.0,0.0,0.0,0.0,0.0,0.0,0.0,0.0,0.0,0.0,0.0,0.0,,0.0,,0.0,0.0,0.0,0.0,0.0,0.0,0.0,0.0,0.0,5038.0,14.5,4681.3,LOW,0,13,,,125,64,962.0,0,DHARWAD COMMR.,,,,,,,,,,,,,,,,,,,,,,,,,,,
KARNATAKA,DHARWAD COMMR.,2009,17,25.0,0,6,0,6.0,14,9.0,5.0,3,2.0,54,147.0,367,238,129.0,107,11,142,10.0,3,158.0,5,12,1.0,52,0.0,9,895,2040.0,,0.0,0.0,0.0,0.0,0.0,0.0,0.0,0.0,0.0,0.0,0.0,0.0,0.0,0.0,0.0,0.0,0.0,0.0,0.0,0.0,0.0,0.0,0.0,0.0,0.0,0.0,0.0,0.0,0.0,0.0,0.0,0.0,0.0,0.0,0.0,0.0,0.0,0.0,0.0,0.0,0.0,0.0,0.0,0.0,0.0,0.0,0.0,0.0,0.0,0.0,0.0,0.0,0.0,0.0,0.0,0.0,0.0,0.0,,0.0,,0.0,0.0,0.0,0.0,0.0,0.0,0.0,0.0,0.0,4467.0,-11.33,4635.0,LOW,0,13,,,94,75,905.0,0,DHARWAD COMMR.,,,,,,,,,,,,,,,,,,,,,,,,,,,
KARNATAKA,DHARWAD COMMR.,2010,17,16.0,0,1,0,1.0,20,13.0,7.0,4,1.0,62,128.0,348,199,149.0,86,15,154,3.0,9,159.0,0,16,3.0,45,0.0,5,1129,2221.0,,0.0,0.0,0.0,0.0,0.0,0.0,0.0,0.0,0.0,0.0,0.0,0.0,0.0,0.0,0.0,0.0,0.0,0.0,0.0,0.0,0.0,0.0,0.0,0.0,0.0,0.0,0.0,0.0,0.0,0.0,0.0,0.0,0.0,0.0,0.0,0.0,0.0,0.0,0.0,0.0,0.0,0.0,0.0,0.0,0.0,0.0,0.0,0.0,0.0,0.0,0.0,0.0,0.0,0.0,0.0,0.0,0.0,0.0,,0.0,,0.0,0.0,0.0,0.0,0.0,0.0,0.0,0.0,0.0,4811.0,7.7,4772.0,LOW,0,13,,,104,62,844.0,0,DHARWAD COMMR.,,,,,,,,,,,,,,,,,,,,,,,,,,,
KARNATAKA,DHARWAD COMMR.,2011,26,23.0,0,7,0,7.0,23,18.0,5.0,1,3.0,52,131.0,282,162,120.0,87,2,141,4.0,10,144.0,3,22,2.0,56,0.0,9,828,1856.0,,0.0,0.0,0.0,0.0,0.0,0.0,0.0,0.0,0.0,0.0,0.0,0.0,0.0,0.0,0.0,0.0,0.0,0.0,0.0,0.0,0.0,0.0,0.0,0.0,0.0,0.0,0.0,0.0,0.0,0.0,0.0,0.0,0.0,0.0,0.0,0.0,0.0,0.0,0.0,0.0,0.0,0.0,0.0,0.0,0.0,0.0,0.0,0.0,0.0,0.0,0.0,0.0,0.0,0.0,0.0,0.0,0.0,0.0,,0.0,,0.0,0.0,0.0,0.0,0.0,0.0,0.0,0.0,0.0,4024.0,-16.36,4434.0,LOW,0,13,,,109,88,718.0,0,DHARWAD COMMR.,,,,,,,,,,,,,,,,,,,,,,,,,,,
KARNATAKA,DHARWAD COMMR.,2012,18,20.0,1,6,0,6.0,54,42.0,12.0,2,5.0,77,130.0,290,184,106.0,94,3,117,1.0,20,177.0,2,16,0.0,65,0.0,8,831,1937.0,,0.0,0.0,0.0,0.0,0.0,0.0,0.0,0.0,0.0,0.0,0.0,0.0,0.0,0.0,0.0,0.0,0.0,0.0,0.0,0.0,0.0,0.0,0.0,0.0,0.0,0.0,0.0,0.0,0.0,0.0,0.0,0.0,0.0,0.0,0.0,0.0,0.0,0.0,0.0,0.0,0.0,0.0,0.0,0.0,0.0,0.0,0.0,0.0,0.0,0.0,0.0,0.0,0.0,0.0,0.0,0.0,0.0,0.0,,0.0,,0.0,0.0,0.0,0.0,0.0,0.0,0.0,0.0,0.0,4224.0,4.97,4353.0,LOW,0,13,,,157,89,724.0,0,DHARWAD COMMR.,,,,,,,,,,,,,,,,,,,,,,,,,,,
Karnataka,DHARWAD COMMR.,2013,19,50.0,0,16,0,16.0,99,75.0,24.0,7,7.0,65,184.0,393,201,192.0,157,14,180,1.0,9,221.0,4,37,5.0,85,0.0,9,881,2443.0,,0.0,0.0,0.0,0.0,0.0,0.0,0.0,0.0,0.0,0.0,0.0,0.0,0.0,0.0,0.0,0.0,0.0,0.0,0.0,0.0,0.0,0.0,0.0,0.0,0.0,0.0,0.0,0.0,0.0,0.0,0.0,0.0,0.0,0.0,0.0,0.0,0.0,0.0,0.0,0.0,0.0,0.0,0.0,0.0,0.0,0.0,0.0,0.0,0.0,0.0,0.0,0.0,0.0,0.0,0.0,0.0,0.0,0.0,,0.0,,0.0,0.0,0.0,0.0,0.0,0.0,0.0,0.0,0.0,5394.0,27.7,4547.3,LOW,0,13,,,206,142,972.0,0,DHARWAD COMMR.,,,,,,,,,,,,,,,,,,,,,,,,,,,
KARNATAKA,DHARWAD RURAL,2001,25,10.0,2,3,0,3.0,3,2.0,1.0,3,0.0,5,30.0,38,1,37.0,110,7,14,1.0,0,132.0,3,8,0.0,8,0.0,0,497,899.0,,0.0,0.0,0.0,0.0,0.0,0.0,0.0,0.0,0.0,0.0,0.0,0.0,0.0,0.0,0.0,0.0,0.0,0.0,0.0,0.0,0.0,0.0,0.0,0.0,0.0,0.0,0.0,0.0,0.0,0.0,0.0,0.0,0.0,0.0,0.0,0.0,0.0,0.0,0.0,0.0,0.0,0.0,0.0,0.0,0.0,0.0,0.0,0.0,0.0,0.0,0.0,0.0,0.0,0.0,0.0,0.0,0.0,0.0,,0.0,,0.0,0.0,0.0,0.0,0.0,0.0,0.0,0.0,0.0,1842.0,0.0,1842.0,LOW,0,14,,,39,22,90.0,0,DHARWAD RURAL,,,,,,,,,,,,,,,,,,,,,,,,,,,
KARNATAKA,DHARWAD RURAL,2002,35,13.0,0,0,0,0.0,7,0.0,7.0,2,0.0,4,42.0,34,2,32.0,89,1,9,0.0,2,133.0,4,26,0.0,17,0.0,0,487,905.0,,0.0,0.0,0.0,0.0,0.0,0.0,0.0,0.0,0.0,0.0,0.0,0.0,0.0,0.0,0.0,0.0,0.0,0.0,0.0,0.0,0.0,0.0,0.0,0.0,0.0,0.0,0.0,0.0,0.0,0.0,0.0,0.0,0.0,0.0,0.0,0.0,0.0,0.0,0.0,0.0,0.0,0.0,0.0,0.0,0.0,0.0,0.0,0.0,0.0,0.0,0.0,0.0,0.0,0.0,0.0,0.0,0.0,0.0,,0.0,,0.0,0.0,0.0,0.0,0.0,0.0,0.0,0.0,0.0,1851.0,0.49,1846.5,LOW,0,14,,,48,47,88.0,0,DHARWAD RURAL,,,,,,,,,,,,,,,,,,,,,,,,,,,
KARNATAKA,DHARWAD RURAL,2003,28,11.0,3,5,0,5.0,0,0.0,0.0,8,0.0,6,39.0,60,5,55.0,106,4,12,0.0,3,137.0,3,11,0.0,12,0.0,0,455,903.0,,0.0,0.0,0.0,0.0,0.0,0.0,0.0,0.0,0.0,0.0,0.0,0.0,0.0,0.0,0.0,0.0,0.0,0.0,0.0,0.0,0.0,0.0,0.0,0.0,0.0,0.0,0.0,0.0,0.0,0.0,0.0,0.0,0.0,0.0,0.0,0.0,0.0,0.0,0.0,0.0,0.0,0.0,0.0,0.0,0.0,0.0,0.0,0.0,0.0,0.0,0.0,0.0,0.0,0.0,0.0,0.0,0.0,0.0,,0.0,,0.0,0.0,0.0,0.0,0.0,0.0,0.0,0.0,0.0,1871.0,1.08,1854.7,LOW,0,14,,,47,31,120.0,0,DHARWAD RURAL,,,,,,,,,,,,,,,,,,,,,,,,,,,
KARNATAKA,DHARWAD RURAL,2004,26,15.0,2,3,0,3.0,3,3.0,0.0,3,1.0,0,26.0,80,3,77.0,102,2,8,0.0,1,124.0,2,13,0.0,4,0.0,0,503,918.0,,0.0,0.0,0.0,0.0,0.0,0.0,0.0,0.0,0.0,0.0,0.0,0.0,0.0,0.0,0.0,0.0,0.0,0.0,0.0,0.0,0.0,0.0,0.0,0.0,0.0,0.0,0.0,0.0,0.0,0.0,0.0,0.0,0.0,0.0,0.0,0.0,0.0,0.0,0.0,0.0,0.0,0.0,0.0,0.0,0.0,0.0,0.0,0.0,0.0,0.0,0.0,0.0,0.0,0.0,0.0,0.0,0.0,0.0,,0.0,,0.0,0.0,0.0,0.0,0.0,0.0,0.0,0.0,0.0,1922.0,2.73,1881.3,LOW,0,14,,,35,22,119.0,0,DHARWAD RURAL,,,,,,,,,,,,,,,,,,,,,,,,,,,
KARNATAKA,DHARWAD RURAL,2005,22,15.0,4,4,0,4.0,8,8.0,0.0,3,0.0,3,36.0,65,1,64.0,80,9,13,0.0,0,136.0,5,21,0.0,12,0.0,0,556,992.0,,0.0,0.0,0.0,0.0,0.0,0.0,0.0,0.0,0.0,0.0,0.0,0.0,0.0,0.0,0.0,0.0,0.0,0.0,0.0,0.0,0.0,0.0,0.0,0.0,0.0,0.0,0.0,0.0,0.0,0.0,0.0,0.0,0.0,0.0,0.0,0.0,0.0,0.0,0.0,0.0,0.0,0.0,0.0,0.0,0.0,0.0,0.0,0.0,0.0,0.0,0.0,0.0,0.0,0.0,0.0,0.0,0.0,0.0,,0.0,,0.0,0.0,0.0,0.0,0.0,0.0,0.0,0.0,0.0,2061.0,7.23,1951.3,LOW,0,14,,,40,42,124.0,0,DHARWAD RURAL,,,,,,,,,,,,,,,,,,,,,,,,,,,
KARNATAKA,DHARWAD RURAL,2006,34,9.0,2,4,0,4.0,8,2.0,6.0,1,0.0,5,14.0,58,6,52.0,64,8,18,0.0,0,126.0,1,15,0.0,12,0.0,0,614,993.0,,0.0,0.0,0.0,0.0,0.0,0.0,0.0,0.0,0.0,0.0,0.0,0.0,0.0,0.0,0.0,0.0,0.0,0.0,0.0,0.0,0.0,0.0,0.0,0.0,0.0,0.0,0.0,0.0,0.0,0.0,0.0,0.0,0.0,0.0,0.0,0.0,0.0,0.0,0.0,0.0,0.0,0.0,0.0,0.0,0.0,0.0,0.0,0.0,0.0,0.0,0.0,0.0,0.0,0.0,0.0,0.0,0.0,0.0,,0.0,,0.0,0.0,0.0,0.0,0.0,0.0,0.0,0.0,0.0,2056.0,-0.24,2013.0,LOW,0,14,,,52,32,104.0,0,DHARWAD RURAL,,,,,,,,,,,,,,,,,,,,,,,,,,,
KARNATAKA,DHARWAD RURAL,2007,30,13.0,0,7,0,7.0,6,3.0,3.0,4,0.0,4,19.0,45,15,30.0,64,8,21,0.0,0,114.0,0,8,0.0,10,0.0,0,643,996.0,,0.0,0.0,0.0,0.0,0.0,0.0,0.0,0.0,0.0,0.0,0.0,0.0,0.0,0.0,0.0,0.0,0.0,0.0,0.0,0.0,0.0,0.0,0.0,0.0,0.0,0.0,0.0,0.0,0.0,0.0,0.0,0.0,0.0,0.0,0.0,0.0,0.0,0.0,0.0,0.0,0.0,0.0,0.0,0.0,0.0,0.0,0.0,0.0,0.0,0.0,0.0,0.0,0.0,0.0,0.0,0.0,0.0,0.0,,0.0,,0.0,0.0,0.0,0.0,0.0,0.0,0.0,0.0,0.0,2050.0,-0.29,2055.7,LOW,0,14,,,51,25,108.0,0,DHARWAD RURAL,,,,,,,,,,,,,,,,,,,,,,,,,,,
KARNATAKA,DHARWAD RURAL,2008,22,25.0,0,1,0,1.0,6,0.0,6.0,3,0.0,7,23.0,49,12,37.0,72,6,10,1.0,1,127.0,3,16,0.0,23,0.0,0,692,1087.0,,0.0,0.0,0.0,0.0,0.0,0.0,0.0,0.0,0.0,0.0,0.0,0.0,0.0,0.0,0.0,0.0,0.0,0.0,0.0,0.0,0.0,0.0,0.0,0.0,0.0,0.0,0.0,0.0,0.0,0.0,0.0,0.0,0.0,0.0,0.0,0.0,0.0,0.0,0.0,0.0,0.0,0.0,0.0,0.0,0.0,0.0,0.0,0.0,0.0,0.0,0.0,0.0,0.0,0.0,0.0,0.0,0.0,0.0,,0.0,,0.0,0.0,0.0,0.0,0.0,0.0,0.0,0.0,0.0,2230.0,8.78,2112.0,LOW,0,14,,,39,43,100.0,0,DHARWAD RURAL,,,,,,,,,,,,,,,,,,,,,,,,,,,
KARNATAKA,DHARWAD RURAL,2009,20,23.0,1,4,0,4.0,12,1.0,11.0,1,0.0,8,32.0,54,10,44.0,112,8,11,0.0,2,158.0,3,29,0.0,31,0.0,0,769,1278.0,,0.0,0.0,0.0,0.0,0.0,0.0,0.0,0.0,0.0,0.0,0.0,0.0,0.0,0.0,0.0,0.0,0.0,0.0,0.0,0.0,0.0,0.0,0.0,0.0,0.0,0.0,0.0,0.0,0.0,0.0,0.0,0.0,0.0,0.0,0.0,0.0,0.0,0.0,0.0,0.0,0.0,0.0,0.0,0.0,0.0,0.0,0.0,0.0,0.0,0.0,0.0,0.0,0.0,0.0,0.0,0.0,0.0,0.0,,0.0,,0.0,0.0,0.0,0.0,0.0,0.0,0.0,0.0,0.0,2626.0,17.76,2302.0,LOW,0,14,,,45,67,115.0,0,DHARWAD RURAL,,,,,,,,,,,,,,,,,,,,,,,,,,,
KARNATAKA,DHARWAD RURAL,2010,28,33.0,1,8,0,8.0,14,11.0,3.0,0,0.0,11,40.0,56,11,45.0,128,6,13,0.0,3,207.0,0,44,0.0,23,0.0,0,872,1487.0,,0.0,0.0,0.0,0.0,0.0,0.0,0.0,0.0,0.0,0.0,0.0,0.0,0.0,0.0,0.0,0.0,0.0,0.0,0.0,0.0,0.0,0.0,0.0,0.0,0.0,0.0,0.0,0.0,0.0,0.0,0.0,0.0,0.0,0.0,0.0,0.0,0.0,0.0,0.0,0.0,0.0,0.0,0.0,0.0,0.0,0.0,0.0,0.0,0.0,0.0,0.0,0.0,0.0,0.0,0.0,0.0,0.0,0.0,,0.0,,0.0,0.0,0.0,0.0,0.0,0.0,0.0,0.0,0.0,3052.0,16.22,2636.0,LOW,0,14,,,61,75,126.0,0,DHARWAD RURAL,,,,,,,,,,,,,,,,,,,,,,,,,,,
KARNATAKA,DHARWAD RURAL,2011,26,24.0,0,0,0,0.0,7,5.0,2.0,0,2.0,6,37.0,73,11,62.0,120,7,31,0.0,0,173.0,2,21,0.0,22,0.0,0,746,1297.0,,0.0,0.0,0.0,0.0,0.0,0.0,0.0,0.0,0.0,0.0,0.0,0.0,0.0,0.0,0.0,0.0,0.0,0.0,0.0,0.0,0.0,0.0,0.0,0.0,0.0,0.0,0.0,0.0,0.0,0.0,0.0,0.0,0.0,0.0,0.0,0.0,0.0,0.0,0.0,0.0,0.0,0.0,0.0,0.0,0.0,0.0,0.0,0.0,0.0,0.0,0.0,0.0,0.0,0.0,0.0,0.0,0.0,0.0,,0.0,,0.0,0.0,0.0,0.0,0.0,0.0,0.0,0.0,0.0,2674.0,-12.39,2784.0,LOW,0,14,,,39,45,159.0,0,DHARWAD RURAL,,,,,,,,,,,,,,,,,,,,,,,,,,,
KARNATAKA,DHARWAD RURAL,2012,27,30.0,1,5,0,5.0,13,3.0,10.0,0,1.0,4,33.0,56,12,44.0,147,10,24,0.0,6,195.0,0,38,0.0,24,0.0,0,699,1313.0,,0.0,0.0,0.0,0.0,0.0,0.0,0.0,0.0,0.0,0.0,0.0,0.0,0.0,0.0,0.0,0.0,0.0,0.0,0.0,0.0,0.0,0.0,0.0,0.0,0.0,0.0,0.0,0.0,0.0,0.0,0.0,0.0,0.0,0.0,0.0,0.0,0.0,0.0,0.0,0.0,0.0,0.0,0.0,0.0,0.0,0.0,0.0,0.0,0.0,0.0,0.0,0.0,0.0,0.0,0.0,0.0,0.0,0.0,,0.0,,0.0,0.0,0.0,0.0,0.0,0.0,0.0,0.0,0.0,2700.0,0.97,2808.7,LOW,0,14,,,49,67,135.0,0,DHARWAD RURAL,,,,,,,,,,,,,,,,,,,,,,,,,,,
Karnataka,DHARWAD RURAL,2013,25,42.0,2,18,0,18.0,13,0.0,13.0,1,0.0,5,38.0,54,18,36.0,85,8,19,0.0,5,146.0,1,34,0.0,27,0.0,4,711,1238.0,,0.0,0.0,0.0,0.0,0.0,0.0,0.0,0.0,0.0,0.0,0.0,0.0,0.0,0.0,0.0,0.0,0.0,0.0,0.0,0.0,0.0,0.0,0.0,0.0,0.0,0.0,0.0,0.0,0.0,0.0,0.0,0.0,0.0,0.0,0.0,0.0,0.0,0.0,0.0,0.0,0.0,0.0,0.0,0.0,0.0,0.0,0.0,0.0,0.0,0.0,0.0,0.0,0.0,0.0,0.0,0.0,0.0,0.0,,0.0,,0.0,0.0,0.0,0.0,0.0,0.0,0.0,0.0,0.0,2561.0,-5.15,2645.0,LOW,0,14,,,62,80,137.0,0,DHARWAD RURAL,,,,,,,,,,,,,,,,,,,,,,,,,,,
KARNATAKA,GADAG,2001,22,17.0,1,2,0,2.0,4,2.0,2.0,4,0.0,13,55.0,55,16,39.0,109,4,23,1.0,1,165.0,3,10,0.0,18,0.0,0,392,899.0,,0.0,0.0,0.0,0.0,0.0,0.0,0.0,0.0,0.0,0.0,0.0,0.0,0.0,0.0,0.0,0.0,0.0,0.0,0.0,0.0,0.0,0.0,0.0,0.0,0.0,0.0,0.0,0.0,0.0,0.0,0.0,0.0,0.0,0.0,0.0,0.0,0.0,0.0,0.0,0.0,0.0,0.0,0.0,0.0,0.0,0.0,0.0,0.0,0.0,0.0,0.0,0.0,0.0,0.0,0.0,0.0,0.0,0.0,,0.0,,0.0,0.0,0.0,0.0,0.0,0.0,0.0,0.0,0.0,1859.0,0.0,1859.0,LOW,0,15,15.4298,75.6369,45,33,153.0,0,GADAG,GADAG,1064570.0,537147.0,527423.0,0.0,0.0,174196.0,61654.0,700177.0,495722.0,65.77,981.9,0.0,16.36,5.79,46.57,50.34,2.07,0.19,0.38,174.62,5.17,5.17,0.28,4.23,3.1,14.37
KARNATAKA,GADAG,2002,15,22.0,0,3,0,3.0,4,3.0,1.0,3,1.0,4,49.0,72,29,43.0,133,8,20,3.0,2,173.0,3,12,0.0,12,0.0,0,389,928.0,,0.0,0.0,0.0,0.0,0.0,0.0,0.0,0.0,0.0,0.0,0.0,0.0,0.0,0.0,0.0,0.0,0.0,0.0,0.0,0.0,0.0,0.0,0.0,0.0,0.0,0.0,0.0,0.0,0.0,0.0,0.0,0.0,0.0,0.0,0.0,0.0,0.0,0.0,0.0,0.0,0.0,0.0,0.0,0.0,0.0,0.0,0.0,0.0,0.0,0.0,0.0,0.0,0.0,0.0,0.0,0.0,0.0,0.0,,0.0,,0.0,0.0,0.0,0.0,0.0,0.0,0.0,0.0,0.0,1935.0,4.09,1897.0,LOW,0,15,15.4298,75.6369,29,30,178.0,0,GADAG,GADAG,1064570.0,537147.0,527423.0,0.0,0.0,174196.0,61654.0,700177.0,495722.0,65.77,981.9,0.0,16.36,5.79,46.57,50.34,1.41,0.28,0.38,181.76,6.76,4.6,0.28,2.72,2.82,16.72
KARNATAKA,GADAG,2003,16,12.0,0,1,0,1.0,4,2.0,2.0,5,0.0,1,56.0,62,11,51.0,98,5,14,0.0,7,150.0,1,12,0.0,13,0.0,0,385,842.0,,0.0,0.0,0.0,0.0,0.0,0.0,0.0,0.0,0.0,0.0,0.0,0.0,0.0,0.0,0.0,0.0,0.0,0.0,0.0,0.0,0.0,0.0,0.0,0.0,0.0,0.0,0.0,0.0,0.0,0.0,0.0,0.0,0.0,0.0,0.0,0.0,0.0,0.0,0.0,0.0,0.0,0.0,0.0,0.0,0.0,0.0,0.0,0.0,0.0,0.0,0.0,0.0,0.0,0.0,0.0,0.0,0.0,0.0,,0.0,,0.0,0.0,0.0,0.0,0.0,0.0,0.0,0.0,0.0,1751.0,-9.51,1848.3,LOW,0,15,15.4298,75.6369,27,27,148.0,0,GADAG,GADAG,1064570.0,537147.0,527423.0,0.0,0.0,174196.0,61654.0,700177.0,495722.0,65.77,981.9,0.0,16.36,5.79,46.57,50.34,1.5,0.09,0.38,164.48,5.82,5.26,0.09,2.54,2.54,13.9
KARNATAKA,GADAG,2004,16,17.0,2,1,0,1.0,5,3.0,2.0,4,0.0,4,54.0,65,22,43.0,101,6,19,0.0,2,178.0,2,21,0.0,16,0.0,0,434,947.0,,0.0,0.0,0.0,0.0,0.0,0.0,0.0,0.0,0.0,0.0,0.0,0.0,0.0,0.0,0.0,0.0,0.0,0.0,0.0,0.0,0.0,0.0,0.0,0.0,0.0,0.0,0.0,0.0,0.0,0.0,0.0,0.0,0.0,0.0,0.0,0.0,0.0,0.0,0.0,0.0,0.0,0.0,0.0,0.0,0.0,0.0,0.0,0.0,0.0,0.0,0.0,0.0,0.0,0.0,0.0,0.0,0.0,0.0,,0.0,,0.0,0.0,0.0,0.0,0.0,0.0,0.0,0.0,0.0,1965.0,12.22,1883.7,LOW,0,15,15.4298,75.6369,30,40,166.0,0,GADAG,GADAG,1064570.0,537147.0,527423.0,0.0,0.0,174196.0,61654.0,700177.0,495722.0,65.77,981.9,0.0,16.36,5.79,46.57,50.34,1.5,0.09,0.47,184.58,6.11,5.07,0.19,2.82,3.76,15.59
KARNATAKA,GADAG,2005,20,23.0,1,1,0,1.0,7,2.0,5.0,11,0.0,4,56.0,67,22,45.0,123,7,14,2.0,1,152.0,4,16,0.0,14,0.0,0,507,1030.0,,0.0,0.0,0.0,0.0,0.0,0.0,0.0,0.0,0.0,0.0,0.0,0.0,0.0,0.0,0.0,0.0,0.0,0.0,0.0,0.0,0.0,0.0,0.0,0.0,0.0,0.0,0.0,0.0,0.0,0.0,0.0,0.0,0.0,0.0,0.0,0.0,0.0,0.0,0.0,0.0,0.0,0.0,0.0,0.0,0.0,0.0,0.0,0.0,0.0,0.0,0.0,0.0,0.0,0.0,0.0,0.0,0.0,0.0,,0.0,,0.0,0.0,0.0,0.0,0.0,0.0,0.0,0.0,0.0,2135.0,8.65,1950.3,LOW,0,15,15.4298,75.6369,43,35,166.0,0,GADAG,GADAG,1064570.0,537147.0,527423.0,0.0,0.0,174196.0,61654.0,700177.0,495722.0,65.77,981.9,0.0,16.36,5.79,46.57,50.34,1.88,0.09,0.66,200.55,6.29,5.26,0.38,4.04,3.29,15.59
KARNATAKA,GADAG,2006,20,12.0,1,1,0,1.0,5,3.0,2.0,2,0.0,7,64.0,84,28,56.0,115,7,21,2.0,1,169.0,4,20,1.0,17,0.0,107,478,1138.0,,0.0,0.0,0.0,0.0,0.0,0.0,0.0,0.0,0.0,0.0,0.0,0.0,0.0,0.0,0.0,0.0,0.0,0.0,0.0,0.0,0.0,0.0,0.0,0.0,0.0,0.0,0.0,0.0,0.0,0.0,0.0,0.0,0.0,0.0,0.0,0.0,0.0,0.0,0.0,0.0,0.0,0.0,0.0,0.0,0.0,0.0,0.0,0.0,0.0,0.0,0.0,0.0,0.0,0.0,0.0,0.0,0.0,0.0,,0.0,,0.0,0.0,0.0,0.0,0.0,0.0,0.0,0.0,0.0,2366.0,10.82,2155.3,LOW,0,15,15.4298,75.6369,35,42,204.0,0,GADAG,GADAG,1064570.0,537147.0,527423.0,0.0,0.0,174196.0,61654.0,700177.0,495722.0,65.77,981.9,0.0,16.36,5.79,46.57,50.34,1.88,0.09,0.47,222.25,7.89,6.01,0.38,3.29,3.95,19.16
KARNATAKA,GADAG,2007,17,17.0,0,4,0,4.0,5,2.0,3.0,2,0.0,8,50.0,68,22,46.0,111,6,27,0.0,3,131.0,3,31,0.0,23,0.0,91,425,1022.0,,0.0,0.0,0.0,0.0,0.0,0.0,0.0,0.0,0.0,0.0,0.0,0.0,0.0,0.0,0.0,0.0,0.0,0.0,0.0,0.0,0.0,0.0,0.0,0.0,0.0,0.0,0.0,0.0,0.0,0.0,0.0,0.0,0.0,0.0,0.0,0.0,0.0,0.0,0.0,0.0,0.0,0.0,0.0,0.0,0.0,0.0,0.0,0.0,0.0,0.0,0.0,0.0,0.0,0.0,0.0,0.0,0.0,0.0,,0.0,,0.0,0.0,0.0,0.0,0.0,0.0,0.0,0.0,0.0,2121.0,-10.36,2207.3,LOW,0,15,15.4298,75.6369,36,61,173.0,0,GADAG,GADAG,1064570.0,537147.0,527423.0,0.0,0.0,174196.0,61654.0,700177.0,495722.0,65.77,981.9,0.0,16.36,5.79,46.57,50.34,1.6,0.38,0.47,199.24,6.39,4.7,0.28,3.38,5.73,16.25
KARNATAKA,GADAG,2008,23,22.0,1,10,0,10.0,10,0.0,10.0,2,0.0,6,58.0,87,41,46.0,108,2,17,0.0,5,181.0,5,49,1.0,34,0.0,94,460,1175.0,,0.0,0.0,0.0,0.0,0.0,0.0,0.0,0.0,0.0,0.0,0.0,0.0,0.0,0.0,0.0,0.0,0.0,0.0,0.0,0.0,0.0,0.0,0.0,0.0,0.0,0.0,0.0,0.0,0.0,0.0,0.0,0.0,0.0,0.0,0.0,0.0,0.0,0.0,0.0,0.0,0.0,0.0,0.0,0.0,0.0,0.0,0.0,0.0,0.0,0.0,0.0,0.0,0.0,0.0,0.0,0.0,0.0,0.0,,0.0,,0.0,0.0,0.0,0.0,0.0,0.0,0.0,0.0,0.0,2457.0,15.84,2314.7,LOW,0,15,15.4298,75.6369,51,98,205.0,0,GADAG,GADAG,1064570.0,537147.0,527423.0,0.0,0.0,174196.0,61654.0,700177.0,495722.0,65.77,981.9,0.0,16.36,5.79,46.57,50.34,2.16,0.94,0.94,230.8,8.17,5.45,0.47,4.79,9.21,19.26
KARNATAKA,GADAG,2009,21,12.0,0,4,0,4.0,9,7.0,2.0,3,0.0,5,55.0,65,28,37.0,97,5,26,1.0,6,197.0,0,44,0.0,34,0.0,103,463,1150.0,,0.0,0.0,0.0,0.0,0.0,0.0,0.0,0.0,0.0,0.0,0.0,0.0,0.0,0.0,0.0,0.0,0.0,0.0,0.0,0.0,0.0,0.0,0.0,0.0,0.0,0.0,0.0,0.0,0.0,0.0,0.0,0.0,0.0,0.0,0.0,0.0,0.0,0.0,0.0,0.0,0.0,0.0,0.0,0.0,0.0,0.0,0.0,0.0,0.0,0.0,0.0,0.0,0.0,0.0,0.0,0.0,0.0,0.0,,0.0,,0.0,0.0,0.0,0.0,0.0,0.0,0.0,0.0,0.0,2378.0,-3.22,2318.7,LOW,0,15,15.4298,75.6369,42,82,179.0,0,GADAG,GADAG,1064570.0,537147.0,527423.0,0.0,0.0,174196.0,61654.0,700177.0,495722.0,65.77,981.9,0.0,16.36,5.79,46.57,50.34,1.97,0.38,0.85,223.38,6.11,5.17,0.0,3.95,7.7,16.81
KARNATAKA,GADAG,2010,27,11.0,0,6,0,6.0,8,0.0,8.0,1,1.0,6,46.0,62,24,38.0,96,3,19,0.0,1,140.0,1,35,0.0,53,0.0,127,464,1107.0,,0.0,0.0,0.0,0.0,0.0,0.0,0.0,0.0,0.0,0.0,0.0,0.0,0.0,0.0,0.0,0.0,0.0,0.0,0.0,0.0,0.0,0.0,0.0,0.0,0.0,0.0,0.0,0.0,0.0,0.0,0.0,0.0,0.0,0.0,0.0,0.0,0.0,0.0,0.0,0.0,0.0,0.0,0.0,0.0,0.0,0.0,0.0,0.0,0.0,0.0,0.0,0.0,0.0,0.0,0.0,0.0,0.0,0.0,,0.0,,0.0,0.0,0.0,0.0,0.0,0.0,0.0,0.0,0.0,2290.0,-3.7,2375.0,LOW,0,15,15.4298,75.6369,48,95,154.0,0,GADAG,GADAG,1064570.0,537147.0,527423.0,0.0,0.0,174196.0,61654.0,700177.0,495722.0,65.77,981.9,0.0,16.36,5.79,46.57,50.34,2.54,0.56,0.75,215.11,5.82,4.32,0.09,4.51,8.92,14.47
KARNATAKA,GADAG,2011,25,17.0,0,5,0,5.0,10,5.0,5.0,0,0.0,7,52.0,71,31,40.0,97,7,18,0.0,3,147.0,0,48,0.0,32,0.0,120,441,1100.0,,0.0,0.0,0.0,0.0,0.0,0.0,0.0,0.0,0.0,0.0,0.0,0.0,0.0,0.0,0.0,0.0,0.0,0.0,0.0,0.0,0.0,0.0,0.0,0.0,0.0,0.0,0.0,0.0,0.0,0.0,0.0,0.0,0.0,0.0,0.0,0.0,0.0,0.0,0.0,0.0,0.0,0.0,0.0,0.0,0.0,0.0,0.0,0.0,0.0,0.0,0.0,0.0,0.0,0.0,0.0,0.0,0.0,0.0,,0.0,,0.0,0.0,0.0,0.0,0.0,0.0,0.0,0.0,0.0,2286.0,-0.17,2318.0,LOW,0,15,15.4298,75.6369,47,85,179.0,0,GADAG,GADAG,1064570.0,537147.0,527423.0,0.0,0.0,174196.0,61654.0,700177.0,495722.0,65.77,981.9,0.0,16.36,5.79,46.57,50.34,2.35,0.47,0.94,214.73,6.67,4.88,0.0,4.41,7.98,16.81
KARNATAKA,GADAG,2012,24,11.0,1,6,0,6.0,12,12.0,0.0,0,0.0,5,32.0,64,31,33.0,110,8,40,2.0,10,140.0,2,59,0.0,47,0.0,116,394,1083.0,,0.0,0.0,0.0,0.0,0.0,0.0,0.0,0.0,0.0,0.0,0.0,0.0,0.0,0.0,0.0,0.0,0.0,0.0,0.0,0.0,0.0,0.0,0.0,0.0,0.0,0.0,0.0,0.0,0.0,0.0,0.0,0.0,0.0,0.0,0.0,0.0,0.0,0.0,0.0,0.0,0.0,0.0,0.0,0.0,0.0,0.0,0.0,0.0,0.0,0.0,0.0,0.0,0.0,0.0,0.0,0.0,0.0,0.0,,0.0,,0.0,0.0,0.0,0.0,0.0,0.0,0.0,0.0,0.0,2248.0,-1.66,2274.7,LOW,0,15,15.4298,75.6369,47,114,175.0,0,GADAG,GADAG,1064570.0,537147.0,527423.0,0.0,0.0,174196.0,61654.0,700177.0,495722.0,65.77,981.9,0.0,16.36,5.79,46.57,50.34,2.25,0.56,1.13,211.17,6.01,3.01,0.19,4.41,10.71,16.44
Karnataka,GADAG,2013,24,25.0,0,18,0,18.0,13,10.0,3.0,1,0.0,12,39.0,75,39,36.0,104,2,27,0.0,5,130.0,1,40,0.0,36,0.0,140,400,1092.0,,0.0,0.0,0.0,0.0,0.0,0.0,0.0,0.0,0.0,0.0,0.0,0.0,0.0,0.0,0.0,0.0,0.0,0.0,0.0,0.0,0.0,0.0,0.0,0.0,0.0,0.0,0.0,0.0,0.0,0.0,0.0,0.0,0.0,0.0,0.0,0.0,0.0,0.0,0.0,0.0,0.0,0.0,0.0,0.0,0.0,0.0,0.0,0.0,0.0,0.0,0.0,0.0,0.0,0.0,0.0,0.0,0.0,0.0,,0.0,,0.0,0.0,0.0,0.0,0.0,0.0,0.0,0.0,0.0,2290.0,1.87,2274.7,LOW,0,15,15.4298,75.6369,68,95,182.0,0,GADAG,GADAG,1064570.0,537147.0,527423.0,0.0,0.0,174196.0,61654.0,700177.0,495722.0,65.77,981.9,0.0,16.36,5.79,46.57,50.34,2.25,1.69,1.22,215.11,7.05,3.66,0.09,6.39,8.92,17.1
KARNATAKA,GULBARGA,2001,95,83.0,3,20,0,20.0,35,21.0,14.0,10,3.0,61,246.0,268,55,213.0,423,6,68,0.0,25,1148.0,6,143,1.0,104,0.0,0,1421,4169.0,,0.0,0.0,0.0,0.0,0.0,0.0,0.0,0.0,0.0,0.0,0.0,0.0,0.0,0.0,0.0,0.0,0.0,0.0,0.0,0.0,0.0,0.0,0.0,0.0,0.0,0.0,0.0,0.0,0.0,0.0,0.0,0.0,0.0,0.0,0.0,0.0,0.0,0.0,0.0,0.0,0.0,0.0,0.0,0.0,0.0,0.0,0.0,0.0,0.0,0.0,0.0,0.0,0.0,0.0,0.0,0.0,0.0,0.0,,0.0,,0.0,0.0,0.0,0.0,0.0,0.0,0.0,0.0,0.0,8661.0,0.0,8661.0,LOW,0,16,17.3297,76.8343,221,273,643.0,0,GULBARGA,GULBARGA,2566326.0,1301755.0,1264571.0,0.0,0.0,648782.0,65259.0,1427368.0,1087028.0,55.62,971.4,0.0,25.28,2.54,42.36,56.1,3.7,0.78,1.36,337.49,10.44,9.59,0.23,8.61,10.64,25.06
KARNATAKA,GULBARGA,2002,79,76.0,7,24,0,24.0,43,32.0,11.0,3,4.0,46,173.0,258,56,202.0,368,6,47,1.0,19,1163.0,4,119,6.0,73,0.0,0,1484,4003.0,,0.0,0.0,0.0,0.0,0.0,0.0,0.0,0.0,0.0,0.0,0.0,0.0,0.0,0.0,0.0,0.0,0.0,0.0,0.0,0.0,0.0,0.0,0.0,0.0,0.0,0.0,0.0,0.0,0.0,0.0,0.0,0.0,0.0,0.0,0.0,0.0,0.0,0.0,0.0,0.0,0.0,0.0,0.0,0.0,0.0,0.0,0.0,0.0,0.0,0.0,0.0,0.0,0.0,0.0,0.0,0.0,0.0,0.0,,0.0,,0.0,0.0,0.0,0.0,0.0,0.0,0.0,0.0,0.0,8331.0,-3.81,8496.0,LOW,0,16,17.3297,76.8343,195,220,540.0,0,GULBARGA,GULBARGA,2566326.0,1301755.0,1264571.0,0.0,0.0,648782.0,65259.0,1427368.0,1087028.0,55.62,971.4,0.0,25.28,2.54,42.36,56.1,3.08,0.94,1.68,324.63,10.05,6.74,0.16,7.6,8.57,21.04
KARNATAKA,GULBARGA,2003,88,72.0,3,14,0,14.0,29,20.0,9.0,5,3.0,33,199.0,190,47,143.0,334,4,67,2.0,62,1193.0,5,150,0.0,103,0.0,15,1707,4278.0,,0.0,0.0,0.0,0.0,0.0,0.0,0.0,0.0,0.0,0.0,0.0,0.0,0.0,0.0,0.0,0.0,0.0,0.0,0.0,0.0,0.0,0.0,0.0,0.0,0.0,0.0,0.0,0.0,0.0,0.0,0.0,0.0,0.0,0.0,0.0,0.0,0.0,0.0,0.0,0.0,0.0,0.0,0.0,0.0,0.0,0.0,0.0,0.0,0.0,0.0,0.0,0.0,0.0,0.0,0.0,0.0,0.0,0.0,,0.0,,0.0,0.0,0.0,0.0,0.0,0.0,0.0,0.0,0.0,8789.0,5.5,8593.7,LOW,0,16,17.3297,76.8343,169,272,507.0,0,GULBARGA,GULBARGA,2566326.0,1301755.0,1264571.0,0.0,0.0,648782.0,65259.0,1427368.0,1087028.0,55.62,971.4,0.0,25.28,2.54,42.36,56.1,3.43,0.55,1.13,342.47,7.4,7.75,0.19,6.59,10.6,19.76
KARNATAKA,GULBARGA,2004,102,133.0,4,23,1,22.0,40,35.0,5.0,7,9.0,27,203.0,251,89,162.0,513,15,60,0.0,45,1221.0,7,122,0.0,98,0.0,15,1789,4684.0,,0.0,0.0,0.0,0.0,0.0,0.0,0.0,0.0,0.0,0.0,0.0,0.0,0.0,0.0,0.0,0.0,0.0,0.0,0.0,0.0,0.0,0.0,0.0,0.0,0.0,0.0,0.0,0.0,0.0,0.0,0.0,0.0,0.0,0.0,0.0,0.0,0.0,0.0,0.0,0.0,0.0,0.0,0.0,0.0,0.0,0.0,0.0,0.0,0.0,0.0,0.0,0.0,0.0,0.0,0.0,0.0,0.0,0.0,,0.0,,0.0,0.0,0.0,0.0,0.0,0.0,0.0,0.0,0.0,9682.0,10.16,8934.0,LOW,0,16,17.3297,76.8343,199,250,618.0,0,GULBARGA,GULBARGA,2566326.0,1301755.0,1264571.0,0.0,0.0,648782.0,65259.0,1427368.0,1087028.0,55.62,971.4,0.0,25.28,2.54,42.36,56.1,3.97,0.9,1.56,377.27,9.78,7.91,0.27,7.75,9.74,24.08
KARNATAKA,GULBARGA,2005,115,111.0,0,16,0,16.0,33,17.0,16.0,7,2.0,27,191.0,290,96,194.0,472,7,76,5.0,57,1060.0,12,119,0.0,112,0.0,21,2125,4858.0,,0.0,0.0,0.0,0.0,0.0,0.0,0.0,0.0,0.0,0.0,0.0,0.0,0.0,0.0,0.0,0.0,0.0,0.0,0.0,0.0,0.0,0.0,0.0,0.0,0.0,0.0,0.0,0.0,0.0,0.0,0.0,0.0,0.0,0.0,0.0,0.0,0.0,0.0,0.0,0.0,0.0,0.0,0.0,0.0,0.0,0.0,0.0,0.0,0.0,0.0,0.0,0.0,0.0,0.0,0.0,0.0,0.0,0.0,,0.0,,0.0,0.0,0.0,0.0,0.0,0.0,0.0,0.0,0.0,10055.0,3.85,9508.7,LOW,0,16,17.3297,76.8343,198,259,660.0,0,GULBARGA,GULBARGA,2566326.0,1301755.0,1264571.0,0.0,0.0,648782.0,65259.0,1427368.0,1087028.0,55.62,971.4,0.0,25.28,2.54,42.36,56.1,4.48,0.62,1.29,391.81,11.3,7.44,0.47,7.72,10.09,25.72
KARNATAKA,GULBARGA,2006,99,125.0,2,18,0,18.0,45,28.0,17.0,7,3.0,35,190.0,278,92,186.0,494,4,90,2.0,58,1183.0,9,78,0.0,122,0.0,12,2239,5093.0,,0.0,0.0,0.0,0.0,0.0,0.0,0.0,0.0,0.0,0.0,0.0,0.0,0.0,0.0,0.0,0.0,0.0,0.0,0.0,0.0,0.0,0.0,0.0,0.0,0.0,0.0,0.0,0.0,0.0,0.0,0.0,0.0,0.0,0.0,0.0,0.0,0.0,0.0,0.0,0.0,0.0,0.0,0.0,0.0,0.0,0.0,0.0,0.0,0.0,0.0,0.0,0.0,0.0,0.0,0.0,0.0,0.0,0.0,,0.0,,0.0,0.0,0.0,0.0,0.0,0.0,0.0,0.0,0.0,10527.0,4.69,10088.0,LOW,0,16,17.3297,76.8343,204,227,654.0,0,GULBARGA,GULBARGA,2566326.0,1301755.0,1264571.0,0.0,0.0,648782.0,65259.0,1427368.0,1087028.0,55.62,971.4,0.0,25.28,2.54,42.36,56.1,3.86,0.7,1.75,410.2,10.83,7.4,0.35,7.95,8.85,25.48
KARNATAKA,GULBARGA,2007,91,90.0,1,35,0,35.0,54,38.0,16.0,9,3.0,64,185.0,262,83,179.0,498,17,77,2.0,46,1205.0,19,91,0.0,127,0.0,19,2057,4952.0,,0.0,0.0,0.0,0.0,0.0,0.0,0.0,0.0,0.0,0.0,0.0,0.0,0.0,0.0,0.0,0.0,0.0,0.0,0.0,0.0,0.0,0.0,0.0,0.0,0.0,0.0,0.0,0.0,0.0,0.0,0.0,0.0,0.0,0.0,0.0,0.0,0.0,0.0,0.0,0.0,0.0,0.0,0.0,0.0,0.0,0.0,0.0,0.0,0.0,0.0,0.0,0.0,0.0,0.0,0.0,0.0,0.0,0.0,,0.0,,0.0,0.0,0.0,0.0,0.0,0.0,0.0,0.0,0.0,10255.0,-2.58,10279.0,LOW,0,16,17.3297,76.8343,253,272,624.0,0,GULBARGA,GULBARGA,2566326.0,1301755.0,1264571.0,0.0,0.0,648782.0,65259.0,1427368.0,1087028.0,55.62,971.4,0.0,25.28,2.54,42.36,56.1,3.55,1.36,2.1,399.6,10.21,7.21,0.74,9.86,10.6,24.31
KARNATAKA,GULBARGA,2008,104,104.0,3,25,0,25.0,47,31.0,16.0,10,2.0,74,236.0,297,119,178.0,429,14,71,3.0,59,1279.0,7,75,0.0,169,0.0,22,2592,5622.0,,0.0,0.0,0.0,0.0,0.0,0.0,0.0,0.0,0.0,0.0,0.0,0.0,0.0,0.0,0.0,0.0,0.0,0.0,0.0,0.0,0.0,0.0,0.0,0.0,0.0,0.0,0.0,0.0,0.0,0.0,0.0,0.0,0.0,0.0,0.0,0.0,0.0,0.0,0.0,0.0,0.0,0.0,0.0,0.0,0.0,0.0,0.0,0.0,0.0,0.0,0.0,0.0,0.0,0.0,0.0,0.0,0.0,0.0,,0.0,,0.0,0.0,0.0,0.0,0.0,0.0,0.0,0.0,0.0,11613.0,13.24,10798.3,LOW,0,16,17.3297,76.8343,260,276,737.0,0,GULBARGA,GULBARGA,2566326.0,1301755.0,1264571.0,0.0,0.0,648782.0,65259.0,1427368.0,1087028.0,55.62,971.4,0.0,25.28,2.54,42.36,56.1,4.05,0.97,1.83,452.51,11.57,9.2,0.27,10.13,10.75,28.72
KARNATAKA,GULBARGA,2009,145,104.0,1,32,0,32.0,49,41.0,8.0,9,16.0,77,258.0,305,131,174.0,548,15,88,5.0,57,1383.0,8,68,0.0,170,0.0,22,2624,5984.0,,0.0,0.0,0.0,0.0,0.0,0.0,0.0,0.0,0.0,0.0,0.0,0.0,0.0,0.0,0.0,0.0,0.0,0.0,0.0,0.0,0.0,0.0,0.0,0.0,0.0,0.0,0.0,0.0,0.0,0.0,0.0,0.0,0.0,0.0,0.0,0.0,0.0,0.0,0.0,0.0,0.0,0.0,0.0,0.0,0.0,0.0,0.0,0.0,0.0,0.0,0.0,0.0,0.0,0.0,0.0,0.0,0.0,0.0,,0.0,,0.0,0.0,0.0,0.0,0.0,0.0,0.0,0.0,0.0,12354.0,6.38,11407.3,LOW,0,16,17.3297,76.8343,312,278,797.0,0,GULBARGA,GULBARGA,2566326.0,1301755.0,1264571.0,0.0,0.0,648782.0,65259.0,1427368.0,1087028.0,55.62,971.4,0.0,25.28,2.54,42.36,56.1,5.65,1.25,1.91,481.39,11.88,10.05,0.31,12.16,10.83,31.06
KARNATAKA,GULBARGA,2010,89,103.0,3,34,0,34.0,75,56.0,19.0,26,17.0,87,216.0,349,159,190.0,456,19,81,2.0,31,927.0,6,56,0.0,152,0.0,20,2050,4799.0,,0.0,0.0,0.0,0.0,0.0,0.0,0.0,0.0,0.0,0.0,0.0,0.0,0.0,0.0,0.0,0.0,0.0,0.0,0.0,0.0,0.0,0.0,0.0,0.0,0.0,0.0,0.0,0.0,0.0,0.0,0.0,0.0,0.0,0.0,0.0,0.0,0.0,0.0,0.0,0.0,0.0,0.0,0.0,0.0,0.0,0.0,0.0,0.0,0.0,0.0,0.0,0.0,0.0,0.0,0.0,0.0,0.0,0.0,,0.0,,0.0,0.0,0.0,0.0,0.0,0.0,0.0,0.0,0.0,10056.0,-18.6,11341.0,LOW,0,16,17.3297,76.8343,311,248,824.0,0,GULBARGA,GULBARGA,2566326.0,1301755.0,1264571.0,0.0,0.0,648782.0,65259.0,1427368.0,1087028.0,55.62,971.4,0.0,25.28,2.54,42.36,56.1,3.47,1.32,2.92,391.84,13.6,8.42,0.23,12.12,9.66,32.11
KARNATAKA,GULBARGA,2011,93,114.0,2,36,0,36.0,85,73.0,12.0,8,3.0,83,252.0,383,194,189.0,431,8,115,1.0,35,814.0,2,111,0.0,153,0.0,17,1791,4537.0,,0.0,0.0,0.0,0.0,0.0,0.0,0.0,0.0,0.0,0.0,0.0,0.0,0.0,0.0,0.0,0.0,0.0,0.0,0.0,0.0,0.0,0.0,0.0,0.0,0.0,0.0,0.0,0.0,0.0,0.0,0.0,0.0,0.0,0.0,0.0,0.0,0.0,0.0,0.0,0.0,0.0,0.0,0.0,0.0,0.0,0.0,0.0,0.0,0.0,0.0,0.0,0.0,0.0,0.0,0.0,0.0,0.0,0.0,,0.0,,0.0,0.0,0.0,0.0,0.0,0.0,0.0,0.0,0.0,9578.0,-4.75,10662.7,LOW,0,16,17.3297,76.8343,305,302,952.0,0,GULBARGA,GULBARGA,2566326.0,1301755.0,1264571.0,0.0,0.0,648782.0,65259.0,1427368.0,1087028.0,55.62,971.4,0.0,25.28,2.54,42.36,56.1,3.62,1.4,3.31,373.22,14.92,9.82,0.08,11.88,11.77,37.1
KARNATAKA,GULBARGA,2012,82,87.0,0,29,0,29.0,53,39.0,14.0,12,0.0,63,209.0,313,151,162.0,362,7,89,0.0,54,702.0,10,132,0.0,151,0.0,21,1725,4101.0,,0.0,0.0,0.0,0.0,0.0,0.0,0.0,0.0,0.0,0.0,0.0,0.0,0.0,0.0,0.0,0.0,0.0,0.0,0.0,0.0,0.0,0.0,0.0,0.0,0.0,0.0,0.0,0.0,0.0,0.0,0.0,0.0,0.0,0.0,0.0,0.0,0.0,0.0,0.0,0.0,0.0,0.0,0.0,0.0,0.0,0.0,0.0,0.0,0.0,0.0,0.0,0.0,0.0,0.0,0.0,0.0,0.0,0.0,,0.0,,0.0,0.0,0.0,0.0,0.0,0.0,0.0,0.0,0.0,8597.0,-10.24,9410.3,LOW,0,16,17.3297,76.8343,239,322,769.0,0,GULBARGA,GULBARGA,2566326.0,1301755.0,1264571.0,0.0,0.0,648782.0,65259.0,1427368.0,1087028.0,55.62,971.4,0.0,25.28,2.54,42.36,56.1,3.2,1.13,2.07,334.99,12.2,8.14,0.39,9.31,12.55,29.97
Karnataka,GULBARGA,2013,88,118.0,7,54,0,54.0,60,46.0,14.0,13,12.0,62,195.0,274,129,145.0,470,4,79,1.0,19,781.0,8,125,0.0,122,0.0,18,2014,4524.0,,0.0,0.0,0.0,0.0,0.0,0.0,0.0,0.0,0.0,0.0,0.0,0.0,0.0,0.0,0.0,0.0,0.0,0.0,0.0,0.0,0.0,0.0,0.0,0.0,0.0,0.0,0.0,0.0,0.0,0.0,0.0,0.0,0.0,0.0,0.0,0.0,0.0,0.0,0.0,0.0,0.0,0.0,0.0,0.0,0.0,0.0,0.0,0.0,0.0,0.0,0.0,0.0,0.0,0.0,0.0,0.0,0.0,0.0,,0.0,,0.0,0.0,0.0,0.0,0.0,0.0,0.0,0.0,0.0,9436.0,9.76,9203.7,LOW,0,16,17.3297,76.8343,277,309,681.0,0,GULBARGA,GULBARGA,2566326.0,1301755.0,1264571.0,0.0,0.0,648782.0,65259.0,1427368.0,1087028.0,55.62,971.4,0.0,25.28,2.54,42.36,56.1,3.43,2.1,2.34,367.69,10.68,7.6,0.31,10.79,12.04,26.54
KARNATAKA,HASSAN,2001,64,69.0,0,20,0,20.0,17,0.0,17.0,5,0.0,23,162.0,268,59,209.0,210,9,17,0.0,0,1483.0,4,75,1.0,68,0.0,0,1544,4039.0,,0.0,0.0,0.0,0.0,0.0,0.0,0.0,0.0,0.0,0.0,0.0,0.0,0.0,0.0,0.0,0.0,0.0,0.0,0.0,0.0,0.0,0.0,0.0,0.0,0.0,0.0,0.0,0.0,0.0,0.0,0.0,0.0,0.0,0.0,0.0,0.0,0.0,0.0,0.0,0.0,0.0,0.0,0.0,0.0,0.0,0.0,0.0,0.0,0.0,0.0,0.0,0.0,0.0,0.0,0.0,0.0,0.0,0.0,,0.0,,0.0,0.0,0.0,0.0,0.0,0.0,0.0,0.0,0.0,8383.0,0.0,8383.0,LOW,0,17,13.0072,76.0962,129,167,515.0,0,HASSAN,HASSAN,1776421.0,883667.0,892754.0,0.0,0.0,345031.0,32329.0,1225256.0,903580.0,68.97,1010.3,0.0,19.42,1.82,50.87,48.78,3.6,1.13,0.96,471.9,15.09,9.12,0.23,7.26,9.4,28.99
KARNATAKA,HASSAN,2002,74,65.0,1,11,0,11.0,26,0.0,26.0,3,1.0,22,195.0,287,70,217.0,242,19,13,2.0,91,1362.0,7,64,0.0,62,0.0,0,1553,4100.0,,0.0,0.0,0.0,0.0,0.0,0.0,0.0,0.0,0.0,0.0,0.0,0.0,0.0,0.0,0.0,0.0,0.0,0.0,0.0,0.0,0.0,0.0,0.0,0.0,0.0,0.0,0.0,0.0,0.0,0.0,0.0,0.0,0.0,0.0,0.0,0.0,0.0,0.0,0.0,0.0,0.0,0.0,0.0,0.0,0.0,0.0,0.0,0.0,0.0,0.0,0.0,0.0,0.0,0.0,0.0,0.0,0.0,0.0,,0.0,,0.0,0.0,0.0,0.0,0.0,0.0,0.0,0.0,0.0,8524.0,1.68,8453.5,LOW,0,17,13.0072,76.0962,136,144,584.0,0,HASSAN,HASSAN,1776421.0,883667.0,892754.0,0.0,0.0,345031.0,32329.0,1225256.0,903580.0,68.97,1010.3,0.0,19.42,1.82,50.87,48.78,4.17,0.62,1.46,479.84,16.16,10.98,0.39,7.66,8.11,32.88
KARNATAKA,HASSAN,2003,53,67.0,0,16,0,16.0,20,9.0,11.0,9,0.0,39,257.0,348,92,256.0,200,11,34,1.0,25,1395.0,3,78,0.0,43,0.0,0,1597,4196.0,,0.0,0.0,0.0,0.0,0.0,0.0,0.0,0.0,0.0,0.0,0.0,0.0,0.0,0.0,0.0,0.0,0.0,0.0,0.0,0.0,0.0,0.0,0.0,0.0,0.0,0.0,0.0,0.0,0.0,0.0,0.0,0.0,0.0,0.0,0.0,0.0,0.0,0.0,0.0,0.0,0.0,0.0,0.0,0.0,0.0,0.0,0.0,0.0,0.0,0.0,0.0,0.0,0.0,0.0,0.0,0.0,0.0,0.0,,0.0,,0.0,0.0,0.0,0.0,0.0,0.0,0.0,0.0,0.0,8776.0,2.96,8561.0,LOW,0,17,13.0072,76.0962,137,140,742.0,0,HASSAN,HASSAN,1776421.0,883667.0,892754.0,0.0,0.0,345031.0,32329.0,1225256.0,903580.0,68.97,1010.3,0.0,19.42,1.82,50.87,48.78,2.98,0.9,1.13,494.03,19.59,14.47,0.17,7.71,7.88,41.77
KARNATAKA,HASSAN,2004,61,57.0,0,16,0,16.0,19,8.0,11.0,4,0.0,49,241.0,413,98,315.0,186,16,38,0.0,14,1252.0,9,49,0.0,72,0.0,0,1802,4298.0,,0.0,0.0,0.0,0.0,0.0,0.0,0.0,0.0,0.0,0.0,0.0,0.0,0.0,0.0,0.0,0.0,0.0,0.0,0.0,0.0,0.0,0.0,0.0,0.0,0.0,0.0,0.0,0.0,0.0,0.0,0.0,0.0,0.0,0.0,0.0,0.0,0.0,0.0,0.0,0.0,0.0,0.0,0.0,0.0,0.0,0.0,0.0,0.0,0.0,0.0,0.0,0.0,0.0,0.0,0.0,0.0,0.0,0.0,,0.0,,0.0,0.0,0.0,0.0,0.0,0.0,0.0,0.0,0.0,9044.0,3.05,8781.3,LOW,0,17,13.0072,76.0962,149,146,806.0,0,HASSAN,HASSAN,1776421.0,883667.0,892754.0,0.0,0.0,345031.0,32329.0,1225256.0,903580.0,68.97,1010.3,0.0,19.42,1.82,50.87,48.78,3.43,0.9,1.07,509.11,23.25,13.57,0.51,8.39,8.22,45.37
KARNATAKA,HASSAN,2005,63,58.0,5,10,0,10.0,21,9.0,12.0,6,0.0,31,196.0,298,97,201.0,161,7,26,1.0,0,1128.0,8,49,0.0,42,0.0,0,2010,4120.0,,0.0,0.0,0.0,0.0,0.0,0.0,0.0,0.0,0.0,0.0,0.0,0.0,0.0,0.0,0.0,0.0,0.0,0.0,0.0,0.0,0.0,0.0,0.0,0.0,0.0,0.0,0.0,0.0,0.0,0.0,0.0,0.0,0.0,0.0,0.0,0.0,0.0,0.0,0.0,0.0,0.0,0.0,0.0,0.0,0.0,0.0,0.0,0.0,0.0,0.0,0.0,0.0,0.0,0.0,0.0,0.0,0.0,0.0,,0.0,,0.0,0.0,0.0,0.0,0.0,0.0,0.0,0.0,0.0,8569.0,-5.25,8796.3,LOW,0,17,13.0072,76.0962,131,109,624.0,0,HASSAN,HASSAN,1776421.0,883667.0,892754.0,0.0,0.0,345031.0,32329.0,1225256.0,903580.0,68.97,1010.3,0.0,19.42,1.82,50.87,48.78,3.55,0.56,1.18,482.37,16.78,11.03,0.45,7.37,6.14,35.13
KARNATAKA,HASSAN,2006,61,38.0,1,13,0,13.0,11,7.0,4.0,6,0.0,25,230.0,281,88,193.0,126,11,30,2.0,13,1040.0,7,62,0.0,62,0.0,0,2280,4299.0,,0.0,0.0,0.0,0.0,0.0,0.0,0.0,0.0,0.0,0.0,0.0,0.0,0.0,0.0,0.0,0.0,0.0,0.0,0.0,0.0,0.0,0.0,0.0,0.0,0.0,0.0,0.0,0.0,0.0,0.0,0.0,0.0,0.0,0.0,0.0,0.0,0.0,0.0,0.0,0.0,0.0,0.0,0.0,0.0,0.0,0.0,0.0,0.0,0.0,0.0,0.0,0.0,0.0,0.0,0.0,0.0,0.0,0.0,,0.0,,0.0,0.0,0.0,0.0,0.0,0.0,0.0,0.0,0.0,8903.0,3.9,8838.7,LOW,0,17,13.0072,76.0962,116,144,640.0,0,HASSAN,HASSAN,1776421.0,883667.0,892754.0,0.0,0.0,345031.0,32329.0,1225256.0,903580.0,68.97,1010.3,0.0,19.42,1.82,50.87,48.78,3.43,0.73,0.62,501.18,15.82,12.95,0.39,6.53,8.11,36.03
KARNATAKA,HASSAN,2007,54,35.0,1,13,0,13.0,15,9.0,6.0,2,0.0,30,191.0,278,111,167.0,130,5,99,0.0,0,1032.0,11,77,0.0,83,0.0,0,2475,4531.0,,0.0,0.0,0.0,0.0,0.0,0.0,0.0,0.0,0.0,0.0,0.0,0.0,0.0,0.0,0.0,0.0,0.0,0.0,0.0,0.0,0.0,0.0,0.0,0.0,0.0,0.0,0.0,0.0,0.0,0.0,0.0,0.0,0.0,0.0,0.0,0.0,0.0,0.0,0.0,0.0,0.0,0.0,0.0,0.0,0.0,0.0,0.0,0.0,0.0,0.0,0.0,0.0,0.0,0.0,0.0,0.0,0.0,0.0,,0.0,,0.0,0.0,0.0,0.0,0.0,0.0,0.0,0.0,0.0,9368.0,5.22,8946.7,LOW,0,17,13.0072,76.0962,114,184,684.0,0,HASSAN,HASSAN,1776421.0,883667.0,892754.0,0.0,0.0,345031.0,32329.0,1225256.0,903580.0,68.97,1010.3,0.0,19.42,1.82,50.87,48.78,3.04,0.73,0.84,527.35,15.65,10.75,0.62,6.42,10.36,38.5
KARNATAKA,HASSAN,2008,72,59.0,1,17,0,17.0,28,24.0,4.0,9,0.0,35,245.0,368,186,182.0,152,4,53,2.0,0,1002.0,8,76,0.0,79,1.0,0,2738,4949.0,,0.0,0.0,0.0,0.0,0.0,0.0,0.0,0.0,0.0,0.0,0.0,0.0,0.0,0.0,0.0,0.0,0.0,0.0,0.0,0.0,0.0,0.0,0.0,0.0,0.0,0.0,0.0,0.0,0.0,0.0,0.0,0.0,0.0,0.0,0.0,0.0,0.0,0.0,0.0,0.0,0.0,0.0,0.0,0.0,0.0,0.0,0.0,0.0,0.0,0.0,0.0,0.0,0.0,0.0,0.0,0.0,0.0,0.0,,0.0,,0.0,0.0,0.0,0.0,0.0,0.0,0.0,0.0,0.0,10311.0,10.07,9527.3,LOW,0,17,13.0072,76.0962,161,180,856.0,0,HASSAN,HASSAN,1776421.0,883667.0,892754.0,0.0,0.0,345031.0,32329.0,1225256.0,903580.0,68.97,1010.3,0.0,19.42,1.82,50.87,48.78,4.05,0.96,1.58,580.44,20.72,13.79,0.45,9.06,10.13,48.19
KARNATAKA,HASSAN,2009,59,48.0,2,22,0,22.0,22,15.0,7.0,23,5.0,54,237.0,364,164,200.0,161,9,85,3.0,0,1189.0,15,75,0.0,103,2.0,0,2664,5142.0,,0.0,0.0,0.0,0.0,0.0,0.0,0.0,0.0,0.0,0.0,0.0,0.0,0.0,0.0,0.0,0.0,0.0,0.0,0.0,0.0,0.0,0.0,0.0,0.0,0.0,0.0,0.0,0.0,0.0,0.0,0.0,0.0,0.0,0.0,0.0,0.0,0.0,0.0,0.0,0.0,0.0,0.0,0.0,0.0,0.0,0.0,0.0,0.0,0.0,0.0,0.0,0.0,0.0,0.0,0.0,0.0,0.0,0.0,,0.0,,0.0,0.0,0.0,0.0,0.0,0.0,0.0,0.0,0.0,10692.0,3.7,10123.7,LOW,0,17,13.0072,76.0962,180,215,859.0,0,HASSAN,HASSAN,1776421.0,883667.0,892754.0,0.0,0.0,345031.0,32329.0,1225256.0,903580.0,68.97,1010.3,0.0,19.42,1.82,50.87,48.78,3.32,1.24,1.24,601.88,20.49,13.34,0.84,10.13,12.1,48.36
KARNATAKA,HASSAN,2010,61,83.0,4,23,0,23.0,34,25.0,9.0,13,1.0,81,267.0,374,183,191.0,322,10,123,3.0,0,1432.0,14,134,0.0,180,0.0,0,3045,6204.0,,0.0,0.0,0.0,0.0,0.0,0.0,0.0,0.0,0.0,0.0,0.0,0.0,0.0,0.0,0.0,0.0,0.0,0.0,0.0,0.0,0.0,0.0,0.0,0.0,0.0,0.0,0.0,0.0,0.0,0.0,0.0,0.0,0.0,0.0,0.0,0.0,0.0,0.0,0.0,0.0,0.0,0.0,0.0,0.0,0.0,0.0,0.0,0.0,0.0,0.0,0.0,0.0,0.0,0.0,0.0,0.0,0.0,0.0,,0.0,,0.0,0.0,0.0,0.0,0.0,0.0,0.0,0.0,0.0,12839.0,20.08,11280.7,LOW,0,17,13.0072,76.0962,212,351,957.0,0,HASSAN,HASSAN,1776421.0,883667.0,892754.0,0.0,0.0,345031.0,32329.0,1225256.0,903580.0,68.97,1010.3,0.0,19.42,1.82,50.87,48.78,3.43,1.29,1.91,722.75,21.05,15.03,0.79,11.93,19.76,53.87
KARNATAKA,HASSAN,2011,56,87.0,4,27,0,27.0,27,25.0,2.0,10,3.0,99,290.0,408,241,167.0,194,9,113,1.0,0,1469.0,32,106,0.0,264,0.0,0,2872,6071.0,,0.0,0.0,0.0,0.0,0.0,0.0,0.0,0.0,0.0,0.0,0.0,0.0,0.0,0.0,0.0,0.0,0.0,0.0,0.0,0.0,0.0,0.0,0.0,0.0,0.0,0.0,0.0,0.0,0.0,0.0,0.0,0.0,0.0,0.0,0.0,0.0,0.0,0.0,0.0,0.0,0.0,0.0,0.0,0.0,0.0,0.0,0.0,0.0,0.0,0.0,0.0,0.0,0.0,0.0,0.0,0.0,0.0,0.0,,0.0,,0.0,0.0,0.0,0.0,0.0,0.0,0.0,0.0,0.0,12604.0,-1.83,12045.0,LOW,0,17,13.0072,76.0962,219,429,1061.0,0,HASSAN,HASSAN,1776421.0,883667.0,892754.0,0.0,0.0,345031.0,32329.0,1225256.0,903580.0,68.97,1010.3,0.0,19.42,1.82,50.87,48.78,3.15,1.52,1.52,709.52,22.97,16.32,1.8,12.33,24.15,59.73
KARNATAKA,HASSAN,2012,77,80.0,5,21,0,21.0,26,19.0,7.0,11,6.0,72,236.0,322,149,173.0,244,10,116,4.0,0,1351.0,5,120,1.0,155,0.0,0,2730,5592.0,,0.0,0.0,0.0,0.0,0.0,0.0,0.0,0.0,0.0,0.0,0.0,0.0,0.0,0.0,0.0,0.0,0.0,0.0,0.0,0.0,0.0,0.0,0.0,0.0,0.0,0.0,0.0,0.0,0.0,0.0,0.0,0.0,0.0,0.0,0.0,0.0,0.0,0.0,0.0,0.0,0.0,0.0,0.0,0.0,0.0,0.0,0.0,0.0,0.0,0.0,0.0,0.0,0.0,0.0,0.0,0.0,0.0,0.0,,0.0,,0.0,0.0,0.0,0.0,0.0,0.0,0.0,0.0,0.0,11553.0,-8.34,12332.0,LOW,0,17,13.0072,76.0962,207,301,833.0,0,HASSAN,HASSAN,1776421.0,883667.0,892754.0,0.0,0.0,345031.0,32329.0,1225256.0,903580.0,68.97,1010.3,0.0,19.42,1.82,50.87,48.78,4.33,1.18,1.46,650.35,18.13,13.29,0.28,11.65,16.94,46.89
Karnataka,HASSAN,2013,57,92.0,4,61,0,61.0,57,47.0,10.0,3,1.0,52,224.0,415,227,188.0,170,12,114,2.0,19,1275.0,12,182,0.0,157,0.0,0,2524,5433.0,,0.0,0.0,0.0,0.0,0.0,0.0,0.0,0.0,0.0,0.0,0.0,0.0,0.0,0.0,0.0,0.0,0.0,0.0,0.0,0.0,0.0,0.0,0.0,0.0,0.0,0.0,0.0,0.0,0.0,0.0,0.0,0.0,0.0,0.0,0.0,0.0,0.0,0.0,0.0,0.0,0.0,0.0,0.0,0.0,0.0,0.0,0.0,0.0,0.0,0.0,0.0,0.0,0.0,0.0,0.0,0.0,0.0,0.0,,0.0,,0.0,0.0,0.0,0.0,0.0,0.0,0.0,0.0,0.0,11399.0,-1.33,11852.0,LOW,0,17,13.0072,76.0962,230,412,992.0,0,HASSAN,HASSAN,1776421.0,883667.0,892754.0,0.0,0.0,345031.0,32329.0,1225256.0,903580.0,68.97,1010.3,0.0,19.42,1.82,50.87,48.78,3.21,3.43,3.21,641.68,23.36,12.61,0.68,12.95,23.19,55.84
KARNATAKA,HAVERI,2001,24,17.0,4,3,0,3.0,12,11.0,1.0,7,0.0,10,85.0,111,21,90.0,260,9,20,2.0,0,393.0,5,42,0.0,32,0.0,0,1175,2211.0,,0.0,0.0,0.0,0.0,0.0,0.0,0.0,0.0,0.0,0.0,0.0,0.0,0.0,0.0,0.0,0.0,0.0,0.0,0.0,0.0,0.0,0.0,0.0,0.0,0.0,0.0,0.0,0.0,0.0,0.0,0.0,0.0,0.0,0.0,0.0,0.0,0.0,0.0,0.0,0.0,0.0,0.0,0.0,0.0,0.0,0.0,0.0,0.0,0.0,0.0,0.0,0.0,0.0,0.0,0.0,0.0,0.0,0.0,,0.0,,0.0,0.0,0.0,0.0,0.0,0.0,0.0,0.0,0.0,4548.0,0.0,4548.0,LOW,0,18,,,56,82,246.0,0,HAVERI,HAVERI,1597668.0,819128.0,778540.0,0.0,0.0,219976.0,141380.0,1085443.0,730066.0,67.94,950.4,0.0,13.77,8.85,45.7,49.61,1.5,0.19,0.75,284.66,6.95,5.32,0.31,3.51,5.13,15.4
KARNATAKA,HAVERI,2002,18,19.0,2,2,0,2.0,10,7.0,3.0,5,0.0,8,69.0,107,25,82.0,276,10,23,2.0,0,300.0,4,27,0.0,18,0.0,0,1055,1955.0,,0.0,0.0,0.0,0.0,0.0,0.0,0.0,0.0,0.0,0.0,0.0,0.0,0.0,0.0,0.0,0.0,0.0,0.0,0.0,0.0,0.0,0.0,0.0,0.0,0.0,0.0,0.0,0.0,0.0,0.0,0.0,0.0,0.0,0.0,0.0,0.0,0.0,0.0,0.0,0.0,0.0,0.0,0.0,0.0,0.0,0.0,0.0,0.0,0.0,0.0,0.0,0.0,0.0,0.0,0.0,0.0,0.0,0.0,,0.0,,0.0,0.0,0.0,0.0,0.0,0.0,0.0,0.0,0.0,4029.0,-11.41,4288.5,LOW,0,18,,,43,51,234.0,0,HAVERI,HAVERI,1597668.0,819128.0,778540.0,0.0,0.0,219976.0,141380.0,1085443.0,730066.0,67.94,950.4,0.0,13.77,8.85,45.7,49.61,1.13,0.13,0.63,252.18,6.7,4.32,0.25,2.69,3.19,14.65
KARNATAKA,HAVERI,2003,25,8.0,0,3,0,3.0,8,6.0,2.0,8,0.0,4,59.0,113,23,90.0,239,15,20,0.0,0,252.0,1,33,0.0,17,0.0,0,1022,1827.0,,0.0,0.0,0.0,0.0,0.0,0.0,0.0,0.0,0.0,0.0,0.0,0.0,0.0,0.0,0.0,0.0,0.0,0.0,0.0,0.0,0.0,0.0,0.0,0.0,0.0,0.0,0.0,0.0,0.0,0.0,0.0,0.0,0.0,0.0,0.0,0.0,0.0,0.0,0.0,0.0,0.0,0.0,0.0,0.0,0.0,0.0,0.0,0.0,0.0,0.0,0.0,0.0,0.0,0.0,0.0,0.0,0.0,0.0,,0.0,,0.0,0.0,0.0,0.0,0.0,0.0,0.0,0.0,0.0,3778.0,-6.23,4118.3,LOW,0,18,,,48,54,230.0,0,HAVERI,HAVERI,1597668.0,819128.0,778540.0,0.0,0.0,219976.0,141380.0,1085443.0,730066.0,67.94,950.4,0.0,13.77,8.85,45.7,49.61,1.56,0.19,0.5,236.47,7.07,3.69,0.06,3.0,3.38,14.4
KARNATAKA,HAVERI,2004,25,11.0,0,9,0,9.0,7,0.0,7.0,1,0.0,4,66.0,115,24,91.0,252,9,17,1.0,0,284.0,2,28,0.0,25,0.0,0,1114,1970.0,,0.0,0.0,0.0,0.0,0.0,0.0,0.0,0.0,0.0,0.0,0.0,0.0,0.0,0.0,0.0,0.0,0.0,0.0,0.0,0.0,0.0,0.0,0.0,0.0,0.0,0.0,0.0,0.0,0.0,0.0,0.0,0.0,0.0,0.0,0.0,0.0,0.0,0.0,0.0,0.0,0.0,0.0,0.0,0.0,0.0,0.0,0.0,0.0,0.0,0.0,0.0,0.0,0.0,0.0,0.0,0.0,0.0,0.0,,0.0,,0.0,0.0,0.0,0.0,0.0,0.0,0.0,0.0,0.0,4071.0,7.76,3959.3,LOW,0,18,,,46,64,231.0,0,HAVERI,HAVERI,1597668.0,819128.0,778540.0,0.0,0.0,219976.0,141380.0,1085443.0,730066.0,67.94,950.4,0.0,13.77,8.85,45.7,49.61,1.56,0.56,0.44,254.81,7.2,4.13,0.13,2.88,4.01,14.46
KARNATAKA,HAVERI,2005,25,8.0,2,4,0,4.0,6,6.0,0.0,2,0.0,3,67.0,117,29,88.0,233,9,14,0.0,0,255.0,4,27,0.0,22,0.0,0,1090,1888.0,,0.0,0.0,0.0,0.0,0.0,0.0,0.0,0.0,0.0,0.0,0.0,0.0,0.0,0.0,0.0,0.0,0.0,0.0,0.0,0.0,0.0,0.0,0.0,0.0,0.0,0.0,0.0,0.0,0.0,0.0,0.0,0.0,0.0,0.0,0.0,0.0,0.0,0.0,0.0,0.0,0.0,0.0,0.0,0.0,0.0,0.0,0.0,0.0,0.0,0.0,0.0,0.0,0.0,0.0,0.0,0.0,0.0,0.0,,0.0,,0.0,0.0,0.0,0.0,0.0,0.0,0.0,0.0,0.0,3903.0,-4.13,3917.3,LOW,0,18,,,40,57,236.0,0,HAVERI,HAVERI,1597668.0,819128.0,778540.0,0.0,0.0,219976.0,141380.0,1085443.0,730066.0,67.94,950.4,0.0,13.77,8.85,45.7,49.61,1.56,0.25,0.38,244.29,7.32,4.19,0.25,2.5,3.57,14.77
KARNATAKA,HAVERI,2006,27,10.0,2,5,0,5.0,13,4.0,9.0,11,0.0,8,75.0,100,28,72.0,173,7,26,5.0,0,198.0,1,37,0.0,17,0.0,173,951,1839.0,,0.0,0.0,0.0,0.0,0.0,0.0,0.0,0.0,0.0,0.0,0.0,0.0,0.0,0.0,0.0,0.0,0.0,0.0,0.0,0.0,0.0,0.0,0.0,0.0,0.0,0.0,0.0,0.0,0.0,0.0,0.0,0.0,0.0,0.0,0.0,0.0,0.0,0.0,0.0,0.0,0.0,0.0,0.0,0.0,0.0,0.0,0.0,0.0,0.0,0.0,0.0,0.0,0.0,0.0,0.0,0.0,0.0,0.0,,0.0,,0.0,0.0,0.0,0.0,0.0,0.0,0.0,0.0,0.0,3796.0,-2.74,3923.3,LOW,0,18,,,64,60,236.0,0,HAVERI,HAVERI,1597668.0,819128.0,778540.0,0.0,0.0,219976.0,141380.0,1085443.0,730066.0,67.94,950.4,0.0,13.77,8.85,45.7,49.61,1.69,0.31,0.81,237.6,6.26,4.69,0.06,4.01,3.76,14.77
KARNATAKA,HAVERI,2007,17,21.0,3,8,0,8.0,21,6.0,15.0,4,0.0,5,93.0,95,33,62.0,197,11,33,6.0,0,249.0,5,35,0.0,27,0.0,169,1044,2043.0,,0.0,0.0,0.0,0.0,0.0,0.0,0.0,0.0,0.0,0.0,0.0,0.0,0.0,0.0,0.0,0.0,0.0,0.0,0.0,0.0,0.0,0.0,0.0,0.0,0.0,0.0,0.0,0.0,0.0,0.0,0.0,0.0,0.0,0.0,0.0,0.0,0.0,0.0,0.0,0.0,0.0,0.0,0.0,0.0,0.0,0.0,0.0,0.0,0.0,0.0,0.0,0.0,0.0,0.0,0.0,0.0,0.0,0.0,,0.0,,0.0,0.0,0.0,0.0,0.0,0.0,0.0,0.0,0.0,4210.0,10.91,3969.7,LOW,0,18,,,55,75,265.0,0,HAVERI,HAVERI,1597668.0,819128.0,778540.0,0.0,0.0,219976.0,141380.0,1085443.0,730066.0,67.94,950.4,0.0,13.77,8.85,45.7,49.61,1.06,0.5,1.31,263.51,5.95,5.82,0.31,3.44,4.69,16.59
KARNATAKA,HAVERI,2008,31,23.0,2,5,0,5.0,12,0.0,12.0,5,1.0,9,72.0,118,42,76.0,218,10,53,0.0,0,276.0,0,48,0.0,33,0.0,193,1213,2322.0,,0.0,0.0,0.0,0.0,0.0,0.0,0.0,0.0,0.0,0.0,0.0,0.0,0.0,0.0,0.0,0.0,0.0,0.0,0.0,0.0,0.0,0.0,0.0,0.0,0.0,0.0,0.0,0.0,0.0,0.0,0.0,0.0,0.0,0.0,0.0,0.0,0.0,0.0,0.0,0.0,0.0,0.0,0.0,0.0,0.0,0.0,0.0,0.0,0.0,0.0,0.0,0.0,0.0,0.0,0.0,0.0,0.0,0.0,,0.0,,0.0,0.0,0.0,0.0,0.0,0.0,0.0,0.0,0.0,4779.0,13.52,4261.7,LOW,0,18,,,62,86,295.0,0,HAVERI,HAVERI,1597668.0,819128.0,778540.0,0.0,0.0,219976.0,141380.0,1085443.0,730066.0,67.94,950.4,0.0,13.77,8.85,45.7,49.61,1.94,0.31,0.75,299.12,7.39,4.51,0.0,3.88,5.38,18.46
KARNATAKA,HAVERI,2009,21,27.0,2,5,0,5.0,14,0.0,14.0,8,0.0,16,89.0,137,66,71.0,212,7,27,2.0,0,255.0,3,50,0.0,47,0.0,0,1217,2139.0,,0.0,0.0,0.0,0.0,0.0,0.0,0.0,0.0,0.0,0.0,0.0,0.0,0.0,0.0,0.0,0.0,0.0,0.0,0.0,0.0,0.0,0.0,0.0,0.0,0.0,0.0,0.0,0.0,0.0,0.0,0.0,0.0,0.0,0.0,0.0,0.0,0.0,0.0,0.0,0.0,0.0,0.0,0.0,0.0,0.0,0.0,0.0,0.0,0.0,0.0,0.0,0.0,0.0,0.0,0.0,0.0,0.0,0.0,,0.0,,0.0,0.0,0.0,0.0,0.0,0.0,0.0,0.0,0.0,4434.0,-7.22,4474.3,LOW,0,18,,,64,105,326.0,0,HAVERI,HAVERI,1597668.0,819128.0,778540.0,0.0,0.0,219976.0,141380.0,1085443.0,730066.0,67.94,950.4,0.0,13.77,8.85,45.7,49.61,1.31,0.31,0.88,277.53,8.57,5.57,0.19,4.01,6.57,20.4
KARNATAKA,HAVERI,2010,28,23.0,4,6,0,6.0,23,0.0,23.0,3,0.0,10,64.0,126,57,69.0,220,10,46,0.0,0,303.0,2,65,0.0,65,0.0,0,1247,2245.0,,0.0,0.0,0.0,0.0,0.0,0.0,0.0,0.0,0.0,0.0,0.0,0.0,0.0,0.0,0.0,0.0,0.0,0.0,0.0,0.0,0.0,0.0,0.0,0.0,0.0,0.0,0.0,0.0,0.0,0.0,0.0,0.0,0.0,0.0,0.0,0.0,0.0,0.0,0.0,0.0,0.0,0.0,0.0,0.0,0.0,0.0,0.0,0.0,0.0,0.0,0.0,0.0,0.0,0.0,0.0,0.0,0.0,0.0,,0.0,,0.0,0.0,0.0,0.0,0.0,0.0,0.0,0.0,0.0,4645.0,4.76,4619.3,LOW,0,18,,,70,138,303.0,0,HAVERI,HAVERI,1597668.0,819128.0,778540.0,0.0,0.0,219976.0,141380.0,1085443.0,730066.0,67.94,950.4,0.0,13.77,8.85,45.7,49.61,1.75,0.38,1.44,290.74,7.89,4.01,0.13,4.38,8.64,18.97
KARNATAKA,HAVERI,2011,23,27.0,1,13,0,13.0,22,0.0,22.0,3,1.0,10,71.0,106,49,57.0,256,12,50,0.0,0,302.0,0,76,0.0,74,0.0,181,1128,2356.0,,0.0,0.0,0.0,0.0,0.0,0.0,0.0,0.0,0.0,0.0,0.0,0.0,0.0,0.0,0.0,0.0,0.0,0.0,0.0,0.0,0.0,0.0,0.0,0.0,0.0,0.0,0.0,0.0,0.0,0.0,0.0,0.0,0.0,0.0,0.0,0.0,0.0,0.0,0.0,0.0,0.0,0.0,0.0,0.0,0.0,0.0,0.0,0.0,0.0,0.0,0.0,0.0,0.0,0.0,0.0,0.0,0.0,0.0,,0.0,,0.0,0.0,0.0,0.0,0.0,0.0,0.0,0.0,0.0,4853.0,4.48,4644.0,LOW,0,18,,,71,163,288.0,0,HAVERI,HAVERI,1597668.0,819128.0,778540.0,0.0,0.0,219976.0,141380.0,1085443.0,730066.0,67.94,950.4,0.0,13.77,8.85,45.7,49.61,1.44,0.81,1.38,303.76,6.63,4.44,0.0,4.44,10.2,18.03
KARNATAKA,HAVERI,2012,19,24.0,0,12,0,12.0,18,0.0,18.0,1,1.0,10,95.0,113,52,61.0,251,7,59,1.0,0,296.0,3,72,0.0,68,0.0,211,1072,2333.0,,0.0,0.0,0.0,0.0,0.0,0.0,0.0,0.0,0.0,0.0,0.0,0.0,0.0,0.0,0.0,0.0,0.0,0.0,0.0,0.0,0.0,0.0,0.0,0.0,0.0,0.0,0.0,0.0,0.0,0.0,0.0,0.0,0.0,0.0,0.0,0.0,0.0,0.0,0.0,0.0,0.0,0.0,0.0,0.0,0.0,0.0,0.0,0.0,0.0,0.0,0.0,0.0,0.0,0.0,0.0,0.0,0.0,0.0,,0.0,,0.0,0.0,0.0,0.0,0.0,0.0,0.0,0.0,0.0,4809.0,-0.91,4769.0,LOW,0,18,,,60,155,326.0,0,HAVERI,HAVERI,1597668.0,819128.0,778540.0,0.0,0.0,219976.0,141380.0,1085443.0,730066.0,67.94,950.4,0.0,13.77,8.85,45.7,49.61,1.19,0.75,1.13,301.0,7.07,5.95,0.19,3.76,9.7,20.4
Karnataka,HAVERI,2013,16,31.0,0,18,0,18.0,14,0.0,14.0,5,1.0,20,76.0,145,81,64.0,254,12,49,0.0,0,251.0,1,80,0.0,55,0.0,239,890,2157.0,,0.0,0.0,0.0,0.0,0.0,0.0,0.0,0.0,0.0,0.0,0.0,0.0,0.0,0.0,0.0,0.0,0.0,0.0,0.0,0.0,0.0,0.0,0.0,0.0,0.0,0.0,0.0,0.0,0.0,0.0,0.0,0.0,0.0,0.0,0.0,0.0,0.0,0.0,0.0,0.0,0.0,0.0,0.0,0.0,0.0,0.0,0.0,0.0,0.0,0.0,0.0,0.0,0.0,0.0,0.0,0.0,0.0,0.0,,0.0,,0.0,0.0,0.0,0.0,0.0,0.0,0.0,0.0,0.0,4491.0,-6.61,4717.7,LOW,0,18,,,73,154,363.0,0,HAVERI,HAVERI,1597668.0,819128.0,778540.0,0.0,0.0,219976.0,141380.0,1085443.0,730066.0,67.94,950.4,0.0,13.77,8.85,45.7,49.61,1.0,1.13,0.88,281.1,9.08,4.76,0.06,4.57,9.64,22.72
KARNATAKA,K.G.F.,2001,20,22.0,3,1,0,1.0,12,7.0,5.0,4,0.0,6,94.0,108,19,89.0,73,0,12,1.0,0,256.0,4,12,0.0,20,0.0,0,258,906.0,,0.0,0.0,0.0,0.0,0.0,0.0,0.0,0.0,0.0,0.0,0.0,0.0,0.0,0.0,0.0,0.0,0.0,0.0,0.0,0.0,0.0,0.0,0.0,0.0,0.0,0.0,0.0,0.0,0.0,0.0,0.0,0.0,0.0,0.0,0.0,0.0,0.0,0.0,0.0,0.0,0.0,0.0,0.0,0.0,0.0,0.0,0.0,0.0,0.0,0.0,0.0,0.0,0.0,0.0,0.0,0.0,0.0,0.0,,0.0,,0.0,0.0,0.0,0.0,0.0,0.0,0.0,0.0,0.0,1933.0,0.0,1933.0,LOW,0,19,,,43,37,233.0,0,K.G.F.,,,,,,,,,,,,,,,,,,,,,,,,,,,
KARNATAKA,K.G.F.,2002,14,16.0,0,6,0,6.0,3,0.0,3.0,0,0.0,7,94.0,255,34,221.0,79,1,16,1.0,0,250.0,3,6,0.0,21,0.0,1,281,1054.0,,0.0,0.0,0.0,0.0,0.0,0.0,0.0,0.0,0.0,0.0,0.0,0.0,0.0,0.0,0.0,0.0,0.0,0.0,0.0,0.0,0.0,0.0,0.0,0.0,0.0,0.0,0.0,0.0,0.0,0.0,0.0,0.0,0.0,0.0,0.0,0.0,0.0,0.0,0.0,0.0,0.0,0.0,0.0,0.0,0.0,0.0,0.0,0.0,0.0,0.0,0.0,0.0,0.0,0.0,0.0,0.0,0.0,0.0,,0.0,,0.0,0.0,0.0,0.0,0.0,0.0,0.0,0.0,0.0,2372.0,22.71,2152.5,LOW,0,19,,,30,36,400.0,0,K.G.F.,,,,,,,,,,,,,,,,,,,,,,,,,,,
KARNATAKA,K.G.F.,2003,12,20.0,1,5,0,5.0,4,2.0,2.0,3,0.0,11,78.0,123,23,100.0,66,3,23,0.0,0,281.0,7,21,2.0,17,0.0,1,242,920.0,,0.0,0.0,0.0,0.0,0.0,0.0,0.0,0.0,0.0,0.0,0.0,0.0,0.0,0.0,0.0,0.0,0.0,0.0,0.0,0.0,0.0,0.0,0.0,0.0,0.0,0.0,0.0,0.0,0.0,0.0,0.0,0.0,0.0,0.0,0.0,0.0,0.0,0.0,0.0,0.0,0.0,0.0,0.0,0.0,0.0,0.0,0.0,0.0,0.0,0.0,0.0,0.0,0.0,0.0,0.0,0.0,0.0,0.0,,0.0,,0.0,0.0,0.0,0.0,0.0,0.0,0.0,0.0,0.0,1972.0,-16.86,2092.3,LOW,0,19,,,35,50,250.0,0,K.G.F.,,,,,,,,,,,,,,,,,,,,,,,,,,,
KARNATAKA,K.G.F.,2004,16,11.0,1,2,0,2.0,8,7.0,1.0,0,0.0,7,58.0,94,35,59.0,67,1,16,0.0,0,251.0,7,9,0.0,13,0.0,0,272,833.0,,0.0,0.0,0.0,0.0,0.0,0.0,0.0,0.0,0.0,0.0,0.0,0.0,0.0,0.0,0.0,0.0,0.0,0.0,0.0,0.0,0.0,0.0,0.0,0.0,0.0,0.0,0.0,0.0,0.0,0.0,0.0,0.0,0.0,0.0,0.0,0.0,0.0,0.0,0.0,0.0,0.0,0.0,0.0,0.0,0.0,0.0,0.0,0.0,0.0,0.0,0.0,0.0,0.0,0.0,0.0,0.0,0.0,0.0,,0.0,,0.0,0.0,0.0,0.0,0.0,0.0,0.0,0.0,0.0,1770.0,-10.24,2038.0,LOW,0,19,,,33,31,204.0,0,K.G.F.,,,,,,,,,,,,,,,,,,,,,,,,,,,
KARNATAKA,K.G.F.,2005,8,24.0,4,5,0,5.0,8,5.0,3.0,1,0.0,4,50.0,100,14,86.0,52,4,13,0.0,0,240.0,7,18,0.0,20,0.0,0,283,841.0,,0.0,0.0,0.0,0.0,0.0,0.0,0.0,0.0,0.0,0.0,0.0,0.0,0.0,0.0,0.0,0.0,0.0,0.0,0.0,0.0,0.0,0.0,0.0,0.0,0.0,0.0,0.0,0.0,0.0,0.0,0.0,0.0,0.0,0.0,0.0,0.0,0.0,0.0,0.0,0.0,0.0,0.0,0.0,0.0,0.0,0.0,0.0,0.0,0.0,0.0,0.0,0.0,0.0,0.0,0.0,0.0,0.0,0.0,,0.0,,0.0,0.0,0.0,0.0,0.0,0.0,0.0,0.0,0.0,1795.0,1.41,1845.7,LOW,0,19,,,26,50,181.0,0,K.G.F.,,,,,,,,,,,,,,,,,,,,,,,,,,,
KARNATAKA,K.G.F.,2006,14,26.0,0,3,0,3.0,8,6.0,2.0,0,0.0,5,67.0,95,29,66.0,37,3,10,1.0,0,180.0,4,18,0.0,10,0.0,0,287,768.0,,0.0,0.0,0.0,0.0,0.0,0.0,0.0,0.0,0.0,0.0,0.0,0.0,0.0,0.0,0.0,0.0,0.0,0.0,0.0,0.0,0.0,0.0,0.0,0.0,0.0,0.0,0.0,0.0,0.0,0.0,0.0,0.0,0.0,0.0,0.0,0.0,0.0,0.0,0.0,0.0,0.0,0.0,0.0,0.0,0.0,0.0,0.0,0.0,0.0,0.0,0.0,0.0,0.0,0.0,0.0,0.0,0.0,0.0,,0.0,,0.0,0.0,0.0,0.0,0.0,0.0,0.0,0.0,0.0,1642.0,-8.52,1735.7,LOW,0,19,,,30,35,204.0,0,K.G.F.,,,,,,,,,,,,,,,,,,,,,,,,,,,
KARNATAKA,K.G.F.,2007,12,23.0,0,7,0,7.0,7,6.0,1.0,1,1.0,11,48.0,90,12,78.0,39,1,15,0.0,0,208.0,7,29,0.0,21,0.0,0,344,864.0,,0.0,0.0,0.0,0.0,0.0,0.0,0.0,0.0,0.0,0.0,0.0,0.0,0.0,0.0,0.0,0.0,0.0,0.0,0.0,0.0,0.0,0.0,0.0,0.0,0.0,0.0,0.0,0.0,0.0,0.0,0.0,0.0,0.0,0.0,0.0,0.0,0.0,0.0,0.0,0.0,0.0,0.0,0.0,0.0,0.0,0.0,0.0,0.0,0.0,0.0,0.0,0.0,0.0,0.0,0.0,0.0,0.0,0.0,,0.0,,0.0,0.0,0.0,0.0,0.0,0.0,0.0,0.0,0.0,1832.0,11.57,1756.3,LOW,0,19,,,38,64,166.0,0,K.G.F.,,,,,,,,,,,,,,,,,,,,,,,,,,,
KARNATAKA,K.G.F.,2008,13,10.0,1,5,0,5.0,5,5.0,0.0,1,1.0,10,59.0,64,19,45.0,50,3,20,0.0,0,230.0,3,14,0.0,33,0.0,0,327,849.0,,0.0,0.0,0.0,0.0,0.0,0.0,0.0,0.0,0.0,0.0,0.0,0.0,0.0,0.0,0.0,0.0,0.0,0.0,0.0,0.0,0.0,0.0,0.0,0.0,0.0,0.0,0.0,0.0,0.0,0.0,0.0,0.0,0.0,0.0,0.0,0.0,0.0,0.0,0.0,0.0,0.0,0.0,0.0,0.0,0.0,0.0,0.0,0.0,0.0,0.0,0.0,0.0,0.0,0.0,0.0,0.0,0.0,0.0,,0.0,,0.0,0.0,0.0,0.0,0.0,0.0,0.0,0.0,0.0,1772.0,-3.28,1748.7,LOW,0,19,,,34,55,165.0,0,K.G.F.,,,,,,,,,,,,,,,,,,,,,,,,,,,
KARNATAKA,K.G.F.,2009,12,10.0,1,9,0,9.0,14,0.0,14.0,0,0.0,5,67.0,70,20,50.0,62,1,23,3.0,0,228.0,4,10,0.0,18,0.0,42,274,853.0,,0.0,0.0,0.0,0.0,0.0,0.0,0.0,0.0,0.0,0.0,0.0,0.0,0.0,0.0,0.0,0.0,0.0,0.0,0.0,0.0,0.0,0.0,0.0,0.0,0.0,0.0,0.0,0.0,0.0,0.0,0.0,0.0,0.0,0.0,0.0,0.0,0.0,0.0,0.0,0.0,0.0,0.0,0.0,0.0,0.0,0.0,0.0,0.0,0.0,0.0,0.0,0.0,0.0,0.0,0.0,0.0,0.0,0.0,,0.0,,0.0,0.0,0.0,0.0,0.0,0.0,0.0,0.0,0.0,1799.0,1.52,1801.0,LOW,0,19,,,40,41,181.0,0,K.G.F.,,,,,,,,,,,,,,,,,,,,,,,,,,,
KARNATAKA,K.G.F.,2010,16,12.0,0,7,0,7.0,16,14.0,2.0,0,1.0,10,57.0,88,37,51.0,55,0,17,1.0,0,283.0,8,20,0.0,26,0.0,51,323,991.0,,0.0,0.0,0.0,0.0,0.0,0.0,0.0,0.0,0.0,0.0,0.0,0.0,0.0,0.0,0.0,0.0,0.0,0.0,0.0,0.0,0.0,0.0,0.0,0.0,0.0,0.0,0.0,0.0,0.0,0.0,0.0,0.0,0.0,0.0,0.0,0.0,0.0,0.0,0.0,0.0,0.0,0.0,0.0,0.0,0.0,0.0,0.0,0.0,0.0,0.0,0.0,0.0,0.0,0.0,0.0,0.0,0.0,0.0,,0.0,,0.0,0.0,0.0,0.0,0.0,0.0,0.0,0.0,0.0,2093.0,16.34,1888.0,LOW,0,19,,,49,61,199.0,0,K.G.F.,,,,,,,,,,,,,,,,,,,,,,,,,,,
KARNATAKA,K.G.F.,2011,14,19.0,1,4,0,4.0,12,11.0,1.0,1,0.0,14,51.0,87,38,49.0,63,1,33,0.0,0,264.0,1,14,0.0,28,0.0,36,328,971.0,,0.0,0.0,0.0,0.0,0.0,0.0,0.0,0.0,0.0,0.0,0.0,0.0,0.0,0.0,0.0,0.0,0.0,0.0,0.0,0.0,0.0,0.0,0.0,0.0,0.0,0.0,0.0,0.0,0.0,0.0,0.0,0.0,0.0,0.0,0.0,0.0,0.0,0.0,0.0,0.0,0.0,0.0,0.0,0.0,0.0,0.0,0.0,0.0,0.0,0.0,0.0,0.0,0.0,0.0,0.0,0.0,0.0,0.0,,0.0,,0.0,0.0,0.0,0.0,0.0,0.0,0.0,0.0,0.0,2045.0,-2.29,1979.0,LOW,0,19,,,45,47,210.0,0,K.G.F.,,,,,,,,,,,,,,,,,,,,,,,,,,,
KARNATAKA,K.G.F.,2012,16,22.0,0,10,0,10.0,7,0.0,7.0,1,2.0,14,57.0,85,37,48.0,87,1,23,0.0,0,259.0,2,10,0.0,19,0.0,53,339,1007.0,,0.0,0.0,0.0,0.0,0.0,0.0,0.0,0.0,0.0,0.0,0.0,0.0,0.0,0.0,0.0,0.0,0.0,0.0,0.0,0.0,0.0,0.0,0.0,0.0,0.0,0.0,0.0,0.0,0.0,0.0,0.0,0.0,0.0,0.0,0.0,0.0,0.0,0.0,0.0,0.0,0.0,0.0,0.0,0.0,0.0,0.0,0.0,0.0,0.0,0.0,0.0,0.0,0.0,0.0,0.0,0.0,0.0,0.0,,0.0,,0.0,0.0,0.0,0.0,0.0,0.0,0.0,0.0,0.0,2116.0,3.47,2084.7,LOW,0,19,,,48,41,203.0,0,K.G.F.,,,,,,,,,,,,,,,,,,,,,,,,,,,
Karnataka,K.G.F.,2013,12,31.0,0,23,0,23.0,12,7.0,5.0,3,0.0,15,67.0,62,30,32.0,50,0,29,0.0,0,151.0,6,13,0.0,15,0.0,0,333,822.0,,0.0,0.0,0.0,0.0,0.0,0.0,0.0,0.0,0.0,0.0,0.0,0.0,0.0,0.0,0.0,0.0,0.0,0.0,0.0,0.0,0.0,0.0,0.0,0.0,0.0,0.0,0.0,0.0,0.0,0.0,0.0,0.0,0.0,0.0,0.0,0.0,0.0,0.0,0.0,0.0,0.0,0.0,0.0,0.0,0.0,0.0,0.0,0.0,0.0,0.0,0.0,0.0,0.0,0.0,0.0,0.0,0.0,0.0,,0.0,,0.0,0.0,0.0,0.0,0.0,0.0,0.0,0.0,0.0,1741.0,-17.72,1967.3,LOW,0,19,,,65,57,188.0,0,K.G.F.,,,,,,,,,,,,,,,,,,,,,,,,,,,
KARNATAKA,KODAGU,2001,26,33.0,2,4,0,4.0,4,4.0,0.0,1,0.0,3,105.0,87,11,76.0,170,2,6,6.0,3,350.0,4,22,0.0,14,0.0,0,459,1301.0,,0.0,0.0,0.0,0.0,0.0,0.0,0.0,0.0,0.0,0.0,0.0,0.0,0.0,0.0,0.0,0.0,0.0,0.0,0.0,0.0,0.0,0.0,0.0,0.0,0.0,0.0,0.0,0.0,0.0,0.0,0.0,0.0,0.0,0.0,0.0,0.0,0.0,0.0,0.0,0.0,0.0,0.0,0.0,0.0,0.0,0.0,0.0,0.0,0.0,0.0,0.0,0.0,0.0,0.0,0.0,0.0,0.0,0.0,,0.0,,0.0,0.0,0.0,0.0,0.0,0.0,0.0,0.0,0.0,2697.0,0.0,2697.0,LOW,0,20,12.3375,75.8069,38,44,211.0,0,KODAGU,KODAGU,554519.0,274608.0,279911.0,0.0,0.0,73584.0,58054.0,412877.0,278938.0,74.46,1019.3,0.0,13.27,10.47,50.3,47.34,4.69,0.72,0.72,486.37,15.69,18.94,0.72,6.85,7.93,38.05
KARNATAKA,KODAGU,2002,35,29.0,2,4,0,4.0,6,1.0,5.0,0,0.0,4,145.0,76,16,60.0,74,2,15,1.0,3,445.0,2,27,0.0,18,0.0,1,476,1365.0,,0.0,0.0,0.0,0.0,0.0,0.0,0.0,0.0,0.0,0.0,0.0,0.0,0.0,0.0,0.0,0.0,0.0,0.0,0.0,0.0,0.0,0.0,0.0,0.0,0.0,0.0,0.0,0.0,0.0,0.0,0.0,0.0,0.0,0.0,0.0,0.0,0.0,0.0,0.0,0.0,0.0,0.0,0.0,0.0,0.0,0.0,0.0,0.0,0.0,0.0,0.0,0.0,0.0,0.0,0.0,0.0,0.0,0.0,,0.0,,0.0,0.0,0.0,0.0,0.0,0.0,0.0,0.0,0.0,2816.0,4.41,2756.5,LOW,0,20,12.3375,75.8069,49,51,254.0,0,KODAGU,KODAGU,554519.0,274608.0,279911.0,0.0,0.0,73584.0,58054.0,412877.0,278938.0,74.46,1019.3,0.0,13.27,10.47,50.3,47.34,6.31,0.72,1.08,507.83,13.71,26.15,0.36,8.84,9.2,45.81
KARNATAKA,KODAGU,2003,32,24.0,0,11,0,11.0,6,2.0,4.0,5,0.0,6,132.0,69,9,60.0,89,3,11,1.0,3,354.0,1,27,0.0,18,0.0,0,490,1282.0,,0.0,0.0,0.0,0.0,0.0,0.0,0.0,0.0,0.0,0.0,0.0,0.0,0.0,0.0,0.0,0.0,0.0,0.0,0.0,0.0,0.0,0.0,0.0,0.0,0.0,0.0,0.0,0.0,0.0,0.0,0.0,0.0,0.0,0.0,0.0,0.0,0.0,0.0,0.0,0.0,0.0,0.0,0.0,0.0,0.0,0.0,0.0,0.0,0.0,0.0,0.0,0.0,0.0,0.0,0.0,0.0,0.0,0.0,,0.0,,0.0,0.0,0.0,0.0,0.0,0.0,0.0,0.0,0.0,2650.0,-5.89,2721.0,LOW,0,20,12.3375,75.8069,60,57,224.0,0,KODAGU,KODAGU,554519.0,274608.0,279911.0,0.0,0.0,73584.0,58054.0,412877.0,278938.0,74.46,1019.3,0.0,13.27,10.47,50.3,47.34,5.77,1.98,1.08,477.89,12.44,23.8,0.18,10.82,10.28,40.4
KARNATAKA,KODAGU,2004,21,22.0,0,8,0,8.0,3,1.0,2.0,1,0.0,9,140.0,111,15,96.0,52,4,15,2.0,5,473.0,2,18,2.0,11,0.0,1,559,1459.0,,0.0,0.0,0.0,0.0,0.0,0.0,0.0,0.0,0.0,0.0,0.0,0.0,0.0,0.0,0.0,0.0,0.0,0.0,0.0,0.0,0.0,0.0,0.0,0.0,0.0,0.0,0.0,0.0,0.0,0.0,0.0,0.0,0.0,0.0,0.0,0.0,0.0,0.0,0.0,0.0,0.0,0.0,0.0,0.0,0.0,0.0,0.0,0.0,0.0,0.0,0.0,0.0,0.0,0.0,0.0,0.0,0.0,0.0,,0.0,,0.0,0.0,0.0,0.0,0.0,0.0,0.0,0.0,0.0,3040.0,14.72,2835.3,LOW,0,20,12.3375,75.8069,42,39,285.0,0,KODAGU,KODAGU,554519.0,274608.0,279911.0,0.0,0.0,73584.0,58054.0,412877.0,278938.0,74.46,1019.3,0.0,13.27,10.47,50.3,47.34,3.79,1.44,0.54,548.22,20.02,25.25,0.36,7.57,7.03,51.4
KARNATAKA,KODAGU,2005,34,29.0,2,10,0,10.0,10,9.0,1.0,1,0.0,8,118.0,75,9,66.0,44,4,23,1.0,3,484.0,2,18,3.0,35,0.0,2,572,1478.0,,0.0,0.0,0.0,0.0,0.0,0.0,0.0,0.0,0.0,0.0,0.0,0.0,0.0,0.0,0.0,0.0,0.0,0.0,0.0,0.0,0.0,0.0,0.0,0.0,0.0,0.0,0.0,0.0,0.0,0.0,0.0,0.0,0.0,0.0,0.0,0.0,0.0,0.0,0.0,0.0,0.0,0.0,0.0,0.0,0.0,0.0,0.0,0.0,0.0,0.0,0.0,0.0,0.0,0.0,0.0,0.0,0.0,0.0,,0.0,,0.0,0.0,0.0,0.0,0.0,0.0,0.0,0.0,0.0,3051.0,0.36,2913.7,LOW,0,20,12.3375,75.8069,63,65,229.0,0,KODAGU,KODAGU,554519.0,274608.0,279911.0,0.0,0.0,73584.0,58054.0,412877.0,278938.0,74.46,1019.3,0.0,13.27,10.47,50.3,47.34,6.13,1.8,1.8,550.21,13.53,21.28,0.36,11.36,11.72,41.3
KARNATAKA,KODAGU,2006,27,33.0,1,6,0,6.0,6,1.0,5.0,0,0.0,2,87.0,57,6,51.0,38,4,20,3.0,1,433.0,0,21,2.0,26,0.0,1,573,1341.0,,0.0,0.0,0.0,0.0,0.0,0.0,0.0,0.0,0.0,0.0,0.0,0.0,0.0,0.0,0.0,0.0,0.0,0.0,0.0,0.0,0.0,0.0,0.0,0.0,0.0,0.0,0.0,0.0,0.0,0.0,0.0,0.0,0.0,0.0,0.0,0.0,0.0,0.0,0.0,0.0,0.0,0.0,0.0,0.0,0.0,0.0,0.0,0.0,0.0,0.0,0.0,0.0,0.0,0.0,0.0,0.0,0.0,0.0,,0.0,,0.0,0.0,0.0,0.0,0.0,0.0,0.0,0.0,0.0,2751.0,-9.83,2947.3,LOW,0,20,12.3375,75.8069,41,53,174.0,0,KODAGU,KODAGU,554519.0,274608.0,279911.0,0.0,0.0,73584.0,58054.0,412877.0,278938.0,74.46,1019.3,0.0,13.27,10.47,50.3,47.34,4.87,1.08,1.08,496.11,10.28,15.69,0.0,7.39,9.56,31.38
KARNATAKA,KODAGU,2007,25,28.0,2,4,0,4.0,11,9.0,2.0,2,0.0,8,103.0,129,26,103.0,48,2,19,1.0,4,453.0,4,20,1.0,43,0.0,2,704,1613.0,,0.0,0.0,0.0,0.0,0.0,0.0,0.0,0.0,0.0,0.0,0.0,0.0,0.0,0.0,0.0,0.0,0.0,0.0,0.0,0.0,0.0,0.0,0.0,0.0,0.0,0.0,0.0,0.0,0.0,0.0,0.0,0.0,0.0,0.0,0.0,0.0,0.0,0.0,0.0,0.0,0.0,0.0,0.0,0.0,0.0,0.0,0.0,0.0,0.0,0.0,0.0,0.0,0.0,0.0,0.0,0.0,0.0,0.0,,0.0,,0.0,0.0,0.0,0.0,0.0,0.0,0.0,0.0,0.0,3370.0,22.5,3057.3,LOW,0,20,12.3375,75.8069,50,71,279.0,0,KODAGU,KODAGU,554519.0,274608.0,279911.0,0.0,0.0,73584.0,58054.0,412877.0,278938.0,74.46,1019.3,0.0,13.27,10.47,50.3,47.34,4.51,0.72,1.98,607.73,23.26,18.57,0.72,9.02,12.8,50.31
KARNATAKA,KODAGU,2008,22,33.0,2,20,0,20.0,6,5.0,1.0,2,0.0,9,110.0,105,13,92.0,40,1,20,2.0,3,529.0,2,27,1.0,41,0.0,3,752,1730.0,,0.0,0.0,0.0,0.0,0.0,0.0,0.0,0.0,0.0,0.0,0.0,0.0,0.0,0.0,0.0,0.0,0.0,0.0,0.0,0.0,0.0,0.0,0.0,0.0,0.0,0.0,0.0,0.0,0.0,0.0,0.0,0.0,0.0,0.0,0.0,0.0,0.0,0.0,0.0,0.0,0.0,0.0,0.0,0.0,0.0,0.0,0.0,0.0,0.0,0.0,0.0,0.0,0.0,0.0,0.0,0.0,0.0,0.0,,0.0,,0.0,0.0,0.0,0.0,0.0,0.0,0.0,0.0,0.0,3591.0,6.56,3237.3,LOW,0,20,12.3375,75.8069,59,90,249.0,0,KODAGU,KODAGU,554519.0,274608.0,279911.0,0.0,0.0,73584.0,58054.0,412877.0,278938.0,74.46,1019.3,0.0,13.27,10.47,50.3,47.34,3.97,3.61,1.08,647.59,18.94,19.84,0.36,10.64,16.23,44.9
KARNATAKA,KODAGU,2009,31,23.0,3,14,0,14.0,13,8.0,5.0,3,0.0,8,119.0,94,17,77.0,41,1,18,1.0,3,556.0,5,24,2.0,46,0.0,3,818,1826.0,,0.0,0.0,0.0,0.0,0.0,0.0,0.0,0.0,0.0,0.0,0.0,0.0,0.0,0.0,0.0,0.0,0.0,0.0,0.0,0.0,0.0,0.0,0.0,0.0,0.0,0.0,0.0,0.0,0.0,0.0,0.0,0.0,0.0,0.0,0.0,0.0,0.0,0.0,0.0,0.0,0.0,0.0,0.0,0.0,0.0,0.0,0.0,0.0,0.0,0.0,0.0,0.0,0.0,0.0,0.0,0.0,0.0,0.0,,0.0,,0.0,0.0,0.0,0.0,0.0,0.0,0.0,0.0,0.0,3773.0,5.07,3578.0,LOW,0,20,12.3375,75.8069,69,89,249.0,0,KODAGU,KODAGU,554519.0,274608.0,279911.0,0.0,0.0,73584.0,58054.0,412877.0,278938.0,74.46,1019.3,0.0,13.27,10.47,50.3,47.34,5.59,2.52,2.34,680.41,16.95,21.46,0.9,12.44,16.05,44.9
KARNATAKA,KODAGU,2010,37,30.0,0,20,0,20.0,15,7.0,8.0,3,0.0,20,116.0,113,27,86.0,44,4,31,1.0,3,769.0,1,57,0.0,61,0.0,5,869,2199.0,,0.0,0.0,0.0,0.0,0.0,0.0,0.0,0.0,0.0,0.0,0.0,0.0,0.0,0.0,0.0,0.0,0.0,0.0,0.0,0.0,0.0,0.0,0.0,0.0,0.0,0.0,0.0,0.0,0.0,0.0,0.0,0.0,0.0,0.0,0.0,0.0,0.0,0.0,0.0,0.0,0.0,0.0,0.0,0.0,0.0,0.0,0.0,0.0,0.0,0.0,0.0,0.0,0.0,0.0,0.0,0.0,0.0,0.0,,0.0,,0.0,0.0,0.0,0.0,0.0,0.0,0.0,0.0,0.0,4546.0,20.49,3970.0,LOW,0,20,12.3375,75.8069,95,139,291.0,0,KODAGU,KODAGU,554519.0,274608.0,279911.0,0.0,0.0,73584.0,58054.0,412877.0,278938.0,74.46,1019.3,0.0,13.27,10.47,50.3,47.34,6.67,3.61,2.71,819.81,20.38,20.92,0.18,17.13,25.07,52.48
KARNATAKA,KODAGU,2011,33,25.0,0,16,0,16.0,11,5.0,6.0,3,0.0,9,108.0,119,27,92.0,41,6,33,0.0,0,612.0,5,25,1.0,57,0.0,3,794,1901.0,,0.0,0.0,0.0,0.0,0.0,0.0,0.0,0.0,0.0,0.0,0.0,0.0,0.0,0.0,0.0,0.0,0.0,0.0,0.0,0.0,0.0,0.0,0.0,0.0,0.0,0.0,0.0,0.0,0.0,0.0,0.0,0.0,0.0,0.0,0.0,0.0,0.0,0.0,0.0,0.0,0.0,0.0,0.0,0.0,0.0,0.0,0.0,0.0,0.0,0.0,0.0,0.0,0.0,0.0,0.0,0.0,0.0,0.0,,0.0,,0.0,0.0,0.0,0.0,0.0,0.0,0.0,0.0,0.0,3948.0,-13.15,4089.0,LOW,0,20,12.3375,75.8069,72,103,293.0,0,KODAGU,KODAGU,554519.0,274608.0,279911.0,0.0,0.0,73584.0,58054.0,412877.0,278938.0,74.46,1019.3,0.0,13.27,10.47,50.3,47.34,5.95,2.89,1.98,711.97,21.46,19.48,0.9,12.98,18.57,52.84
KARNATAKA,KODAGU,2012,29,36.0,3,12,0,12.0,5,3.0,2.0,3,0.0,3,69.0,97,22,75.0,33,2,50,1.0,3,521.0,2,25,0.0,43,0.0,4,609,1550.0,,0.0,0.0,0.0,0.0,0.0,0.0,0.0,0.0,0.0,0.0,0.0,0.0,0.0,0.0,0.0,0.0,0.0,0.0,0.0,0.0,0.0,0.0,0.0,0.0,0.0,0.0,0.0,0.0,0.0,0.0,0.0,0.0,0.0,0.0,0.0,0.0,0.0,0.0,0.0,0.0,0.0,0.0,0.0,0.0,0.0,0.0,0.0,0.0,0.0,0.0,0.0,0.0,0.0,0.0,0.0,0.0,0.0,0.0,,0.0,,0.0,0.0,0.0,0.0,0.0,0.0,0.0,0.0,0.0,3214.0,-18.59,3902.7,LOW,0,20,12.3375,75.8069,52,82,240.0,0,KODAGU,KODAGU,554519.0,274608.0,279911.0,0.0,0.0,73584.0,58054.0,412877.0,278938.0,74.46,1019.3,0.0,13.27,10.47,50.3,47.34,5.23,2.16,0.9,579.6,17.49,12.44,0.36,9.38,14.79,43.28
Karnataka,KODAGU,2013,30,33.0,1,26,0,26.0,23,17.0,6.0,3,0.0,17,107.0,128,25,103.0,48,3,54,0.0,2,462.0,2,40,2.0,41,0.0,3,682,1707.0,,0.0,0.0,0.0,0.0,0.0,0.0,0.0,0.0,0.0,0.0,0.0,0.0,0.0,0.0,0.0,0.0,0.0,0.0,0.0,0.0,0.0,0.0,0.0,0.0,0.0,0.0,0.0,0.0,0.0,0.0,0.0,0.0,0.0,0.0,0.0,0.0,0.0,0.0,0.0,0.0,0.0,0.0,0.0,0.0,0.0,0.0,0.0,0.0,0.0,0.0,0.0,0.0,0.0,0.0,0.0,0.0,0.0,0.0,,0.0,,0.0,0.0,0.0,0.0,0.0,0.0,0.0,0.0,0.0,3591.0,11.73,3584.3,LOW,0,20,12.3375,75.8069,99,109,317.0,0,KODAGU,KODAGU,554519.0,274608.0,279911.0,0.0,0.0,73584.0,58054.0,412877.0,278938.0,74.46,1019.3,0.0,13.27,10.47,50.3,47.34,5.41,4.69,4.15,647.59,23.08,19.3,0.36,17.85,19.66,57.17
KARNATAKA,KOLAR,2001,69,72.0,4,17,0,17.0,21,18.0,3.0,3,0.0,25,156.0,284,63,221.0,373,9,48,1.0,0,664.0,18,42,0.0,39,0.0,0,1385,3230.0,,0.0,0.0,0.0,0.0,0.0,0.0,0.0,0.0,0.0,0.0,0.0,0.0,0.0,0.0,0.0,0.0,0.0,0.0,0.0,0.0,0.0,0.0,0.0,0.0,0.0,0.0,0.0,0.0,0.0,0.0,0.0,0.0,0.0,0.0,0.0,0.0,0.0,0.0,0.0,0.0,0.0,0.0,0.0,0.0,0.0,0.0,0.0,0.0,0.0,0.0,0.0,0.0,0.0,0.0,0.0,0.0,0.0,0.0,,0.0,,0.0,0.0,0.0,0.0,0.0,0.0,0.0,0.0,0.0,6782.0,0.0,6782.0,LOW,0,21,13.1369,78.1294,135,116,560.0,0,KOLAR,KOLAR,1536401.0,776396.0,760005.0,0.0,0.0,465867.0,78875.0,1016219.0,717872.0,66.14,978.9,0.0,30.32,5.13,46.72,54.18,4.49,1.11,1.37,441.42,18.48,10.15,1.17,8.79,7.55,36.45
KARNATAKA,KOLAR,2002,73,71.0,1,18,0,18.0,36,12.0,24.0,6,0.0,29,141.0,362,69,293.0,367,10,25,2.0,0,649.0,16,34,0.0,46,0.0,0,1667,3553.0,,0.0,0.0,0.0,0.0,0.0,0.0,0.0,0.0,0.0,0.0,0.0,0.0,0.0,0.0,0.0,0.0,0.0,0.0,0.0,0.0,0.0,0.0,0.0,0.0,0.0,0.0,0.0,0.0,0.0,0.0,0.0,0.0,0.0,0.0,0.0,0.0,0.0,0.0,0.0,0.0,0.0,0.0,0.0,0.0,0.0,0.0,0.0,0.0,0.0,0.0,0.0,0.0,0.0,0.0,0.0,0.0,0.0,0.0,,0.0,,0.0,0.0,0.0,0.0,0.0,0.0,0.0,0.0,0.0,7522.0,10.91,7152.0,LOW,0,21,13.1369,78.1294,162,114,607.0,0,KOLAR,KOLAR,1536401.0,776396.0,760005.0,0.0,0.0,465867.0,78875.0,1016219.0,717872.0,66.14,978.9,0.0,30.32,5.13,46.72,54.18,4.75,1.17,2.34,489.59,23.56,9.18,1.04,10.54,7.42,39.51
KARNATAKA,KOLAR,2003,65,56.0,1,14,0,14.0,32,26.0,6.0,1,0.0,22,153.0,357,70,287.0,298,10,35,2.0,0,667.0,10,32,1.0,52,0.0,0,1405,3213.0,,0.0,0.0,0.0,0.0,0.0,0.0,0.0,0.0,0.0,0.0,0.0,0.0,0.0,0.0,0.0,0.0,0.0,0.0,0.0,0.0,0.0,0.0,0.0,0.0,0.0,0.0,0.0,0.0,0.0,0.0,0.0,0.0,0.0,0.0,0.0,0.0,0.0,0.0,0.0,0.0,0.0,0.0,0.0,0.0,0.0,0.0,0.0,0.0,0.0,0.0,0.0,0.0,0.0,0.0,0.0,0.0,0.0,0.0,,0.0,,0.0,0.0,0.0,0.0,0.0,0.0,0.0,0.0,0.0,6829.0,-9.21,7044.3,LOW,0,21,13.1369,78.1294,134,108,625.0,0,KOLAR,KOLAR,1536401.0,776396.0,760005.0,0.0,0.0,465867.0,78875.0,1016219.0,717872.0,66.14,978.9,0.0,30.32,5.13,46.72,54.18,4.23,0.91,2.08,444.48,23.24,9.96,0.65,8.72,7.03,40.68
KARNATAKA,KOLAR,2004,59,41.0,0,16,0,16.0,28,16.0,12.0,3,0.0,23,149.0,365,69,296.0,412,17,35,2.0,0,592.0,28,32,0.0,43,0.0,0,1284,3129.0,,0.0,0.0,0.0,0.0,0.0,0.0,0.0,0.0,0.0,0.0,0.0,0.0,0.0,0.0,0.0,0.0,0.0,0.0,0.0,0.0,0.0,0.0,0.0,0.0,0.0,0.0,0.0,0.0,0.0,0.0,0.0,0.0,0.0,0.0,0.0,0.0,0.0,0.0,0.0,0.0,0.0,0.0,0.0,0.0,0.0,0.0,0.0,0.0,0.0,0.0,0.0,0.0,0.0,0.0,0.0,0.0,0.0,0.0,,0.0,,0.0,0.0,0.0,0.0,0.0,0.0,0.0,0.0,0.0,6667.0,-2.37,7006.0,LOW,0,21,13.1369,78.1294,129,119,635.0,0,KOLAR,KOLAR,1536401.0,776396.0,760005.0,0.0,0.0,465867.0,78875.0,1016219.0,717872.0,66.14,978.9,0.0,30.32,5.13,46.72,54.18,3.84,1.04,1.82,433.94,23.76,9.7,1.82,8.4,7.75,41.33
KARNATAKA,KOLAR,2005,73,49.0,5,20,0,20.0,30,24.0,6.0,4,0.0,30,125.0,356,77,279.0,359,8,43,1.0,0,592.0,19,41,0.0,41,0.0,0,1329,3125.0,,0.0,0.0,0.0,0.0,0.0,0.0,0.0,0.0,0.0,0.0,0.0,0.0,0.0,0.0,0.0,0.0,0.0,0.0,0.0,0.0,0.0,0.0,0.0,0.0,0.0,0.0,0.0,0.0,0.0,0.0,0.0,0.0,0.0,0.0,0.0,0.0,0.0,0.0,0.0,0.0,0.0,0.0,0.0,0.0,0.0,0.0,0.0,0.0,0.0,0.0,0.0,0.0,0.0,0.0,0.0,0.0,0.0,0.0,,0.0,,0.0,0.0,0.0,0.0,0.0,0.0,0.0,0.0,0.0,6656.0,-0.16,6717.3,LOW,0,21,13.1369,78.1294,157,121,609.0,0,KOLAR,KOLAR,1536401.0,776396.0,760005.0,0.0,0.0,465867.0,78875.0,1016219.0,717872.0,66.14,978.9,0.0,30.32,5.13,46.72,54.18,4.75,1.3,1.95,433.22,23.17,8.14,1.24,10.22,7.88,39.64
KARNATAKA,KOLAR,2006,96,59.0,1,13,0,13.0,27,19.0,8.0,8,3.0,24,139.0,404,116,288.0,279,11,39,1.0,0,701.0,16,50,0.0,47,0.0,6,1487,3411.0,,0.0,0.0,0.0,0.0,0.0,0.0,0.0,0.0,0.0,0.0,0.0,0.0,0.0,0.0,0.0,0.0,0.0,0.0,0.0,0.0,0.0,0.0,0.0,0.0,0.0,0.0,0.0,0.0,0.0,0.0,0.0,0.0,0.0,0.0,0.0,0.0,0.0,0.0,0.0,0.0,0.0,0.0,0.0,0.0,0.0,0.0,0.0,0.0,0.0,0.0,0.0,0.0,0.0,0.0,0.0,0.0,0.0,0.0,,0.0,,0.0,0.0,0.0,0.0,0.0,0.0,0.0,0.0,0.0,7266.0,9.16,6863.0,LOW,0,21,13.1369,78.1294,168,126,709.0,0,KOLAR,KOLAR,1536401.0,776396.0,760005.0,0.0,0.0,465867.0,78875.0,1016219.0,717872.0,66.14,978.9,0.0,30.32,5.13,46.72,54.18,6.25,0.85,1.76,472.92,26.3,9.05,1.04,10.93,8.2,46.15
KARNATAKA,KOLAR,2007,66,62.0,1,19,0,19.0,35,24.0,11.0,7,0.0,19,133.0,389,113,276.0,291,1,37,0.0,0,720.0,17,44,0.0,50,0.0,5,1850,3746.0,,0.0,0.0,0.0,0.0,0.0,0.0,0.0,0.0,0.0,0.0,0.0,0.0,0.0,0.0,0.0,0.0,0.0,0.0,0.0,0.0,0.0,0.0,0.0,0.0,0.0,0.0,0.0,0.0,0.0,0.0,0.0,0.0,0.0,0.0,0.0,0.0,0.0,0.0,0.0,0.0,0.0,0.0,0.0,0.0,0.0,0.0,0.0,0.0,0.0,0.0,0.0,0.0,0.0,0.0,0.0,0.0,0.0,0.0,,0.0,,0.0,0.0,0.0,0.0,0.0,0.0,0.0,0.0,0.0,7935.0,9.21,7285.7,LOW,0,21,13.1369,78.1294,146,130,673.0,0,KOLAR,KOLAR,1536401.0,776396.0,760005.0,0.0,0.0,465867.0,78875.0,1016219.0,717872.0,66.14,978.9,0.0,30.32,5.13,46.72,54.18,4.3,1.24,2.28,516.47,25.32,8.66,1.11,9.5,8.46,43.8
KARNATAKA,KOLAR,2008,37,22.0,23,14,0,14.0,15,11.0,4.0,6,2.0,14,73.0,213,64,149.0,172,4,16,1.0,0,310.0,14,22,0.0,21,0.0,5,1030,2014.0,,0.0,0.0,0.0,0.0,0.0,0.0,0.0,0.0,0.0,0.0,0.0,0.0,0.0,0.0,0.0,0.0,0.0,0.0,0.0,0.0,0.0,0.0,0.0,0.0,0.0,0.0,0.0,0.0,0.0,0.0,0.0,0.0,0.0,0.0,0.0,0.0,0.0,0.0,0.0,0.0,0.0,0.0,0.0,0.0,0.0,0.0,0.0,0.0,0.0,0.0,0.0,0.0,0.0,0.0,0.0,0.0,0.0,0.0,,0.0,,0.0,0.0,0.0,0.0,0.0,0.0,0.0,0.0,0.0,4270.0,-46.19,6490.3,LOW,0,21,13.1369,78.1294,86,71,370.0,0,KOLAR,KOLAR,1536401.0,776396.0,760005.0,0.0,0.0,465867.0,78875.0,1016219.0,717872.0,66.14,978.9,0.0,30.32,5.13,46.72,54.18,2.41,0.91,0.98,277.92,13.86,4.75,0.91,5.6,4.62,24.08
KARNATAKA,KOLAR,2009,30,28.0,0,10,0,10.0,15,8.0,7.0,5,5.0,15,141.0,163,78,85.0,166,4,16,1.0,0,236.0,11,17,2.0,18,0.0,11,965,1859.0,,0.0,0.0,0.0,0.0,0.0,0.0,0.0,0.0,0.0,0.0,0.0,0.0,0.0,0.0,0.0,0.0,0.0,0.0,0.0,0.0,0.0,0.0,0.0,0.0,0.0,0.0,0.0,0.0,0.0,0.0,0.0,0.0,0.0,0.0,0.0,0.0,0.0,0.0,0.0,0.0,0.0,0.0,0.0,0.0,0.0,0.0,0.0,0.0,0.0,0.0,0.0,0.0,0.0,0.0,0.0,0.0,0.0,0.0,,0.0,,0.0,0.0,0.0,0.0,0.0,0.0,0.0,0.0,0.0,3906.0,-8.52,5370.3,LOW,0,21,13.1369,78.1294,75,56,402.0,0,KOLAR,KOLAR,1536401.0,776396.0,760005.0,0.0,0.0,465867.0,78875.0,1016219.0,717872.0,66.14,978.9,0.0,30.32,5.13,46.72,54.18,1.95,0.65,0.98,254.23,10.61,9.18,0.72,4.88,3.64,26.17
KARNATAKA,KOLAR,2010,40,54.0,2,12,0,12.0,18,5.0,13.0,2,2.0,18,73.0,212,129,83.0,196,17,20,1.0,0,261.0,4,29,0.0,12,0.0,0,939,1912.0,,0.0,0.0,0.0,0.0,0.0,0.0,0.0,0.0,0.0,0.0,0.0,0.0,0.0,0.0,0.0,0.0,0.0,0.0,0.0,0.0,0.0,0.0,0.0,0.0,0.0,0.0,0.0,0.0,0.0,0.0,0.0,0.0,0.0,0.0,0.0,0.0,0.0,0.0,0.0,0.0,0.0,0.0,0.0,0.0,0.0,0.0,0.0,0.0,0.0,0.0,0.0,0.0,0.0,0.0,0.0,0.0,0.0,0.0,,0.0,,0.0,0.0,0.0,0.0,0.0,0.0,0.0,0.0,0.0,4066.0,4.1,4080.7,LOW,0,21,13.1369,78.1294,90,57,451.0,0,KOLAR,KOLAR,1536401.0,776396.0,760005.0,0.0,0.0,465867.0,78875.0,1016219.0,717872.0,66.14,978.9,0.0,30.32,5.13,46.72,54.18,2.6,0.78,1.17,264.64,13.8,4.75,0.26,5.86,3.71,29.35
KARNATAKA,KOLAR,2011,37,45.0,0,17,0,17.0,18,13.0,5.0,4,2.0,19,78.0,212,107,105.0,190,8,24,1.0,0,279.0,3,21,0.0,23,0.0,2,1070,2053.0,,0.0,0.0,0.0,0.0,0.0,0.0,0.0,0.0,0.0,0.0,0.0,0.0,0.0,0.0,0.0,0.0,0.0,0.0,0.0,0.0,0.0,0.0,0.0,0.0,0.0,0.0,0.0,0.0,0.0,0.0,0.0,0.0,0.0,0.0,0.0,0.0,0.0,0.0,0.0,0.0,0.0,0.0,0.0,0.0,0.0,0.0,0.0,0.0,0.0,0.0,0.0,0.0,0.0,0.0,0.0,0.0,0.0,0.0,,0.0,,0.0,0.0,0.0,0.0,0.0,0.0,0.0,0.0,0.0,4353.0,7.06,4108.3,LOW,0,21,13.1369,78.1294,95,64,429.0,0,KOLAR,KOLAR,1536401.0,776396.0,760005.0,0.0,0.0,465867.0,78875.0,1016219.0,717872.0,66.14,978.9,0.0,30.32,5.13,46.72,54.18,2.41,1.11,1.17,283.32,13.8,5.08,0.2,6.18,4.17,27.92
KARNATAKA,KOLAR,2012,46,58.0,0,18,0,18.0,20,14.0,6.0,4,1.0,20,92.0,186,87,99.0,239,6,44,1.0,0,361.0,1,37,0.0,34,0.0,7,1034,2209.0,,0.0,0.0,0.0,0.0,0.0,0.0,0.0,0.0,0.0,0.0,0.0,0.0,0.0,0.0,0.0,0.0,0.0,0.0,0.0,0.0,0.0,0.0,0.0,0.0,0.0,0.0,0.0,0.0,0.0,0.0,0.0,0.0,0.0,0.0,0.0,0.0,0.0,0.0,0.0,0.0,0.0,0.0,0.0,0.0,0.0,0.0,0.0,0.0,0.0,0.0,0.0,0.0,0.0,0.0,0.0,0.0,0.0,0.0,,0.0,,0.0,0.0,0.0,0.0,0.0,0.0,0.0,0.0,0.0,4642.0,6.64,4353.7,LOW,0,21,13.1369,78.1294,108,90,415.0,0,KOLAR,KOLAR,1536401.0,776396.0,760005.0,0.0,0.0,465867.0,78875.0,1016219.0,717872.0,66.14,978.9,0.0,30.32,5.13,46.72,54.18,2.99,1.17,1.3,302.13,12.11,5.99,0.07,7.03,5.86,27.01
Karnataka,KOLAR,2013,45,43.0,0,20,0,20.0,10,9.0,1.0,5,0.0,50,99.0,187,71,116.0,251,2,75,0.0,8,327.0,3,25,0.0,25,0.0,14,1086,2275.0,,0.0,0.0,0.0,0.0,0.0,0.0,0.0,0.0,0.0,0.0,0.0,0.0,0.0,0.0,0.0,0.0,0.0,0.0,0.0,0.0,0.0,0.0,0.0,0.0,0.0,0.0,0.0,0.0,0.0,0.0,0.0,0.0,0.0,0.0,0.0,0.0,0.0,0.0,0.0,0.0,0.0,0.0,0.0,0.0,0.0,0.0,0.0,0.0,0.0,0.0,0.0,0.0,0.0,0.0,0.0,0.0,0.0,0.0,,0.0,,0.0,0.0,0.0,0.0,0.0,0.0,0.0,0.0,0.0,4767.0,2.69,4587.3,LOW,0,21,13.1369,78.1294,130,73,434.0,0,KOLAR,KOLAR,1536401.0,776396.0,760005.0,0.0,0.0,465867.0,78875.0,1016219.0,717872.0,66.14,978.9,0.0,30.32,5.13,46.72,54.18,2.93,1.3,0.65,310.27,12.17,6.44,0.2,8.46,4.75,28.25
KARNATAKA,KOPPAL,2001,23,33.0,0,6,0,6.0,12,12.0,0.0,3,0.0,8,71.0,120,17,103.0,166,2,21,1.0,5,279.0,5,40,1.0,23,0.0,0,587,1406.0,,0.0,0.0,0.0,0.0,0.0,0.0,0.0,0.0,0.0,0.0,0.0,0.0,0.0,0.0,0.0,0.0,0.0,0.0,0.0,0.0,0.0,0.0,0.0,0.0,0.0,0.0,0.0,0.0,0.0,0.0,0.0,0.0,0.0,0.0,0.0,0.0,0.0,0.0,0.0,0.0,0.0,0.0,0.0,0.0,0.0,0.0,0.0,0.0,0.0,0.0,0.0,0.0,0.0,0.0,0.0,0.0,0.0,0.0,,0.0,,0.0,0.0,0.0,0.0,0.0,0.0,0.0,0.0,0.0,2950.0,0.0,2950.0,LOW,0,22,15.3508,76.1549,52,74,231.0,0,KOPPAL,KOPPAL,1389920.0,699926.0,689994.0,0.0,0.0,258608.0,164271.0,809085.0,654766.0,58.21,985.8,0.0,18.61,11.82,47.11,55.84,1.65,0.43,0.86,212.24,8.63,5.11,0.36,3.74,5.32,16.62
KARNATAKA,KOPPAL,2002,19,37.0,0,6,0,6.0,26,26.0,0.0,7,0.0,10,90.0,82,10,72.0,126,8,25,4.0,7,243.0,3,29,0.0,49,0.0,0,622,1393.0,,0.0,0.0,0.0,0.0,0.0,0.0,0.0,0.0,0.0,0.0,0.0,0.0,0.0,0.0,0.0,0.0,0.0,0.0,0.0,0.0,0.0,0.0,0.0,0.0,0.0,0.0,0.0,0.0,0.0,0.0,0.0,0.0,0.0,0.0,0.0,0.0,0.0,0.0,0.0,0.0,0.0,0.0,0.0,0.0,0.0,0.0,0.0,0.0,0.0,0.0,0.0,0.0,0.0,0.0,0.0,0.0,0.0,0.0,,0.0,,0.0,0.0,0.0,0.0,0.0,0.0,0.0,0.0,0.0,2900.0,-1.69,2925.0,LOW,0,22,15.3508,76.1549,68,87,215.0,0,KOPPAL,KOPPAL,1389920.0,699926.0,689994.0,0.0,0.0,258608.0,164271.0,809085.0,654766.0,58.21,985.8,0.0,18.61,11.82,47.11,55.84,1.37,0.43,1.87,208.65,5.9,6.48,0.22,4.89,6.26,15.47
KARNATAKA,KOPPAL,2003,24,23.0,0,12,0,12.0,5,5.0,0.0,8,0.0,13,53.0,68,10,58.0,97,7,15,2.0,1,180.0,5,18,2.0,27,0.0,0,575,1135.0,,0.0,0.0,0.0,0.0,0.0,0.0,0.0,0.0,0.0,0.0,0.0,0.0,0.0,0.0,0.0,0.0,0.0,0.0,0.0,0.0,0.0,0.0,0.0,0.0,0.0,0.0,0.0,0.0,0.0,0.0,0.0,0.0,0.0,0.0,0.0,0.0,0.0,0.0,0.0,0.0,0.0,0.0,0.0,0.0,0.0,0.0,0.0,0.0,0.0,0.0,0.0,0.0,0.0,0.0,0.0,0.0,0.0,0.0,,0.0,,0.0,0.0,0.0,0.0,0.0,0.0,0.0,0.0,0.0,2355.0,-18.79,2735.0,LOW,0,22,15.3508,76.1549,62,62,153.0,0,KOPPAL,KOPPAL,1389920.0,699926.0,689994.0,0.0,0.0,258608.0,164271.0,809085.0,654766.0,58.21,985.8,0.0,18.61,11.82,47.11,55.84,1.73,0.86,0.36,169.43,4.89,3.81,0.36,4.46,4.46,11.01
KARNATAKA,KOPPAL,2004,25,9.0,1,8,0,8.0,4,4.0,0.0,3,0.0,4,66.0,54,12,42.0,85,13,20,1.0,2,160.0,6,16,0.0,47,0.0,0,579,1103.0,,0.0,0.0,0.0,0.0,0.0,0.0,0.0,0.0,0.0,0.0,0.0,0.0,0.0,0.0,0.0,0.0,0.0,0.0,0.0,0.0,0.0,0.0,0.0,0.0,0.0,0.0,0.0,0.0,0.0,0.0,0.0,0.0,0.0,0.0,0.0,0.0,0.0,0.0,0.0,0.0,0.0,0.0,0.0,0.0,0.0,0.0,0.0,0.0,0.0,0.0,0.0,0.0,0.0,0.0,0.0,0.0,0.0,0.0,,0.0,,0.0,0.0,0.0,0.0,0.0,0.0,0.0,0.0,0.0,2272.0,-3.52,2509.0,LOW,0,22,15.3508,76.1549,44,77,165.0,0,KOPPAL,KOPPAL,1389920.0,699926.0,689994.0,0.0,0.0,258608.0,164271.0,809085.0,654766.0,58.21,985.8,0.0,18.61,11.82,47.11,55.84,1.8,0.58,0.29,163.46,3.89,4.75,0.43,3.17,5.54,11.87
KARNATAKA,KOPPAL,2005,29,22.0,11,8,0,8.0,8,8.0,0.0,11,0.0,7,79.0,83,28,55.0,136,8,25,0.0,0,230.0,4,24,1.0,40,0.0,0,863,1589.0,,0.0,0.0,0.0,0.0,0.0,0.0,0.0,0.0,0.0,0.0,0.0,0.0,0.0,0.0,0.0,0.0,0.0,0.0,0.0,0.0,0.0,0.0,0.0,0.0,0.0,0.0,0.0,0.0,0.0,0.0,0.0,0.0,0.0,0.0,0.0,0.0,0.0,0.0,0.0,0.0,0.0,0.0,0.0,0.0,0.0,0.0,0.0,0.0,0.0,0.0,0.0,0.0,0.0,0.0,0.0,0.0,0.0,0.0,,0.0,,0.0,0.0,0.0,0.0,0.0,0.0,0.0,0.0,0.0,3277.0,44.23,2634.7,LOW,0,22,15.3508,76.1549,63,76,223.0,0,KOPPAL,KOPPAL,1389920.0,699926.0,689994.0,0.0,0.0,258608.0,164271.0,809085.0,654766.0,58.21,985.8,0.0,18.61,11.82,47.11,55.84,2.09,0.58,0.58,235.77,5.97,5.68,0.29,4.53,5.47,16.04
KARNATAKA,KOPPAL,2006,25,9.0,11,6,0,6.0,7,7.0,0.0,7,0.0,6,78.0,84,23,61.0,118,1,22,3.0,1,195.0,3,28,0.0,23,0.0,0,912,1539.0,,0.0,0.0,0.0,0.0,0.0,0.0,0.0,0.0,0.0,0.0,0.0,0.0,0.0,0.0,0.0,0.0,0.0,0.0,0.0,0.0,0.0,0.0,0.0,0.0,0.0,0.0,0.0,0.0,0.0,0.0,0.0,0.0,0.0,0.0,0.0,0.0,0.0,0.0,0.0,0.0,0.0,0.0,0.0,0.0,0.0,0.0,0.0,0.0,0.0,0.0,0.0,0.0,0.0,0.0,0.0,0.0,0.0,0.0,,0.0,,0.0,0.0,0.0,0.0,0.0,0.0,0.0,0.0,0.0,3175.0,-3.11,2908.0,LOW,0,22,15.3508,76.1549,51,60,208.0,0,KOPPAL,KOPPAL,1389920.0,699926.0,689994.0,0.0,0.0,258608.0,164271.0,809085.0,654766.0,58.21,985.8,0.0,18.61,11.82,47.11,55.84,1.8,0.43,0.5,228.43,6.04,5.61,0.22,3.67,4.32,14.96
KARNATAKA,KOPPAL,2007,19,10.0,7,6,0,6.0,5,5.0,0.0,1,0.0,10,85.0,74,23,51.0,121,1,18,0.0,2,199.0,1,32,0.0,48,0.0,0,1001,1640.0,,0.0,0.0,0.0,0.0,0.0,0.0,0.0,0.0,0.0,0.0,0.0,0.0,0.0,0.0,0.0,0.0,0.0,0.0,0.0,0.0,0.0,0.0,0.0,0.0,0.0,0.0,0.0,0.0,0.0,0.0,0.0,0.0,0.0,0.0,0.0,0.0,0.0,0.0,0.0,0.0,0.0,0.0,0.0,0.0,0.0,0.0,0.0,0.0,0.0,0.0,0.0,0.0,0.0,0.0,0.0,0.0,0.0,0.0,,0.0,,0.0,0.0,0.0,0.0,0.0,0.0,0.0,0.0,0.0,3365.0,5.98,3272.3,LOW,0,22,15.3508,76.1549,41,87,201.0,0,KOPPAL,KOPPAL,1389920.0,699926.0,689994.0,0.0,0.0,258608.0,164271.0,809085.0,654766.0,58.21,985.8,0.0,18.61,11.82,47.11,55.84,1.37,0.43,0.36,242.1,5.32,6.12,0.07,2.95,6.26,14.46
KARNATAKA,KOPPAL,2008,22,4.0,6,6,0,6.0,12,12.0,0.0,2,0.0,11,74.0,107,38,69.0,121,4,44,2.0,2,174.0,4,26,0.0,39,0.0,0,1063,1723.0,,0.0,0.0,0.0,0.0,0.0,0.0,0.0,0.0,0.0,0.0,0.0,0.0,0.0,0.0,0.0,0.0,0.0,0.0,0.0,0.0,0.0,0.0,0.0,0.0,0.0,0.0,0.0,0.0,0.0,0.0,0.0,0.0,0.0,0.0,0.0,0.0,0.0,0.0,0.0,0.0,0.0,0.0,0.0,0.0,0.0,0.0,0.0,0.0,0.0,0.0,0.0,0.0,0.0,0.0,0.0,0.0,0.0,0.0,,0.0,,0.0,0.0,0.0,0.0,0.0,0.0,0.0,0.0,0.0,3571.0,6.12,3370.3,LOW,0,22,15.3508,76.1549,53,75,267.0,0,KOPPAL,KOPPAL,1389920.0,699926.0,689994.0,0.0,0.0,258608.0,164271.0,809085.0,654766.0,58.21,985.8,0.0,18.61,11.82,47.11,55.84,1.58,0.43,0.86,256.92,7.7,5.32,0.29,3.81,5.4,19.21
KARNATAKA,KOPPAL,2009,22,20.0,10,14,0,14.0,13,13.0,0.0,5,0.0,8,93.0,98,53,45.0,109,7,40,1.0,2,186.0,5,32,0.0,57,0.0,0,1194,1916.0,,0.0,0.0,0.0,0.0,0.0,0.0,0.0,0.0,0.0,0.0,0.0,0.0,0.0,0.0,0.0,0.0,0.0,0.0,0.0,0.0,0.0,0.0,0.0,0.0,0.0,0.0,0.0,0.0,0.0,0.0,0.0,0.0,0.0,0.0,0.0,0.0,0.0,0.0,0.0,0.0,0.0,0.0,0.0,0.0,0.0,0.0,0.0,0.0,0.0,0.0,0.0,0.0,0.0,0.0,0.0,0.0,0.0,0.0,,0.0,,0.0,0.0,0.0,0.0,0.0,0.0,0.0,0.0,0.0,3957.0,10.81,3631.0,LOW,0,22,15.3508,76.1549,62,108,291.0,0,KOPPAL,KOPPAL,1389920.0,699926.0,689994.0,0.0,0.0,258608.0,164271.0,809085.0,654766.0,58.21,985.8,0.0,18.61,11.82,47.11,55.84,1.58,1.01,0.94,284.69,7.05,6.69,0.36,4.46,7.77,20.94
KARNATAKA,KOPPAL,2010,28,27.0,14,10,0,10.0,21,0.0,21.0,6,0.0,9,92.0,117,60,57.0,153,6,37,0.0,0,193.0,2,29,0.0,46,0.0,0,1161,1951.0,,0.0,0.0,0.0,0.0,0.0,0.0,0.0,0.0,0.0,0.0,0.0,0.0,0.0,0.0,0.0,0.0,0.0,0.0,0.0,0.0,0.0,0.0,0.0,0.0,0.0,0.0,0.0,0.0,0.0,0.0,0.0,0.0,0.0,0.0,0.0,0.0,0.0,0.0,0.0,0.0,0.0,0.0,0.0,0.0,0.0,0.0,0.0,0.0,0.0,0.0,0.0,0.0,0.0,0.0,0.0,0.0,0.0,0.0,,0.0,,0.0,0.0,0.0,0.0,0.0,0.0,0.0,0.0,0.0,4050.0,2.35,3859.3,LOW,0,22,15.3508,76.1549,74,87,312.0,0,KOPPAL,KOPPAL,1389920.0,699926.0,689994.0,0.0,0.0,258608.0,164271.0,809085.0,654766.0,58.21,985.8,0.0,18.61,11.82,47.11,55.84,2.01,0.72,1.51,291.38,8.42,6.62,0.14,5.32,6.26,22.45
KARNATAKA,KOPPAL,2011,25,15.0,15,13,0,13.0,21,0.0,21.0,5,0.0,8,74.0,137,79,58.0,116,10,36,0.0,0,173.0,0,23,0.0,70,0.0,0,1117,1858.0,,0.0,0.0,0.0,0.0,0.0,0.0,0.0,0.0,0.0,0.0,0.0,0.0,0.0,0.0,0.0,0.0,0.0,0.0,0.0,0.0,0.0,0.0,0.0,0.0,0.0,0.0,0.0,0.0,0.0,0.0,0.0,0.0,0.0,0.0,0.0,0.0,0.0,0.0,0.0,0.0,0.0,0.0,0.0,0.0,0.0,0.0,0.0,0.0,0.0,0.0,0.0,0.0,0.0,0.0,0.0,0.0,0.0,0.0,,0.0,,0.0,0.0,0.0,0.0,0.0,0.0,0.0,0.0,0.0,3887.0,-4.02,3964.7,LOW,0,22,15.3508,76.1549,72,106,336.0,0,KOPPAL,KOPPAL,1389920.0,699926.0,689994.0,0.0,0.0,258608.0,164271.0,809085.0,654766.0,58.21,985.8,0.0,18.61,11.82,47.11,55.84,1.8,0.94,1.51,279.66,9.86,5.32,0.0,5.18,7.63,24.17
KARNATAKA,KOPPAL,2012,24,11.0,0,7,0,7.0,27,0.0,27.0,2,0.0,14,76.0,100,51,49.0,134,13,60,0.0,0,228.0,0,17,0.0,87,0.0,0,1099,1899.0,,0.0,0.0,0.0,0.0,0.0,0.0,0.0,0.0,0.0,0.0,0.0,0.0,0.0,0.0,0.0,0.0,0.0,0.0,0.0,0.0,0.0,0.0,0.0,0.0,0.0,0.0,0.0,0.0,0.0,0.0,0.0,0.0,0.0,0.0,0.0,0.0,0.0,0.0,0.0,0.0,0.0,0.0,0.0,0.0,0.0,0.0,0.0,0.0,0.0,0.0,0.0,0.0,0.0,0.0,0.0,0.0,0.0,0.0,,0.0,,0.0,0.0,0.0,0.0,0.0,0.0,0.0,0.0,0.0,3932.0,1.16,3956.3,LOW,0,22,15.3508,76.1549,74,111,300.0,0,KOPPAL,KOPPAL,1389920.0,699926.0,689994.0,0.0,0.0,258608.0,164271.0,809085.0,654766.0,58.21,985.8,0.0,18.61,11.82,47.11,55.84,1.73,0.5,1.94,282.89,7.19,5.47,0.0,5.32,7.99,21.58
Karnataka,KOPPAL,2013,22,14.0,0,22,0,22.0,14,0.0,14.0,3,0.0,7,49.0,84,53,31.0,138,3,54,0.0,0,206.0,0,39,0.0,59,0.0,0,1018,1732.0,,0.0,0.0,0.0,0.0,0.0,0.0,0.0,0.0,0.0,0.0,0.0,0.0,0.0,0.0,0.0,0.0,0.0,0.0,0.0,0.0,0.0,0.0,0.0,0.0,0.0,0.0,0.0,0.0,0.0,0.0,0.0,0.0,0.0,0.0,0.0,0.0,0.0,0.0,0.0,0.0,0.0,0.0,0.0,0.0,0.0,0.0,0.0,0.0,0.0,0.0,0.0,0.0,0.0,0.0,0.0,0.0,0.0,0.0,,0.0,,0.0,0.0,0.0,0.0,0.0,0.0,0.0,0.0,0.0,3584.0,-8.85,3801.0,LOW,0,22,15.3508,76.1549,68,120,243.0,0,KOPPAL,KOPPAL,1389920.0,699926.0,689994.0,0.0,0.0,258608.0,164271.0,809085.0,654766.0,58.21,985.8,0.0,18.61,11.82,47.11,55.84,1.58,1.58,1.01,257.86,6.04,3.53,0.0,4.89,8.63,17.48
KARNATAKA,MANDYA,2001,67,47.0,3,15,0,15.0,9,1.0,8.0,2,0.0,28,195.0,328,53,275.0,280,7,30,2.0,0,1431.0,7,50,0.0,72,0.0,0,2234,4807.0,,0.0,0.0,0.0,0.0,0.0,0.0,0.0,0.0,0.0,0.0,0.0,0.0,0.0,0.0,0.0,0.0,0.0,0.0,0.0,0.0,0.0,0.0,0.0,0.0,0.0,0.0,0.0,0.0,0.0,0.0,0.0,0.0,0.0,0.0,0.0,0.0,0.0,0.0,0.0,0.0,0.0,0.0,0.0,0.0,0.0,0.0,0.0,0.0,0.0,0.0,0.0,0.0,0.0,0.0,0.0,0.0,0.0,0.0,,0.0,,0.0,0.0,0.0,0.0,0.0,0.0,0.0,0.0,0.0,9966.0,0.0,9966.0,LOW,0,23,12.5218,76.8951,121,144,613.0,0,MANDYA,MANDYA,1805769.0,905085.0,900684.0,0.0,0.0,265294.0,22402.0,1149649.0,871408.0,63.67,995.1,0.0,14.69,1.24,48.26,49.31,3.71,0.83,0.5,551.9,18.16,10.8,0.39,6.7,7.97,33.95
KARNATAKA,MANDYA,2002,61,56.0,0,30,0,30.0,18,0.0,18.0,4,0.0,30,249.0,274,58,216.0,266,7,14,0.0,0,1339.0,14,45,0.0,102,0.0,0,2236,4745.0,,0.0,0.0,0.0,0.0,0.0,0.0,0.0,0.0,0.0,0.0,0.0,0.0,0.0,0.0,0.0,0.0,0.0,0.0,0.0,0.0,0.0,0.0,0.0,0.0,0.0,0.0,0.0,0.0,0.0,0.0,0.0,0.0,0.0,0.0,0.0,0.0,0.0,0.0,0.0,0.0,0.0,0.0,0.0,0.0,0.0,0.0,0.0,0.0,0.0,0.0,0.0,0.0,0.0,0.0,0.0,0.0,0.0,0.0,,0.0,,0.0,0.0,0.0,0.0,0.0,0.0,0.0,0.0,0.0,9812.0,-1.55,9889.0,LOW,0,23,12.5218,76.8951,143,191,602.0,0,MANDYA,MANDYA,1805769.0,905085.0,900684.0,0.0,0.0,265294.0,22402.0,1149649.0,871408.0,63.67,995.1,0.0,14.69,1.24,48.26,49.31,3.38,1.66,1.0,543.37,15.17,13.79,0.78,7.92,10.58,33.34
KARNATAKA,MANDYA,2003,57,59.0,0,13,0,13.0,8,6.0,2.0,5,0.0,22,179.0,305,64,241.0,299,14,20,2.0,0,966.0,5,65,0.0,77,0.0,0,1659,3755.0,,0.0,0.0,0.0,0.0,0.0,0.0,0.0,0.0,0.0,0.0,0.0,0.0,0.0,0.0,0.0,0.0,0.0,0.0,0.0,0.0,0.0,0.0,0.0,0.0,0.0,0.0,0.0,0.0,0.0,0.0,0.0,0.0,0.0,0.0,0.0,0.0,0.0,0.0,0.0,0.0,0.0,0.0,0.0,0.0,0.0,0.0,0.0,0.0,0.0,0.0,0.0,0.0,0.0,0.0,0.0,0.0,0.0,0.0,,0.0,,0.0,0.0,0.0,0.0,0.0,0.0,0.0,0.0,0.0,7836.0,-20.14,9204.7,LOW,0,23,12.5218,76.8951,105,160,582.0,0,MANDYA,MANDYA,1805769.0,905085.0,900684.0,0.0,0.0,265294.0,22402.0,1149649.0,871408.0,63.67,995.1,0.0,14.69,1.24,48.26,49.31,3.16,0.72,0.44,433.94,16.89,9.91,0.28,5.81,8.86,32.23
KARNATAKA,MANDYA,2004,58,50.0,0,15,0,15.0,8,0.0,8.0,3,0.0,17,169.0,302,61,241.0,270,6,20,3.0,0,825.0,19,46,2.0,43,0.0,0,1524,3380.0,,0.0,0.0,0.0,0.0,0.0,0.0,0.0,0.0,0.0,0.0,0.0,0.0,0.0,0.0,0.0,0.0,0.0,0.0,0.0,0.0,0.0,0.0,0.0,0.0,0.0,0.0,0.0,0.0,0.0,0.0,0.0,0.0,0.0,0.0,0.0,0.0,0.0,0.0,0.0,0.0,0.0,0.0,0.0,0.0,0.0,0.0,0.0,0.0,0.0,0.0,0.0,0.0,0.0,0.0,0.0,0.0,0.0,0.0,,0.0,,0.0,0.0,0.0,0.0,0.0,0.0,0.0,0.0,0.0,7085.0,-9.58,8244.3,LOW,0,23,12.5218,76.8951,101,123,558.0,0,MANDYA,MANDYA,1805769.0,905085.0,900684.0,0.0,0.0,265294.0,22402.0,1149649.0,871408.0,63.67,995.1,0.0,14.69,1.24,48.26,49.31,3.21,0.83,0.44,392.35,16.72,9.36,1.05,5.59,6.81,30.9
KARNATAKA,MANDYA,2005,43,56.0,1,17,0,17.0,12,11.0,1.0,3,1.0,13,179.0,261,90,171.0,197,5,25,1.0,0,800.0,13,56,0.0,60,0.0,0,1637,3380.0,,0.0,0.0,0.0,0.0,0.0,0.0,0.0,0.0,0.0,0.0,0.0,0.0,0.0,0.0,0.0,0.0,0.0,0.0,0.0,0.0,0.0,0.0,0.0,0.0,0.0,0.0,0.0,0.0,0.0,0.0,0.0,0.0,0.0,0.0,0.0,0.0,0.0,0.0,0.0,0.0,0.0,0.0,0.0,0.0,0.0,0.0,0.0,0.0,0.0,0.0,0.0,0.0,0.0,0.0,0.0,0.0,0.0,0.0,,0.0,,0.0,0.0,0.0,0.0,0.0,0.0,0.0,0.0,0.0,7050.0,-0.49,7323.7,LOW,0,23,12.5218,76.8951,88,146,560.0,0,MANDYA,MANDYA,1805769.0,905085.0,900684.0,0.0,0.0,265294.0,22402.0,1149649.0,871408.0,63.67,995.1,0.0,14.69,1.24,48.26,49.31,2.38,0.94,0.66,390.42,14.45,9.91,0.72,4.87,8.09,31.01
KARNATAKA,MANDYA,2006,58,46.0,3,19,0,19.0,14,13.0,1.0,3,0.0,14,177.0,289,80,209.0,192,2,40,4.0,0,767.0,8,79,0.0,89,0.0,0,2120,3924.0,,0.0,0.0,0.0,0.0,0.0,0.0,0.0,0.0,0.0,0.0,0.0,0.0,0.0,0.0,0.0,0.0,0.0,0.0,0.0,0.0,0.0,0.0,0.0,0.0,0.0,0.0,0.0,0.0,0.0,0.0,0.0,0.0,0.0,0.0,0.0,0.0,0.0,0.0,0.0,0.0,0.0,0.0,0.0,0.0,0.0,0.0,0.0,0.0,0.0,0.0,0.0,0.0,0.0,0.0,0.0,0.0,0.0,0.0,,0.0,,0.0,0.0,0.0,0.0,0.0,0.0,0.0,0.0,0.0,8170.0,15.89,7435.0,LOW,0,23,12.5218,76.8951,108,195,588.0,0,MANDYA,MANDYA,1805769.0,905085.0,900684.0,0.0,0.0,265294.0,22402.0,1149649.0,871408.0,63.67,995.1,0.0,14.69,1.24,48.26,49.31,3.21,1.05,0.78,452.44,16.0,9.8,0.44,5.98,10.8,32.56
KARNATAKA,MANDYA,2007,48,43.0,0,17,0,17.0,15,14.0,1.0,3,0.0,9,142.0,254,103,151.0,180,8,27,4.0,0,799.0,15,66,0.0,95,0.0,0,2511,4236.0,,0.0,0.0,0.0,0.0,0.0,0.0,0.0,0.0,0.0,0.0,0.0,0.0,0.0,0.0,0.0,0.0,0.0,0.0,0.0,0.0,0.0,0.0,0.0,0.0,0.0,0.0,0.0,0.0,0.0,0.0,0.0,0.0,0.0,0.0,0.0,0.0,0.0,0.0,0.0,0.0,0.0,0.0,0.0,0.0,0.0,0.0,0.0,0.0,0.0,0.0,0.0,0.0,0.0,0.0,0.0,0.0,0.0,0.0,,0.0,,0.0,0.0,0.0,0.0,0.0,0.0,0.0,0.0,0.0,8758.0,7.2,7992.7,LOW,0,23,12.5218,76.8951,92,193,534.0,0,MANDYA,MANDYA,1805769.0,905085.0,900684.0,0.0,0.0,265294.0,22402.0,1149649.0,871408.0,63.67,995.1,0.0,14.69,1.24,48.26,49.31,2.66,0.94,0.83,485.0,14.07,7.86,0.83,5.09,10.69,29.57
KARNATAKA,MANDYA,2008,50,41.0,1,18,0,18.0,14,13.0,1.0,8,2.0,18,212.0,362,169,193.0,270,6,28,4.0,0,872.0,11,59,0.0,72,0.0,0,2699,4747.0,,0.0,0.0,0.0,0.0,0.0,0.0,0.0,0.0,0.0,0.0,0.0,0.0,0.0,0.0,0.0,0.0,0.0,0.0,0.0,0.0,0.0,0.0,0.0,0.0,0.0,0.0,0.0,0.0,0.0,0.0,0.0,0.0,0.0,0.0,0.0,0.0,0.0,0.0,0.0,0.0,0.0,0.0,0.0,0.0,0.0,0.0,0.0,0.0,0.0,0.0,0.0,0.0,0.0,0.0,0.0,0.0,0.0,0.0,,0.0,,0.0,0.0,0.0,0.0,0.0,0.0,0.0,0.0,0.0,9888.0,12.9,8938.7,LOW,0,23,12.5218,76.8951,108,160,777.0,0,MANDYA,MANDYA,1805769.0,905085.0,900684.0,0.0,0.0,265294.0,22402.0,1149649.0,871408.0,63.67,995.1,0.0,14.69,1.24,48.26,49.31,2.77,1.0,0.78,547.58,20.05,11.74,0.61,5.98,8.86,43.03
KARNATAKA,MANDYA,2009,74,72.0,3,16,0,16.0,27,19.0,8.0,12,3.0,45,333.0,462,222,240.0,292,8,50,5.0,34,1085.0,8,85,0.0,125,0.0,0,2752,5491.0,,0.0,0.0,0.0,0.0,0.0,0.0,0.0,0.0,0.0,0.0,0.0,0.0,0.0,0.0,0.0,0.0,0.0,0.0,0.0,0.0,0.0,0.0,0.0,0.0,0.0,0.0,0.0,0.0,0.0,0.0,0.0,0.0,0.0,0.0,0.0,0.0,0.0,0.0,0.0,0.0,0.0,0.0,0.0,0.0,0.0,0.0,0.0,0.0,0.0,0.0,0.0,0.0,0.0,0.0,0.0,0.0,0.0,0.0,,0.0,,0.0,0.0,0.0,0.0,0.0,0.0,0.0,0.0,0.0,11487.0,16.17,10044.3,LOW,0,23,12.5218,76.8951,174,234,1075.0,0,MANDYA,MANDYA,1805769.0,905085.0,900684.0,0.0,0.0,265294.0,22402.0,1149649.0,871408.0,63.67,995.1,0.0,14.69,1.24,48.26,49.31,4.1,0.89,1.5,636.13,25.58,18.44,0.44,9.64,12.96,59.53
KARNATAKA,MANDYA,2010,83,62.0,1,30,0,30.0,47,35.0,12.0,9,2.0,56,303.0,564,256,308.0,384,16,111,3.0,44,1407.0,10,117,0.0,185,0.0,0,3192,6626.0,,0.0,0.0,0.0,0.0,0.0,0.0,0.0,0.0,0.0,0.0,0.0,0.0,0.0,0.0,0.0,0.0,0.0,0.0,0.0,0.0,0.0,0.0,0.0,0.0,0.0,0.0,0.0,0.0,0.0,0.0,0.0,0.0,0.0,0.0,0.0,0.0,0.0,0.0,0.0,0.0,0.0,0.0,0.0,0.0,0.0,0.0,0.0,0.0,0.0,0.0,0.0,0.0,0.0,0.0,0.0,0.0,0.0,0.0,,0.0,,0.0,0.0,0.0,0.0,0.0,0.0,0.0,0.0,0.0,13893.0,20.95,11756.0,LOW,0,23,12.5218,76.8951,225,342,1250.0,0,MANDYA,MANDYA,1805769.0,905085.0,900684.0,0.0,0.0,265294.0,22402.0,1149649.0,871408.0,63.67,995.1,0.0,14.69,1.24,48.26,49.31,4.6,1.66,2.6,769.37,31.23,16.78,0.55,12.46,18.94,69.22
KARNATAKA,MANDYA,2011,71,57.0,1,31,0,31.0,34,31.0,3.0,9,0.0,73,307.0,577,250,327.0,383,9,107,0.0,34,1361.0,12,98,0.0,230,0.0,0,2726,6120.0,,0.0,0.0,0.0,0.0,0.0,0.0,0.0,0.0,0.0,0.0,0.0,0.0,0.0,0.0,0.0,0.0,0.0,0.0,0.0,0.0,0.0,0.0,0.0,0.0,0.0,0.0,0.0,0.0,0.0,0.0,0.0,0.0,0.0,0.0,0.0,0.0,0.0,0.0,0.0,0.0,0.0,0.0,0.0,0.0,0.0,0.0,0.0,0.0,0.0,0.0,0.0,0.0,0.0,0.0,0.0,0.0,0.0,0.0,,0.0,,0.0,0.0,0.0,0.0,0.0,0.0,0.0,0.0,0.0,12882.0,-7.28,12754.0,LOW,0,23,12.5218,76.8951,218,371,1250.0,0,MANDYA,MANDYA,1805769.0,905085.0,900684.0,0.0,0.0,265294.0,22402.0,1149649.0,871408.0,63.67,995.1,0.0,14.69,1.24,48.26,49.31,3.93,1.72,1.88,713.38,31.95,17.0,0.66,12.07,20.55,69.22
KARNATAKA,MANDYA,2012,86,95.0,1,35,0,35.0,46,39.0,7.0,11,5.0,82,265.0,518,225,293.0,342,18,79,1.0,80,1321.0,9,149,1.0,204,1.0,0,2565,5914.0,,0.0,0.0,0.0,0.0,0.0,0.0,0.0,0.0,0.0,0.0,0.0,0.0,0.0,0.0,0.0,0.0,0.0,0.0,0.0,0.0,0.0,0.0,0.0,0.0,0.0,0.0,0.0,0.0,0.0,0.0,0.0,0.0,0.0,0.0,0.0,0.0,0.0,0.0,0.0,0.0,0.0,0.0,0.0,0.0,0.0,0.0,0.0,0.0,0.0,0.0,0.0,0.0,0.0,0.0,0.0,0.0,0.0,0.0,,0.0,,0.0,0.0,0.0,0.0,0.0,0.0,0.0,0.0,0.0,12427.0,-3.53,13067.3,LOW,0,23,12.5218,76.8951,260,397,1105.0,0,MANDYA,MANDYA,1805769.0,905085.0,900684.0,0.0,0.0,265294.0,22402.0,1149649.0,871408.0,63.67,995.1,0.0,14.69,1.24,48.26,49.31,4.76,1.94,2.55,688.18,28.69,14.68,0.5,14.4,21.99,61.19
Karnataka,MANDYA,2013,50,76.0,3,31,0,31.0,74,64.0,10.0,9,3.0,67,221.0,559,213,346.0,305,12,120,1.0,25,1175.0,19,221,4.0,160,0.0,0,2409,5544.0,,0.0,0.0,0.0,0.0,0.0,0.0,0.0,0.0,0.0,0.0,0.0,0.0,0.0,0.0,0.0,0.0,0.0,0.0,0.0,0.0,0.0,0.0,0.0,0.0,0.0,0.0,0.0,0.0,0.0,0.0,0.0,0.0,0.0,0.0,0.0,0.0,0.0,0.0,0.0,0.0,0.0,0.0,0.0,0.0,0.0,0.0,0.0,0.0,0.0,0.0,0.0,0.0,0.0,0.0,0.0,0.0,0.0,0.0,,0.0,,0.0,0.0,0.0,0.0,0.0,0.0,0.0,0.0,0.0,11752.0,-5.43,12353.7,LOW,0,23,12.5218,76.8951,231,431,1125.0,0,MANDYA,MANDYA,1805769.0,905085.0,900684.0,0.0,0.0,265294.0,22402.0,1149649.0,871408.0,63.67,995.1,0.0,14.69,1.24,48.26,49.31,2.77,1.72,4.1,650.8,30.96,12.24,1.05,12.79,23.87,62.3
KARNATAKA,MANGALORE CITY,2011,22,20.0,0,16,0,16.0,8,4.0,4.0,0,2.0,30,111.0,238,137,101.0,101,2,133,7.0,0,211.0,0,27,2.0,43,0.0,0,1642,2615.0,,0.0,0.0,0.0,0.0,0.0,0.0,0.0,0.0,0.0,0.0,0.0,0.0,0.0,0.0,0.0,0.0,0.0,0.0,0.0,0.0,0.0,0.0,0.0,0.0,0.0,0.0,0.0,0.0,0.0,0.0,0.0,0.0,0.0,0.0,0.0,0.0,0.0,0.0,0.0,0.0,0.0,0.0,0.0,0.0,0.0,0.0,0.0,0.0,0.0,0.0,0.0,0.0,0.0,0.0,0.0,0.0,0.0,0.0,,0.0,,0.0,0.0,0.0,0.0,0.0,0.0,0.0,0.0,0.0,5492.0,0.0,5492.0,LOW,0,24,,,76,86,621.0,0,MANGALORE CITY,,,,,,,,,,,,,,,,,,,,,,,,,,,
KARNATAKA,MANGALORE CITY,2012,28,18.0,0,12,0,12.0,16,4.0,12.0,1,1.0,69,136.0,233,128,105.0,112,0,89,6.0,16,199.0,1,29,1.0,48,3.0,33,1634,2685.0,,0.0,0.0,0.0,0.0,0.0,0.0,0.0,0.0,0.0,0.0,0.0,0.0,0.0,0.0,0.0,0.0,0.0,0.0,0.0,0.0,0.0,0.0,0.0,0.0,0.0,0.0,0.0,0.0,0.0,0.0,0.0,0.0,0.0,0.0,0.0,0.0,0.0,0.0,0.0,0.0,0.0,0.0,0.0,0.0,0.0,0.0,0.0,0.0,0.0,0.0,0.0,0.0,0.0,0.0,0.0,0.0,0.0,0.0,,0.0,,0.0,0.0,0.0,0.0,0.0,0.0,0.0,0.0,0.0,5631.0,2.53,5561.5,LOW,0,24,,,126,90,586.0,0,MANGALORE CITY,,,,,,,,,,,,,,,,,,,,,,,,,,,
Karnataka,MANGALORE CITY,2013,25,32.0,0,20,0,20.0,12,6.0,6.0,9,0.0,67,164.0,241,130,111.0,118,8,248,1.0,2,311.0,1,54,5.0,65,0.0,22,1467,2872.0,,0.0,0.0,0.0,0.0,0.0,0.0,0.0,0.0,0.0,0.0,0.0,0.0,0.0,0.0,0.0,0.0,0.0,0.0,0.0,0.0,0.0,0.0,0.0,0.0,0.0,0.0,0.0,0.0,0.0,0.0,0.0,0.0,0.0,0.0,0.0,0.0,0.0,0.0,0.0,0.0,0.0,0.0,0.0,0.0,0.0,0.0,0.0,0.0,0.0,0.0,0.0,0.0,0.0,0.0,0.0,0.0,0.0,0.0,,0.0,,0.0,0.0,0.0,0.0,0.0,0.0,0.0,0.0,0.0,6017.0,6.85,5713.3,LOW,0,24,,,133,140,791.0,0,MANGALORE CITY,,,,,,,,,,,,,,,,,,,,,,,,,,,
KARNATAKA,MYSORE COMMR.,2001,32,34.0,0,2,0,2.0,11,7.0,4.0,0,0.0,32,109.0,326,140,186.0,67,17,52,1.0,0,360.0,9,8,1.0,48,0.0,0,794,1903.0,,0.0,0.0,0.0,0.0,0.0,0.0,0.0,0.0,0.0,0.0,0.0,0.0,0.0,0.0,0.0,0.0,0.0,0.0,0.0,0.0,0.0,0.0,0.0,0.0,0.0,0.0,0.0,0.0,0.0,0.0,0.0,0.0,0.0,0.0,0.0,0.0,0.0,0.0,0.0,0.0,0.0,0.0,0.0,0.0,0.0,0.0,0.0,0.0,0.0,0.0,0.0,0.0,0.0,0.0,0.0,0.0,0.0,0.0,,0.0,,0.0,0.0,0.0,0.0,0.0,0.0,0.0,0.0,0.0,4145.0,0.0,4145.0,LOW,0,25,,,77,67,644.0,0,MYSORE COMMR.,,,,,,,,,,,,,,,,,,,,,,,,,,,
KARNATAKA,MYSORE COMMR.,2002,22,38.0,1,7,0,7.0,10,5.0,5.0,1,0.0,31,97.0,279,128,151.0,48,22,38,1.0,0,350.0,10,17,0.0,58,0.0,0,732,1762.0,,0.0,0.0,0.0,0.0,0.0,0.0,0.0,0.0,0.0,0.0,0.0,0.0,0.0,0.0,0.0,0.0,0.0,0.0,0.0,0.0,0.0,0.0,0.0,0.0,0.0,0.0,0.0,0.0,0.0,0.0,0.0,0.0,0.0,0.0,0.0,0.0,0.0,0.0,0.0,0.0,0.0,0.0,0.0,0.0,0.0,0.0,0.0,0.0,0.0,0.0,0.0,0.0,0.0,0.0,0.0,0.0,0.0,0.0,,0.0,,0.0,0.0,0.0,0.0,0.0,0.0,0.0,0.0,0.0,3820.0,-7.84,3982.5,LOW,0,25,,,71,92,564.0,0,MYSORE COMMR.,,,,,,,,,,,,,,,,,,,,,,,,,,,
KARNATAKA,MYSORE COMMR.,2003,26,22.0,0,8,0,8.0,9,7.0,2.0,3,1.0,49,132.0,324,127,197.0,47,17,43,3.0,0,361.0,5,14,0.0,44,0.0,0,711,1819.0,,0.0,0.0,0.0,0.0,0.0,0.0,0.0,0.0,0.0,0.0,0.0,0.0,0.0,0.0,0.0,0.0,0.0,0.0,0.0,0.0,0.0,0.0,0.0,0.0,0.0,0.0,0.0,0.0,0.0,0.0,0.0,0.0,0.0,0.0,0.0,0.0,0.0,0.0,0.0,0.0,0.0,0.0,0.0,0.0,0.0,0.0,0.0,0.0,0.0,0.0,0.0,0.0,0.0,0.0,0.0,0.0,0.0,0.0,,0.0,,0.0,0.0,0.0,0.0,0.0,0.0,0.0,0.0,0.0,3979.0,4.16,3981.3,LOW,0,25,,,95,71,643.0,0,MYSORE COMMR.,,,,,,,,,,,,,,,,,,,,,,,,,,,
KARNATAKA,MYSORE COMMR.,2004,29,24.0,1,4,0,4.0,7,5.0,2.0,1,0.0,63,136.0,485,228,257.0,31,8,43,3.0,0,319.0,4,6,0.0,49,0.0,0,946,2159.0,,0.0,0.0,0.0,0.0,0.0,0.0,0.0,0.0,0.0,0.0,0.0,0.0,0.0,0.0,0.0,0.0,0.0,0.0,0.0,0.0,0.0,0.0,0.0,0.0,0.0,0.0,0.0,0.0,0.0,0.0,0.0,0.0,0.0,0.0,0.0,0.0,0.0,0.0,0.0,0.0,0.0,0.0,0.0,0.0,0.0,0.0,0.0,0.0,0.0,0.0,0.0,0.0,0.0,0.0,0.0,0.0,0.0,0.0,,0.0,,0.0,0.0,0.0,0.0,0.0,0.0,0.0,0.0,0.0,4814.0,20.99,4204.3,LOW,0,25,,,104,63,900.0,0,MYSORE COMMR.,,,,,,,,,,,,,,,,,,,,,,,,,,,
KARNATAKA,MYSORE COMMR.,2005,27,50.0,4,8,0,8.0,16,14.0,2.0,2,0.0,87,173.0,573,276,297.0,43,7,67,0.0,0,359.0,6,17,0.0,82,0.0,0,1079,2600.0,,0.0,0.0,0.0,0.0,0.0,0.0,0.0,0.0,0.0,0.0,0.0,0.0,0.0,0.0,0.0,0.0,0.0,0.0,0.0,0.0,0.0,0.0,0.0,0.0,0.0,0.0,0.0,0.0,0.0,0.0,0.0,0.0,0.0,0.0,0.0,0.0,0.0,0.0,0.0,0.0,0.0,0.0,0.0,0.0,0.0,0.0,0.0,0.0,0.0,0.0,0.0,0.0,0.0,0.0,0.0,0.0,0.0,0.0,,0.0,,0.0,0.0,0.0,0.0,0.0,0.0,0.0,0.0,0.0,5797.0,20.42,4863.3,LOW,0,25,,,140,113,1096.0,0,MYSORE COMMR.,,,,,,,,,,,,,,,,,,,,,,,,,,,
KARNATAKA,MYSORE COMMR.,2006,33,45.0,0,15,0,15.0,8,5.0,3.0,4,0.0,107,139.0,530,314,216.0,71,4,63,5.0,0,333.0,10,14,0.0,94,0.0,0,1221,2696.0,,0.0,0.0,0.0,0.0,0.0,0.0,0.0,0.0,0.0,0.0,0.0,0.0,0.0,0.0,0.0,0.0,0.0,0.0,0.0,0.0,0.0,0.0,0.0,0.0,0.0,0.0,0.0,0.0,0.0,0.0,0.0,0.0,0.0,0.0,0.0,0.0,0.0,0.0,0.0,0.0,0.0,0.0,0.0,0.0,0.0,0.0,0.0,0.0,0.0,0.0,0.0,0.0,0.0,0.0,0.0,0.0,0.0,0.0,,0.0,,0.0,0.0,0.0,0.0,0.0,0.0,0.0,0.0,0.0,5945.0,2.55,5518.7,LOW,0,25,,,167,133,1050.0,0,MYSORE COMMR.,,,,,,,,,,,,,,,,,,,,,,,,,,,
KARNATAKA,MYSORE COMMR.,2007,26,38.0,0,13,0,13.0,19,13.0,6.0,4,3.0,103,173.0,573,329,244.0,84,5,78,5.0,0,258.0,4,25,0.0,123,0.0,0,1403,2937.0,,0.0,0.0,0.0,0.0,0.0,0.0,0.0,0.0,0.0,0.0,0.0,0.0,0.0,0.0,0.0,0.0,0.0,0.0,0.0,0.0,0.0,0.0,0.0,0.0,0.0,0.0,0.0,0.0,0.0,0.0,0.0,0.0,0.0,0.0,0.0,0.0,0.0,0.0,0.0,0.0,0.0,0.0,0.0,0.0,0.0,0.0,0.0,0.0,0.0,0.0,0.0,0.0,0.0,0.0,0.0,0.0,0.0,0.0,,0.0,,0.0,0.0,0.0,0.0,0.0,0.0,0.0,0.0,0.0,6479.0,8.98,6073.7,LOW,0,25,,,165,165,1158.0,0,MYSORE COMMR.,,,,,,,,,,,,,,,,,,,,,,,,,,,
KARNATAKA,MYSORE COMMR.,2008,26,30.0,2,23,0,23.0,30,22.0,8.0,1,6.0,92,194.0,630,416,214.0,88,10,92,1.0,0,297.0,4,28,0.0,151,0.0,0,1381,3086.0,,0.0,0.0,0.0,0.0,0.0,0.0,0.0,0.0,0.0,0.0,0.0,0.0,0.0,0.0,0.0,0.0,0.0,0.0,0.0,0.0,0.0,0.0,0.0,0.0,0.0,0.0,0.0,0.0,0.0,0.0,0.0,0.0,0.0,0.0,0.0,0.0,0.0,0.0,0.0,0.0,0.0,0.0,0.0,0.0,0.0,0.0,0.0,0.0,0.0,0.0,0.0,0.0,0.0,0.0,0.0,0.0,0.0,0.0,,0.0,,0.0,0.0,0.0,0.0,0.0,0.0,0.0,0.0,0.0,6855.0,5.8,6426.3,LOW,0,25,,,172,206,1342.0,0,MYSORE COMMR.,,,,,,,,,,,,,,,,,,,,,,,,,,,
KARNATAKA,MYSORE COMMR.,2009,34,42.0,1,14,0,14.0,21,19.0,2.0,12,6.0,124,151.0,719,485,234.0,150,13,128,2.0,0,270.0,6,22,0.0,188,0.0,0,1280,3183.0,,0.0,0.0,0.0,0.0,0.0,0.0,0.0,0.0,0.0,0.0,0.0,0.0,0.0,0.0,0.0,0.0,0.0,0.0,0.0,0.0,0.0,0.0,0.0,0.0,0.0,0.0,0.0,0.0,0.0,0.0,0.0,0.0,0.0,0.0,0.0,0.0,0.0,0.0,0.0,0.0,0.0,0.0,0.0,0.0,0.0,0.0,0.0,0.0,0.0,0.0,0.0,0.0,0.0,0.0,0.0,0.0,0.0,0.0,,0.0,,0.0,0.0,0.0,0.0,0.0,0.0,0.0,0.0,0.0,7120.0,3.87,6818.0,LOW,0,25,,,205,230,1496.0,0,MYSORE COMMR.,,,,,,,,,,,,,,,,,,,,,,,,,,,
KARNATAKA,MYSORE COMMR.,2010,30,51.0,0,7,0,7.0,24,18.0,6.0,6,6.0,199,203.0,855,564,291.0,95,10,276,9.0,0,238.0,4,22,0.0,59,0.0,0,1313,3407.0,,0.0,0.0,0.0,0.0,0.0,0.0,0.0,0.0,0.0,0.0,0.0,0.0,0.0,0.0,0.0,0.0,0.0,0.0,0.0,0.0,0.0,0.0,0.0,0.0,0.0,0.0,0.0,0.0,0.0,0.0,0.0,0.0,0.0,0.0,0.0,0.0,0.0,0.0,0.0,0.0,0.0,0.0,0.0,0.0,0.0,0.0,0.0,0.0,0.0,0.0,0.0,0.0,0.0,0.0,0.0,0.0,0.0,0.0,,0.0,,0.0,0.0,0.0,0.0,0.0,0.0,0.0,0.0,0.0,7700.0,8.15,7225.0,LOW,0,25,,,266,92,1908.0,0,MYSORE COMMR.,,,,,,,,,,,,,,,,,,,,,,,,,,,
KARNATAKA,MYSORE COMMR.,2011,27,38.0,1,11,0,11.0,25,17.0,8.0,7,4.0,198,183.0,772,476,296.0,76,4,166,2.0,0,240.0,5,23,0.0,32,9.0,0,1258,3081.0,,0.0,0.0,0.0,0.0,0.0,0.0,0.0,0.0,0.0,0.0,0.0,0.0,0.0,0.0,0.0,0.0,0.0,0.0,0.0,0.0,0.0,0.0,0.0,0.0,0.0,0.0,0.0,0.0,0.0,0.0,0.0,0.0,0.0,0.0,0.0,0.0,0.0,0.0,0.0,0.0,0.0,0.0,0.0,0.0,0.0,0.0,0.0,0.0,0.0,0.0,0.0,0.0,0.0,0.0,0.0,0.0,0.0,0.0,,0.0,,0.0,0.0,0.0,0.0,0.0,0.0,0.0,0.0,0.0,6970.0,-9.48,7263.3,LOW,0,25,,,268,71,1601.0,0,MYSORE COMMR.,,,,,,,,,,,,,,,,,,,,,,,,,,,
KARNATAKA,MYSORE COMMR.,2012,31,35.0,0,12,0,12.0,13,10.0,3.0,3,6.0,205,146.0,661,397,264.0,88,5,101,0.0,0,232.0,6,22,0.0,32,12.0,0,1216,2826.0,,0.0,0.0,0.0,0.0,0.0,0.0,0.0,0.0,0.0,0.0,0.0,0.0,0.0,0.0,0.0,0.0,0.0,0.0,0.0,0.0,0.0,0.0,0.0,0.0,0.0,0.0,0.0,0.0,0.0,0.0,0.0,0.0,0.0,0.0,0.0,0.0,0.0,0.0,0.0,0.0,0.0,0.0,0.0,0.0,0.0,0.0,0.0,0.0,0.0,0.0,0.0,0.0,0.0,0.0,0.0,0.0,0.0,0.0,,0.0,,0.0,0.0,0.0,0.0,0.0,0.0,0.0,0.0,0.0,6338.0,-9.07,7002.7,LOW,0,25,,,264,72,1310.0,0,MYSORE COMMR.,,,,,,,,,,,,,,,,,,,,,,,,,,,
Karnataka,MYSORE COMMR.,2013,30,28.0,2,19,0,19.0,22,16.0,6.0,11,2.0,151,125.0,580,424,156.0,71,17,236,8.0,0,341.0,12,11,1.0,43,0.0,0,1206,2916.0,,0.0,0.0,0.0,0.0,0.0,0.0,0.0,0.0,0.0,0.0,0.0,0.0,0.0,0.0,0.0,0.0,0.0,0.0,0.0,0.0,0.0,0.0,0.0,0.0,0.0,0.0,0.0,0.0,0.0,0.0,0.0,0.0,0.0,0.0,0.0,0.0,0.0,0.0,0.0,0.0,0.0,0.0,0.0,0.0,0.0,0.0,0.0,0.0,0.0,0.0,0.0,0.0,0.0,0.0,0.0,0.0,0.0,0.0,,0.0,,0.0,0.0,0.0,0.0,0.0,0.0,0.0,0.0,0.0,6453.0,1.81,6587.0,LOW,0,25,,,233,85,1382.0,0,MYSORE COMMR.,,,,,,,,,,,,,,,,,,,,,,,,,,,
KARNATAKA,MYSORE RURAL,2001,53,58.0,1,12,0,12.0,14,4.0,10.0,0,0.0,0,167.0,200,16,184.0,212,5,15,2.0,0,1081.0,6,79,2.0,51,0.0,0,942,2900.0,,0.0,0.0,0.0,0.0,0.0,0.0,0.0,0.0,0.0,0.0,0.0,0.0,0.0,0.0,0.0,0.0,0.0,0.0,0.0,0.0,0.0,0.0,0.0,0.0,0.0,0.0,0.0,0.0,0.0,0.0,0.0,0.0,0.0,0.0,0.0,0.0,0.0,0.0,0.0,0.0,0.0,0.0,0.0,0.0,0.0,0.0,0.0,0.0,0.0,0.0,0.0,0.0,0.0,0.0,0.0,0.0,0.0,0.0,,0.0,,0.0,0.0,0.0,0.0,0.0,0.0,0.0,0.0,0.0,6026.0,0.0,6026.0,LOW,0,26,,,79,148,403.0,0,MYSORE RURAL,,,,,,,,,,,,,,,,,,,,,,,,,,,
KARNATAKA,MYSORE RURAL,2002,62,45.0,1,5,0,5.0,16,7.0,9.0,3,0.0,5,149.0,217,27,190.0,231,9,12,0.0,0,936.0,5,63,0.0,73,0.0,0,966,2798.0,,0.0,0.0,0.0,0.0,0.0,0.0,0.0,0.0,0.0,0.0,0.0,0.0,0.0,0.0,0.0,0.0,0.0,0.0,0.0,0.0,0.0,0.0,0.0,0.0,0.0,0.0,0.0,0.0,0.0,0.0,0.0,0.0,0.0,0.0,0.0,0.0,0.0,0.0,0.0,0.0,0.0,0.0,0.0,0.0,0.0,0.0,0.0,0.0,0.0,0.0,0.0,0.0,0.0,0.0,0.0,0.0,0.0,0.0,,0.0,,0.0,0.0,0.0,0.0,0.0,0.0,0.0,0.0,0.0,5834.0,-3.19,5930.0,LOW,0,26,,,91,146,414.0,0,MYSORE RURAL,,,,,,,,,,,,,,,,,,,,,,,,,,,
KARNATAKA,MYSORE RURAL,2003,40,23.0,0,4,0,4.0,5,3.0,2.0,2,0.0,16,176.0,191,19,172.0,158,2,9,0.0,0,812.0,7,59,0.0,45,0.0,0,825,2374.0,,0.0,0.0,0.0,0.0,0.0,0.0,0.0,0.0,0.0,0.0,0.0,0.0,0.0,0.0,0.0,0.0,0.0,0.0,0.0,0.0,0.0,0.0,0.0,0.0,0.0,0.0,0.0,0.0,0.0,0.0,0.0,0.0,0.0,0.0,0.0,0.0,0.0,0.0,0.0,0.0,0.0,0.0,0.0,0.0,0.0,0.0,0.0,0.0,0.0,0.0,0.0,0.0,0.0,0.0,0.0,0.0,0.0,0.0,,0.0,,0.0,0.0,0.0,0.0,0.0,0.0,0.0,0.0,0.0,4948.0,-15.19,5602.7,LOW,0,26,,,67,115,397.0,0,MYSORE RURAL,,,,,,,,,,,,,,,,,,,,,,,,,,,
KARNATAKA,MYSORE RURAL,2004,44,19.0,2,11,0,11.0,11,4.0,7.0,3,0.0,12,156.0,233,32,201.0,191,6,20,0.0,0,843.0,14,79,0.0,53,0.0,0,903,2600.0,,0.0,0.0,0.0,0.0,0.0,0.0,0.0,0.0,0.0,0.0,0.0,0.0,0.0,0.0,0.0,0.0,0.0,0.0,0.0,0.0,0.0,0.0,0.0,0.0,0.0,0.0,0.0,0.0,0.0,0.0,0.0,0.0,0.0,0.0,0.0,0.0,0.0,0.0,0.0,0.0,0.0,0.0,0.0,0.0,0.0,0.0,0.0,0.0,0.0,0.0,0.0,0.0,0.0,0.0,0.0,0.0,0.0,0.0,,0.0,,0.0,0.0,0.0,0.0,0.0,0.0,0.0,0.0,0.0,5455.0,10.25,5412.3,LOW,0,26,,,81,157,447.0,0,MYSORE RURAL,,,,,,,,,,,,,,,,,,,,,,,,,,,
KARNATAKA,MYSORE RURAL,2005,43,34.0,4,14,0,14.0,8,7.0,1.0,5,0.0,13,154.0,249,33,216.0,178,6,20,1.0,0,760.0,13,66,0.0,57,0.0,0,1024,2649.0,,0.0,0.0,0.0,0.0,0.0,0.0,0.0,0.0,0.0,0.0,0.0,0.0,0.0,0.0,0.0,0.0,0.0,0.0,0.0,0.0,0.0,0.0,0.0,0.0,0.0,0.0,0.0,0.0,0.0,0.0,0.0,0.0,0.0,0.0,0.0,0.0,0.0,0.0,0.0,0.0,0.0,0.0,0.0,0.0,0.0,0.0,0.0,0.0,0.0,0.0,0.0,0.0,0.0,0.0,0.0,0.0,0.0,0.0,,0.0,,0.0,0.0,0.0,0.0,0.0,0.0,0.0,0.0,0.0,5569.0,2.09,5324.0,LOW,0,26,,,83,150,462.0,0,MYSORE RURAL,,,,,,,,,,,,,,,,,,,,,,,,,,,
KARNATAKA,MYSORE RURAL,2006,60,43.0,4,10,0,10.0,8,2.0,6.0,5,0.0,5,119.0,197,31,166.0,155,11,20,1.0,0,741.0,13,43,0.0,66,0.0,0,1367,2868.0,,0.0,0.0,0.0,0.0,0.0,0.0,0.0,0.0,0.0,0.0,0.0,0.0,0.0,0.0,0.0,0.0,0.0,0.0,0.0,0.0,0.0,0.0,0.0,0.0,0.0,0.0,0.0,0.0,0.0,0.0,0.0,0.0,0.0,0.0,0.0,0.0,0.0,0.0,0.0,0.0,0.0,0.0,0.0,0.0,0.0,0.0,0.0,0.0,0.0,0.0,0.0,0.0,0.0,0.0,0.0,0.0,0.0,0.0,,0.0,,0.0,0.0,0.0,0.0,0.0,0.0,0.0,0.0,0.0,5951.0,6.86,5658.3,LOW,0,26,,,88,132,378.0,0,MYSORE RURAL,,,,,,,,,,,,,,,,,,,,,,,,,,,
KARNATAKA,MYSORE RURAL,2007,60,45.0,0,20,0,20.0,11,4.0,7.0,7,0.0,10,90.0,190,42,148.0,182,6,24,4.0,0,855.0,11,77,0.0,108,0.0,0,1495,3195.0,,0.0,0.0,0.0,0.0,0.0,0.0,0.0,0.0,0.0,0.0,0.0,0.0,0.0,0.0,0.0,0.0,0.0,0.0,0.0,0.0,0.0,0.0,0.0,0.0,0.0,0.0,0.0,0.0,0.0,0.0,0.0,0.0,0.0,0.0,0.0,0.0,0.0,0.0,0.0,0.0,0.0,0.0,0.0,0.0,0.0,0.0,0.0,0.0,0.0,0.0,0.0,0.0,0.0,0.0,0.0,0.0,0.0,0.0,,0.0,,0.0,0.0,0.0,0.0,0.0,0.0,0.0,0.0,0.0,6611.0,11.09,6043.7,LOW,0,26,,,108,216,352.0,0,MYSORE RURAL,,,,,,,,,,,,,,,,,,,,,,,,,,,
KARNATAKA,MYSORE RURAL,2008,54,51.0,1,13,0,13.0,14,7.0,7.0,8,0.0,14,220.0,228,49,179.0,177,7,28,2.0,0,753.0,15,68,0.0,97,0.0,0,1423,3173.0,,0.0,0.0,0.0,0.0,0.0,0.0,0.0,0.0,0.0,0.0,0.0,0.0,0.0,0.0,0.0,0.0,0.0,0.0,0.0,0.0,0.0,0.0,0.0,0.0,0.0,0.0,0.0,0.0,0.0,0.0,0.0,0.0,0.0,0.0,0.0,0.0,0.0,0.0,0.0,0.0,0.0,0.0,0.0,0.0,0.0,0.0,0.0,0.0,0.0,0.0,0.0,0.0,0.0,0.0,0.0,0.0,0.0,0.0,,0.0,,0.0,0.0,0.0,0.0,0.0,0.0,0.0,0.0,0.0,6601.0,-0.15,6387.7,LOW,0,26,,,103,193,532.0,0,MYSORE RURAL,,,,,,,,,,,,,,,,,,,,,,,,,,,
KARNATAKA,MYSORE RURAL,2009,54,33.0,0,21,0,21.0,14,9.0,5.0,6,0.0,28,219.0,284,70,214.0,184,5,31,1.0,0,860.0,18,89,0.0,114,0.0,0,1525,3486.0,,0.0,0.0,0.0,0.0,0.0,0.0,0.0,0.0,0.0,0.0,0.0,0.0,0.0,0.0,0.0,0.0,0.0,0.0,0.0,0.0,0.0,0.0,0.0,0.0,0.0,0.0,0.0,0.0,0.0,0.0,0.0,0.0,0.0,0.0,0.0,0.0,0.0,0.0,0.0,0.0,0.0,0.0,0.0,0.0,0.0,0.0,0.0,0.0,0.0,0.0,0.0,0.0,0.0,0.0,0.0,0.0,0.0,0.0,,0.0,,0.0,0.0,0.0,0.0,0.0,0.0,0.0,0.0,0.0,7291.0,10.45,6834.3,LOW,0,26,,,123,242,609.0,0,MYSORE RURAL,,,,,,,,,,,,,,,,,,,,,,,,,,,
KARNATAKA,MYSORE RURAL,2010,80,72.0,0,43,0,43.0,37,25.0,12.0,8,1.0,34,294.0,338,117,221.0,303,12,47,1.0,0,1029.0,13,93,0.0,161,0.0,0,1898,4464.0,,0.0,0.0,0.0,0.0,0.0,0.0,0.0,0.0,0.0,0.0,0.0,0.0,0.0,0.0,0.0,0.0,0.0,0.0,0.0,0.0,0.0,0.0,0.0,0.0,0.0,0.0,0.0,0.0,0.0,0.0,0.0,0.0,0.0,0.0,0.0,0.0,0.0,0.0,0.0,0.0,0.0,0.0,0.0,0.0,0.0,0.0,0.0,0.0,0.0,0.0,0.0,0.0,0.0,0.0,0.0,0.0,0.0,0.0,,0.0,,0.0,0.0,0.0,0.0,0.0,0.0,0.0,0.0,0.0,9346.0,28.19,7746.0,LOW,0,26,,,202,310,808.0,0,MYSORE RURAL,,,,,,,,,,,,,,,,,,,,,,,,,,,
KARNATAKA,MYSORE RURAL,2011,68,49.0,0,19,0,19.0,47,39.0,8.0,10,1.0,38,219.0,349,105,244.0,329,2,77,0.0,0,1030.0,7,174,0.0,158,0.0,0,1806,4383.0,,0.0,0.0,0.0,0.0,0.0,0.0,0.0,0.0,0.0,0.0,0.0,0.0,0.0,0.0,0.0,0.0,0.0,0.0,0.0,0.0,0.0,0.0,0.0,0.0,0.0,0.0,0.0,0.0,0.0,0.0,0.0,0.0,0.0,0.0,0.0,0.0,0.0,0.0,0.0,0.0,0.0,0.0,0.0,0.0,0.0,0.0,0.0,0.0,0.0,0.0,0.0,0.0,0.0,0.0,0.0,0.0,0.0,0.0,,0.0,,0.0,0.0,0.0,0.0,0.0,0.0,0.0,0.0,0.0,9181.0,-1.77,8606.0,LOW,0,26,,,182,358,752.0,0,MYSORE RURAL,,,,,,,,,,,,,,,,,,,,,,,,,,,
KARNATAKA,MYSORE RURAL,2012,78,37.0,1,28,0,28.0,67,47.0,20.0,4,2.0,30,211.0,331,116,215.0,305,3,63,0.0,0,960.0,1,163,0.0,158,0.0,0,1897,4339.0,,0.0,0.0,0.0,0.0,0.0,0.0,0.0,0.0,0.0,0.0,0.0,0.0,0.0,0.0,0.0,0.0,0.0,0.0,0.0,0.0,0.0,0.0,0.0,0.0,0.0,0.0,0.0,0.0,0.0,0.0,0.0,0.0,0.0,0.0,0.0,0.0,0.0,0.0,0.0,0.0,0.0,0.0,0.0,0.0,0.0,0.0,0.0,0.0,0.0,0.0,0.0,0.0,0.0,0.0,0.0,0.0,0.0,0.0,,0.0,,0.0,0.0,0.0,0.0,0.0,0.0,0.0,0.0,0.0,9104.0,-0.84,9210.3,LOW,0,26,,,207,350,724.0,0,MYSORE RURAL,,,,,,,,,,,,,,,,,,,,,,,,,,,
Karnataka,MYSORE RURAL,2013,66,45.0,2,26,0,26.0,55,6.0,49.0,8,2.0,34,220.0,341,143,198.0,258,6,98,2.0,16,869.0,14,69,0.0,64,0.0,0,1921,4116.0,,0.0,0.0,0.0,0.0,0.0,0.0,0.0,0.0,0.0,0.0,0.0,0.0,0.0,0.0,0.0,0.0,0.0,0.0,0.0,0.0,0.0,0.0,0.0,0.0,0.0,0.0,0.0,0.0,0.0,0.0,0.0,0.0,0.0,0.0,0.0,0.0,0.0,0.0,0.0,0.0,0.0,0.0,0.0,0.0,0.0,0.0,0.0,0.0,0.0,0.0,0.0,0.0,0.0,0.0,0.0,0.0,0.0,0.0,,0.0,,0.0,0.0,0.0,0.0,0.0,0.0,0.0,0.0,0.0,8654.0,-4.94,8979.7,LOW,0,26,,,189,173,808.0,0,MYSORE RURAL,,,,,,,,,,,,,,,,,,,,,,,,,,,
KARNATAKA,RAICHUR,2001,33,38.0,9,12,0,12.0,11,5.0,6.0,4,3.0,13,137.0,150,46,104.0,261,8,94,1.0,15,602.0,1,63,4.0,52,0.0,16,857,2384.0,,0.0,0.0,0.0,0.0,0.0,0.0,0.0,0.0,0.0,0.0,0.0,0.0,0.0,0.0,0.0,0.0,0.0,0.0,0.0,0.0,0.0,0.0,0.0,0.0,0.0,0.0,0.0,0.0,0.0,0.0,0.0,0.0,0.0,0.0,0.0,0.0,0.0,0.0,0.0,0.0,0.0,0.0,0.0,0.0,0.0,0.0,0.0,0.0,0.0,0.0,0.0,0.0,0.0,0.0,0.0,0.0,0.0,0.0,,0.0,,0.0,0.0,0.0,0.0,0.0,0.0,0.0,0.0,0.0,4941.0,0.0,4941.0,LOW,0,27,16.212,77.3439,73,128,435.0,0,RAICHUR,RAICHUR,1928812.0,964511.0,964301.0,0.0,0.0,400933.0,367071.0,979769.0,903413.0,50.8,999.8,0.0,20.79,19.03,46.84,61.63,1.71,0.62,0.57,256.17,7.78,7.1,0.05,3.78,6.64,22.55
KARNATAKA,RAICHUR,2002,59,67.0,7,6,0,6.0,25,16.0,9.0,9,0.0,9,142.0,138,36,102.0,256,14,112,4.0,19,580.0,10,72,6.0,56,0.0,14,917,2522.0,,0.0,0.0,0.0,0.0,0.0,0.0,0.0,0.0,0.0,0.0,0.0,0.0,0.0,0.0,0.0,0.0,0.0,0.0,0.0,0.0,0.0,0.0,0.0,0.0,0.0,0.0,0.0,0.0,0.0,0.0,0.0,0.0,0.0,0.0,0.0,0.0,0.0,0.0,0.0,0.0,0.0,0.0,0.0,0.0,0.0,0.0,0.0,0.0,0.0,0.0,0.0,0.0,0.0,0.0,0.0,0.0,0.0,0.0,,0.0,,0.0,0.0,0.0,0.0,0.0,0.0,0.0,0.0,0.0,5213.0,5.5,5077.0,LOW,0,27,16.212,77.3439,108,144,442.0,0,RAICHUR,RAICHUR,1928812.0,964511.0,964301.0,0.0,0.0,400933.0,367071.0,979769.0,903413.0,50.8,999.8,0.0,20.79,19.03,46.84,61.63,3.06,0.31,1.3,270.27,7.15,7.36,0.52,5.6,7.47,22.92
KARNATAKA,RAICHUR,2003,37,26.0,8,12,0,12.0,16,16.0,0.0,5,0.0,8,126.0,124,19,105.0,217,12,72,1.0,9,505.0,7,61,5.0,79,0.0,9,995,2334.0,,0.0,0.0,0.0,0.0,0.0,0.0,0.0,0.0,0.0,0.0,0.0,0.0,0.0,0.0,0.0,0.0,0.0,0.0,0.0,0.0,0.0,0.0,0.0,0.0,0.0,0.0,0.0,0.0,0.0,0.0,0.0,0.0,0.0,0.0,0.0,0.0,0.0,0.0,0.0,0.0,0.0,0.0,0.0,0.0,0.0,0.0,0.0,0.0,0.0,0.0,0.0,0.0,0.0,0.0,0.0,0.0,0.0,0.0,,0.0,,0.0,0.0,0.0,0.0,0.0,0.0,0.0,0.0,0.0,4820.0,-7.54,4991.3,LOW,0,27,16.212,77.3439,78,159,353.0,0,RAICHUR,RAICHUR,1928812.0,964511.0,964301.0,0.0,0.0,400933.0,367071.0,979769.0,903413.0,50.8,999.8,0.0,20.79,19.03,46.84,61.63,1.92,0.62,0.83,249.89,6.43,6.53,0.36,4.04,8.24,18.3
KARNATAKA,RAICHUR,2004,43,34.0,11,6,0,6.0,11,7.0,4.0,3,1.0,13,91.0,110,39,71.0,194,11,51,0.0,6,523.0,5,57,1.0,67,0.0,16,1079,2333.0,,0.0,0.0,0.0,0.0,0.0,0.0,0.0,0.0,0.0,0.0,0.0,0.0,0.0,0.0,0.0,0.0,0.0,0.0,0.0,0.0,0.0,0.0,0.0,0.0,0.0,0.0,0.0,0.0,0.0,0.0,0.0,0.0,0.0,0.0,0.0,0.0,0.0,0.0,0.0,0.0,0.0,0.0,0.0,0.0,0.0,0.0,0.0,0.0,0.0,0.0,0.0,0.0,0.0,0.0,0.0,0.0,0.0,0.0,,0.0,,0.0,0.0,0.0,0.0,0.0,0.0,0.0,0.0,0.0,4793.0,-0.56,4942.0,LOW,0,27,16.212,77.3439,76,135,302.0,0,RAICHUR,RAICHUR,1928812.0,964511.0,964301.0,0.0,0.0,400933.0,367071.0,979769.0,903413.0,50.8,999.8,0.0,20.79,19.03,46.84,61.63,2.23,0.31,0.57,248.49,5.7,4.72,0.26,3.94,7.0,15.66
KARNATAKA,RAICHUR,2005,41,43.0,6,8,0,8.0,10,6.0,4.0,5,1.0,9,89.0,114,35,79.0,217,3,52,1.0,3,569.0,2,66,6.0,59,0.0,8,1297,2609.0,,0.0,0.0,0.0,0.0,0.0,0.0,0.0,0.0,0.0,0.0,0.0,0.0,0.0,0.0,0.0,0.0,0.0,0.0,0.0,0.0,0.0,0.0,0.0,0.0,0.0,0.0,0.0,0.0,0.0,0.0,0.0,0.0,0.0,0.0,0.0,0.0,0.0,0.0,0.0,0.0,0.0,0.0,0.0,0.0,0.0,0.0,0.0,0.0,0.0,0.0,0.0,0.0,0.0,0.0,0.0,0.0,0.0,0.0,,0.0,,0.0,0.0,0.0,0.0,0.0,0.0,0.0,0.0,0.0,5350.0,11.62,4987.7,LOW,0,27,16.212,77.3439,73,135,293.0,0,RAICHUR,RAICHUR,1928812.0,964511.0,964301.0,0.0,0.0,400933.0,367071.0,979769.0,903413.0,50.8,999.8,0.0,20.79,19.03,46.84,61.63,2.13,0.41,0.52,277.37,5.91,4.61,0.1,3.78,7.0,15.19
KARNATAKA,RAICHUR,2006,32,46.0,5,13,0,13.0,18,12.0,6.0,2,0.0,13,136.0,123,32,91.0,204,13,85,1.0,8,556.0,6,76,5.0,85,0.0,13,1349,2789.0,,0.0,0.0,0.0,0.0,0.0,0.0,0.0,0.0,0.0,0.0,0.0,0.0,0.0,0.0,0.0,0.0,0.0,0.0,0.0,0.0,0.0,0.0,0.0,0.0,0.0,0.0,0.0,0.0,0.0,0.0,0.0,0.0,0.0,0.0,0.0,0.0,0.0,0.0,0.0,0.0,0.0,0.0,0.0,0.0,0.0,0.0,0.0,0.0,0.0,0.0,0.0,0.0,0.0,0.0,0.0,0.0,0.0,0.0,,0.0,,0.0,0.0,0.0,0.0,0.0,0.0,0.0,0.0,0.0,5732.0,7.14,5291.7,LOW,0,27,16.212,77.3439,78,180,389.0,0,RAICHUR,RAICHUR,1928812.0,964511.0,964301.0,0.0,0.0,400933.0,367071.0,979769.0,903413.0,50.8,999.8,0.0,20.79,19.03,46.84,61.63,1.66,0.67,0.93,297.18,6.38,7.05,0.31,4.04,9.33,20.17
KARNATAKA,RAICHUR,2007,44,31.0,2,19,0,19.0,23,20.0,3.0,5,0.0,8,110.0,142,34,108.0,214,7,74,6.0,16,569.0,3,61,2.0,97,0.0,10,1430,2873.0,,0.0,0.0,0.0,0.0,0.0,0.0,0.0,0.0,0.0,0.0,0.0,0.0,0.0,0.0,0.0,0.0,0.0,0.0,0.0,0.0,0.0,0.0,0.0,0.0,0.0,0.0,0.0,0.0,0.0,0.0,0.0,0.0,0.0,0.0,0.0,0.0,0.0,0.0,0.0,0.0,0.0,0.0,0.0,0.0,0.0,0.0,0.0,0.0,0.0,0.0,0.0,0.0,0.0,0.0,0.0,0.0,0.0,0.0,,0.0,,0.0,0.0,0.0,0.0,0.0,0.0,0.0,0.0,0.0,5930.0,3.45,5670.7,LOW,0,27,16.212,77.3439,99,180,367.0,0,RAICHUR,RAICHUR,1928812.0,964511.0,964301.0,0.0,0.0,400933.0,367071.0,979769.0,903413.0,50.8,999.8,0.0,20.79,19.03,46.84,61.63,2.28,0.99,1.19,307.44,7.36,5.7,0.16,5.13,9.33,19.03
KARNATAKA,RAICHUR,2008,53,34.0,2,19,0,19.0,21,21.0,0.0,3,2.0,20,72.0,137,54,83.0,207,9,65,3.0,8,553.0,7,86,0.0,106,0.0,10,1577,2994.0,,0.0,0.0,0.0,0.0,0.0,0.0,0.0,0.0,0.0,0.0,0.0,0.0,0.0,0.0,0.0,0.0,0.0,0.0,0.0,0.0,0.0,0.0,0.0,0.0,0.0,0.0,0.0,0.0,0.0,0.0,0.0,0.0,0.0,0.0,0.0,0.0,0.0,0.0,0.0,0.0,0.0,0.0,0.0,0.0,0.0,0.0,0.0,0.0,0.0,0.0,0.0,0.0,0.0,0.0,0.0,0.0,0.0,0.0,,0.0,,0.0,0.0,0.0,0.0,0.0,0.0,0.0,0.0,0.0,6165.0,3.96,5942.3,LOW,0,27,16.212,77.3439,116,218,337.0,0,RAICHUR,RAICHUR,1928812.0,964511.0,964301.0,0.0,0.0,400933.0,367071.0,979769.0,903413.0,50.8,999.8,0.0,20.79,19.03,46.84,61.63,2.75,0.99,1.09,319.63,7.1,3.73,0.36,6.01,11.3,17.47
KARNATAKA,RAICHUR,2009,49,27.0,5,21,0,21.0,18,18.0,0.0,3,1.0,6,88.0,106,58,48.0,227,11,72,5.0,4,502.0,9,85,4.0,141,0.0,17,1506,2907.0,,0.0,0.0,0.0,0.0,0.0,0.0,0.0,0.0,0.0,0.0,0.0,0.0,0.0,0.0,0.0,0.0,0.0,0.0,0.0,0.0,0.0,0.0,0.0,0.0,0.0,0.0,0.0,0.0,0.0,0.0,0.0,0.0,0.0,0.0,0.0,0.0,0.0,0.0,0.0,0.0,0.0,0.0,0.0,0.0,0.0,0.0,0.0,0.0,0.0,0.0,0.0,0.0,0.0,0.0,0.0,0.0,0.0,0.0,,0.0,,0.0,0.0,0.0,0.0,0.0,0.0,0.0,0.0,0.0,5959.0,-3.34,6018.0,LOW,0,27,16.212,77.3439,97,256,335.0,0,RAICHUR,RAICHUR,1928812.0,964511.0,964301.0,0.0,0.0,400933.0,367071.0,979769.0,903413.0,50.8,999.8,0.0,20.79,19.03,46.84,61.63,2.54,1.09,0.93,308.95,5.5,4.56,0.47,5.03,13.27,17.37
KARNATAKA,RAICHUR,2010,49,47.0,3,31,0,31.0,38,32.0,6.0,1,0.0,12,80.0,149,65,84.0,291,10,107,0.0,3,597.0,3,105,0.0,195,0.0,16,1612,3349.0,,0.0,0.0,0.0,0.0,0.0,0.0,0.0,0.0,0.0,0.0,0.0,0.0,0.0,0.0,0.0,0.0,0.0,0.0,0.0,0.0,0.0,0.0,0.0,0.0,0.0,0.0,0.0,0.0,0.0,0.0,0.0,0.0,0.0,0.0,0.0,0.0,0.0,0.0,0.0,0.0,0.0,0.0,0.0,0.0,0.0,0.0,0.0,0.0,0.0,0.0,0.0,0.0,0.0,0.0,0.0,0.0,0.0,0.0,,0.0,,0.0,0.0,0.0,0.0,0.0,0.0,0.0,0.0,0.0,6916.0,16.06,6346.7,LOW,0,27,16.212,77.3439,131,334,411.0,0,RAICHUR,RAICHUR,1928812.0,964511.0,964301.0,0.0,0.0,400933.0,367071.0,979769.0,903413.0,50.8,999.8,0.0,20.79,19.03,46.84,61.63,2.54,1.61,1.97,358.56,7.72,4.15,0.16,6.79,17.32,21.31
KARNATAKA,RAICHUR,2011,53,32.0,1,29,0,29.0,37,14.0,23.0,2,0.0,21,91.0,148,84,64.0,320,10,116,3.0,0,567.0,10,149,0.0,174,0.0,0,1728,3491.0,,0.0,0.0,0.0,0.0,0.0,0.0,0.0,0.0,0.0,0.0,0.0,0.0,0.0,0.0,0.0,0.0,0.0,0.0,0.0,0.0,0.0,0.0,0.0,0.0,0.0,0.0,0.0,0.0,0.0,0.0,0.0,0.0,0.0,0.0,0.0,0.0,0.0,0.0,0.0,0.0,0.0,0.0,0.0,0.0,0.0,0.0,0.0,0.0,0.0,0.0,0.0,0.0,0.0,0.0,0.0,0.0,0.0,0.0,,0.0,,0.0,0.0,0.0,0.0,0.0,0.0,0.0,0.0,0.0,7196.0,4.05,6690.3,LOW,0,27,16.212,77.3439,142,362,449.0,0,RAICHUR,RAICHUR,1928812.0,964511.0,964301.0,0.0,0.0,400933.0,367071.0,979769.0,903413.0,50.8,999.8,0.0,20.79,19.03,46.84,61.63,2.75,1.5,1.92,373.08,7.67,4.72,0.52,7.36,18.77,23.28
KARNATAKA,RAICHUR,2012,42,31.0,1,19,0,19.0,34,25.0,9.0,2,0.0,10,72.0,134,71,63.0,243,10,148,0.0,0,469.0,1,141,0.0,190,0.0,0,1492,3039.0,,0.0,0.0,0.0,0.0,0.0,0.0,0.0,0.0,0.0,0.0,0.0,0.0,0.0,0.0,0.0,0.0,0.0,0.0,0.0,0.0,0.0,0.0,0.0,0.0,0.0,0.0,0.0,0.0,0.0,0.0,0.0,0.0,0.0,0.0,0.0,0.0,0.0,0.0,0.0,0.0,0.0,0.0,0.0,0.0,0.0,0.0,0.0,0.0,0.0,0.0,0.0,0.0,0.0,0.0,0.0,0.0,0.0,0.0,,0.0,,0.0,0.0,0.0,0.0,0.0,0.0,0.0,0.0,0.0,6265.0,-12.94,6792.3,LOW,0,27,16.212,77.3439,107,351,435.0,0,RAICHUR,RAICHUR,1928812.0,964511.0,964301.0,0.0,0.0,400933.0,367071.0,979769.0,903413.0,50.8,999.8,0.0,20.79,19.03,46.84,61.63,2.18,0.99,1.76,324.81,6.95,3.73,0.05,5.55,18.2,22.55
Karnataka,RAICHUR,2013,47,46.0,0,43,0,43.0,24,12.0,12.0,8,0.0,13,67.0,156,78,78.0,294,8,108,2.0,4,639.0,3,156,0.0,162,0.0,8,1274,3062.0,,0.0,0.0,0.0,0.0,0.0,0.0,0.0,0.0,0.0,0.0,0.0,0.0,0.0,0.0,0.0,0.0,0.0,0.0,0.0,0.0,0.0,0.0,0.0,0.0,0.0,0.0,0.0,0.0,0.0,0.0,0.0,0.0,0.0,0.0,0.0,0.0,0.0,0.0,0.0,0.0,0.0,0.0,0.0,0.0,0.0,0.0,0.0,0.0,0.0,0.0,0.0,0.0,0.0,0.0,0.0,0.0,0.0,0.0,,0.0,,0.0,0.0,0.0,0.0,0.0,0.0,0.0,0.0,0.0,6347.0,1.31,6602.7,LOW,0,27,16.212,77.3439,135,364,417.0,0,RAICHUR,RAICHUR,1928812.0,964511.0,964301.0,0.0,0.0,400933.0,367071.0,979769.0,903413.0,50.8,999.8,0.0,20.79,19.03,46.84,61.63,2.44,2.23,1.24,329.06,8.09,3.47,0.16,7.0,18.87,21.62
KARNATAKA,RAILWAYS,2001,12,0.0,0,1,0,1.0,1,0.0,1.0,3,0.0,11,9.0,331,7,324.0,16,1,2,4.0,0,17.0,1,0,0.0,0,0.0,0,174,583.0,,0.0,0.0,0.0,0.0,0.0,0.0,0.0,0.0,0.0,0.0,0.0,0.0,0.0,0.0,0.0,0.0,0.0,0.0,0.0,0.0,0.0,0.0,0.0,0.0,0.0,0.0,0.0,0.0,0.0,0.0,0.0,0.0,0.0,0.0,0.0,0.0,0.0,0.0,0.0,0.0,0.0,0.0,0.0,0.0,0.0,0.0,0.0,0.0,0.0,0.0,0.0,0.0,0.0,0.0,0.0,0.0,0.0,0.0,,0.0,,0.0,0.0,0.0,0.0,0.0,0.0,0.0,0.0,0.0,1499.0,0.0,1499.0,LOW,0,28,,,28,2,350.0,0,RAILWAYS,,,,,,,,,,,,,,,,,,,,,,,,,,,
KARNATAKA,RAILWAYS,2002,14,1.0,0,0,0,0.0,0,0.0,0.0,4,0.0,15,5.0,380,6,374.0,118,0,2,2.0,1,26.0,1,2,0.0,1,0.0,0,152,724.0,,0.0,0.0,0.0,0.0,0.0,0.0,0.0,0.0,0.0,0.0,0.0,0.0,0.0,0.0,0.0,0.0,0.0,0.0,0.0,0.0,0.0,0.0,0.0,0.0,0.0,0.0,0.0,0.0,0.0,0.0,0.0,0.0,0.0,0.0,0.0,0.0,0.0,0.0,0.0,0.0,0.0,0.0,0.0,0.0,0.0,0.0,0.0,0.0,0.0,0.0,0.0,0.0,0.0,0.0,0.0,0.0,0.0,0.0,,0.0,,0.0,0.0,0.0,0.0,0.0,0.0,0.0,0.0,0.0,1828.0,21.95,1663.5,LOW,0,28,,,33,4,393.0,0,RAILWAYS,,,,,,,,,,,,,,,,,,,,,,,,,,,
KARNATAKA,RAILWAYS,2003,13,3.0,1,0,0,0.0,2,0.0,2.0,7,0.0,9,0.0,538,5,533.0,15,1,3,0.0,0,20.0,1,2,0.0,0,0.0,0,197,812.0,,0.0,0.0,0.0,0.0,0.0,0.0,0.0,0.0,0.0,0.0,0.0,0.0,0.0,0.0,0.0,0.0,0.0,0.0,0.0,0.0,0.0,0.0,0.0,0.0,0.0,0.0,0.0,0.0,0.0,0.0,0.0,0.0,0.0,0.0,0.0,0.0,0.0,0.0,0.0,0.0,0.0,0.0,0.0,0.0,0.0,0.0,0.0,0.0,0.0,0.0,0.0,0.0,0.0,0.0,0.0,0.0,0.0,0.0,,0.0,,0.0,0.0,0.0,0.0,0.0,0.0,0.0,0.0,0.0,2164.0,18.38,1830.3,LOW,0,28,,,31,3,547.0,0,RAILWAYS,,,,,,,,,,,,,,,,,,,,,,,,,,,
KARNATAKA,RAILWAYS,2004,20,2.0,0,0,0,0.0,4,0.0,4.0,1,0.0,6,5.0,643,5,638.0,11,2,2,7.0,0,25.0,0,3,0.0,0,0.0,0,148,879.0,,0.0,0.0,0.0,0.0,0.0,0.0,0.0,0.0,0.0,0.0,0.0,0.0,0.0,0.0,0.0,0.0,0.0,0.0,0.0,0.0,0.0,0.0,0.0,0.0,0.0,0.0,0.0,0.0,0.0,0.0,0.0,0.0,0.0,0.0,0.0,0.0,0.0,0.0,0.0,0.0,0.0,0.0,0.0,0.0,0.0,0.0,0.0,0.0,0.0,0.0,0.0,0.0,0.0,0.0,0.0,0.0,0.0,0.0,,0.0,,0.0,0.0,0.0,0.0,0.0,0.0,0.0,0.0,0.0,2405.0,11.14,2132.3,LOW,0,28,,,31,3,657.0,0,RAILWAYS,,,,,,,,,,,,,,,,,,,,,,,,,,,
KARNATAKA,RAILWAYS,2005,17,1.0,1,0,0,0.0,1,0.0,1.0,1,0.0,6,5.0,475,4,471.0,9,0,1,3.0,0,17.0,2,1,0.0,1,0.0,0,65,606.0,,0.0,0.0,0.0,0.0,0.0,0.0,0.0,0.0,0.0,0.0,0.0,0.0,0.0,0.0,0.0,0.0,0.0,0.0,0.0,0.0,0.0,0.0,0.0,0.0,0.0,0.0,0.0,0.0,0.0,0.0,0.0,0.0,0.0,0.0,0.0,0.0,0.0,0.0,0.0,0.0,0.0,0.0,0.0,0.0,0.0,0.0,0.0,0.0,0.0,0.0,0.0,0.0,0.0,0.0,0.0,0.0,0.0,0.0,,0.0,,0.0,0.0,0.0,0.0,0.0,0.0,0.0,0.0,0.0,1688.0,-29.81,2085.7,LOW,0,28,,,25,4,485.0,0,RAILWAYS,,,,,,,,,,,,,,,,,,,,,,,,,,,
KARNATAKA,RAILWAYS,2006,22,2.0,0,0,0,0.0,2,0.0,2.0,3,0.0,9,2.0,401,3,398.0,5,2,7,5.0,0,23.0,2,4,0.0,1,0.0,0,53,543.0,,0.0,0.0,0.0,0.0,0.0,0.0,0.0,0.0,0.0,0.0,0.0,0.0,0.0,0.0,0.0,0.0,0.0,0.0,0.0,0.0,0.0,0.0,0.0,0.0,0.0,0.0,0.0,0.0,0.0,0.0,0.0,0.0,0.0,0.0,0.0,0.0,0.0,0.0,0.0,0.0,0.0,0.0,0.0,0.0,0.0,0.0,0.0,0.0,0.0,0.0,0.0,0.0,0.0,0.0,0.0,0.0,0.0,0.0,,0.0,,0.0,0.0,0.0,0.0,0.0,0.0,0.0,0.0,0.0,1489.0,-11.79,1860.7,LOW,0,28,,,36,7,415.0,0,RAILWAYS,,,,,,,,,,,,,,,,,,,,,,,,,,,
KARNATAKA,RAILWAYS,2007,17,4.0,0,0,0,0.0,2,0.0,2.0,3,2.0,21,0.0,367,7,360.0,4,1,2,1.0,0,10.0,0,0,0.0,0,0.0,0,54,488.0,,0.0,0.0,0.0,0.0,0.0,0.0,0.0,0.0,0.0,0.0,0.0,0.0,0.0,0.0,0.0,0.0,0.0,0.0,0.0,0.0,0.0,0.0,0.0,0.0,0.0,0.0,0.0,0.0,0.0,0.0,0.0,0.0,0.0,0.0,0.0,0.0,0.0,0.0,0.0,0.0,0.0,0.0,0.0,0.0,0.0,0.0,0.0,0.0,0.0,0.0,0.0,0.0,0.0,0.0,0.0,0.0,0.0,0.0,,0.0,,0.0,0.0,0.0,0.0,0.0,0.0,0.0,0.0,0.0,1345.0,-9.67,1507.3,LOW,0,28,,,43,0,377.0,0,RAILWAYS,,,,,,,,,,,,,,,,,,,,,,,,,,,
KARNATAKA,RAILWAYS,2008,13,6.0,0,0,0,0.0,2,0.0,2.0,3,2.0,28,0.0,301,7,294.0,13,0,2,2.0,0,15.0,0,1,0.0,0,0.0,0,59,447.0,,0.0,0.0,0.0,0.0,0.0,0.0,0.0,0.0,0.0,0.0,0.0,0.0,0.0,0.0,0.0,0.0,0.0,0.0,0.0,0.0,0.0,0.0,0.0,0.0,0.0,0.0,0.0,0.0,0.0,0.0,0.0,0.0,0.0,0.0,0.0,0.0,0.0,0.0,0.0,0.0,0.0,0.0,0.0,0.0,0.0,0.0,0.0,0.0,0.0,0.0,0.0,0.0,0.0,0.0,0.0,0.0,0.0,0.0,,0.0,,0.0,0.0,0.0,0.0,0.0,0.0,0.0,0.0,0.0,1197.0,-11.0,1343.7,LOW,0,28,,,46,1,310.0,0,RAILWAYS,,,,,,,,,,,,,,,,,,,,,,,,,,,
KARNATAKA,RAILWAYS,2009,12,5.0,0,1,0,1.0,0,0.0,0.0,2,3.0,47,2.0,459,8,451.0,9,0,3,1.0,0,15.0,1,2,0.0,0,0.0,0,42,604.0,,0.0,0.0,0.0,0.0,0.0,0.0,0.0,0.0,0.0,0.0,0.0,0.0,0.0,0.0,0.0,0.0,0.0,0.0,0.0,0.0,0.0,0.0,0.0,0.0,0.0,0.0,0.0,0.0,0.0,0.0,0.0,0.0,0.0,0.0,0.0,0.0,0.0,0.0,0.0,0.0,0.0,0.0,0.0,0.0,0.0,0.0,0.0,0.0,0.0,0.0,0.0,0.0,0.0,0.0,0.0,0.0,0.0,0.0,,0.0,,0.0,0.0,0.0,0.0,0.0,0.0,0.0,0.0,0.0,1668.0,39.35,1403.3,LOW,0,28,,,62,4,472.0,0,RAILWAYS,,,,,,,,,,,,,,,,,,,,,,,,,,,
KARNATAKA,RAILWAYS,2010,14,0.0,0,1,0,1.0,2,0.0,2.0,0,3.0,29,2.0,436,10,426.0,5,0,6,5.0,0,18.0,1,0,0.0,0,0.0,15,43,580.0,,0.0,0.0,0.0,0.0,0.0,0.0,0.0,0.0,0.0,0.0,0.0,0.0,0.0,0.0,0.0,0.0,0.0,0.0,0.0,0.0,0.0,0.0,0.0,0.0,0.0,0.0,0.0,0.0,0.0,0.0,0.0,0.0,0.0,0.0,0.0,0.0,0.0,0.0,0.0,0.0,0.0,0.0,0.0,0.0,0.0,0.0,0.0,0.0,0.0,0.0,0.0,0.0,0.0,0.0,0.0,0.0,0.0,0.0,,0.0,,0.0,0.0,0.0,0.0,0.0,0.0,0.0,0.0,0.0,1599.0,-4.14,1488.0,LOW,0,28,,,46,2,454.0,0,RAILWAYS,,,,,,,,,,,,,,,,,,,,,,,,,,,
KARNATAKA,RAILWAYS,2011,15,2.0,1,0,0,0.0,1,1.0,0.0,1,4.0,31,3.0,520,24,496.0,1,0,3,2.0,0,9.0,0,0,0.0,0,0.0,11,68,672.0,,0.0,0.0,0.0,0.0,0.0,0.0,0.0,0.0,0.0,0.0,0.0,0.0,0.0,0.0,0.0,0.0,0.0,0.0,0.0,0.0,0.0,0.0,0.0,0.0,0.0,0.0,0.0,0.0,0.0,0.0,0.0,0.0,0.0,0.0,0.0,0.0,0.0,0.0,0.0,0.0,0.0,0.0,0.0,0.0,0.0,0.0,0.0,0.0,0.0,0.0,0.0,0.0,0.0,0.0,0.0,0.0,0.0,0.0,,0.0,,0.0,0.0,0.0,0.0,0.0,0.0,0.0,0.0,0.0,1865.0,16.64,1710.7,LOW,0,28,,,48,0,550.0,0,RAILWAYS,,,,,,,,,,,,,,,,,,,,,,,,,,,
KARNATAKA,RAILWAYS,2012,19,1.0,0,2,0,2.0,4,1.0,3.0,1,2.0,47,2.0,482,17,465.0,6,0,1,5.0,0,10.0,2,2,1.0,0,0.0,19,43,649.0,,0.0,0.0,0.0,0.0,0.0,0.0,0.0,0.0,0.0,0.0,0.0,0.0,0.0,0.0,0.0,0.0,0.0,0.0,0.0,0.0,0.0,0.0,0.0,0.0,0.0,0.0,0.0,0.0,0.0,0.0,0.0,0.0,0.0,0.0,0.0,0.0,0.0,0.0,0.0,0.0,0.0,0.0,0.0,0.0,0.0,0.0,0.0,0.0,0.0,0.0,0.0,0.0,0.0,0.0,0.0,0.0,0.0,0.0,,0.0,,0.0,0.0,0.0,0.0,0.0,0.0,0.0,0.0,0.0,1786.0,-4.24,1750.0,LOW,0,28,,,73,6,502.0,0,RAILWAYS,,,,,,,,,,,,,,,,,,,,,,,,,,,
Karnataka,RAILWAYS,2013,18,4.0,0,1,0,1.0,3,0.0,3.0,7,0.0,65,2.0,726,8,718.0,0,1,8,4.0,0,16.0,2,3,0.0,0,0.0,7,46,913.0,,0.0,0.0,0.0,0.0,0.0,0.0,0.0,0.0,0.0,0.0,0.0,0.0,0.0,0.0,0.0,0.0,0.0,0.0,0.0,0.0,0.0,0.0,0.0,0.0,0.0,0.0,0.0,0.0,0.0,0.0,0.0,0.0,0.0,0.0,0.0,0.0,0.0,0.0,0.0,0.0,0.0,0.0,0.0,0.0,0.0,0.0,0.0,0.0,0.0,0.0,0.0,0.0,0.0,0.0,0.0,0.0,0.0,0.0,,0.0,,0.0,0.0,0.0,0.0,0.0,0.0,0.0,0.0,0.0,2556.0,43.11,2069.0,LOW,0,28,,,94,6,745.0,0,RAILWAYS,,,,,,,,,,,,,,,,,,,,,,,,,,,
KARNATAKA,RAMANAGAR,2008,92,60.0,7,17,0,17.0,19,8.0,11.0,11,3.0,41,199.0,409,183,226.0,227,3,34,1.0,11,562.0,14,62,0.0,37,0.0,0,2275,4084.0,,0.0,0.0,0.0,0.0,0.0,0.0,0.0,0.0,0.0,0.0,0.0,0.0,0.0,0.0,0.0,0.0,0.0,0.0,0.0,0.0,0.0,0.0,0.0,0.0,0.0,0.0,0.0,0.0,0.0,0.0,0.0,0.0,0.0,0.0,0.0,0.0,0.0,0.0,0.0,0.0,0.0,0.0,0.0,0.0,0.0,0.0,0.0,0.0,0.0,0.0,0.0,0.0,0.0,0.0,0.0,0.0,0.0,0.0,,0.0,,0.0,0.0,0.0,0.0,0.0,0.0,0.0,0.0,0.0,8613.0,0.0,8613.0,LOW,0,29,,,180,130,828.0,0,RAMANAGAR,,,,,,,,,,,,,,,,,,,,,,,,,,,
KARNATAKA,RAMANAGAR,2009,66,62.0,3,12,0,12.0,21,13.0,8.0,15,2.0,41,235.0,519,255,264.0,240,3,40,4.0,20,648.0,11,70,0.0,62,0.0,0,2163,4237.0,,0.0,0.0,0.0,0.0,0.0,0.0,0.0,0.0,0.0,0.0,0.0,0.0,0.0,0.0,0.0,0.0,0.0,0.0,0.0,0.0,0.0,0.0,0.0,0.0,0.0,0.0,0.0,0.0,0.0,0.0,0.0,0.0,0.0,0.0,0.0,0.0,0.0,0.0,0.0,0.0,0.0,0.0,0.0,0.0,0.0,0.0,0.0,0.0,0.0,0.0,0.0,0.0,0.0,0.0,0.0,0.0,0.0,0.0,,0.0,,0.0,0.0,0.0,0.0,0.0,0.0,0.0,0.0,0.0,9026.0,4.8,8819.5,LOW,0,29,,,155,155,1052.0,0,RAMANAGAR,,,,,,,,,,,,,,,,,,,,,,,,,,,
KARNATAKA,RAMANAGAR,2010,89,72.0,0,14,0,14.0,38,24.0,14.0,10,4.0,70,244.0,512,233,279.0,275,8,57,11.0,28,531.0,22,53,0.0,76,0.0,0,2326,4440.0,,0.0,0.0,0.0,0.0,0.0,0.0,0.0,0.0,0.0,0.0,0.0,0.0,0.0,0.0,0.0,0.0,0.0,0.0,0.0,0.0,0.0,0.0,0.0,0.0,0.0,0.0,0.0,0.0,0.0,0.0,0.0,0.0,0.0,0.0,0.0,0.0,0.0,0.0,0.0,0.0,0.0,0.0,0.0,0.0,0.0,0.0,0.0,0.0,0.0,0.0,0.0,0.0,0.0,0.0,0.0,0.0,0.0,0.0,,0.0,,0.0,0.0,0.0,0.0,0.0,0.0,0.0,0.0,0.0,9444.0,4.63,9027.7,LOW,0,29,,,221,165,1054.0,0,RAMANAGAR,,,,,,,,,,,,,,,,,,,,,,,,,,,
KARNATAKA,RAMANAGAR,2011,75,54.0,0,19,0,19.0,52,45.0,7.0,13,6.0,78,238.0,430,204,226.0,271,11,91,1.0,53,595.0,23,101,0.0,71,0.0,0,2155,4337.0,,0.0,0.0,0.0,0.0,0.0,0.0,0.0,0.0,0.0,0.0,0.0,0.0,0.0,0.0,0.0,0.0,0.0,0.0,0.0,0.0,0.0,0.0,0.0,0.0,0.0,0.0,0.0,0.0,0.0,0.0,0.0,0.0,0.0,0.0,0.0,0.0,0.0,0.0,0.0,0.0,0.0,0.0,0.0,0.0,0.0,0.0,0.0,0.0,0.0,0.0,0.0,0.0,0.0,0.0,0.0,0.0,0.0,0.0,,0.0,,0.0,0.0,0.0,0.0,0.0,0.0,0.0,0.0,0.0,9175.0,-2.85,9215.0,LOW,0,29,,,237,214,974.0,0,RAMANAGAR,,,,,,,,,,,,,,,,,,,,,,,,,,,
KARNATAKA,RAMANAGAR,2012,77,64.0,1,16,0,16.0,60,53.0,7.0,16,6.0,127,298.0,512,256,256.0,264,3,76,1.0,73,644.0,17,112,0.0,73,0.0,0,2233,4673.0,,0.0,0.0,0.0,0.0,0.0,0.0,0.0,0.0,0.0,0.0,0.0,0.0,0.0,0.0,0.0,0.0,0.0,0.0,0.0,0.0,0.0,0.0,0.0,0.0,0.0,0.0,0.0,0.0,0.0,0.0,0.0,0.0,0.0,0.0,0.0,0.0,0.0,0.0,0.0,0.0,0.0,0.0,0.0,0.0,0.0,0.0,0.0,0.0,0.0,0.0,0.0,0.0,0.0,0.0,0.0,0.0,0.0,0.0,,0.0,,0.0,0.0,0.0,0.0,0.0,0.0,0.0,0.0,0.0,9934.0,8.27,9517.7,LOW,0,29,,,296,218,1145.0,0,RAMANAGAR,,,,,,,,,,,,,,,,,,,,,,,,,,,
Karnataka,RAMANAGAR,2013,51,71.0,1,21,0,21.0,43,41.0,2.0,19,9.0,92,273.0,507,271,236.0,250,10,68,2.0,53,620.0,11,141,0.0,57,0.0,0,2064,4363.0,,0.0,0.0,0.0,0.0,0.0,0.0,0.0,0.0,0.0,0.0,0.0,0.0,0.0,0.0,0.0,0.0,0.0,0.0,0.0,0.0,0.0,0.0,0.0,0.0,0.0,0.0,0.0,0.0,0.0,0.0,0.0,0.0,0.0,0.0,0.0,0.0,0.0,0.0,0.0,0.0,0.0,0.0,0.0,0.0,0.0,0.0,0.0,0.0,0.0,0.0,0.0,0.0,0.0,0.0,0.0,0.0,0.0,0.0,,0.0,,0.0,0.0,0.0,0.0,0.0,0.0,0.0,0.0,0.0,9297.0,-6.41,9468.7,LOW,0,29,,,226,230,1129.0,0,RAMANAGAR,,,,,,,,,,,,,,,,,,,,,,,,,,,
KARNATAKA,SHIMOGA,2001,56,48.0,1,12,0,12.0,14,10.0,4.0,1,0.0,15,206.0,292,100,192.0,260,4,31,1.0,20,1148.0,6,65,0.0,134,0.0,0,1864,4178.0,,0.0,0.0,0.0,0.0,0.0,0.0,0.0,0.0,0.0,0.0,0.0,0.0,0.0,0.0,0.0,0.0,0.0,0.0,0.0,0.0,0.0,0.0,0.0,0.0,0.0,0.0,0.0,0.0,0.0,0.0,0.0,0.0,0.0,0.0,0.0,0.0,0.0,0.0,0.0,0.0,0.0,0.0,0.0,0.0,0.0,0.0,0.0,0.0,0.0,0.0,0.0,0.0,0.0,0.0,0.0,0.0,0.0,0.0,,0.0,,0.0,0.0,0.0,0.0,0.0,0.0,0.0,0.0,0.0,8674.0,0.0,8674.0,LOW,0,30,13.9299,75.5681,98,217,633.0,0,SHIMOGA,SHIMOGA,1752753.0,877415.0,875338.0,0.0,0.0,308158.0,65412.0,1263016.0,780598.0,72.06,997.6,0.0,17.58,3.73,44.54,47.57,3.19,0.68,0.8,494.88,16.66,11.75,0.34,5.59,12.38,36.11
KARNATAKA,SHIMOGA,2002,53,47.0,2,11,0,11.0,14,12.0,2.0,3,4.0,42,209.0,349,87,262.0,247,11,42,4.0,21,1133.0,4,59,1.0,159,0.0,0,1750,4165.0,,0.0,0.0,0.0,0.0,0.0,0.0,0.0,0.0,0.0,0.0,0.0,0.0,0.0,0.0,0.0,0.0,0.0,0.0,0.0,0.0,0.0,0.0,0.0,0.0,0.0,0.0,0.0,0.0,0.0,0.0,0.0,0.0,0.0,0.0,0.0,0.0,0.0,0.0,0.0,0.0,0.0,0.0,0.0,0.0,0.0,0.0,0.0,0.0,0.0,0.0,0.0,0.0,0.0,0.0,0.0,0.0,0.0,0.0,,0.0,,0.0,0.0,0.0,0.0,0.0,0.0,0.0,0.0,0.0,8704.0,0.35,8689.0,LOW,0,30,13.9299,75.5681,123,233,698.0,0,SHIMOGA,SHIMOGA,1752753.0,877415.0,875338.0,0.0,0.0,308158.0,65412.0,1263016.0,780598.0,72.06,997.6,0.0,17.58,3.73,44.54,47.57,3.02,0.63,0.8,496.59,19.91,11.92,0.23,7.02,13.29,39.82
KARNATAKA,SHIMOGA,2003,51,40.0,0,15,0,15.0,21,14.0,7.0,5,3.0,21,156.0,266,90,176.0,242,7,33,1.0,14,915.0,4,73,0.0,127,0.0,9,1703,3706.0,,0.0,0.0,0.0,0.0,0.0,0.0,0.0,0.0,0.0,0.0,0.0,0.0,0.0,0.0,0.0,0.0,0.0,0.0,0.0,0.0,0.0,0.0,0.0,0.0,0.0,0.0,0.0,0.0,0.0,0.0,0.0,0.0,0.0,0.0,0.0,0.0,0.0,0.0,0.0,0.0,0.0,0.0,0.0,0.0,0.0,0.0,0.0,0.0,0.0,0.0,0.0,0.0,0.0,0.0,0.0,0.0,0.0,0.0,,0.0,,0.0,0.0,0.0,0.0,0.0,0.0,0.0,0.0,0.0,7714.0,-11.37,8364.0,LOW,0,30,13.9299,75.5681,113,219,552.0,0,SHIMOGA,SHIMOGA,1752753.0,877415.0,875338.0,0.0,0.0,308158.0,65412.0,1263016.0,780598.0,72.06,997.6,0.0,17.58,3.73,44.54,47.57,2.91,0.86,1.2,440.11,15.18,8.9,0.23,6.45,12.49,31.49
KARNATAKA,SHIMOGA,2004,48,40.0,1,11,0,11.0,22,9.0,13.0,3,4.0,31,148.0,330,119,211.0,246,22,45,1.0,4,939.0,5,60,2.0,107,0.0,2,1678,3749.0,,0.0,0.0,0.0,0.0,0.0,0.0,0.0,0.0,0.0,0.0,0.0,0.0,0.0,0.0,0.0,0.0,0.0,0.0,0.0,0.0,0.0,0.0,0.0,0.0,0.0,0.0,0.0,0.0,0.0,0.0,0.0,0.0,0.0,0.0,0.0,0.0,0.0,0.0,0.0,0.0,0.0,0.0,0.0,0.0,0.0,0.0,0.0,0.0,0.0,0.0,0.0,0.0,0.0,0.0,0.0,0.0,0.0,0.0,,0.0,,0.0,0.0,0.0,0.0,0.0,0.0,0.0,0.0,0.0,7861.0,1.91,8093.0,LOW,0,30,13.9299,75.5681,115,183,664.0,0,SHIMOGA,SHIMOGA,1752753.0,877415.0,875338.0,0.0,0.0,308158.0,65412.0,1263016.0,780598.0,72.06,997.6,0.0,17.58,3.73,44.54,47.57,2.74,0.63,1.26,448.49,18.83,8.44,0.29,6.56,10.44,37.88
KARNATAKA,SHIMOGA,2005,50,38.0,0,17,0,17.0,27,20.0,7.0,6,9.0,25,183.0,293,100,193.0,227,10,63,2.0,7,1071.0,7,88,5.0,158,0.0,12,1871,4169.0,,0.0,0.0,0.0,0.0,0.0,0.0,0.0,0.0,0.0,0.0,0.0,0.0,0.0,0.0,0.0,0.0,0.0,0.0,0.0,0.0,0.0,0.0,0.0,0.0,0.0,0.0,0.0,0.0,0.0,0.0,0.0,0.0,0.0,0.0,0.0,0.0,0.0,0.0,0.0,0.0,0.0,0.0,0.0,0.0,0.0,0.0,0.0,0.0,0.0,0.0,0.0,0.0,0.0,0.0,0.0,0.0,0.0,0.0,,0.0,,0.0,0.0,0.0,0.0,0.0,0.0,0.0,0.0,0.0,8675.0,10.35,8083.3,LOW,0,30,13.9299,75.5681,125,270,649.0,0,SHIMOGA,SHIMOGA,1752753.0,877415.0,875338.0,0.0,0.0,308158.0,65412.0,1263016.0,780598.0,72.06,997.6,0.0,17.58,3.73,44.54,47.57,2.85,0.97,1.54,494.94,16.72,10.44,0.4,7.13,15.4,37.03
KARNATAKA,SHIMOGA,2006,50,52.0,0,23,0,23.0,21,14.0,7.0,7,4.0,66,254.0,348,114,234.0,168,6,36,1.0,9,1082.0,5,61,2.0,191,0.0,12,2005,4403.0,,0.0,0.0,0.0,0.0,0.0,0.0,0.0,0.0,0.0,0.0,0.0,0.0,0.0,0.0,0.0,0.0,0.0,0.0,0.0,0.0,0.0,0.0,0.0,0.0,0.0,0.0,0.0,0.0,0.0,0.0,0.0,0.0,0.0,0.0,0.0,0.0,0.0,0.0,0.0,0.0,0.0,0.0,0.0,0.0,0.0,0.0,0.0,0.0,0.0,0.0,0.0,0.0,0.0,0.0,0.0,0.0,0.0,0.0,,0.0,,0.0,0.0,0.0,0.0,0.0,0.0,0.0,0.0,0.0,9198.0,6.03,8578.0,LOW,0,30,13.9299,75.5681,167,280,758.0,0,SHIMOGA,SHIMOGA,1752753.0,877415.0,875338.0,0.0,0.0,308158.0,65412.0,1263016.0,780598.0,72.06,997.6,0.0,17.58,3.73,44.54,47.57,2.85,1.31,1.2,524.77,19.85,14.49,0.29,9.53,15.97,43.25
KARNATAKA,SHIMOGA,2007,40,43.0,2,23,0,23.0,26,21.0,5.0,12,1.0,41,241.0,282,102,180.0,160,4,42,3.0,5,885.0,3,81,3.0,158,0.0,11,2183,4249.0,,0.0,0.0,0.0,0.0,0.0,0.0,0.0,0.0,0.0,0.0,0.0,0.0,0.0,0.0,0.0,0.0,0.0,0.0,0.0,0.0,0.0,0.0,0.0,0.0,0.0,0.0,0.0,0.0,0.0,0.0,0.0,0.0,0.0,0.0,0.0,0.0,0.0,0.0,0.0,0.0,0.0,0.0,0.0,0.0,0.0,0.0,0.0,0.0,0.0,0.0,0.0,0.0,0.0,0.0,0.0,0.0,0.0,0.0,,0.0,,0.0,0.0,0.0,0.0,0.0,0.0,0.0,0.0,0.0,8829.0,-4.01,8900.7,LOW,0,30,13.9299,75.5681,142,265,671.0,0,SHIMOGA,SHIMOGA,1752753.0,877415.0,875338.0,0.0,0.0,308158.0,65412.0,1263016.0,780598.0,72.06,997.6,0.0,17.58,3.73,44.54,47.57,2.28,1.31,1.48,503.72,16.09,13.75,0.17,8.1,15.12,38.28
KARNATAKA,SHIMOGA,2008,45,45.0,3,14,0,14.0,27,23.0,4.0,5,0.0,65,263.0,326,138,188.0,211,8,59,1.0,12,1009.0,3,101,5.0,207,0.0,1,2380,4790.0,,0.0,0.0,0.0,0.0,0.0,0.0,0.0,0.0,0.0,0.0,0.0,0.0,0.0,0.0,0.0,0.0,0.0,0.0,0.0,0.0,0.0,0.0,0.0,0.0,0.0,0.0,0.0,0.0,0.0,0.0,0.0,0.0,0.0,0.0,0.0,0.0,0.0,0.0,0.0,0.0,0.0,0.0,0.0,0.0,0.0,0.0,0.0,0.0,0.0,0.0,0.0,0.0,0.0,0.0,0.0,0.0,0.0,0.0,,0.0,,0.0,0.0,0.0,0.0,0.0,0.0,0.0,0.0,0.0,9947.0,12.66,9324.7,LOW,0,30,13.9299,75.5681,156,325,794.0,0,SHIMOGA,SHIMOGA,1752753.0,877415.0,875338.0,0.0,0.0,308158.0,65412.0,1263016.0,780598.0,72.06,997.6,0.0,17.58,3.73,44.54,47.57,2.57,0.8,1.54,567.51,18.6,15.0,0.17,8.9,18.54,45.3
KARNATAKA,SHIMOGA,2009,53,54.0,6,15,0,15.0,38,27.0,11.0,13,1.0,70,237.0,441,184,257.0,342,11,82,5.0,19,1193.0,5,137,3.0,255,0.0,9,2610,5599.0,,0.0,0.0,0.0,0.0,0.0,0.0,0.0,0.0,0.0,0.0,0.0,0.0,0.0,0.0,0.0,0.0,0.0,0.0,0.0,0.0,0.0,0.0,0.0,0.0,0.0,0.0,0.0,0.0,0.0,0.0,0.0,0.0,0.0,0.0,0.0,0.0,0.0,0.0,0.0,0.0,0.0,0.0,0.0,0.0,0.0,0.0,0.0,0.0,0.0,0.0,0.0,0.0,0.0,0.0,0.0,0.0,0.0,0.0,,0.0,,0.0,0.0,0.0,0.0,0.0,0.0,0.0,0.0,0.0,11692.0,17.54,10156.0,LOW,0,30,13.9299,75.5681,189,412,955.0,0,SHIMOGA,SHIMOGA,1752753.0,877415.0,875338.0,0.0,0.0,308158.0,65412.0,1263016.0,780598.0,72.06,997.6,0.0,17.58,3.73,44.54,47.57,3.02,0.86,2.17,667.06,25.16,13.52,0.29,10.78,23.51,54.49
KARNATAKA,SHIMOGA,2010,34,58.0,2,17,0,17.0,31,24.0,7.0,15,1.0,44,231.0,403,232,171.0,495,6,144,2.0,21,1268.0,4,113,8.0,277,0.0,10,2655,5839.0,,0.0,0.0,0.0,0.0,0.0,0.0,0.0,0.0,0.0,0.0,0.0,0.0,0.0,0.0,0.0,0.0,0.0,0.0,0.0,0.0,0.0,0.0,0.0,0.0,0.0,0.0,0.0,0.0,0.0,0.0,0.0,0.0,0.0,0.0,0.0,0.0,0.0,0.0,0.0,0.0,0.0,0.0,0.0,0.0,0.0,0.0,0.0,0.0,0.0,0.0,0.0,0.0,0.0,0.0,0.0,0.0,0.0,0.0,,0.0,,0.0,0.0,0.0,0.0,0.0,0.0,0.0,0.0,0.0,12129.0,3.74,11256.0,LOW,0,30,13.9299,75.5681,141,411,1016.0,0,SHIMOGA,SHIMOGA,1752753.0,877415.0,875338.0,0.0,0.0,308158.0,65412.0,1263016.0,780598.0,72.06,997.6,0.0,17.58,3.73,44.54,47.57,1.94,0.97,1.77,692.0,22.99,13.18,0.23,8.04,23.45,57.97
KARNATAKA,SHIMOGA,2011,54,76.0,2,23,0,23.0,25,18.0,7.0,10,4.0,58,198.0,321,164,157.0,314,21,113,2.0,4,1130.0,6,123,10.0,278,0.0,16,2728,5516.0,,0.0,0.0,0.0,0.0,0.0,0.0,0.0,0.0,0.0,0.0,0.0,0.0,0.0,0.0,0.0,0.0,0.0,0.0,0.0,0.0,0.0,0.0,0.0,0.0,0.0,0.0,0.0,0.0,0.0,0.0,0.0,0.0,0.0,0.0,0.0,0.0,0.0,0.0,0.0,0.0,0.0,0.0,0.0,0.0,0.0,0.0,0.0,0.0,0.0,0.0,0.0,0.0,0.0,0.0,0.0,0.0,0.0,0.0,,0.0,,0.0,0.0,0.0,0.0,0.0,0.0,0.0,0.0,0.0,11401.0,-6.0,11740.7,LOW,0,30,13.9299,75.5681,170,430,817.0,0,SHIMOGA,SHIMOGA,1752753.0,877415.0,875338.0,0.0,0.0,308158.0,65412.0,1263016.0,780598.0,72.06,997.6,0.0,17.58,3.73,44.54,47.57,3.08,1.31,1.43,650.46,18.31,11.3,0.34,9.7,24.53,46.61
KARNATAKA,SHIMOGA,2012,50,78.0,2,14,0,14.0,32,24.0,8.0,6,8.0,57,195.0,331,188,143.0,276,13,103,2.0,9,978.0,6,158,3.0,222,0.0,4,2487,5034.0,,0.0,0.0,0.0,0.0,0.0,0.0,0.0,0.0,0.0,0.0,0.0,0.0,0.0,0.0,0.0,0.0,0.0,0.0,0.0,0.0,0.0,0.0,0.0,0.0,0.0,0.0,0.0,0.0,0.0,0.0,0.0,0.0,0.0,0.0,0.0,0.0,0.0,0.0,0.0,0.0,0.0,0.0,0.0,0.0,0.0,0.0,0.0,0.0,0.0,0.0,0.0,0.0,0.0,0.0,0.0,0.0,0.0,0.0,,0.0,,0.0,0.0,0.0,0.0,0.0,0.0,0.0,0.0,0.0,10445.0,-8.39,11325.0,LOW,0,30,13.9299,75.5681,159,400,830.0,0,SHIMOGA,SHIMOGA,1752753.0,877415.0,875338.0,0.0,0.0,308158.0,65412.0,1263016.0,780598.0,72.06,997.6,0.0,17.58,3.73,44.54,47.57,2.85,0.8,1.83,595.92,18.88,11.13,0.34,9.07,22.82,47.35
Karnataka,SHIMOGA,2013,44,65.0,2,43,0,43.0,67,51.0,16.0,10,7.0,66,191.0,340,147,193.0,330,14,217,1.0,15,1367.0,5,267,4.0,300,0.0,8,2580,5943.0,,0.0,0.0,0.0,0.0,0.0,0.0,0.0,0.0,0.0,0.0,0.0,0.0,0.0,0.0,0.0,0.0,0.0,0.0,0.0,0.0,0.0,0.0,0.0,0.0,0.0,0.0,0.0,0.0,0.0,0.0,0.0,0.0,0.0,0.0,0.0,0.0,0.0,0.0,0.0,0.0,0.0,0.0,0.0,0.0,0.0,0.0,0.0,0.0,0.0,0.0,0.0,0.0,0.0,0.0,0.0,0.0,0.0,0.0,,0.0,,0.0,0.0,0.0,0.0,0.0,0.0,0.0,0.0,0.0,12336.0,18.1,11394.0,LOW,0,30,13.9299,75.5681,230,615,909.0,0,SHIMOGA,SHIMOGA,1752753.0,877415.0,875338.0,0.0,0.0,308158.0,65412.0,1263016.0,780598.0,72.06,997.6,0.0,17.58,3.73,44.54,47.57,2.51,2.45,3.82,703.81,19.4,10.9,0.29,13.12,35.09,51.86
KARNATAKA,TOTAL,2001,1626,1475.0,74,293,0,293.0,559,271.0,288.0,178,36.0,847,6394.0,12868,4016,8852.0,6686,494,2678,131.0,352,23285.0,220,1665,81.0,1755,0.0,100,47301,109098.0,,0.0,0.0,0.0,0.0,0.0,0.0,0.0,0.0,0.0,0.0,0.0,0.0,0.0,0.0,0.0,0.0,0.0,0.0,0.0,0.0,0.0,0.0,0.0,0.0,0.0,0.0,0.0,0.0,0.0,0.0,0.0,0.0,0.0,0.0,0.0,0.0,0.0,0.0,0.0,0.0,0.0,0.0,0.0,0.0,0.0,0.0,0.0,0.0,0.0,0.0,0.0,0.0,0.0,0.0,0.0,0.0,0.0,0.0,,0.0,,0.0,0.0,0.0,0.0,0.0,0.0,0.0,0.0,0.0,231916.0,0.0,231916.0,HIGH,2,31,,,3503,3933,26450.0,0,TOTAL,,,,,,,,,,,,,,,,,,,,,,,,,,,
KARNATAKA,TOTAL,2002,1627,1576.0,55,292,0,292.0,645,300.0,345.0,178,66.0,972,6480.0,13818,4376,9442.0,6838,485,2764,175.0,437,22824.0,233,1648,100.0,1826,0.0,152,50508,113699.0,,0.0,0.0,0.0,0.0,0.0,0.0,0.0,0.0,0.0,0.0,0.0,0.0,0.0,0.0,0.0,0.0,0.0,0.0,0.0,0.0,0.0,0.0,0.0,0.0,0.0,0.0,0.0,0.0,0.0,0.0,0.0,0.0,0.0,0.0,0.0,0.0,0.0,0.0,0.0,0.0,0.0,0.0,0.0,0.0,0.0,0.0,0.0,0.0,0.0,0.0,0.0,0.0,0.0,0.0,0.0,0.0,0.0,0.0,,0.0,,0.0,0.0,0.0,0.0,0.0,0.0,0.0,0.0,0.0,242153.0,4.41,237034.5,HIGH,2,31,,,3714,3999,27923.0,0,TOTAL,,,,,,,,,,,,,,,,,,,,,,,,,,,
KARNATAKA,TOTAL,2003,1506,1241.0,58,321,0,321.0,531,244.0,287.0,220,65.0,861,6055.0,14180,4296,9884.0,5784,495,2752,126.0,415,21913.0,194,1585,84.0,1704,0.0,172,52143,112405.0,,0.0,0.0,0.0,0.0,0.0,0.0,0.0,0.0,0.0,0.0,0.0,0.0,0.0,0.0,0.0,0.0,0.0,0.0,0.0,0.0,0.0,0.0,0.0,0.0,0.0,0.0,0.0,0.0,0.0,0.0,0.0,0.0,0.0,0.0,0.0,0.0,0.0,0.0,0.0,0.0,0.0,0.0,0.0,0.0,0.0,0.0,0.0,0.0,0.0,0.0,0.0,0.0,0.0,0.0,0.0,0.0,0.0,0.0,,0.0,,0.0,0.0,0.0,0.0,0.0,0.0,0.0,0.0,0.0,239842.0,-0.95,237970.3,HIGH,2,31,,,3439,3804,27778.0,0,TOTAL,,,,,,,,,,,,,,,,,,,,,,,,,,,
KARNATAKA,TOTAL,2004,1519,1387.0,57,291,1,290.0,592,286.0,306.0,177,109.0,1024,6093.0,16093,5185,10908.0,6237,423,2759,65.0,248,21232.0,259,1435,57.0,1588,0.0,277,52518,114440.0,,0.0,0.0,0.0,0.0,0.0,0.0,0.0,0.0,0.0,0.0,0.0,0.0,0.0,0.0,0.0,0.0,0.0,0.0,0.0,0.0,0.0,0.0,0.0,0.0,0.0,0.0,0.0,0.0,0.0,0.0,0.0,0.0,0.0,0.0,0.0,0.0,0.0,0.0,0.0,0.0,0.0,0.0,0.0,0.0,0.0,0.0,0.0,0.0,0.0,0.0,0.0,0.0,0.0,0.0,0.0,0.0,0.0,0.0,,0.0,,0.0,0.0,0.0,0.0,0.0,0.0,0.0,0.0,0.0,245856.0,2.51,242617.0,HIGH,2,31,,,3603,3573,30553.0,0,TOTAL,,,,,,,,,,,,,,,,,,,,,,,,,,,
KARNATAKA,TOTAL,2005,1609,1406.0,80,343,0,343.0,589,312.0,277.0,208,119.0,1202,5986.0,17008,5920,11088.0,6151,434,2909,133.0,238,20883.0,261,1585,71.0,1883,0.0,243,54239,117580.0,,0.0,0.0,0.0,0.0,0.0,0.0,0.0,0.0,0.0,0.0,0.0,0.0,0.0,0.0,0.0,0.0,0.0,0.0,0.0,0.0,0.0,0.0,0.0,0.0,0.0,0.0,0.0,0.0,0.0,0.0,0.0,0.0,0.0,0.0,0.0,0.0,0.0,0.0,0.0,0.0,0.0,0.0,0.0,0.0,0.0,0.0,0.0,0.0,0.0,0.0,0.0,0.0,0.0,0.0,0.0,0.0,0.0,0.0,,0.0,,0.0,0.0,0.0,0.0,0.0,0.0,0.0,0.0,0.0,253100.0,2.95,246266.0,HIGH,2,31,,,3951,4072,32257.0,0,TOTAL,,,,,,,,,,,,,,,,,,,,,,,,,,,
KARNATAKA,TOTAL,2006,1627,1484.0,68,400,0,400.0,563,328.0,235.0,202,247.0,1349,5967.0,14901,5759,9142.0,6183,471,2910,139.0,268,19488.0,244,1683,38.0,2129,0.0,534,56815,117710.0,,0.0,0.0,0.0,0.0,0.0,0.0,0.0,0.0,0.0,0.0,0.0,0.0,0.0,0.0,0.0,0.0,0.0,0.0,0.0,0.0,0.0,0.0,0.0,0.0,0.0,0.0,0.0,0.0,0.0,0.0,0.0,0.0,0.0,0.0,0.0,0.0,0.0,0.0,0.0,0.0,0.0,0.0,0.0,0.0,0.0,0.0,0.0,0.0,0.0,0.0,0.0,0.0,0.0,0.0,0.0,0.0,0.0,0.0,,0.0,,0.0,0.0,0.0,0.0,0.0,0.0,0.0,0.0,0.0,251284.0,-0.72,250080.0,HIGH,2,31,,,4141,4456,30008.0,0,TOTAL,,,,,,,,,,,,,,,,,,,,,,,,,,,
KARNATAKA,TOTAL,2007,1538,1251.0,55,436,1,435.0,680,390.0,290.0,178,242.0,1313,5449.0,14351,5887,8464.0,5783,400,3600,124.0,262,18963.0,251,1828,28.0,2507,0.0,514,60853,120606.0,,0.0,0.0,0.0,0.0,0.0,0.0,0.0,0.0,0.0,0.0,0.0,0.0,0.0,0.0,0.0,0.0,0.0,0.0,0.0,0.0,0.0,0.0,0.0,0.0,0.0,0.0,0.0,0.0,0.0,0.0,0.0,0.0,0.0,0.0,0.0,0.0,0.0,0.0,0.0,0.0,0.0,0.0,0.0,0.0,0.0,0.0,0.0,0.0,0.0,0.0,0.0,0.0,0.0,0.0,0.0,0.0,0.0,0.0,,0.0,,0.0,0.0,0.0,0.0,0.0,0.0,0.0,0.0,0.0,256679.0,2.15,253687.7,HIGH,2,31,,,4145,5022,29687.0,0,TOTAL,,,,,,,,,,,,,,,,,,,,,,,,,,,
KARNATAKA,TOTAL,2008,1698,1475.0,81,446,0,446.0,758,405.0,353.0,270,248.0,1615,6258.0,17820,8960,8860.0,6013,424,3669,118.0,265,19159.0,259,1954,44.0,2638,1.0,572,61755,127540.0,,0.0,0.0,0.0,0.0,0.0,0.0,0.0,0.0,0.0,0.0,0.0,0.0,0.0,0.0,0.0,0.0,0.0,0.0,0.0,0.0,0.0,0.0,0.0,0.0,0.0,0.0,0.0,0.0,0.0,0.0,0.0,0.0,0.0,0.0,0.0,0.0,0.0,0.0,0.0,0.0,0.0,0.0,0.0,0.0,0.0,0.0,0.0,0.0,0.0,0.0,0.0,0.0,0.0,0.0,0.0,0.0,0.0,0.0,,0.0,,0.0,0.0,0.0,0.0,0.0,0.0,0.0,0.0,0.0,274104.0,6.79,260689.0,HIGH,2,31,,,4787,5297,37131.0,0,TOTAL,,,,,,,,,,,,,,,,,,,,,,,,,,,
KARNATAKA,TOTAL,2009,1702,1607.0,79,509,0,509.0,892,408.0,484.0,273,346.0,1825,6629.0,20576,11093,9483.0,6269,461,5079,171.0,293,20105.0,264,2186,64.0,3185,2.0,417,61108,134042.0,,0.0,0.0,0.0,0.0,0.0,0.0,0.0,0.0,0.0,0.0,0.0,0.0,0.0,0.0,0.0,0.0,0.0,0.0,0.0,0.0,0.0,0.0,0.0,0.0,0.0,0.0,0.0,0.0,0.0,0.0,0.0,0.0,0.0,0.0,0.0,0.0,0.0,0.0,0.0,0.0,0.0,0.0,0.0,0.0,0.0,0.0,0.0,0.0,0.0,0.0,0.0,0.0,0.0,0.0,0.0,0.0,0.0,0.0,,0.0,,0.0,0.0,0.0,0.0,0.0,0.0,0.0,0.0,0.0,290061.0,5.82,273614.7,HIGH,2,31,,,5201,6144,43838.0,0,TOTAL,,,,,,,,,,,,,,,,,,,,,,,,,,,
KARNATAKA,TOTAL,2010,1805,1850.0,94,586,0,586.0,1374,586.0,788.0,272,300.0,1949,6059.0,20093,10840,9253.0,7710,464,5543,192.0,286,21835.0,248,2544,83.0,3441,0.0,471,65123,142322.0,,0.0,0.0,0.0,0.0,0.0,0.0,0.0,0.0,0.0,0.0,0.0,0.0,0.0,0.0,0.0,0.0,0.0,0.0,0.0,0.0,0.0,0.0,0.0,0.0,0.0,0.0,0.0,0.0,0.0,0.0,0.0,0.0,0.0,0.0,0.0,0.0,0.0,0.0,0.0,0.0,0.0,0.0,0.0,0.0,0.0,0.0,0.0,0.0,0.0,0.0,0.0,0.0,0.0,0.0,0.0,0.0,0.0,0.0,,0.0,,0.0,0.0,0.0,0.0,0.0,0.0,0.0,0.0,0.0,306697.0,5.74,290287.3,HIGH,2,31,,,5986,6819,42999.0,0,TOTAL,,,,,,,,,,,,,,,,,,,,,,,,,,,
KARNATAKA,TOTAL,2011,1820,1837.0,85,636,0,636.0,1395,715.0,680.0,214,399.0,2123,6136.0,19834,10226,9608.0,7265,440,5850,105.0,231,21295.0,267,2608,81.0,3712,12.0,750,60505,137600.0,,0.0,0.0,0.0,0.0,0.0,0.0,0.0,0.0,0.0,0.0,0.0,0.0,0.0,0.0,0.0,0.0,0.0,0.0,0.0,0.0,0.0,0.0,0.0,0.0,0.0,0.0,0.0,0.0,0.0,0.0,0.0,0.0,0.0,0.0,0.0,0.0,0.0,0.0,0.0,0.0,0.0,0.0,0.0,0.0,0.0,0.0,0.0,0.0,0.0,0.0,0.0,0.0,0.0,0.0,0.0,0.0,0.0,0.0,,0.0,,0.0,0.0,0.0,0.0,0.0,0.0,0.0,0.0,0.0,297065.0,-3.14,297941.0,HIGH,2,31,,,6188,7223,42486.0,0,TOTAL,,,,,,,,,,,,,,,,,,,,,,,,,,,
KARNATAKA,TOTAL,2012,1860,1923.0,71,621,0,621.0,1451,1070.0,381.0,211,536.0,2207,5792.0,18418,8886,9532.0,7502,401,5822,84.0,416,20350.0,218,2978,100.0,3684,32.0,876,58468,134021.0,,0.0,0.0,0.0,0.0,0.0,0.0,0.0,0.0,0.0,0.0,0.0,0.0,0.0,0.0,0.0,0.0,0.0,0.0,0.0,0.0,0.0,0.0,0.0,0.0,0.0,0.0,0.0,0.0,0.0,0.0,0.0,0.0,0.0,0.0,0.0,0.0,0.0,0.0,0.0,0.0,0.0,0.0,0.0,0.0,0.0,0.0,0.0,0.0,0.0,0.0,0.0,0.0,0.0,0.0,0.0,0.0,0.0,0.0,,0.0,,0.0,0.0,0.0,0.0,0.0,0.0,0.0,0.0,0.0,288532.0,-2.87,297431.3,HIGH,2,31,,,6350,7501,39319.0,0,TOTAL,,,,,,,,,,,,,,,,,,,,,,,,,,,
KARNATAKA,TUMKUR,2001,80,55.0,4,6,0,6.0,21,4.0,17.0,10,1.0,27,237.0,389,92,297.0,234,13,26,3.0,69,1099.0,28,53,0.0,44,0.0,4,1738,4141.0,,0.0,0.0,0.0,0.0,0.0,0.0,0.0,0.0,0.0,0.0,0.0,0.0,0.0,0.0,0.0,0.0,0.0,0.0,0.0,0.0,0.0,0.0,0.0,0.0,0.0,0.0,0.0,0.0,0.0,0.0,0.0,0.0,0.0,0.0,0.0,0.0,0.0,0.0,0.0,0.0,0.0,0.0,0.0,0.0,0.0,0.0,0.0,0.0,0.0,0.0,0.0,0.0,0.0,0.0,0.0,0.0,0.0,0.0,,0.0,,0.0,0.0,0.0,0.0,0.0,0.0,0.0,0.0,0.0,8698.0,0.0,8698.0,LOW,0,32,13.3379,77.1173,144,131,757.0,0,TUMKUR,TUMKUR,2678980.0,1350594.0,1328386.0,0.0,0.0,506901.0,209559.0,1813391.0,1354646.0,67.69,983.6,0.0,18.92,7.82,50.57,50.95,2.99,0.22,0.78,324.68,14.52,8.85,1.05,5.38,4.89,28.26
KARNATAKA,TUMKUR,2002,58,49.0,4,9,0,9.0,19,10.0,9.0,13,0.0,29,242.0,371,103,268.0,255,22,38,0.0,66,990.0,16,60,0.0,30,0.0,25,1884,4180.0,,0.0,0.0,0.0,0.0,0.0,0.0,0.0,0.0,0.0,0.0,0.0,0.0,0.0,0.0,0.0,0.0,0.0,0.0,0.0,0.0,0.0,0.0,0.0,0.0,0.0,0.0,0.0,0.0,0.0,0.0,0.0,0.0,0.0,0.0,0.0,0.0,0.0,0.0,0.0,0.0,0.0,0.0,0.0,0.0,0.0,0.0,0.0,0.0,0.0,0.0,0.0,0.0,0.0,0.0,0.0,0.0,0.0,0.0,,0.0,,0.0,0.0,0.0,0.0,0.0,0.0,0.0,0.0,0.0,8759.0,0.7,8728.5,LOW,0,32,13.3379,77.1173,128,115,776.0,0,TUMKUR,TUMKUR,2678980.0,1350594.0,1328386.0,0.0,0.0,506901.0,209559.0,1813391.0,1354646.0,67.69,983.6,0.0,18.92,7.82,50.57,50.95,2.17,0.34,0.71,326.95,13.85,9.03,0.6,4.78,4.29,28.97
KARNATAKA,TUMKUR,2003,79,46.0,2,14,0,14.0,24,1.0,23.0,6,0.0,19,260.0,396,107,289.0,179,15,34,3.0,48,1027.0,10,77,1.0,38,0.0,8,1717,4003.0,,0.0,0.0,0.0,0.0,0.0,0.0,0.0,0.0,0.0,0.0,0.0,0.0,0.0,0.0,0.0,0.0,0.0,0.0,0.0,0.0,0.0,0.0,0.0,0.0,0.0,0.0,0.0,0.0,0.0,0.0,0.0,0.0,0.0,0.0,0.0,0.0,0.0,0.0,0.0,0.0,0.0,0.0,0.0,0.0,0.0,0.0,0.0,0.0,0.0,0.0,0.0,0.0,0.0,0.0,0.0,0.0,0.0,0.0,,0.0,,0.0,0.0,0.0,0.0,0.0,0.0,0.0,0.0,0.0,8440.0,-3.64,8632.3,LOW,0,32,13.3379,77.1173,142,139,812.0,0,TUMKUR,TUMKUR,2678980.0,1350594.0,1328386.0,0.0,0.0,506901.0,209559.0,1813391.0,1354646.0,67.69,983.6,0.0,18.92,7.82,50.57,50.95,2.95,0.52,0.9,315.05,14.78,9.71,0.37,5.3,5.19,30.31
KARNATAKA,TUMKUR,2004,65,56.0,1,15,0,15.0,8,0.0,8.0,7,1.0,31,285.0,477,97,380.0,210,10,25,1.0,18,954.0,16,61,1.0,33,0.0,71,1905,4251.0,,0.0,0.0,0.0,0.0,0.0,0.0,0.0,0.0,0.0,0.0,0.0,0.0,0.0,0.0,0.0,0.0,0.0,0.0,0.0,0.0,0.0,0.0,0.0,0.0,0.0,0.0,0.0,0.0,0.0,0.0,0.0,0.0,0.0,0.0,0.0,0.0,0.0,0.0,0.0,0.0,0.0,0.0,0.0,0.0,0.0,0.0,0.0,0.0,0.0,0.0,0.0,0.0,0.0,0.0,0.0,0.0,0.0,0.0,,0.0,,0.0,0.0,0.0,0.0,0.0,0.0,0.0,0.0,0.0,9002.0,6.66,8733.7,LOW,0,32,13.3379,77.1173,126,125,894.0,0,TUMKUR,TUMKUR,2678980.0,1350594.0,1328386.0,0.0,0.0,506901.0,209559.0,1813391.0,1354646.0,67.69,983.6,0.0,18.92,7.82,50.57,50.95,2.43,0.56,0.3,336.02,17.81,10.64,0.6,4.7,4.67,33.37
KARNATAKA,TUMKUR,2005,64,54.0,5,14,0,14.0,24,15.0,9.0,6,0.0,28,306.0,419,100,319.0,226,5,35,0.0,8,888.0,8,59,0.0,41,0.0,36,2128,4354.0,,0.0,0.0,0.0,0.0,0.0,0.0,0.0,0.0,0.0,0.0,0.0,0.0,0.0,0.0,0.0,0.0,0.0,0.0,0.0,0.0,0.0,0.0,0.0,0.0,0.0,0.0,0.0,0.0,0.0,0.0,0.0,0.0,0.0,0.0,0.0,0.0,0.0,0.0,0.0,0.0,0.0,0.0,0.0,0.0,0.0,0.0,0.0,0.0,0.0,0.0,0.0,0.0,0.0,0.0,0.0,0.0,0.0,0.0,,0.0,,0.0,0.0,0.0,0.0,0.0,0.0,0.0,0.0,0.0,9165.0,1.81,8869.0,LOW,0,32,13.3379,77.1173,136,122,865.0,0,TUMKUR,TUMKUR,2678980.0,1350594.0,1328386.0,0.0,0.0,506901.0,209559.0,1813391.0,1354646.0,67.69,983.6,0.0,18.92,7.82,50.57,50.95,2.39,0.52,0.9,342.11,15.64,11.42,0.3,5.08,4.55,32.29
KARNATAKA,TUMKUR,2006,62,41.0,4,13,0,13.0,15,5.0,10.0,4,2.0,29,207.0,403,116,287.0,157,10,26,1.0,16,806.0,10,87,0.0,47,0.0,23,2308,4271.0,,0.0,0.0,0.0,0.0,0.0,0.0,0.0,0.0,0.0,0.0,0.0,0.0,0.0,0.0,0.0,0.0,0.0,0.0,0.0,0.0,0.0,0.0,0.0,0.0,0.0,0.0,0.0,0.0,0.0,0.0,0.0,0.0,0.0,0.0,0.0,0.0,0.0,0.0,0.0,0.0,0.0,0.0,0.0,0.0,0.0,0.0,0.0,0.0,0.0,0.0,0.0,0.0,0.0,0.0,0.0,0.0,0.0,0.0,,0.0,,0.0,0.0,0.0,0.0,0.0,0.0,0.0,0.0,0.0,8973.0,-2.09,9046.7,LOW,0,32,13.3379,77.1173,123,157,762.0,0,TUMKUR,TUMKUR,2678980.0,1350594.0,1328386.0,0.0,0.0,506901.0,209559.0,1813391.0,1354646.0,67.69,983.6,0.0,18.92,7.82,50.57,50.95,2.31,0.49,0.56,334.94,15.04,7.73,0.37,4.59,5.86,28.44
KARNATAKA,TUMKUR,2007,74,41.0,2,17,0,17.0,25,19.0,6.0,11,1.0,39,227.0,417,123,294.0,184,2,37,2.0,16,784.0,10,105,0.0,77,0.0,36,2611,4718.0,,0.0,0.0,0.0,0.0,0.0,0.0,0.0,0.0,0.0,0.0,0.0,0.0,0.0,0.0,0.0,0.0,0.0,0.0,0.0,0.0,0.0,0.0,0.0,0.0,0.0,0.0,0.0,0.0,0.0,0.0,0.0,0.0,0.0,0.0,0.0,0.0,0.0,0.0,0.0,0.0,0.0,0.0,0.0,0.0,0.0,0.0,0.0,0.0,0.0,0.0,0.0,0.0,0.0,0.0,0.0,0.0,0.0,0.0,,0.0,,0.0,0.0,0.0,0.0,0.0,0.0,0.0,0.0,0.0,9895.0,10.28,9344.3,LOW,0,32,13.3379,77.1173,166,209,806.0,0,TUMKUR,TUMKUR,2678980.0,1350594.0,1328386.0,0.0,0.0,506901.0,209559.0,1813391.0,1354646.0,67.69,983.6,0.0,18.92,7.82,50.57,50.95,2.76,0.63,0.93,369.36,15.57,8.47,0.37,6.2,7.8,30.09
KARNATAKA,TUMKUR,2008,69,55.0,1,12,0,12.0,18,10.0,8.0,17,2.0,41,244.0,453,129,324.0,245,8,70,4.0,25,694.0,16,90,0.0,80,0.0,17,2652,4813.0,,0.0,0.0,0.0,0.0,0.0,0.0,0.0,0.0,0.0,0.0,0.0,0.0,0.0,0.0,0.0,0.0,0.0,0.0,0.0,0.0,0.0,0.0,0.0,0.0,0.0,0.0,0.0,0.0,0.0,0.0,0.0,0.0,0.0,0.0,0.0,0.0,0.0,0.0,0.0,0.0,0.0,0.0,0.0,0.0,0.0,0.0,0.0,0.0,0.0,0.0,0.0,0.0,0.0,0.0,0.0,0.0,0.0,0.0,,0.0,,0.0,0.0,0.0,0.0,0.0,0.0,0.0,0.0,0.0,10109.0,2.16,9659.0,LOW,0,32,13.3379,77.1173,157,198,904.0,0,TUMKUR,TUMKUR,2678980.0,1350594.0,1328386.0,0.0,0.0,506901.0,209559.0,1813391.0,1354646.0,67.69,983.6,0.0,18.92,7.82,50.57,50.95,2.58,0.45,0.67,377.35,16.91,9.11,0.6,5.86,7.39,33.74
KARNATAKA,TUMKUR,2009,83,54.0,9,19,0,19.0,23,6.0,17.0,17,6.0,59,212.0,585,258,327.0,176,9,104,6.0,19,746.0,13,85,0.0,79,0.0,5,2636,4945.0,,0.0,0.0,0.0,0.0,0.0,0.0,0.0,0.0,0.0,0.0,0.0,0.0,0.0,0.0,0.0,0.0,0.0,0.0,0.0,0.0,0.0,0.0,0.0,0.0,0.0,0.0,0.0,0.0,0.0,0.0,0.0,0.0,0.0,0.0,0.0,0.0,0.0,0.0,0.0,0.0,0.0,0.0,0.0,0.0,0.0,0.0,0.0,0.0,0.0,0.0,0.0,0.0,0.0,0.0,0.0,0.0,0.0,0.0,,0.0,,0.0,0.0,0.0,0.0,0.0,0.0,0.0,0.0,0.0,10517.0,4.04,10173.7,LOW,0,32,13.3379,77.1173,201,196,1168.0,0,TUMKUR,TUMKUR,2678980.0,1350594.0,1328386.0,0.0,0.0,506901.0,209559.0,1813391.0,1354646.0,67.69,983.6,0.0,18.92,7.82,50.57,50.95,3.1,0.71,0.86,392.57,21.84,7.91,0.49,7.5,7.32,43.6
KARNATAKA,TUMKUR,2010,88,57.0,4,25,0,25.0,29,14.0,15.0,15,3.0,87,255.0,652,217,435.0,278,11,85,5.0,34,773.0,14,107,0.0,78,0.0,16,2485,5101.0,,0.0,0.0,0.0,0.0,0.0,0.0,0.0,0.0,0.0,0.0,0.0,0.0,0.0,0.0,0.0,0.0,0.0,0.0,0.0,0.0,0.0,0.0,0.0,0.0,0.0,0.0,0.0,0.0,0.0,0.0,0.0,0.0,0.0,0.0,0.0,0.0,0.0,0.0,0.0,0.0,0.0,0.0,0.0,0.0,0.0,0.0,0.0,0.0,0.0,0.0,0.0,0.0,0.0,0.0,0.0,0.0,0.0,0.0,,0.0,,0.0,0.0,0.0,0.0,0.0,0.0,0.0,0.0,0.0,10908.0,3.72,10511.3,LOW,0,32,13.3379,77.1173,244,224,1220.0,0,TUMKUR,TUMKUR,2678980.0,1350594.0,1328386.0,0.0,0.0,506901.0,209559.0,1813391.0,1354646.0,67.69,983.6,0.0,18.92,7.82,50.57,50.95,3.28,0.93,1.08,407.17,24.34,9.52,0.52,9.11,8.36,45.54
KARNATAKA,TUMKUR,2011,101,94.0,7,31,0,31.0,40,14.0,26.0,13,3.0,89,248.0,511,168,343.0,369,14,161,0.0,4,913.0,17,135,0.0,124,0.0,11,2708,5593.0,,0.0,0.0,0.0,0.0,0.0,0.0,0.0,0.0,0.0,0.0,0.0,0.0,0.0,0.0,0.0,0.0,0.0,0.0,0.0,0.0,0.0,0.0,0.0,0.0,0.0,0.0,0.0,0.0,0.0,0.0,0.0,0.0,0.0,0.0,0.0,0.0,0.0,0.0,0.0,0.0,0.0,0.0,0.0,0.0,0.0,0.0,0.0,0.0,0.0,0.0,0.0,0.0,0.0,0.0,0.0,0.0,0.0,0.0,,0.0,,0.0,0.0,0.0,0.0,0.0,0.0,0.0,0.0,0.0,11768.0,7.88,11064.3,LOW,0,32,13.3379,77.1173,274,307,1102.0,0,TUMKUR,TUMKUR,2678980.0,1350594.0,1328386.0,0.0,0.0,506901.0,209559.0,1813391.0,1354646.0,67.69,983.6,0.0,18.92,7.82,50.57,50.95,3.77,1.16,1.49,439.27,19.07,9.26,0.63,10.23,11.46,41.14
KARNATAKA,TUMKUR,2012,91,80.0,5,33,0,33.0,38,10.0,28.0,8,5.0,94,306.0,470,190,280.0,375,11,153,0.0,0,950.0,18,171,0.0,132,0.0,6,2621,5567.0,,0.0,0.0,0.0,0.0,0.0,0.0,0.0,0.0,0.0,0.0,0.0,0.0,0.0,0.0,0.0,0.0,0.0,0.0,0.0,0.0,0.0,0.0,0.0,0.0,0.0,0.0,0.0,0.0,0.0,0.0,0.0,0.0,0.0,0.0,0.0,0.0,0.0,0.0,0.0,0.0,0.0,0.0,0.0,0.0,0.0,0.0,0.0,0.0,0.0,0.0,0.0,0.0,0.0,0.0,0.0,0.0,0.0,0.0,,0.0,,0.0,0.0,0.0,0.0,0.0,0.0,0.0,0.0,0.0,11675.0,-0.79,11450.3,LOW,0,32,13.3379,77.1173,264,354,1130.0,0,TUMKUR,TUMKUR,2678980.0,1350594.0,1328386.0,0.0,0.0,506901.0,209559.0,1813391.0,1354646.0,67.69,983.6,0.0,18.92,7.82,50.57,50.95,3.4,1.23,1.42,435.8,17.54,11.42,0.67,9.85,13.21,42.18
Karnataka,TUMKUR,2013,58,49.0,2,37,0,37.0,41,16.0,25.0,10,7.0,90,210.0,421,198,223.0,201,26,157,0.0,18,741.0,14,206,0.0,87,0.0,32,2422,4829.0,,0.0,0.0,0.0,0.0,0.0,0.0,0.0,0.0,0.0,0.0,0.0,0.0,0.0,0.0,0.0,0.0,0.0,0.0,0.0,0.0,0.0,0.0,0.0,0.0,0.0,0.0,0.0,0.0,0.0,0.0,0.0,0.0,0.0,0.0,0.0,0.0,0.0,0.0,0.0,0.0,0.0,0.0,0.0,0.0,0.0,0.0,0.0,0.0,0.0,0.0,0.0,0.0,0.0,0.0,0.0,0.0,0.0,0.0,,0.0,,0.0,0.0,0.0,0.0,0.0,0.0,0.0,0.0,0.0,10157.0,-13.0,11200.0,LOW,0,32,13.3379,77.1173,236,344,1012.0,0,TUMKUR,TUMKUR,2678980.0,1350594.0,1328386.0,0.0,0.0,506901.0,209559.0,1813391.0,1354646.0,67.69,983.6,0.0,18.92,7.82,50.57,50.95,2.17,1.38,1.53,379.14,15.71,7.84,0.52,8.81,12.84,37.78
KARNATAKA,UDUPI,2001,16,14.0,0,2,0,2.0,2,0.0,2.0,1,0.0,12,93.0,112,39,73.0,107,4,15,1.0,5,304.0,0,16,2.0,16,0.0,6,1231,1959.0,,0.0,0.0,0.0,0.0,0.0,0.0,0.0,0.0,0.0,0.0,0.0,0.0,0.0,0.0,0.0,0.0,0.0,0.0,0.0,0.0,0.0,0.0,0.0,0.0,0.0,0.0,0.0,0.0,0.0,0.0,0.0,0.0,0.0,0.0,0.0,0.0,0.0,0.0,0.0,0.0,0.0,0.0,0.0,0.0,0.0,0.0,0.0,0.0,0.0,0.0,0.0,0.0,0.0,0.0,0.0,0.0,0.0,0.0,,0.0,,0.0,0.0,0.0,0.0,0.0,0.0,0.0,0.0,0.0,4034.0,0.0,4034.0,LOW,0,33,13.3409,74.7421,33,34,263.0,0,UDUPI,UDUPI,1177361.0,562131.0,615230.0,0.0,0.0,75429.0,52897.0,926429.0,513241.0,78.69,1094.5,0.0,6.41,4.49,43.59,41.8,1.36,0.17,0.17,342.63,9.51,7.9,0.0,2.8,2.89,22.34
KARNATAKA,UDUPI,2002,15,22.0,0,1,0,1.0,9,4.0,5.0,2,0.0,11,127.0,80,38,42.0,188,11,15,2.0,1,315.0,2,21,0.0,22,0.0,6,1359,2209.0,,0.0,0.0,0.0,0.0,0.0,0.0,0.0,0.0,0.0,0.0,0.0,0.0,0.0,0.0,0.0,0.0,0.0,0.0,0.0,0.0,0.0,0.0,0.0,0.0,0.0,0.0,0.0,0.0,0.0,0.0,0.0,0.0,0.0,0.0,0.0,0.0,0.0,0.0,0.0,0.0,0.0,0.0,0.0,0.0,0.0,0.0,0.0,0.0,0.0,0.0,0.0,0.0,0.0,0.0,0.0,0.0,0.0,0.0,,0.0,,0.0,0.0,0.0,0.0,0.0,0.0,0.0,0.0,0.0,4508.0,11.75,4271.0,LOW,0,33,13.3409,74.7421,38,46,271.0,0,UDUPI,UDUPI,1177361.0,562131.0,615230.0,0.0,0.0,75429.0,52897.0,926429.0,513241.0,78.69,1094.5,0.0,6.41,4.49,43.59,41.8,1.27,0.08,0.76,382.89,6.79,10.79,0.17,3.23,3.91,23.02
KARNATAKA,UDUPI,2003,15,10.0,2,5,0,5.0,9,0.0,9.0,3,0.0,9,121.0,107,25,82.0,144,4,19,1.0,4,354.0,0,21,1.0,23,0.0,2,1316,2170.0,,0.0,0.0,0.0,0.0,0.0,0.0,0.0,0.0,0.0,0.0,0.0,0.0,0.0,0.0,0.0,0.0,0.0,0.0,0.0,0.0,0.0,0.0,0.0,0.0,0.0,0.0,0.0,0.0,0.0,0.0,0.0,0.0,0.0,0.0,0.0,0.0,0.0,0.0,0.0,0.0,0.0,0.0,0.0,0.0,0.0,0.0,0.0,0.0,0.0,0.0,0.0,0.0,0.0,0.0,0.0,0.0,0.0,0.0,,0.0,,0.0,0.0,0.0,0.0,0.0,0.0,0.0,0.0,0.0,4461.0,-1.04,4334.3,LOW,0,33,13.3409,74.7421,41,49,276.0,0,UDUPI,UDUPI,1177361.0,562131.0,615230.0,0.0,0.0,75429.0,52897.0,926429.0,513241.0,78.69,1094.5,0.0,6.41,4.49,43.59,41.8,1.27,0.42,0.76,378.9,9.09,10.28,0.0,3.48,4.16,23.44
KARNATAKA,UDUPI,2004,16,22.0,2,0,0,0.0,8,1.0,7.0,10,0.0,11,111.0,103,36,67.0,136,8,21,2.0,4,265.0,0,21,2.0,22,0.0,0,1476,2240.0,,0.0,0.0,0.0,0.0,0.0,0.0,0.0,0.0,0.0,0.0,0.0,0.0,0.0,0.0,0.0,0.0,0.0,0.0,0.0,0.0,0.0,0.0,0.0,0.0,0.0,0.0,0.0,0.0,0.0,0.0,0.0,0.0,0.0,0.0,0.0,0.0,0.0,0.0,0.0,0.0,0.0,0.0,0.0,0.0,0.0,0.0,0.0,0.0,0.0,0.0,0.0,0.0,0.0,0.0,0.0,0.0,0.0,0.0,,0.0,,0.0,0.0,0.0,0.0,0.0,0.0,0.0,0.0,0.0,4591.0,2.91,4520.0,LOW,0,33,13.3409,74.7421,45,43,279.0,0,UDUPI,UDUPI,1177361.0,562131.0,615230.0,0.0,0.0,75429.0,52897.0,926429.0,513241.0,78.69,1094.5,0.0,6.41,4.49,43.59,41.8,1.36,0.0,0.68,389.94,8.75,9.43,0.0,3.82,3.65,23.7
KARNATAKA,UDUPI,2005,26,18.0,1,7,0,7.0,9,2.0,7.0,6,0.0,15,134.0,90,29,61.0,146,11,13,1.0,4,263.0,2,27,1.0,14,0.0,8,1441,2237.0,,0.0,0.0,0.0,0.0,0.0,0.0,0.0,0.0,0.0,0.0,0.0,0.0,0.0,0.0,0.0,0.0,0.0,0.0,0.0,0.0,0.0,0.0,0.0,0.0,0.0,0.0,0.0,0.0,0.0,0.0,0.0,0.0,0.0,0.0,0.0,0.0,0.0,0.0,0.0,0.0,0.0,0.0,0.0,0.0,0.0,0.0,0.0,0.0,0.0,0.0,0.0,0.0,0.0,0.0,0.0,0.0,0.0,0.0,,0.0,,0.0,0.0,0.0,0.0,0.0,0.0,0.0,0.0,0.0,4580.0,-0.24,4544.0,LOW,0,33,13.3409,74.7421,63,50,277.0,0,UDUPI,UDUPI,1177361.0,562131.0,615230.0,0.0,0.0,75429.0,52897.0,926429.0,513241.0,78.69,1094.5,0.0,6.41,4.49,43.59,41.8,2.21,0.59,0.76,389.01,7.64,11.38,0.17,5.35,4.25,23.53
KARNATAKA,UDUPI,2006,21,10.0,1,11,0,11.0,7,3.0,4.0,5,0.0,16,124.0,108,38,70.0,134,4,14,3.0,8,273.0,4,17,0.0,24,0.0,4,1430,2218.0,,0.0,0.0,0.0,0.0,0.0,0.0,0.0,0.0,0.0,0.0,0.0,0.0,0.0,0.0,0.0,0.0,0.0,0.0,0.0,0.0,0.0,0.0,0.0,0.0,0.0,0.0,0.0,0.0,0.0,0.0,0.0,0.0,0.0,0.0,0.0,0.0,0.0,0.0,0.0,0.0,0.0,0.0,0.0,0.0,0.0,0.0,0.0,0.0,0.0,0.0,0.0,0.0,0.0,0.0,0.0,0.0,0.0,0.0,,0.0,,0.0,0.0,0.0,0.0,0.0,0.0,0.0,0.0,0.0,4562.0,-0.39,4577.7,LOW,0,33,13.3409,74.7421,60,56,288.0,0,UDUPI,UDUPI,1177361.0,562131.0,615230.0,0.0,0.0,75429.0,52897.0,926429.0,513241.0,78.69,1094.5,0.0,6.41,4.49,43.59,41.8,1.78,0.93,0.59,387.48,9.17,10.53,0.34,5.1,4.76,24.46
KARNATAKA,UDUPI,2007,12,12.0,1,11,0,11.0,7,1.0,6.0,1,1.0,15,117.0,119,54,65.0,142,5,22,2.0,8,289.0,1,22,2.0,19,0.0,5,1576,2389.0,,0.0,0.0,0.0,0.0,0.0,0.0,0.0,0.0,0.0,0.0,0.0,0.0,0.0,0.0,0.0,0.0,0.0,0.0,0.0,0.0,0.0,0.0,0.0,0.0,0.0,0.0,0.0,0.0,0.0,0.0,0.0,0.0,0.0,0.0,0.0,0.0,0.0,0.0,0.0,0.0,0.0,0.0,0.0,0.0,0.0,0.0,0.0,0.0,0.0,0.0,0.0,0.0,0.0,0.0,0.0,0.0,0.0,0.0,,0.0,,0.0,0.0,0.0,0.0,0.0,0.0,0.0,0.0,0.0,4915.0,7.74,4685.7,LOW,0,33,13.3409,74.7421,46,53,317.0,0,UDUPI,UDUPI,1177361.0,562131.0,615230.0,0.0,0.0,75429.0,52897.0,926429.0,513241.0,78.69,1094.5,0.0,6.41,4.49,43.59,41.8,1.02,0.93,0.59,417.46,10.11,9.94,0.08,3.91,4.5,26.92
KARNATAKA,UDUPI,2008,21,10.0,2,11,0,11.0,7,3.0,4.0,4,1.0,19,127.0,133,76,57.0,84,2,25,2.0,5,267.0,0,17,0.0,15,0.0,7,1576,2335.0,,0.0,0.0,0.0,0.0,0.0,0.0,0.0,0.0,0.0,0.0,0.0,0.0,0.0,0.0,0.0,0.0,0.0,0.0,0.0,0.0,0.0,0.0,0.0,0.0,0.0,0.0,0.0,0.0,0.0,0.0,0.0,0.0,0.0,0.0,0.0,0.0,0.0,0.0,0.0,0.0,0.0,0.0,0.0,0.0,0.0,0.0,0.0,0.0,0.0,0.0,0.0,0.0,0.0,0.0,0.0,0.0,0.0,0.0,,0.0,,0.0,0.0,0.0,0.0,0.0,0.0,0.0,0.0,0.0,4821.0,-1.91,4766.0,LOW,0,33,13.3409,74.7421,62,43,363.0,0,UDUPI,UDUPI,1177361.0,562131.0,615230.0,0.0,0.0,75429.0,52897.0,926429.0,513241.0,78.69,1094.5,0.0,6.41,4.49,43.59,41.8,1.78,0.93,0.59,409.48,11.3,10.79,0.0,5.27,3.65,30.83
KARNATAKA,UDUPI,2009,28,12.0,1,5,0,5.0,3,3.0,0.0,4,2.0,44,139.0,113,44,69.0,104,8,18,3.0,6,291.0,0,26,1.0,22,0.0,9,1567,2406.0,,0.0,0.0,0.0,0.0,0.0,0.0,0.0,0.0,0.0,0.0,0.0,0.0,0.0,0.0,0.0,0.0,0.0,0.0,0.0,0.0,0.0,0.0,0.0,0.0,0.0,0.0,0.0,0.0,0.0,0.0,0.0,0.0,0.0,0.0,0.0,0.0,0.0,0.0,0.0,0.0,0.0,0.0,0.0,0.0,0.0,0.0,0.0,0.0,0.0,0.0,0.0,0.0,0.0,0.0,0.0,0.0,0.0,0.0,,0.0,,0.0,0.0,0.0,0.0,0.0,0.0,0.0,0.0,0.0,4933.0,2.32,4889.7,LOW,0,33,13.3409,74.7421,84,53,322.0,0,UDUPI,UDUPI,1177361.0,562131.0,615230.0,0.0,0.0,75429.0,52897.0,926429.0,513241.0,78.69,1094.5,0.0,6.41,4.49,43.59,41.8,2.38,0.42,0.25,418.99,9.6,11.81,0.0,7.13,4.5,27.35
KARNATAKA,UDUPI,2010,15,17.0,1,12,0,12.0,7,3.0,4.0,5,2.0,40,139.0,142,51,91.0,134,5,54,16.0,2,315.0,1,31,1.0,38,0.0,13,1709,2699.0,,0.0,0.0,0.0,0.0,0.0,0.0,0.0,0.0,0.0,0.0,0.0,0.0,0.0,0.0,0.0,0.0,0.0,0.0,0.0,0.0,0.0,0.0,0.0,0.0,0.0,0.0,0.0,0.0,0.0,0.0,0.0,0.0,0.0,0.0,0.0,0.0,0.0,0.0,0.0,0.0,0.0,0.0,0.0,0.0,0.0,0.0,0.0,0.0,0.0,0.0,0.0,0.0,0.0,0.0,0.0,0.0,0.0,0.0,,0.0,,0.0,0.0,0.0,0.0,0.0,0.0,0.0,0.0,0.0,5559.0,12.69,5104.3,LOW,0,33,13.3409,74.7421,79,82,391.0,0,UDUPI,UDUPI,1177361.0,562131.0,615230.0,0.0,0.0,75429.0,52897.0,926429.0,513241.0,78.69,1094.5,0.0,6.41,4.49,43.59,41.8,1.27,1.02,0.59,472.16,12.06,11.81,0.08,6.71,6.96,33.21
KARNATAKA,UDUPI,2011,22,9.0,0,5,0,5.0,9,3.0,6.0,1,0.0,27,162.0,175,59,116.0,99,15,69,1.0,1,291.0,1,45,1.0,42,0.0,12,1591,2578.0,,0.0,0.0,0.0,0.0,0.0,0.0,0.0,0.0,0.0,0.0,0.0,0.0,0.0,0.0,0.0,0.0,0.0,0.0,0.0,0.0,0.0,0.0,0.0,0.0,0.0,0.0,0.0,0.0,0.0,0.0,0.0,0.0,0.0,0.0,0.0,0.0,0.0,0.0,0.0,0.0,0.0,0.0,0.0,0.0,0.0,0.0,0.0,0.0,0.0,0.0,0.0,0.0,0.0,0.0,0.0,0.0,0.0,0.0,,0.0,,0.0,0.0,0.0,0.0,0.0,0.0,0.0,0.0,0.0,5345.0,-3.85,5279.0,LOW,0,33,13.3409,74.7421,64,93,480.0,0,UDUPI,UDUPI,1177361.0,562131.0,615230.0,0.0,0.0,75429.0,52897.0,926429.0,513241.0,78.69,1094.5,0.0,6.41,4.49,43.59,41.8,1.87,0.42,0.76,453.98,14.86,13.76,0.08,5.44,7.9,40.77
KARNATAKA,UDUPI,2012,14,18.0,3,5,0,5.0,12,3.0,9.0,5,3.0,36,139.0,115,48,67.0,119,4,37,1.0,8,285.0,0,41,1.0,38,0.0,13,1557,2454.0,,0.0,0.0,0.0,0.0,0.0,0.0,0.0,0.0,0.0,0.0,0.0,0.0,0.0,0.0,0.0,0.0,0.0,0.0,0.0,0.0,0.0,0.0,0.0,0.0,0.0,0.0,0.0,0.0,0.0,0.0,0.0,0.0,0.0,0.0,0.0,0.0,0.0,0.0,0.0,0.0,0.0,0.0,0.0,0.0,0.0,0.0,0.0,0.0,0.0,0.0,0.0,0.0,0.0,0.0,0.0,0.0,0.0,0.0,,0.0,,0.0,0.0,0.0,0.0,0.0,0.0,0.0,0.0,0.0,5040.0,-5.71,5314.7,LOW,0,33,13.3409,74.7421,72,84,343.0,0,UDUPI,UDUPI,1177361.0,562131.0,615230.0,0.0,0.0,75429.0,52897.0,926429.0,513241.0,78.69,1094.5,0.0,6.41,4.49,43.59,41.8,1.19,0.42,1.02,428.08,9.77,11.81,0.0,6.12,7.13,29.13
Karnataka,UDUPI,2013,20,26.0,0,22,0,22.0,23,11.0,12.0,7,3.0,41,110.0,120,45,75.0,128,6,146,0.0,7,332.0,2,67,0.0,78,0.0,5,1524,2667.0,,0.0,0.0,0.0,0.0,0.0,0.0,0.0,0.0,0.0,0.0,0.0,0.0,0.0,0.0,0.0,0.0,0.0,0.0,0.0,0.0,0.0,0.0,0.0,0.0,0.0,0.0,0.0,0.0,0.0,0.0,0.0,0.0,0.0,0.0,0.0,0.0,0.0,0.0,0.0,0.0,0.0,0.0,0.0,0.0,0.0,0.0,0.0,0.0,0.0,0.0,0.0,0.0,0.0,0.0,0.0,0.0,0.0,0.0,,0.0,,0.0,0.0,0.0,0.0,0.0,0.0,0.0,0.0,0.0,5499.0,9.11,5294.7,LOW,0,33,13.3409,74.7421,113,169,427.0,0,UDUPI,UDUPI,1177361.0,562131.0,615230.0,0.0,0.0,75429.0,52897.0,926429.0,513241.0,78.69,1094.5,0.0,6.41,4.49,43.59,41.8,1.7,1.87,1.95,467.06,10.19,9.34,0.17,9.6,14.35,36.27
KARNATAKA,UTTAR KANNADA,2001,17,14.0,0,4,0,4.0,5,3.0,2.0,1,0.0,5,70.0,81,24,57.0,118,11,11,1.0,4,437.0,3,27,2.0,34,0.0,0,1474,2319.0,,0.0,0.0,0.0,0.0,0.0,0.0,0.0,0.0,0.0,0.0,0.0,0.0,0.0,0.0,0.0,0.0,0.0,0.0,0.0,0.0,0.0,0.0,0.0,0.0,0.0,0.0,0.0,0.0,0.0,0.0,0.0,0.0,0.0,0.0,0.0,0.0,0.0,0.0,0.0,0.0,0.0,0.0,0.0,0.0,0.0,0.0,0.0,0.0,0.0,0.0,0.0,0.0,0.0,0.0,0.0,0.0,0.0,0.0,,0.0,,0.0,0.0,0.0,0.0,0.0,0.0,0.0,0.0,0.0,4728.0,0.0,4728.0,LOW,0,34,,,32,68,197.0,0,UTTAR KANNADA,,,,,,,,,,,,,,,,,,,,,,,,,,,
KARNATAKA,UTTAR KANNADA,2002,28,12.0,1,5,0,5.0,2,1.0,1.0,0,0.0,7,82.0,83,24,59.0,123,2,18,5.0,4,385.0,1,38,5.0,33,0.0,0,1501,2335.0,,0.0,0.0,0.0,0.0,0.0,0.0,0.0,0.0,0.0,0.0,0.0,0.0,0.0,0.0,0.0,0.0,0.0,0.0,0.0,0.0,0.0,0.0,0.0,0.0,0.0,0.0,0.0,0.0,0.0,0.0,0.0,0.0,0.0,0.0,0.0,0.0,0.0,0.0,0.0,0.0,0.0,0.0,0.0,0.0,0.0,0.0,0.0,0.0,0.0,0.0,0.0,0.0,0.0,0.0,0.0,0.0,0.0,0.0,,0.0,,0.0,0.0,0.0,0.0,0.0,0.0,0.0,0.0,0.0,4760.0,0.68,4744.0,LOW,0,34,,,42,77,209.0,0,UTTAR KANNADA,,,,,,,,,,,,,,,,,,,,,,,,,,,
KARNATAKA,UTTAR KANNADA,2003,23,22.0,0,0,0,0.0,1,1.0,0.0,3,0.0,6,64.0,85,27,58.0,93,5,11,1.0,2,396.0,0,37,3.0,25,0.0,0,1529,2306.0,,0.0,0.0,0.0,0.0,0.0,0.0,0.0,0.0,0.0,0.0,0.0,0.0,0.0,0.0,0.0,0.0,0.0,0.0,0.0,0.0,0.0,0.0,0.0,0.0,0.0,0.0,0.0,0.0,0.0,0.0,0.0,0.0,0.0,0.0,0.0,0.0,0.0,0.0,0.0,0.0,0.0,0.0,0.0,0.0,0.0,0.0,0.0,0.0,0.0,0.0,0.0,0.0,0.0,0.0,0.0,0.0,0.0,0.0,,0.0,,0.0,0.0,0.0,0.0,0.0,0.0,0.0,0.0,0.0,4698.0,-1.3,4728.7,LOW,0,34,,,33,62,192.0,0,UTTAR KANNADA,,,,,,,,,,,,,,,,,,,,,,,,,,,
KARNATAKA,UTTAR KANNADA,2004,24,16.0,0,2,0,2.0,4,2.0,2.0,3,0.0,19,82.0,73,24,49.0,94,1,9,1.0,6,388.0,3,28,0.0,25,0.0,0,1518,2296.0,,0.0,0.0,0.0,0.0,0.0,0.0,0.0,0.0,0.0,0.0,0.0,0.0,0.0,0.0,0.0,0.0,0.0,0.0,0.0,0.0,0.0,0.0,0.0,0.0,0.0,0.0,0.0,0.0,0.0,0.0,0.0,0.0,0.0,0.0,0.0,0.0,0.0,0.0,0.0,0.0,0.0,0.0,0.0,0.0,0.0,0.0,0.0,0.0,0.0,0.0,0.0,0.0,0.0,0.0,0.0,0.0,0.0,0.0,,0.0,,0.0,0.0,0.0,0.0,0.0,0.0,0.0,0.0,0.0,4671.0,-0.57,4709.7,LOW,0,34,,,52,58,189.0,0,UTTAR KANNADA,,,,,,,,,,,,,,,,,,,,,,,,,,,
KARNATAKA,UTTAR KANNADA,2005,22,24.0,1,3,0,3.0,7,1.0,6.0,3,0.0,11,70.0,75,20,55.0,71,7,23,1.0,18,362.0,2,42,1.0,40,0.0,0,1540,2323.0,,0.0,0.0,0.0,0.0,0.0,0.0,0.0,0.0,0.0,0.0,0.0,0.0,0.0,0.0,0.0,0.0,0.0,0.0,0.0,0.0,0.0,0.0,0.0,0.0,0.0,0.0,0.0,0.0,0.0,0.0,0.0,0.0,0.0,0.0,0.0,0.0,0.0,0.0,0.0,0.0,0.0,0.0,0.0,0.0,0.0,0.0,0.0,0.0,0.0,0.0,0.0,0.0,0.0,0.0,0.0,0.0,0.0,0.0,,0.0,,0.0,0.0,0.0,0.0,0.0,0.0,0.0,0.0,0.0,4731.0,1.28,4700.0,LOW,0,34,,,46,87,195.0,0,UTTAR KANNADA,,,,,,,,,,,,,,,,,,,,,,,,,,,
KARNATAKA,UTTAR KANNADA,2006,31,25.0,4,7,0,7.0,5,0.0,5.0,3,0.0,6,104.0,86,26,60.0,72,9,13,2.0,4,272.0,0,49,0.0,42,0.0,0,1545,2279.0,,0.0,0.0,0.0,0.0,0.0,0.0,0.0,0.0,0.0,0.0,0.0,0.0,0.0,0.0,0.0,0.0,0.0,0.0,0.0,0.0,0.0,0.0,0.0,0.0,0.0,0.0,0.0,0.0,0.0,0.0,0.0,0.0,0.0,0.0,0.0,0.0,0.0,0.0,0.0,0.0,0.0,0.0,0.0,0.0,0.0,0.0,0.0,0.0,0.0,0.0,0.0,0.0,0.0,0.0,0.0,0.0,0.0,0.0,,0.0,,0.0,0.0,0.0,0.0,0.0,0.0,0.0,0.0,0.0,4656.0,-1.59,4686.0,LOW,0,34,,,52,98,238.0,0,UTTAR KANNADA,,,,,,,,,,,,,,,,,,,,,,,,,,,
KARNATAKA,UTTAR KANNADA,2007,19,16.0,3,4,0,4.0,7,6.0,1.0,1,0.0,19,70.0,75,15,60.0,63,9,20,2.0,8,342.0,1,63,2.0,60,0.0,0,1557,2341.0,,0.0,0.0,0.0,0.0,0.0,0.0,0.0,0.0,0.0,0.0,0.0,0.0,0.0,0.0,0.0,0.0,0.0,0.0,0.0,0.0,0.0,0.0,0.0,0.0,0.0,0.0,0.0,0.0,0.0,0.0,0.0,0.0,0.0,0.0,0.0,0.0,0.0,0.0,0.0,0.0,0.0,0.0,0.0,0.0,0.0,0.0,0.0,0.0,0.0,0.0,0.0,0.0,0.0,0.0,0.0,0.0,0.0,0.0,,0.0,,0.0,0.0,0.0,0.0,0.0,0.0,0.0,0.0,0.0,4768.0,2.41,4718.3,LOW,0,34,,,50,128,189.0,0,UTTAR KANNADA,,,,,,,,,,,,,,,,,,,,,,,,,,,
KARNATAKA,UTTAR KANNADA,2008,18,15.0,3,10,0,10.0,11,9.0,2.0,4,1.0,13,89.0,95,41,54.0,57,13,30,1.0,8,357.0,1,46,7.0,84,0.0,0,1717,2580.0,,0.0,0.0,0.0,0.0,0.0,0.0,0.0,0.0,0.0,0.0,0.0,0.0,0.0,0.0,0.0,0.0,0.0,0.0,0.0,0.0,0.0,0.0,0.0,0.0,0.0,0.0,0.0,0.0,0.0,0.0,0.0,0.0,0.0,0.0,0.0,0.0,0.0,0.0,0.0,0.0,0.0,0.0,0.0,0.0,0.0,0.0,0.0,0.0,0.0,0.0,0.0,0.0,0.0,0.0,0.0,0.0,0.0,0.0,,0.0,,0.0,0.0,0.0,0.0,0.0,0.0,0.0,0.0,0.0,5276.0,10.65,4900.0,LOW,0,34,,,56,141,268.0,0,UTTAR KANNADA,,,,,,,,,,,,,,,,,,,,,,,,,,,
KARNATAKA,UTTAR KANNADA,2009,18,20.0,7,9,0,9.0,10,10.0,0.0,11,0.0,24,73.0,73,19,54.0,85,2,33,0.0,15,310.0,2,54,5.0,63,0.0,0,1789,2603.0,,0.0,0.0,0.0,0.0,0.0,0.0,0.0,0.0,0.0,0.0,0.0,0.0,0.0,0.0,0.0,0.0,0.0,0.0,0.0,0.0,0.0,0.0,0.0,0.0,0.0,0.0,0.0,0.0,0.0,0.0,0.0,0.0,0.0,0.0,0.0,0.0,0.0,0.0,0.0,0.0,0.0,0.0,0.0,0.0,0.0,0.0,0.0,0.0,0.0,0.0,0.0,0.0,0.0,0.0,0.0,0.0,0.0,0.0,,0.0,,0.0,0.0,0.0,0.0,0.0,0.0,0.0,0.0,0.0,5298.0,0.42,5114.0,LOW,0,34,,,72,128,200.0,0,UTTAR KANNADA,,,,,,,,,,,,,,,,,,,,,,,,,,,
KARNATAKA,UTTAR KANNADA,2010,22,17.0,22,11,0,11.0,13,11.0,2.0,2,0.0,17,84.0,100,33,67.0,104,15,27,2.0,7,366.0,0,78,3.0,66,0.0,0,2037,2993.0,,0.0,0.0,0.0,0.0,0.0,0.0,0.0,0.0,0.0,0.0,0.0,0.0,0.0,0.0,0.0,0.0,0.0,0.0,0.0,0.0,0.0,0.0,0.0,0.0,0.0,0.0,0.0,0.0,0.0,0.0,0.0,0.0,0.0,0.0,0.0,0.0,0.0,0.0,0.0,0.0,0.0,0.0,0.0,0.0,0.0,0.0,0.0,0.0,0.0,0.0,0.0,0.0,0.0,0.0,0.0,0.0,0.0,0.0,,0.0,,0.0,0.0,0.0,0.0,0.0,0.0,0.0,0.0,0.0,6110.0,15.33,5561.3,LOW,0,34,,,65,155,259.0,0,UTTAR KANNADA,,,,,,,,,,,,,,,,,,,,,,,,,,,
KARNATAKA,UTTAR KANNADA,2011,29,20.0,14,11,0,11.0,7,4.0,3.0,1,1.0,2,86.0,79,30,49.0,96,16,24,1.0,10,369.0,3,73,12.0,75,0.0,0,2047,2976.0,,0.0,0.0,0.0,0.0,0.0,0.0,0.0,0.0,0.0,0.0,0.0,0.0,0.0,0.0,0.0,0.0,0.0,0.0,0.0,0.0,0.0,0.0,0.0,0.0,0.0,0.0,0.0,0.0,0.0,0.0,0.0,0.0,0.0,0.0,0.0,0.0,0.0,0.0,0.0,0.0,0.0,0.0,0.0,0.0,0.0,0.0,0.0,0.0,0.0,0.0,0.0,0.0,0.0,0.0,0.0,0.0,0.0,0.0,,0.0,,0.0,0.0,0.0,0.0,0.0,0.0,0.0,0.0,0.0,6049.0,-1.0,5819.0,LOW,0,34,,,50,162,235.0,0,UTTAR KANNADA,,,,,,,,,,,,,,,,,,,,,,,,,,,
KARNATAKA,UTTAR KANNADA,2012,33,23.0,2,7,0,7.0,11,10.0,1.0,0,3.0,21,100.0,77,21,56.0,112,5,46,2.0,18,361.0,1,97,8.0,78,0.0,0,1823,2828.0,,0.0,0.0,0.0,0.0,0.0,0.0,0.0,0.0,0.0,0.0,0.0,0.0,0.0,0.0,0.0,0.0,0.0,0.0,0.0,0.0,0.0,0.0,0.0,0.0,0.0,0.0,0.0,0.0,0.0,0.0,0.0,0.0,0.0,0.0,0.0,0.0,0.0,0.0,0.0,0.0,0.0,0.0,0.0,0.0,0.0,0.0,0.0,0.0,0.0,0.0,0.0,0.0,0.0,0.0,0.0,0.0,0.0,0.0,,0.0,,0.0,0.0,0.0,0.0,0.0,0.0,0.0,0.0,0.0,5751.0,-4.93,5970.0,LOW,0,34,,,72,183,249.0,0,UTTAR KANNADA,,,,,,,,,,,,,,,,,,,,,,,,,,,
Karnataka,UTTAR KANNADA,2013,18,24.0,0,17,0,17.0,51,38.0,13.0,4,1.0,35,67.0,99,38,61.0,128,7,138,0.0,11,482.0,6,155,13.0,94,0.0,0,1627,2977.0,,0.0,0.0,0.0,0.0,0.0,0.0,0.0,0.0,0.0,0.0,0.0,0.0,0.0,0.0,0.0,0.0,0.0,0.0,0.0,0.0,0.0,0.0,0.0,0.0,0.0,0.0,0.0,0.0,0.0,0.0,0.0,0.0,0.0,0.0,0.0,0.0,0.0,0.0,0.0,0.0,0.0,0.0,0.0,0.0,0.0,0.0,0.0,0.0,0.0,0.0,0.0,0.0,0.0,0.0,0.0,0.0,0.0,0.0,,0.0,,0.0,0.0,0.0,0.0,0.0,0.0,0.0,0.0,0.0,6121.0,6.43,5973.7,LOW,0,34,,,125,272,349.0,0,UTTAR KANNADA,,,,,,,,,,,,,,,,,,,,,,,,,,,
KARNATAKA,YADGIRI,2010,23,51.0,0,5,0,5.0,20,0.0,20.0,3,0.0,3,59.0,67,25,42.0,202,0,24,3.0,5,341.0,3,65,3.0,47,0.0,5,613,1542.0,,0.0,0.0,0.0,0.0,0.0,0.0,0.0,0.0,0.0,0.0,0.0,0.0,0.0,0.0,0.0,0.0,0.0,0.0,0.0,0.0,0.0,0.0,0.0,0.0,0.0,0.0,0.0,0.0,0.0,0.0,0.0,0.0,0.0,0.0,0.0,0.0,0.0,0.0,0.0,0.0,0.0,0.0,0.0,0.0,0.0,0.0,0.0,0.0,0.0,0.0,0.0,0.0,0.0,0.0,0.0,0.0,0.0,0.0,,0.0,,0.0,0.0,0.0,0.0,0.0,0.0,0.0,0.0,0.0,3176.0,0.0,3176.0,LOW,0,35,,,54,120,175.0,0,YADGIRI,,,,,,,,,,,,,,,,,,,,,,,,,,,
KARNATAKA,YADGIRI,2011,25,21.0,0,9,0,9.0,26,0.0,26.0,2,0.0,7,55.0,71,29,42.0,186,2,36,0.0,6,353.0,2,69,0.0,65,0.0,135,522,1592.0,,0.0,0.0,0.0,0.0,0.0,0.0,0.0,0.0,0.0,0.0,0.0,0.0,0.0,0.0,0.0,0.0,0.0,0.0,0.0,0.0,0.0,0.0,0.0,0.0,0.0,0.0,0.0,0.0,0.0,0.0,0.0,0.0,0.0,0.0,0.0,0.0,0.0,0.0,0.0,0.0,0.0,0.0,0.0,0.0,0.0,0.0,0.0,0.0,0.0,0.0,0.0,0.0,0.0,0.0,0.0,0.0,0.0,0.0,,0.0,,0.0,0.0,0.0,0.0,0.0,0.0,0.0,0.0,0.0,3290.0,3.59,3233.0,LOW,0,35,,,69,145,193.0,0,YADGIRI,,,,,,,,,,,,,,,,,,,,,,,,,,,
KARNATAKA,YADGIRI,2012,26,37.0,0,9,0,9.0,22,20.0,2.0,1,0.0,5,51.0,66,35,31.0,179,1,28,0.0,27,289.0,0,97,9.0,63,0.0,127,449,1486.0,,0.0,0.0,0.0,0.0,0.0,0.0,0.0,0.0,0.0,0.0,0.0,0.0,0.0,0.0,0.0,0.0,0.0,0.0,0.0,0.0,0.0,0.0,0.0,0.0,0.0,0.0,0.0,0.0,0.0,0.0,0.0,0.0,0.0,0.0,0.0,0.0,0.0,0.0,0.0,0.0,0.0,0.0,0.0,0.0,0.0,0.0,0.0,0.0,0.0,0.0,0.0,0.0,0.0,0.0,0.0,0.0,0.0,0.0,,0.0,,0.0,0.0,0.0,0.0,0.0,0.0,0.0,0.0,0.0,3069.0,-6.72,3178.3,LOW,0,35,,,63,169,181.0,0,YADGIRI,,,,,,,,,,,,,,,,,,,,,,,,,,,
Karnataka,YADGIRI,2013,33,31.0,1,16,0,16.0,29,23.0,6.0,1,0.0,8,46.0,54,29,25.0,204,0,30,0.0,2,558.0,3,123,0.0,61,0.0,131,158,1489.0,,0.0,0.0,0.0,0.0,0.0,0.0,0.0,0.0,0.0,0.0,0.0,0.0,0.0,0.0,0.0,0.0,0.0,0.0,0.0,0.0,0.0,0.0,0.0,0.0,0.0,0.0,0.0,0.0,0.0,0.0,0.0,0.0,0.0,0.0,0.0,0.0,0.0,0.0,0.0,0.0,0.0,0.0,0.0,0.0,0.0,0.0,0.0,0.0,0.0,0.0,0.0,0.0,0.0,0.0,0.0,0.0,0.0,0.0,,0.0,,0.0,0.0,0.0,0.0,0.0,0.0,0.0,0.0,0.0,3077.0,0.26,3145.3,LOW,0,35,,,87,203,159.0,0,YADGIRI,,,,,,,,,,,,,,,,,,,,,,,,,,,
Karnataka,ZZ TOTAL,2013,1601,1984.0,92,1030,1,1029.0,1836,1359.0,477.0,280,512.0,2150,6003.0,19756,9559,10197.0,7237,477,6598,66.0,332,21118.0,277,3913,137.0,3276,0.0,897,57117,136689.0,,0.0,0.0,0.0,0.0,0.0,0.0,0.0,0.0,0.0,0.0,0.0,0.0,0.0,0.0,0.0,0.0,0.0,0.0,0.0,0.0,0.0,0.0,0.0,0.0,0.0,0.0,0.0,0.0,0.0,0.0,0.0,0.0,0.0,0.0,0.0,0.0,0.0,0.0,0.0,0.0,0.0,0.0,0.0,0.0,0.0,0.0,0.0,0.0,0.0,0.0,0.0,0.0,0.0,0.0,0.0,0.0,0.0,0.0,,0.0,,0.0,0.0,0.0,0.0,0.0,0.0,0.0,0.0,0.0,296000.0,0.0,296000.0,HIGH,2,36,,,6897,8496,42393.0,0,ZZ TOTAL,,,,,,,,,,,,,,,,,,,,,,,,,,,
