STATE/UT,Year,CRIME,Boys 7-12 Years,Girls 7-12 Years,Boys 12-16 Years,Girls 12-16 Years,Boys 16-18 Years,Girls 16-18 Years,Total for boys all Age Groups,Total for girls all Age Groups,Grand total
0.0,2001,0.0,3,0,7,0,5,0,15,0,15
0.0,2001,0.0,2,0,0,0,11,0,13,0,13
0.0,2001,0.0,0,0,0,0,0,0,0,0,0
0.0,2001,0.0,2,0,15,0,2,1,19,1,20
0.0,2001,0.0,0,0,0,0,0,0,0,0,0
0.0,2001,0.0,2,0,15,0,2,1,19,1,20
0.0,2001,0.0,3,0,3,0,0,0,6,0,6
0.0,2001,0.0,0,0,0,0,0,0,0,0,0
0.0,2001,0.0,3,0,3,0,0,0,6,0,6
0.0,2001,0.0,0,0,0,0,0,0,0,0,0
0.0,2001,0.0,0,0,0,0,0,0,0,0,0
0.0,2001,0.0,0,0,4,1,5,0,9,1,10
0.0,2001,0.0,25,0,144,0,85,7,254,7,261
0.0,2001,0.0,69,4,294,0,146,39,509,43,552
0.0,2001,0.0,0,0,16,0,26,0,42,0,42
0.0,2001,0.0,69,4,278,0,120,39,467,43,510
0.0,2001,0.0,0,0,3,0,29,0,32,0,32
0.0,2001,0.0,0,0,0,0,0,0,0,0,0
0.0,2001,0.0,0,0,0,0,0,0,0,0,0
0.0,2001,0.0,0,0,0,0,0,0,0,0,0
0.0,2001,0.0,0,0,1,0,0,0,1,0,1
0.0,2001,0.0,8,0,60,3,233,18,301,21,322
0.0,2001,0.0,0,0,0,0,0,0,0,0,0
0.0,2001,0.0,0,0,4,0,23,0,27,0,27
0.0,2001,0.0,0,0,10,0,15,0,25,0,25
0.0,2001,0.0,0,0,1,1,1,1,2,2,4
0.0,2001,0.0,0,0,0,0,0,0,0,0,0
0.0,2001,0.0,0,0,3,0,1,0,4,0,4
0.0,2001,0.0,0,0,18,0,113,2,131,2,133
0.0,2001,0.0,112,4,567,5,669,68,1348,77,1425
0.0,2002,0.0,2,0,16,1,3,1,21,2,23
0.0,2002,0.0,2,0,5,0,0,0,7,0,7
0.0,2002,0.0,0,0,0,0,0,0,0,0,0
0.0,2002,0.0,7,0,20,2,6,2,33,4,37
0.0,2002,0.0,0,0,0,0,0,0,0,0,0
0.0,2002,0.0,7,0,20,2,6,2,33,4,37
0.0,2002,0.0,0,0,2,0,5,4,7,4,11
0.0,2002,0.0,0,0,2,0,0,0,2,0,2
0.0,2002,0.0,0,0,0,0,5,4,5,4,9
0.0,2002,0.0,0,0,2,0,0,0,2,0,2
0.0,2002,0.0,0,0,0,0,0,0,0,0,0
0.0,2002,0.0,0,0,1,0,4,1,5,1,6
0.0,2002,0.0,32,0,111,6,30,17,173,23,196
0.0,2002,0.0,34,3,191,12,165,50,390,65,455
0.0,2002,0.0,0,0,16,2,45,16,61,18,79
0.0,2002,0.0,34,3,175,10,120,34,329,47,376
0.0,2002,0.0,0,0,6,0,21,0,27,0,27
0.0,2002,0.0,0,0,0,1,0,0,0,1,1
0.0,2002,0.0,0,0,1,0,1,2,2,2,4
0.0,2002,0.0,0,0,0,0,0,2,0,2,2
0.0,2002,0.0,0,0,1,0,2,0,3,0,3
0.0,2002,0.0,10,1,102,0,197,24,309,25,334
0.0,2002,0.0,0,0,0,0,0,3,0,3,3
0.0,2002,0.0,1,0,5,0,17,1,23,1,24
0.0,2002,0.0,0,0,6,0,10,0,16,0,16
0.0,2002,0.0,0,0,0,2,0,16,0,18,18
0.0,2002,0.0,0,0,0,0,0,0,0,0,0
0.0,2002,0.0,0,0,1,0,1,0,2,0,2
0.0,2002,0.0,24,1,73,13,178,6,275,20,295
0.0,2002,0.0,112,5,543,37,640,129,1295,171,1466
0.0,2003,0.0,1,0,13,2,22,2,36,4,40
0.0,2003,0.0,1,0,2,0,19,0,22,0,22
0.0,2003,0.0,1,0,0,0,1,0,2,0,2
0.0,2003,0.0,2,0,31,0,23,0,56,0,56
0.0,2003,0.0,0,0,0,0,0,0,0,0,0
0.0,2003,0.0,2,0,31,0,23,0,56,0,56
0.0,2003,0.0,0,0,12,1,13,1,25,2,27
0.0,2003,0.0,0,0,10,1,9,0,19,1,20
0.0,2003,0.0,0,0,2,0,4,1,6,1,7
0.0,2003,0.0,1,0,2,0,8,0,11,0,11
0.0,2003,0.0,0,0,0,0,0,0,0,0,0
0.0,2003,0.0,0,0,0,0,13,0,13,0,13
0.0,2003,0.0,12,0,122,0,126,9,260,9,269
0.0,2003,0.0,20,0,135,13,312,23,467,36,503
0.0,2003,0.0,3,0,20,0,44,0,67,0,67
0.0,2003,0.0,17,0,115,13,268,23,400,36,436
0.0,2003,0.0,0,0,8,0,95,2,103,2,105
0.0,2003,0.0,0,0,0,0,0,0,0,0,0
0.0,2003,0.0,1,0,1,0,7,0,9,0,9
0.0,2003,0.0,0,0,0,0,1,0,1,0,1
0.0,2003,0.0,0,0,0,0,6,0,6,0,6
0.0,2003,0.0,3,0,62,13,269,18,334,31,365
0.0,2003,0.0,0,0,2,0,1,0,3,0,3
0.0,2003,0.0,1,0,15,0,38,0,54,0,54
0.0,2003,0.0,0,0,5,0,61,1,66,1,67
0.0,2003,0.0,0,0,2,1,5,4,7,5,12
0.0,2003,0.0,0,0,0,0,0,0,0,0,0
0.0,2003,0.0,0,0,0,0,13,0,13,0,13
0.0,2003,0.0,3,0,30,0,183,48,216,48,264
0.0,2003,0.0,46,0,442,30,1216,108,1704,138,1842
0.0,2004,0.0,0,0,8,0,16,2,24,2,26
0.0,2004,0.0,0,0,7,1,1,0,8,1,9
0.0,2004,0.0,0,0,1,0,0,0,1,0,1
0.0,2004,0.0,1,0,22,0,22,1,45,1,46
0.0,2004,0.0,0,0,0,0,0,0,0,0,0
0.0,2004,0.0,1,0,22,0,22,1,45,1,46
0.0,2004,0.0,0,0,5,0,5,0,10,0,10
0.0,2004,0.0,0,0,5,0,4,0,9,0,9
0.0,2004,0.0,0,0,0,0,1,0,1,0,1
0.0,2004,0.0,0,0,1,0,0,0,1,0,1
0.0,2004,0.0,0,0,0,0,0,0,0,0,0
0.0,2004,0.0,0,0,4,4,1,0,5,4,9
0.0,2004,0.0,22,1,132,3,98,3,252,7,259
0.0,2004,0.0,24,0,189,12,373,29,586,41,627
0.0,2004,0.0,1,0,18,0,61,0,80,0,80
0.0,2004,0.0,23,0,171,12,312,29,506,41,547
0.0,2004,0.0,0,0,4,0,25,0,29,0,29
0.0,2004,0.0,0,0,2,0,1,0,3,0,3
0.0,2004,0.0,0,0,0,0,3,0,3,0,3
0.0,2004,0.0,0,0,0,0,0,0,0,0,0
0.0,2004,0.0,1,0,2,0,1,0,4,0,4
0.0,2004,0.0,4,0,35,9,108,5,147,14,161
0.0,2004,0.0,0,0,1,0,0,0,1,0,1
0.0,2004,0.0,0,0,8,0,9,0,17,0,17
0.0,2004,0.0,0,0,4,0,21,0,25,0,25
0.0,2004,0.0,0,0,1,0,3,4,4,4,8
0.0,2004,0.0,0,0,0,0,0,0,0,0,0
0.0,2004,0.0,0,0,1,0,0,0,1,0,1
0.0,2004,0.0,2,1,16,1,44,0,62,2,64
0.0,2004,0.0,54,2,443,30,731,44,1228,76,1304
0.0,2005,0.0,3,0,15,3,10,0,28,3,31
0.0,2005,0.0,0,0,0,0,1,0,1,0,1
0.0,2005,0.0,0,0,2,0,0,0,2,0,2
0.0,2005,0.0,2,0,16,1,23,1,41,2,43
0.0,2005,0.0,0,0,0,0,0,0,0,0,0
0.0,2005,0.0,2,0,16,1,23,1,41,2,43
0.0,2005,0.0,1,0,3,3,12,1,16,4,20
0.0,2005,0.0,1,0,1,2,5,0,7,2,9
0.0,2005,0.0,0,0,2,1,7,1,9,2,11
0.0,2005,0.0,0,0,2,0,0,3,2,3,5
0.0,2005,0.0,0,0,0,0,0,0,0,0,0
0.0,2005,0.0,0,0,7,0,12,0,19,0,19
0.0,2005,0.0,30,0,141,1,106,2,277,3,280
0.0,2005,0.0,32,1,237,4,294,36,563,41,604
0.0,2005,0.0,0,0,40,0,84,0,124,0,124
0.0,2005,0.0,32,1,197,4,210,36,439,41,480
0.0,2005,0.0,0,0,3,0,42,4,45,4,49
0.0,2005,0.0,0,0,0,0,0,0,0,0,0
0.0,2005,0.0,0,0,3,0,6,0,9,0,9
0.0,2005,0.0,0,0,0,0,0,0,0,0,0
0.0,2005,0.0,0,0,0,0,0,0,0,0,0
0.0,2005,0.0,3,0,68,2,125,0,196,2,198
0.0,2005,0.0,0,0,0,0,0,2,0,2,2
0.0,2005,0.0,0,0,10,0,15,1,25,1,26
0.0,2005,0.0,0,0,6,0,23,0,29,0,29
0.0,2005,0.0,0,0,2,2,0,10,2,12,14
0.0,2005,0.0,0,0,0,0,0,0,0,0,0
0.0,2005,0.0,0,0,2,0,3,0,5,0,5
0.0,2005,0.0,2,0,30,0,49,1,81,1,82
0.0,2005,0.0,73,1,547,16,721,61,1341,78,1419
0.0,2006,0.0,2,0,14,0,26,1,42,1,43
0.0,2006,0.0,0,0,5,1,5,0,10,1,11
0.0,2006,0.0,0,0,6,0,6,0,12,0,12
0.0,2006,0.0,3,0,24,0,27,0,54,0,54
0.0,2006,0.0,0,0,0,0,0,0,0,0,0
0.0,2006,0.0,3,0,24,0,27,0,54,0,54
0.0,2006,0.0,0,0,3,0,13,15,16,15,31
0.0,2006,0.0,0,0,0,0,7,15,7,15,22
0.0,2006,0.0,0,0,3,0,6,0,9,0,9
0.0,2006,0.0,0,0,5,0,8,0,13,0,13
0.0,2006,0.0,0,0,0,0,0,0,0,0,0
0.0,2006,0.0,0,0,2,0,9,0,11,0,11
0.0,2006,0.0,10,0,108,0,127,0,245,0,245
0.0,2006,0.0,39,0,205,3,360,5,604,8,612
0.0,2006,0.0,0,0,37,0,84,0,121,0,121
0.0,2006,0.0,39,0,168,3,276,5,483,8,491
0.0,2006,0.0,1,0,28,0,45,2,74,2,76
0.0,2006,0.0,0,0,0,0,0,0,0,0,0
0.0,2006,0.0,0,0,0,0,3,0,3,0,3
0.0,2006,0.0,0,0,0,0,0,0,0,0,0
0.0,2006,0.0,0,0,0,0,3,0,3,0,3
0.0,2006,0.0,3,0,28,3,218,17,249,20,269
0.0,2006,0.0,1,0,1,0,0,0,2,0,2
0.0,2006,0.0,1,0,20,0,21,0,42,0,42
0.0,2006,0.0,0,0,9,0,39,0,48,0,48
0.0,2006,0.0,0,0,1,0,6,3,7,3,10
0.0,2006,0.0,0,0,0,0,0,0,0,0,0
0.0,2006,0.0,0,0,5,0,4,0,9,0,9
0.0,2006,0.0,6,0,58,2,82,9,146,11,157
0.0,2006,0.0,66,0,522,9,1002,52,1590,61,1651
0.0,2007,0.0,2,0,30,7,18,1,50,8,58
0.0,2007,0.0,2,0,10,0,9,0,21,0,21
0.0,2007,0.0,1,0,3,0,7,0,11,0,11
0.0,2007,0.0,8,1,26,0,31,0,65,1,66
0.0,2007,0.0,0,0,0,0,0,0,0,0,0
0.0,2007,0.0,8,1,26,0,31,0,65,1,66
0.0,2007,0.0,1,1,3,0,15,2,19,3,22
0.0,2007,0.0,1,1,1,0,9,0,11,1,12
0.0,2007,0.0,0,0,2,0,6,2,8,2,10
0.0,2007,0.0,0,0,4,3,4,2,8,5,13
0.0,2007,0.0,0,0,0,0,5,0,5,0,5
0.0,2007,0.0,1,0,3,0,7,0,11,0,11
0.0,2007,0.0,21,0,172,3,155,2,348,5,353
0.0,2007,0.0,39,0,327,2,368,4,734,6,740
0.0,2007,0.0,2,0,42,0,86,0,130,0,130
0.0,2007,0.0,37,0,285,2,282,4,604,6,610
0.0,2007,0.0,0,0,3,0,29,0,32,0,32
0.0,2007,0.0,0,0,1,0,0,0,1,0,1
0.0,2007,0.0,0,0,2,0,12,0,14,0,14
0.0,2007,0.0,0,0,0,0,0,0,0,0,0
0.0,2007,0.0,0,0,1,0,1,0,2,0,2
0.0,2007,0.0,4,0,84,0,157,11,245,11,256
0.0,2007,0.0,0,0,1,0,5,2,6,2,8
0.0,2007,0.0,0,0,16,0,15,0,31,0,31
0.0,2007,0.0,1,0,6,0,21,0,28,0,28
0.0,2007,0.0,0,0,3,4,3,10,6,14,20
0.0,2007,0.0,0,0,0,0,0,0,0,0,0
0.0,2007,0.0,1,0,4,0,4,0,9,0,9
0.0,2007,0.0,1,0,35,0,62,2,98,2,100
0.0,2007,0.0,82,2,734,19,928,36,1744,57,1801
0.0,2008,0.0,0,0,15,1,18,1,33,2,35
0.0,2008,0.0,0,0,10,0,6,0,16,0,16
0.0,2008,0.0,0,0,4,0,0,0,4,0,4
0.0,2008,0.0,1,0,23,2,26,0,50,2,52
0.0,2008,0.0,0,0,0,0,0,0,0,0,0
0.0,2008,0.0,1,0,23,2,26,0,50,2,52
0.0,2008,0.0,1,0,5,2,14,0,20,2,22
0.0,2008,0.0,1,0,1,1,13,0,15,1,16
0.0,2008,0.0,0,0,4,1,1,0,5,1,6
0.0,2008,0.0,0,0,1,0,0,0,1,0,1
0.0,2008,0.0,0,0,0,0,0,0,0,0,0
0.0,2008,0.0,0,0,9,0,13,0,22,0,22
0.0,2008,0.0,10,0,155,2,160,0,325,2,327
0.0,2008,0.0,38,1,229,5,290,4,557,10,567
0.0,2008,0.0,1,0,17,0,66,0,84,0,84
0.0,2008,0.0,37,1,212,5,224,4,473,10,483
0.0,2008,0.0,0,0,12,0,6,0,18,0,18
0.0,2008,0.0,0,0,3,0,0,0,3,0,3
0.0,2008,0.0,0,0,7,0,7,0,14,0,14
0.0,2008,0.0,0,0,0,0,0,0,0,0,0
0.0,2008,0.0,0,0,3,0,1,0,4,0,4
0.0,2008,0.0,3,0,73,4,150,1,226,5,231
0.0,2008,0.0,0,0,1,0,0,2,1,2,3
0.0,2008,0.0,1,0,17,0,13,0,31,0,31
0.0,2008,0.0,0,0,6,0,27,0,33,0,33
0.0,2008,0.0,0,0,0,1,1,0,1,1,2
0.0,2008,0.0,0,0,0,0,0,0,0,0,0
0.0,2008,0.0,1,0,4,2,11,2,16,4,20
0.0,2008,0.0,0,0,33,1,73,4,106,5,111
0.0,2008,0.0,55,1,610,20,816,14,1481,35,1516
0.0,2009,0.0,1,0,16,0,11,0,28,0,28
0.0,2009,0.0,0,0,1,0,6,0,7,0,7
0.0,2009,0.0,0,0,0,0,0,0,0,0,0
0.0,2009,0.0,3,0,27,0,32,0,62,0,62
0.0,2009,0.0,0,0,0,0,0,0,0,0,0
0.0,2009,0.0,3,0,27,0,32,0,62,0,62
0.0,2009,0.0,0,0,7,0,23,1,30,1,31
0.0,2009,0.0,0,0,5,0,18,1,23,1,24
0.0,2009,0.0,0,0,2,0,5,0,7,0,7
0.0,2009,0.0,0,0,0,0,5,0,5,0,5
0.0,2009,0.0,0,0,0,0,0,0,0,0,0
0.0,2009,0.0,0,0,5,0,7,0,12,0,12
0.0,2009,0.0,12,0,86,0,135,2,233,2,235
0.0,2009,0.0,18,2,223,4,324,9,565,15,580
0.0,2009,0.0,2,0,61,0,95,1,158,1,159
0.0,2009,0.0,16,2,162,4,229,8,407,14,421
0.0,2009,0.0,0,0,2,0,33,0,35,0,35
0.0,2009,0.0,0,0,0,0,0,0,0,0,0
0.0,2009,0.0,0,0,6,0,12,0,18,0,18
0.0,2009,0.0,0,0,0,0,1,0,1,0,1
0.0,2009,0.0,0,0,0,0,1,0,1,0,1
0.0,2009,0.0,2,0,67,3,135,1,204,4,208
0.0,2009,0.0,0,0,0,0,1,0,1,0,1
0.0,2009,0.0,0,0,14,0,26,0,40,0,40
0.0,2009,0.0,1,0,24,0,57,0,82,0,82
0.0,2009,0.0,0,0,1,0,2,2,3,2,5
0.0,2009,0.0,0,0,0,0,0,0,0,0,0
0.0,2009,0.0,0,0,4,0,11,0,15,0,15
0.0,2009,0.0,2,0,35,1,131,5,168,6,174
0.0,2009,0.0,39,2,518,8,953,20,1510,30,1540
0.0,2010,0.0,4,0,17,2,41,0,62,2,64
0.0,2010,0.0,0,0,2,0,9,0,11,0,11
0.0,2010,0.0,0,0,1,0,2,0,3,0,3
0.0,2010,0.0,2,0,22,0,63,0,87,0,87
0.0,2010,0.0,0,0,0,0,0,0,0,0,0
0.0,2010,0.0,2,0,22,0,63,0,87,0,87
0.0,2010,0.0,0,0,19,1,25,0,44,1,45
0.0,2010,0.0,0,0,14,1,20,0,34,1,35
0.0,2010,0.0,0,0,5,0,5,0,10,0,10
0.0,2010,0.0,0,0,0,0,4,0,4,0,4
0.0,2010,0.0,0,0,0,0,0,0,0,0,0
0.0,2010,0.0,0,0,5,0,11,0,16,0,16
0.0,2010,0.0,17,0,122,0,138,0,277,0,277
0.0,2010,0.0,29,2,289,6,384,17,702,25,727
0.0,2010,0.0,3,0,88,2,91,0,182,2,184
0.0,2010,0.0,26,2,201,4,293,17,520,23,543
0.0,2010,0.0,1,2,1,1,26,1,28,4,32
0.0,2010,0.0,0,0,0,0,1,0,1,0,1
0.0,2010,0.0,0,0,1,0,13,1,14,1,15
0.0,2010,0.0,0,0,0,0,0,0,0,0,0
0.0,2010,0.0,0,0,3,0,2,0,5,0,5
0.0,2010,0.0,3,0,77,4,166,3,246,7,253
0.0,2010,0.0,0,0,0,0,1,1,1,1,2
0.0,2010,0.0,1,0,20,1,40,0,61,1,62
0.0,2010,0.0,0,0,13,0,66,1,79,1,80
0.0,2010,0.0,0,0,0,1,15,4,15,5,20
0.0,2010,0.0,0,0,0,0,0,0,0,0,0
0.0,2010,0.0,0,0,5,0,11,0,16,0,16
0.0,2010,0.0,0,0,15,1,119,8,134,9,143
0.0,2010,0.0,57,4,612,17,1137,36,1806,57,1863
0.0,2001,0.0,0,0,1,0,0,0,1,0,1
0.0,2001,0.0,0,0,0,0,0,0,0,0,0
0.0,2001,0.0,0,0,0,0,0,0,0,0,0
0.0,2001,0.0,0,0,6,0,0,0,6,0,6
0.0,2001,0.0,0,0,0,0,0,0,0,0,0
0.0,2001,0.0,0,0,6,0,0,0,6,0,6
0.0,2001,0.0,0,0,0,0,0,0,0,0,0
0.0,2001,0.0,0,0,0,0,0,0,0,0,0
0.0,2001,0.0,0,0,0,0,0,0,0,0,0
0.0,2001,0.0,5,0,10,0,3,0,18,0,18
0.0,2001,0.0,0,0,0,0,0,0,0,0,0
0.0,2001,0.0,0,0,4,0,3,0,7,0,7
0.0,2001,0.0,5,0,14,0,6,0,25,0,25
0.0,2001,0.0,4,0,18,0,19,0,41,0,41
0.0,2001,0.0,0,0,0,0,3,0,3,0,3
0.0,2001,0.0,4,0,18,0,16,0,38,0,38
0.0,2001,0.0,0,0,0,0,0,0,0,0,0
0.0,2001,0.0,0,0,0,0,0,0,0,0,0
0.0,2001,0.0,0,0,0,0,0,0,0,0,0
0.0,2001,0.0,0,0,0,0,0,0,0,0,0
0.0,2001,0.0,0,0,0,0,0,0,0,0,0
0.0,2001,0.0,0,0,9,0,11,0,20,0,20
0.0,2001,0.0,0,0,0,0,0,0,0,0,0
0.0,2001,0.0,0,0,1,0,5,0,6,0,6
0.0,2001,0.0,0,0,0,0,0,0,0,0,0
0.0,2001,0.0,0,0,0,0,0,0,0,0,0
0.0,2001,0.0,0,0,0,0,0,0,0,0,0
0.0,2001,0.0,0,0,0,0,0,0,0,0,0
0.0,2001,0.0,0,0,6,0,6,0,12,0,12
0.0,2001,0.0,14,0,69,0,53,0,136,0,136
0.0,2002,0.0,0,0,0,0,0,0,0,0,0
0.0,2002,0.0,0,0,0,0,10,0,10,0,10
0.0,2002,0.0,0,0,0,0,0,0,0,0,0
0.0,2002,0.0,0,0,0,0,0,0,0,0,0
0.0,2002,0.0,0,0,0,0,0,0,0,0,0
0.0,2002,0.0,0,0,0,0,0,0,0,0,0
0.0,2002,0.0,0,0,0,0,0,0,0,0,0
0.0,2002,0.0,0,0,0,0,0,0,0,0,0
0.0,2002,0.0,0,0,0,0,0,0,0,0,0
0.0,2002,0.0,0,0,0,0,0,0,0,0,0
0.0,2002,0.0,0,0,0,0,0,0,0,0,0
0.0,2002,0.0,0,0,4,0,2,0,6,0,6
0.0,2002,0.0,6,0,5,0,3,0,14,0,14
0.0,2002,0.0,10,0,22,0,7,0,39,0,39
0.0,2002,0.0,0,0,0,0,0,0,0,0,0
0.0,2002,0.0,10,0,22,0,7,0,39,0,39
0.0,2002,0.0,0,0,6,0,10,0,16,0,16
0.0,2002,0.0,0,0,0,0,0,0,0,0,0
0.0,2002,0.0,0,0,0,0,0,0,0,0,0
0.0,2002,0.0,0,0,0,0,0,0,0,0,0
0.0,2002,0.0,0,0,0,0,0,0,0,0,0
0.0,2002,0.0,1,0,16,0,8,0,25,0,25
0.0,2002,0.0,0,0,0,0,0,0,0,0,0
0.0,2002,0.0,0,0,1,0,0,0,1,0,1
0.0,2002,0.0,0,0,0,0,0,0,0,0,0
0.0,2002,0.0,0,0,0,0,0,0,0,0,0
0.0,2002,0.0,0,0,0,0,0,0,0,0,0
0.0,2002,0.0,0,0,0,0,0,0,0,0,0
0.0,2002,0.0,1,0,13,0,7,0,21,0,21
0.0,2002,0.0,18,0,67,0,47,0,132,0,132
0.0,2003,0.0,0,0,0,0,0,0,0,0,0
0.0,2003,0.0,0,0,0,0,0,0,0,0,0
0.0,2003,0.0,0,0,0,0,0,0,0,0,0
0.0,2003,0.0,0,0,0,0,0,0,0,0,0
0.0,2003,0.0,0,0,0,0,0,0,0,0,0
0.0,2003,0.0,0,0,0,0,0,0,0,0,0
0.0,2003,0.0,0,0,0,0,0,0,0,0,0
0.0,2003,0.0,0,0,0,0,0,0,0,0,0
0.0,2003,0.0,0,0,0,0,0,0,0,0,0
0.0,2003,0.0,0,0,0,0,0,0,0,0,0
0.0,2003,0.0,0,0,0,0,0,0,0,0,0
0.0,2003,0.0,0,0,0,0,2,0,2,0,2
0.0,2003,0.0,3,1,16,0,20,0,39,1,40
0.0,2003,0.0,3,0,21,0,27,0,51,0,51
0.0,2003,0.0,0,0,0,0,0,0,0,0,0
0.0,2003,0.0,3,0,21,0,27,0,51,0,51
0.0,2003,0.0,0,0,0,0,3,0,3,0,3
0.0,2003,0.0,0,0,0,0,0,0,0,0,0
0.0,2003,0.0,0,0,0,0,0,0,0,0,0
0.0,2003,0.0,0,0,0,0,0,0,0,0,0
0.0,2003,0.0,0,0,0,0,0,0,0,0,0
0.0,2003,0.0,1,0,10,0,19,0,30,0,30
0.0,2003,0.0,0,0,0,0,0,0,0,0,0
0.0,2003,0.0,0,0,0,0,0,0,0,0,0
0.0,2003,0.0,0,0,0,0,0,0,0,0,0
0.0,2003,0.0,0,0,0,0,0,0,0,0,0
0.0,2003,0.0,0,0,0,0,0,0,0,0,0
0.0,2003,0.0,0,0,0,0,0,0,0,0,0
0.0,2003,0.0,0,0,41,0,29,0,70,0,70
0.0,2003,0.0,7,1,88,0,100,0,195,1,196
0.0,2004,0.0,0,0,2,0,0,0,2,0,2
0.0,2004,0.0,0,0,0,0,0,0,0,0,0
0.0,2004,0.0,0,0,0,0,0,0,0,0,0
0.0,2004,0.0,0,0,0,0,0,0,0,0,0
0.0,2004,0.0,0,0,0,0,0,0,0,0,0
0.0,2004,0.0,0,0,0,0,0,0,0,0,0
0.0,2004,0.0,0,0,0,0,0,0,0,0,0
0.0,2004,0.0,0,0,0,0,0,0,0,0,0
0.0,2004,0.0,0,0,0,0,0,0,0,0,0
0.0,2004,0.0,0,0,0,0,0,0,0,0,0
0.0,2004,0.0,0,0,0,0,0,0,0,0,0
0.0,2004,0.0,0,0,0,0,2,0,2,0,2
0.0,2004,0.0,0,0,11,0,5,0,16,0,16
0.0,2004,0.0,0,0,15,0,9,0,24,0,24
0.0,2004,0.0,0,0,0,0,0,0,0,0,0
0.0,2004,0.0,0,0,15,0,9,0,24,0,24
0.0,2004,0.0,0,0,0,0,1,0,1,0,1
0.0,2004,0.0,0,0,0,0,0,0,0,0,0
0.0,2004,0.0,0,0,0,0,0,0,0,0,0
0.0,2004,0.0,0,0,0,0,0,0,0,0,0
0.0,2004,0.0,0,0,0,0,0,0,0,0,0
0.0,2004,0.0,0,0,10,0,9,0,19,0,19
0.0,2004,0.0,0,0,0,0,0,0,0,0,0
0.0,2004,0.0,0,0,0,0,0,0,0,0,0
0.0,2004,0.0,0,0,0,0,0,0,0,0,0
0.0,2004,0.0,0,0,0,0,0,0,0,0,0
0.0,2004,0.0,0,0,0,0,0,0,0,0,0
0.0,2004,0.0,0,0,0,0,0,0,0,0,0
0.0,2004,0.0,0,0,21,0,6,0,27,0,27
0.0,2004,0.0,0,0,59,0,32,0,91,0,91
0.0,2005,0.0,0,0,0,0,0,0,0,0,0
0.0,2005,0.0,0,0,0,0,0,0,0,0,0
0.0,2005,0.0,0,0,0,0,0,0,0,0,0
0.0,2005,0.0,0,0,3,0,0,0,3,0,3
0.0,2005,0.0,0,0,0,0,0,0,0,0,0
0.0,2005,0.0,0,0,3,0,0,0,3,0,3
0.0,2005,0.0,0,0,0,0,0,0,0,0,0
0.0,2005,0.0,0,0,0,0,0,0,0,0,0
0.0,2005,0.0,0,0,0,0,0,0,0,0,0
0.0,2005,0.0,0,0,0,0,0,0,0,0,0
0.0,2005,0.0,0,0,0,0,0,0,0,0,0
0.0,2005,0.0,0,0,0,0,20,0,20,0,20
0.0,2005,0.0,3,0,14,0,6,0,23,0,23
0.0,2005,0.0,0,0,10,0,27,0,37,0,37
0.0,2005,0.0,0,0,0,0,0,0,0,0,0
0.0,2005,0.0,0,0,10,0,27,0,37,0,37
0.0,2005,0.0,0,0,0,0,0,0,0,0,0
0.0,2005,0.0,0,0,0,0,0,0,0,0,0
0.0,2005,0.0,0,0,0,0,2,3,2,3,5
0.0,2005,0.0,0,0,0,0,0,0,0,0,0
0.0,2005,0.0,0,0,0,0,0,0,0,0,0
0.0,2005,0.0,0,0,19,1,7,2,26,3,29
0.0,2005,0.0,0,0,0,0,0,0,0,0,0
0.0,2005,0.0,0,0,0,0,0,0,0,0,0
0.0,2005,0.0,0,0,0,0,0,0,0,0,0
0.0,2005,0.0,0,0,0,0,0,0,0,0,0
0.0,2005,0.0,0,0,0,0,0,0,0,0,0
0.0,2005,0.0,0,0,0,0,0,0,0,0,0
0.0,2005,0.0,0,0,27,0,3,0,30,0,30
0.0,2005,0.0,3,0,73,1,65,5,141,6,147
0.0,2006,0.0,0,0,0,0,0,0,0,0,0
0.0,2006,0.0,0,0,0,0,0,0,0,0,0
0.0,2006,0.0,0,0,0,0,0,0,0,0,0
0.0,2006,0.0,0,0,0,0,0,0,0,0,0
0.0,2006,0.0,0,0,0,0,0,0,0,0,0
0.0,2006,0.0,0,0,0,0,0,0,0,0,0
0.0,2006,0.0,0,0,0,0,0,0,0,0,0
0.0,2006,0.0,0,0,0,0,0,0,0,0,0
0.0,2006,0.0,0,0,0,0,0,0,0,0,0
0.0,2006,0.0,0,0,0,0,0,0,0,0,0
0.0,2006,0.0,0,0,0,0,0,0,0,0,0
0.0,2006,0.0,0,0,0,0,0,0,0,0,0
0.0,2006,0.0,0,0,9,0,0,0,9,0,9
0.0,2006,0.0,2,0,9,0,0,0,11,0,11
0.0,2006,0.0,0,0,1,0,0,0,1,0,1
0.0,2006,0.0,2,0,8,0,0,0,10,0,10
0.0,2006,0.0,0,0,0,0,0,0,0,0,0
0.0,2006,0.0,0,0,0,0,0,0,0,0,0
0.0,2006,0.0,0,0,0,0,0,0,0,0,0
0.0,2006,0.0,0,0,0,0,0,0,0,0,0
0.0,2006,0.0,0,0,0,0,0,0,0,0,0
0.0,2006,0.0,0,0,14,0,5,0,19,0,19
0.0,2006,0.0,0,0,0,0,0,0,0,0,0
0.0,2006,0.0,0,0,0,0,0,0,0,0,0
0.0,2006,0.0,0,0,0,0,0,0,0,0,0
0.0,2006,0.0,0,0,0,0,0,0,0,0,0
0.0,2006,0.0,0,0,0,0,0,0,0,0,0
0.0,2006,0.0,0,0,0,0,0,0,0,0,0
0.0,2006,0.0,2,0,27,0,12,0,41,0,41
0.0,2006,0.0,4,0,59,0,17,0,80,0,80
0.0,2007,0.0,0,0,0,0,0,0,0,0,0
0.0,2007,0.0,0,0,0,0,0,0,0,0,0
0.0,2007,0.0,0,0,0,0,0,0,0,0,0
0.0,2007,0.0,0,0,0,0,0,0,0,0,0
0.0,2007,0.0,0,0,0,0,0,0,0,0,0
0.0,2007,0.0,0,0,0,0,0,0,0,0,0
0.0,2007,0.0,0,0,0,0,0,0,0,0,0
0.0,2007,0.0,0,0,0,0,0,0,0,0,0
0.0,2007,0.0,0,0,0,0,0,0,0,0,0
0.0,2007,0.0,0,0,1,0,0,0,1,0,1
0.0,2007,0.0,0,0,0,0,0,0,0,0,0
0.0,2007,0.0,5,0,9,0,0,0,14,0,14
0.0,2007,0.0,0,0,9,0,5,0,14,0,14
0.0,2007,0.0,3,0,6,0,25,0,34,0,34
0.0,2007,0.0,0,0,0,0,10,0,10,0,10
0.0,2007,0.0,3,0,6,0,15,0,24,0,24
0.0,2007,0.0,0,0,0,0,0,0,0,0,0
0.0,2007,0.0,0,0,0,0,0,0,0,0,0
0.0,2007,0.0,0,0,0,0,0,0,0,0,0
0.0,2007,0.0,0,0,0,0,0,0,0,0,0
0.0,2007,0.0,0,0,0,0,0,0,0,0,0
0.0,2007,0.0,0,0,6,0,13,0,19,0,19
0.0,2007,0.0,0,0,0,0,0,0,0,0,0
0.0,2007,0.0,0,0,0,0,0,0,0,0,0
0.0,2007,0.0,0,0,0,0,0,0,0,0,0
0.0,2007,0.0,0,0,0,0,0,0,0,0,0
0.0,2007,0.0,0,0,0,0,0,0,0,0,0
0.0,2007,0.0,0,0,0,0,0,0,0,0,0
0.0,2007,0.0,0,0,8,0,15,0,23,0,23
0.0,2007,0.0,8,0,39,0,58,0,105,0,105
0.0,2008,0.0,0,0,0,0,0,0,0,0,0
0.0,2008,0.0,0,0,0,0,0,0,0,0,0
0.0,2008,0.0,0,0,0,0,0,0,0,0,0
0.0,2008,0.0,0,0,0,0,0,0,0,0,0
0.0,2008,0.0,0,0,0,0,0,0,0,0,0
0.0,2008,0.0,0,0,0,0,0,0,0,0,0
0.0,2008,0.0,0,0,0,0,1,0,1,0,1
0.0,2008,0.0,0,0,0,0,1,0,1,0,1
0.0,2008,0.0,0,0,0,0,0,0,0,0,0
0.0,2008,0.0,0,0,0,0,9,0,9,0,9
0.0,2008,0.0,0,0,0,0,0,0,0,0,0
0.0,2008,0.0,0,0,3,0,2,0,5,0,5
0.0,2008,0.0,0,0,1,0,10,0,11,0,11
0.0,2008,0.0,0,0,9,0,16,0,25,0,25
0.0,2008,0.0,0,0,3,0,8,0,11,0,11
0.0,2008,0.0,0,0,6,0,8,0,14,0,14
0.0,2008,0.0,0,0,0,0,2,0,2,0,2
0.0,2008,0.0,0,0,0,0,0,0,0,0,0
0.0,2008,0.0,0,0,0,0,0,0,0,0,0
0.0,2008,0.0,0,0,0,0,0,0,0,0,0
0.0,2008,0.0,0,0,0,0,0,0,0,0,0
0.0,2008,0.0,0,0,1,0,12,0,13,0,13
0.0,2008,0.0,0,0,0,0,0,0,0,0,0
0.0,2008,0.0,0,0,0,0,3,0,3,0,3
0.0,2008,0.0,0,0,0,0,0,0,0,0,0
0.0,2008,0.0,0,0,0,0,0,0,0,0,0
0.0,2008,0.0,0,0,0,0,0,0,0,0,0
0.0,2008,0.0,0,0,0,0,0,0,0,0,0
0.0,2008,0.0,0,0,6,0,10,0,16,0,16
0.0,2008,0.0,0,0,20,0,65,0,85,0,85
0.0,2009,0.0,0,0,0,0,0,0,0,0,0
0.0,2009,0.0,0,0,0,0,0,0,0,0,0
0.0,2009,0.0,0,0,0,0,0,0,0,0,0
0.0,2009,0.0,0,0,0,0,3,0,3,0,3
0.0,2009,0.0,0,0,0,0,0,0,0,0,0
0.0,2009,0.0,0,0,0,0,3,0,3,0,3
0.0,2009,0.0,0,0,0,0,0,0,0,0,0
0.0,2009,0.0,0,0,0,0,0,0,0,0,0
0.0,2009,0.0,0,0,0,0,0,0,0,0,0
0.0,2009,0.0,0,0,0,0,0,0,0,0,0
0.0,2009,0.0,0,0,0,0,0,0,0,0,0
0.0,2009,0.0,0,0,4,0,2,0,6,0,6
0.0,2009,0.0,0,0,12,0,9,0,21,0,21
0.0,2009,0.0,0,0,3,0,1,0,4,0,4
0.0,2009,0.0,0,0,0,0,0,0,0,0,0
0.0,2009,0.0,0,0,3,0,1,0,4,0,4
0.0,2009,0.0,0,0,0,0,10,0,10,0,10
0.0,2009,0.0,0,0,0,0,0,0,0,0,0
0.0,2009,0.0,0,0,0,0,0,0,0,0,0
0.0,2009,0.0,0,0,0,0,0,0,0,0,0
0.0,2009,0.0,0,0,0,0,0,0,0,0,0
0.0,2009,0.0,0,0,5,0,33,0,38,0,38
0.0,2009,0.0,0,0,0,0,0,0,0,0,0
0.0,2009,0.0,0,0,0,0,0,0,0,0,0
0.0,2009,0.0,0,0,0,0,0,0,0,0,0
0.0,2009,0.0,0,0,0,0,0,0,0,0,0
0.0,2009,0.0,0,0,0,0,0,0,0,0,0
0.0,2009,0.0,0,0,0,0,0,0,0,0,0
0.0,2009,0.0,0,0,26,0,30,1,56,1,57
0.0,2009,0.0,0,0,50,0,88,1,138,1,139
0.0,2010,0.0,0,0,0,0,0,0,0,0,0
0.0,2010,0.0,0,0,0,0,0,0,0,0,0
0.0,2010,0.0,0,0,0,0,0,1,0,1,1
0.0,2010,0.0,0,0,1,0,3,0,4,0,4
0.0,2010,0.0,0,0,0,0,0,0,0,0,0
0.0,2010,0.0,0,0,1,0,3,0,4,0,4
0.0,2010,0.0,0,0,0,0,0,0,0,0,0
0.0,2010,0.0,0,0,0,0,0,0,0,0,0
0.0,2010,0.0,0,0,0,0,0,0,0,0,0
0.0,2010,0.0,0,0,0,0,0,0,0,0,0
0.0,2010,0.0,0,0,0,0,0,0,0,0,0
0.0,2010,0.0,0,0,4,0,1,0,5,0,5
0.0,2010,0.0,3,0,9,0,3,0,15,0,15
0.0,2010,0.0,0,0,6,0,0,0,6,0,6
0.0,2010,0.0,0,0,0,0,0,0,0,0,0
0.0,2010,0.0,0,0,6,0,0,0,6,0,6
0.0,2010,0.0,0,0,5,0,4,0,9,0,9
0.0,2010,0.0,0,0,0,0,0,0,0,0,0
0.0,2010,0.0,0,0,0,0,0,0,0,0,0
0.0,2010,0.0,0,0,0,0,0,0,0,0,0
0.0,2010,0.0,0,0,0,0,0,0,0,0,0
0.0,2010,0.0,0,0,14,0,15,0,29,0,29
0.0,2010,0.0,0,0,0,0,0,0,0,0,0
0.0,2010,0.0,0,0,0,0,1,0,1,0,1
0.0,2010,0.0,0,0,0,0,0,0,0,0,0
0.0,2010,0.0,0,0,0,0,0,0,0,0,0
0.0,2010,0.0,0,0,0,0,0,0,0,0,0
0.0,2010,0.0,0,0,0,0,0,0,0,0,0
0.0,2010,0.0,0,0,8,0,3,0,11,0,11
0.0,2010,0.0,3,0,47,0,30,1,80,1,81
0.0,2001,0.0,0,0,3,0,0,0,3,0,3
0.0,2001,0.0,0,0,0,0,0,0,0,0,0
0.0,2001,0.0,0,0,0,0,0,0,0,0,0
0.0,2001,0.0,0,0,3,1,0,0,3,1,4
0.0,2001,0.0,0,0,0,0,0,0,0,0,0
0.0,2001,0.0,0,0,3,1,0,0,3,1,4
0.0,2001,0.0,0,0,0,0,0,0,0,0,0
0.0,2001,0.0,0,0,0,0,0,0,0,0,0
0.0,2001,0.0,0,0,0,0,0,0,0,0,0
0.0,2001,0.0,0,0,0,0,0,0,0,0,0
0.0,2001,0.0,0,0,0,0,0,0,0,0,0
0.0,2001,0.0,0,0,2,0,0,0,2,0,2
0.0,2001,0.0,7,0,55,1,0,0,62,1,63
0.0,2001,0.0,51,0,88,12,0,0,139,12,151
0.0,2001,0.0,0,0,5,2,0,0,5,2,7
0.0,2001,0.0,51,0,83,10,0,0,134,10,144
0.0,2001,0.0,0,0,14,0,0,0,14,0,14
0.0,2001,0.0,0,0,0,0,0,0,0,0,0
0.0,2001,0.0,0,0,4,0,0,0,4,0,4
0.0,2001,0.0,0,0,0,0,0,0,0,0,0
0.0,2001,0.0,0,0,1,0,0,0,1,0,1
0.0,2001,0.0,2,0,9,0,0,0,11,0,11
0.0,2001,0.0,0,0,0,0,0,0,0,0,0
0.0,2001,0.0,0,0,0,0,0,0,0,0,0
0.0,2001,0.0,0,0,0,0,0,0,0,0,0
0.0,2001,0.0,0,0,0,0,0,0,0,0,0
0.0,2001,0.0,0,0,0,0,0,0,0,0,0
0.0,2001,0.0,0,0,0,0,0,0,0,0,0
0.0,2001,0.0,0,0,0,0,0,0,0,0,0
0.0,2001,0.0,60,0,179,14,0,0,239,14,253
0.0,2002,0.0,1,0,7,1,6,0,14,1,15
0.0,2002,0.0,0,0,4,0,5,0,9,0,9
0.0,2002,0.0,0,0,0,0,0,0,0,0,0
0.0,2002,0.0,1,0,6,0,12,0,19,0,19
0.0,2002,0.0,0,0,0,0,0,0,0,0,0
0.0,2002,0.0,1,0,6,0,12,0,19,0,19
0.0,2002,0.0,1,0,9,0,13,0,23,0,23
0.0,2002,0.0,0,0,7,0,9,0,16,0,16
0.0,2002,0.0,1,0,2,0,4,0,7,0,7
0.0,2002,0.0,0,0,1,0,4,0,5,0,5
0.0,2002,0.0,0,0,0,0,0,0,0,0,0
0.0,2002,0.0,0,0,9,0,8,0,17,0,17
0.0,2002,0.0,1,0,45,0,14,0,60,0,60
0.0,2002,0.0,25,0,48,10,26,5,99,15,114
0.0,2002,0.0,0,0,0,0,0,0,0,0,0
0.0,2002,0.0,25,0,48,10,26,5,99,15,114
0.0,2002,0.0,0,0,7,0,7,0,14,0,14
0.0,2002,0.0,0,0,0,0,0,0,0,0,0
0.0,2002,0.0,0,0,0,0,0,0,0,0,0
0.0,2002,0.0,0,0,0,0,0,0,0,0,0
0.0,2002,0.0,0,0,0,0,8,0,8,0,8
0.0,2002,0.0,0,0,8,0,9,0,17,0,17
0.0,2002,0.0,0,0,0,0,0,0,0,0,0
0.0,2002,0.0,0,0,0,0,0,0,0,0,0
0.0,2002,0.0,0,0,0,0,0,0,0,0,0
0.0,2002,0.0,0,0,0,0,0,0,0,0,0
0.0,2002,0.0,0,0,0,0,0,0,0,0,0
0.0,2002,0.0,0,0,0,0,0,0,0,0,0
0.0,2002,0.0,0,0,14,0,17,0,31,0,31
0.0,2002,0.0,29,0,158,11,129,5,316,16,332
0.0,2003,0.0,3,0,5,0,1,0,9,0,9
0.0,2003,0.0,0,0,0,0,0,0,0,0,0
0.0,2003,0.0,0,0,0,0,0,0,0,0,0
0.0,2003,0.0,0,0,6,0,2,0,8,0,8
0.0,2003,0.0,0,0,0,0,0,0,0,0,0
0.0,2003,0.0,0,0,6,0,2,0,8,0,8
0.0,2003,0.0,1,0,5,0,4,0,10,0,10
0.0,2003,0.0,0,0,1,0,1,0,2,0,2
0.0,2003,0.0,1,0,4,0,3,0,8,0,8
0.0,2003,0.0,0,0,0,0,0,0,0,0,0
0.0,2003,0.0,0,0,0,0,0,0,0,0,0
0.0,2003,0.0,0,0,0,0,0,0,0,0,0
0.0,2003,0.0,8,3,28,7,24,7,60,17,77
0.0,2003,0.0,29,1,95,12,25,24,149,37,186
0.0,2003,0.0,0,0,0,0,0,0,0,0,0
0.0,2003,0.0,29,1,95,12,25,24,149,37,186
0.0,2003,0.0,12,0,19,0,17,8,48,8,56
0.0,2003,0.0,0,0,5,0,0,3,5,3,8
0.0,2003,0.0,0,0,0,0,0,0,0,0,0
0.0,2003,0.0,0,0,0,0,0,0,0,0,0
0.0,2003,0.0,0,0,0,0,0,0,0,0,0
0.0,2003,0.0,0,0,1,0,0,0,1,0,1
0.0,2003,0.0,0,0,0,0,0,0,0,0,0
0.0,2003,0.0,0,0,0,0,0,0,0,0,0
0.0,2003,0.0,0,0,0,0,0,0,0,0,0
0.0,2003,0.0,0,0,0,0,0,0,0,0,0
0.0,2003,0.0,0,0,0,0,0,0,0,0,0
0.0,2003,0.0,0,0,0,0,0,0,0,0,0
0.0,2003,0.0,2,0,17,0,4,0,23,0,23
0.0,2003,0.0,55,4,181,19,77,42,313,65,378
0.0,2004,0.0,0,0,8,0,0,0,8,0,8
0.0,2004,0.0,0,0,0,0,0,0,0,0,0
0.0,2004,0.0,0,0,0,0,0,0,0,0,0
0.0,2004,0.0,0,0,3,0,6,0,9,0,9
0.0,2004,0.0,0,0,0,0,0,0,0,0,0
0.0,2004,0.0,0,0,3,0,6,0,9,0,9
0.0,2004,0.0,0,0,9,0,13,0,22,0,22
0.0,2004,0.0,0,0,6,0,9,0,15,0,15
0.0,2004,0.0,0,0,3,0,4,0,7,0,7
0.0,2004,0.0,0,0,0,0,3,0,3,0,3
0.0,2004,0.0,0,0,0,0,0,0,0,0,0
0.0,2004,0.0,0,0,7,0,14,0,21,0,21
0.0,2004,0.0,3,1,46,2,21,3,70,6,76
0.0,2004,0.0,11,4,84,4,26,7,121,15,136
0.0,2004,0.0,0,0,0,0,13,0,13,0,13
0.0,2004,0.0,11,4,84,4,13,7,108,15,123
0.0,2004,0.0,0,0,5,0,9,0,14,0,14
0.0,2004,0.0,0,0,0,0,0,0,0,0,0
0.0,2004,0.0,0,0,0,0,0,0,0,0,0
0.0,2004,0.0,0,0,0,0,0,0,0,0,0
0.0,2004,0.0,0,0,0,0,0,0,0,0,0
0.0,2004,0.0,0,0,0,0,0,0,0,0,0
0.0,2004,0.0,0,0,0,0,0,0,0,0,0
0.0,2004,0.0,0,0,0,0,0,0,0,0,0
0.0,2004,0.0,0,0,0,0,0,0,0,0,0
0.0,2004,0.0,0,0,0,0,0,0,0,0,0
0.0,2004,0.0,0,0,0,0,0,0,0,0,0
0.0,2004,0.0,0,0,0,0,0,0,0,0,0
0.0,2004,0.0,0,0,11,4,19,8,30,12,42
0.0,2004,0.0,14,5,173,10,111,18,298,33,331
0.0,2005,0.0,7,0,13,0,6,0,26,0,26
0.0,2005,0.0,0,0,1,0,0,0,1,0,1
0.0,2005,0.0,0,0,0,0,0,0,0,0,0
0.0,2005,0.0,1,0,6,0,3,0,10,0,10
0.0,2005,0.0,0,0,0,0,0,0,0,0,0
0.0,2005,0.0,1,0,6,0,3,0,10,0,10
0.0,2005,0.0,0,0,19,0,20,1,39,1,40
0.0,2005,0.0,0,0,19,0,20,1,39,1,40
0.0,2005,0.0,0,0,0,0,0,0,0,0,0
0.0,2005,0.0,0,0,11,0,0,0,11,0,11
0.0,2005,0.0,0,0,0,0,0,0,0,0,0
0.0,2005,0.0,0,0,1,0,17,0,18,0,18
0.0,2005,0.0,3,0,39,0,28,0,70,0,70
0.0,2005,0.0,21,0,53,4,49,2,123,6,129
0.0,2005,0.0,0,0,0,0,0,0,0,0,0
0.0,2005,0.0,21,0,53,4,49,2,123,6,129
0.0,2005,0.0,0,0,4,1,4,2,8,3,11
0.0,2005,0.0,0,0,0,0,0,0,0,0,0
0.0,2005,0.0,0,0,0,0,0,0,0,0,0
0.0,2005,0.0,0,0,0,0,0,0,0,0,0
0.0,2005,0.0,0,0,0,0,0,0,0,0,0
0.0,2005,0.0,0,0,5,0,7,1,12,1,13
0.0,2005,0.0,0,0,0,0,0,0,0,0,0
0.0,2005,0.0,0,0,0,0,0,0,0,0,0
0.0,2005,0.0,0,0,0,0,0,0,0,0,0
0.0,2005,0.0,0,0,0,0,0,0,0,0,0
0.0,2005,0.0,0,0,0,0,0,0,0,0,0
0.0,2005,0.0,0,0,0,0,0,0,0,0,0
0.0,2005,0.0,2,0,16,1,25,0,43,1,44
0.0,2005,0.0,34,0,168,6,159,6,361,12,373
0.0,2006,0.0,1,0,11,0,6,0,18,0,18
0.0,2006,0.0,0,0,0,0,0,0,0,0,0
0.0,2006,0.0,0,0,0,0,0,0,0,0,0
0.0,2006,0.0,0,0,4,0,4,0,8,0,8
0.0,2006,0.0,0,0,0,0,0,0,0,0,0
0.0,2006,0.0,0,0,4,0,4,0,8,0,8
0.0,2006,0.0,0,0,4,0,6,0,10,0,10
0.0,2006,0.0,0,0,3,0,6,0,9,0,9
0.0,2006,0.0,0,0,1,0,0,0,1,0,1
0.0,2006,0.0,0,0,0,0,0,0,0,0,0
0.0,2006,0.0,0,0,0,0,0,0,0,0,0
0.0,2006,0.0,0,0,0,0,3,0,3,0,3
0.0,2006,0.0,10,0,46,4,14,3,70,7,77
0.0,2006,0.0,32,9,142,20,54,2,228,31,259
0.0,2006,0.0,0,0,39,0,8,0,47,0,47
0.0,2006,0.0,32,9,103,20,46,2,181,31,212
0.0,2006,0.0,7,0,17,9,23,6,47,15,62
0.0,2006,0.0,0,0,0,0,0,0,0,0,0
0.0,2006,0.0,0,0,0,0,0,0,0,0,0
0.0,2006,0.0,0,0,0,0,0,0,0,0,0
0.0,2006,0.0,0,0,1,0,0,0,1,0,1
0.0,2006,0.0,0,0,10,5,13,3,23,8,31
0.0,2006,0.0,0,0,0,0,0,0,0,0,0
0.0,2006,0.0,1,0,1,0,2,0,4,0,4
0.0,2006,0.0,0,0,0,0,0,0,0,0,0
0.0,2006,0.0,0,0,0,0,1,0,1,0,1
0.0,2006,0.0,0,0,0,0,0,0,0,0,0
0.0,2006,0.0,0,0,0,0,0,0,0,0,0
0.0,2006,0.0,20,5,19,7,12,2,51,14,65
0.0,2006,0.0,71,14,255,45,138,16,464,75,539
0.0,2007,0.0,0,0,10,0,12,2,22,2,24
0.0,2007,0.0,0,0,0,0,1,0,1,0,1
0.0,2007,0.0,0,0,0,0,0,0,0,0,0
0.0,2007,0.0,1,0,10,0,14,0,25,0,25
0.0,2007,0.0,0,0,0,0,0,0,0,0,0
0.0,2007,0.0,1,0,10,0,14,0,25,0,25
0.0,2007,0.0,0,0,5,2,16,0,21,2,23
0.0,2007,0.0,0,0,4,2,10,0,14,2,16
0.0,2007,0.0,0,0,1,0,6,0,7,0,7
0.0,2007,0.0,0,0,1,0,8,0,9,0,9
0.0,2007,0.0,0,0,0,0,0,0,0,0,0
0.0,2007,0.0,1,0,6,0,8,0,15,0,15
0.0,2007,0.0,12,5,77,2,66,2,155,9,164
0.0,2007,0.0,65,5,170,8,194,12,429,25,454
0.0,2007,0.0,0,0,5,0,24,1,29,1,30
0.0,2007,0.0,65,5,165,8,170,11,400,24,424
0.0,2007,0.0,17,0,43,23,46,32,106,55,161
0.0,2007,0.0,0,0,0,0,0,0,0,0,0
0.0,2007,0.0,0,0,1,0,2,0,3,0,3
0.0,2007,0.0,0,0,1,0,0,0,1,0,1
0.0,2007,0.0,0,0,0,0,0,0,0,0,0
0.0,2007,0.0,9,0,34,13,56,18,99,31,130
0.0,2007,0.0,0,0,0,0,0,0,0,0,0
0.0,2007,0.0,0,0,5,0,8,0,13,0,13
0.0,2007,0.0,0,0,0,0,2,0,2,0,2
0.0,2007,0.0,0,0,0,0,1,0,1,0,1
0.0,2007,0.0,0,0,0,0,0,0,0,0,0
0.0,2007,0.0,0,0,0,0,0,0,0,0,0
0.0,2007,0.0,19,0,33,12,50,15,102,27,129
0.0,2007,0.0,124,10,396,60,484,81,1004,151,1155
0.0,2008,0.0,0,0,17,1,14,0,31,1,32
0.0,2008,0.0,0,0,1,0,0,0,1,0,1
0.0,2008,0.0,0,0,0,0,3,0,3,0,3
0.0,2008,0.0,1,0,13,0,27,0,41,0,41
0.0,2008,0.0,0,0,0,0,0,0,0,0,0
0.0,2008,0.0,1,0,13,0,27,0,41,0,41
0.0,2008,0.0,0,0,10,0,15,1,25,1,26
0.0,2008,0.0,0,0,8,0,3,1,11,1,12
0.0,2008,0.0,0,0,2,0,12,0,14,0,14
0.0,2008,0.0,0,0,0,0,8,0,8,0,8
0.0,2008,0.0,0,0,0,0,0,0,0,0,0
0.0,2008,0.0,2,0,2,0,13,0,17,0,17
0.0,2008,0.0,5,0,40,0,31,2,76,2,78
0.0,2008,0.0,27,1,105,10,70,11,202,22,224
0.0,2008,0.0,0,0,7,0,11,0,18,0,18
0.0,2008,0.0,27,1,98,10,59,11,184,22,206
0.0,2008,0.0,6,0,31,4,16,10,53,14,67
0.0,2008,0.0,0,0,0,0,0,0,0,0,0
0.0,2008,0.0,0,0,0,0,4,0,4,0,4
0.0,2008,0.0,0,0,0,0,1,0,1,0,1
0.0,2008,0.0,2,0,0,0,4,0,6,0,6
0.0,2008,0.0,6,0,8,5,27,5,41,10,51
0.0,2008,0.0,0,0,0,0,0,0,0,0,0
0.0,2008,0.0,0,0,1,0,0,0,1,0,1
0.0,2008,0.0,0,0,0,0,0,0,0,0,0
0.0,2008,0.0,0,0,0,0,0,0,0,0,0
0.0,2008,0.0,0,0,0,0,0,0,0,0,0
0.0,2008,0.0,0,0,0,0,0,0,0,0,0
0.0,2008,0.0,10,4,24,8,28,8,62,20,82
0.0,2008,0.0,59,5,252,28,261,37,572,70,642
0.0,2009,0.0,3,1,1,0,9,0,13,1,14
0.0,2009,0.0,0,0,1,0,3,0,4,0,4
0.0,2009,0.0,0,0,0,0,0,0,0,0,0
0.0,2009,0.0,3,0,8,0,28,0,39,0,39
0.0,2009,0.0,0,0,0,0,0,0,0,0,0
0.0,2009,0.0,3,0,8,0,28,0,39,0,39
0.0,2009,0.0,3,2,6,0,15,0,24,2,26
0.0,2009,0.0,0,0,1,0,8,0,9,0,9
0.0,2009,0.0,3,2,5,0,7,0,15,2,17
0.0,2009,0.0,1,0,2,0,4,0,7,0,7
0.0,2009,0.0,0,0,0,0,1,0,1,0,1
0.0,2009,0.0,0,0,1,0,9,0,10,0,10
0.0,2009,0.0,5,0,40,2,31,2,76,4,80
0.0,2009,0.0,13,2,90,3,160,6,263,11,274
0.0,2009,0.0,0,0,0,0,7,1,7,1,8
0.0,2009,0.0,13,2,90,3,153,5,256,10,266
0.0,2009,0.0,4,0,0,2,25,6,29,8,37
0.0,2009,0.0,0,0,0,0,0,0,0,0,0
0.0,2009,0.0,1,0,0,0,0,0,1,0,1
0.0,2009,0.0,0,0,0,0,0,0,0,0,0
0.0,2009,0.0,0,0,1,0,0,0,1,0,1
0.0,2009,0.0,4,2,8,0,10,2,22,4,26
0.0,2009,0.0,0,0,0,0,0,0,0,0,0
0.0,2009,0.0,0,0,0,0,2,0,2,0,2
0.0,2009,0.0,0,0,0,0,0,0,0,0,0
0.0,2009,0.0,0,0,0,0,0,0,0,0,0
0.0,2009,0.0,0,0,0,0,0,0,0,0,0
0.0,2009,0.0,0,0,0,0,0,0,0,0,0
0.0,2009,0.0,3,0,11,0,17,2,31,2,33
0.0,2009,0.0,40,7,169,7,314,18,523,32,555
0.0,2010,0.0,0,0,5,0,7,0,12,0,12
0.0,2010,0.0,0,0,0,0,0,0,0,0,0
0.0,2010,0.0,0,0,0,0,0,0,0,0,0
0.0,2010,0.0,0,0,10,0,27,0,37,0,37
0.0,2010,0.0,0,0,0,0,0,0,0,0,0
0.0,2010,0.0,0,0,10,0,27,0,37,0,37
0.0,2010,0.0,1,0,8,0,23,0,32,0,32
0.0,2010,0.0,0,0,0,0,10,0,10,0,10
0.0,2010,0.0,1,0,8,0,13,0,22,0,22
0.0,2010,0.0,0,0,0,0,1,0,1,0,1
0.0,2010,0.0,0,0,0,0,0,0,0,0,0
0.0,2010,0.0,0,0,0,0,2,0,2,0,2
0.0,2010,0.0,2,0,11,3,17,2,30,5,35
0.0,2010,0.0,7,0,58,0,46,0,111,0,111
0.0,2010,0.0,0,0,0,0,0,0,0,0,0
0.0,2010,0.0,7,0,58,0,46,0,111,0,111
0.0,2010,0.0,0,0,8,3,20,4,28,7,35
0.0,2010,0.0,0,0,0,0,0,0,0,0,0
0.0,2010,0.0,0,0,0,0,1,0,1,0,1
0.0,2010,0.0,0,0,0,0,0,0,0,0,0
0.0,2010,0.0,0,0,1,0,1,0,2,0,2
0.0,2010,0.0,0,0,9,1,22,2,31,3,34
0.0,2010,0.0,0,0,0,0,0,0,0,0,0
0.0,2010,0.0,0,0,1,0,7,0,8,0,8
0.0,2010,0.0,0,0,0,0,0,0,0,0,0
0.0,2010,0.0,0,0,1,0,2,0,3,0,3
0.0,2010,0.0,0,0,0,0,0,0,0,0,0
0.0,2010,0.0,0,0,0,0,0,0,0,0,0
0.0,2010,0.0,0,1,29,5,34,1,63,7,70
0.0,2010,0.0,10,1,141,12,210,9,361,22,383
0.0,2001,0.0,0,0,8,0,1,0,9,0,9
0.0,2001,0.0,0,0,3,2,11,0,14,2,16
0.0,2001,0.0,0,0,0,0,0,0,0,0,0
0.0,2001,0.0,0,0,4,0,8,0,12,0,12
0.0,2001,0.0,0,0,0,0,0,0,0,0,0
0.0,2001,0.0,0,0,4,0,8,0,12,0,12
0.0,2001,0.0,0,0,0,0,0,0,0,0,0
0.0,2001,0.0,0,0,0,0,0,0,0,0,0
0.0,2001,0.0,0,0,0,0,0,0,0,0,0
0.0,2001,0.0,0,0,8,0,1,0,9,0,9
0.0,2001,0.0,0,0,0,0,0,0,0,0,0
0.0,2001,0.0,0,0,2,0,1,0,3,0,3
0.0,2001,0.0,0,0,13,0,4,0,17,0,17
0.0,2001,0.0,1,1,30,0,36,0,67,1,68
0.0,2001,0.0,0,0,0,0,5,0,5,0,5
0.0,2001,0.0,1,1,30,0,31,0,62,1,63
0.0,2001,0.0,1,0,47,0,88,0,136,0,136
0.0,2001,0.0,0,0,0,0,0,0,0,0,0
0.0,2001,0.0,0,0,1,0,0,0,1,0,1
0.0,2001,0.0,0,0,0,0,0,0,0,0,0
0.0,2001,0.0,0,0,0,0,0,0,0,0,0
0.0,2001,0.0,0,0,12,0,36,0,48,0,48
0.0,2001,0.0,0,0,1,0,2,1,3,1,4
0.0,2001,0.0,0,0,0,0,0,0,0,0,0
0.0,2001,0.0,0,0,0,0,0,0,0,0,0
0.0,2001,0.0,0,0,0,0,1,2,1,2,3
0.0,2001,0.0,0,0,0,0,0,0,0,0,0
0.0,2001,0.0,0,0,0,0,0,0,0,0,0
0.0,2001,0.0,0,2,54,14,178,2,232,18,250
0.0,2001,0.0,2,3,183,16,367,5,552,24,576
0.0,2002,0.0,0,0,3,0,4,0,7,0,7
0.0,2002,0.0,0,0,2,0,3,0,5,0,5
0.0,2002,0.0,0,0,0,0,0,0,0,0,0
0.0,2002,0.0,0,0,0,0,1,0,1,0,1
0.0,2002,0.0,0,0,0,0,0,0,0,0,0
0.0,2002,0.0,0,0,0,0,1,0,1,0,1
0.0,2002,0.0,0,0,2,0,2,0,4,0,4
0.0,2002,0.0,0,0,0,0,1,0,1,0,1
0.0,2002,0.0,0,0,2,0,1,0,3,0,3
0.0,2002,0.0,0,0,6,0,0,0,6,0,6
0.0,2002,0.0,0,0,1,0,0,0,1,0,1
0.0,2002,0.0,0,0,11,0,1,0,12,0,12
0.0,2002,0.0,0,0,3,0,0,0,3,0,3
0.0,2002,0.0,1,0,44,0,23,0,68,0,68
0.0,2002,0.0,0,0,3,0,0,0,3,0,3
0.0,2002,0.0,1,0,41,0,23,0,65,0,65
0.0,2002,0.0,0,0,28,0,76,0,104,0,104
0.0,2002,0.0,0,0,1,0,0,0,1,0,1
0.0,2002,0.0,0,0,1,0,0,0,1,0,1
0.0,2002,0.0,0,0,0,0,0,0,0,0,0
0.0,2002,0.0,0,0,0,0,0,0,0,0,0
0.0,2002,0.0,4,0,18,0,119,0,141,0,141
0.0,2002,0.0,0,0,3,0,0,2,3,2,5
0.0,2002,0.0,0,0,0,0,3,0,3,0,3
0.0,2002,0.0,0,0,0,0,0,0,0,0,0
0.0,2002,0.0,0,0,1,0,2,3,3,3,6
0.0,2002,0.0,0,0,0,0,0,0,0,0,0
0.0,2002,0.0,0,0,0,0,0,0,0,0,0
0.0,2002,0.0,1,0,96,13,173,2,270,15,285
0.0,2002,0.0,6,0,220,13,407,7,633,20,653
0.0,2003,0.0,0,0,9,0,6,0,15,0,15
0.0,2003,0.0,0,0,7,0,4,1,11,1,12
0.0,2003,0.0,0,0,1,0,0,0,1,0,1
0.0,2003,0.0,0,0,2,0,2,0,4,0,4
0.0,2003,0.0,0,0,0,0,0,0,0,0,0
0.0,2003,0.0,0,0,2,0,2,0,4,0,4
0.0,2003,0.0,0,0,5,0,3,0,8,0,8
0.0,2003,0.0,0,0,0,0,0,0,0,0,0
0.0,2003,0.0,0,0,5,0,3,0,8,0,8
0.0,2003,0.0,0,0,2,0,4,0,6,0,6
0.0,2003,0.0,0,0,2,0,0,0,2,0,2
0.0,2003,0.0,0,0,6,0,7,0,13,0,13
0.0,2003,0.0,4,0,13,0,5,0,22,0,22
0.0,2003,0.0,2,0,26,0,5,0,33,0,33
0.0,2003,0.0,0,0,0,0,1,0,1,0,1
0.0,2003,0.0,2,0,26,0,4,0,32,0,32
0.0,2003,0.0,3,0,13,0,20,0,36,0,36
0.0,2003,0.0,0,0,0,0,0,0,0,0,0
0.0,2003,0.0,0,0,5,0,1,0,6,0,6
0.0,2003,0.0,0,0,1,0,1,0,2,0,2
0.0,2003,0.0,0,0,1,0,0,0,1,0,1
0.0,2003,0.0,2,0,19,1,30,0,51,1,52
0.0,2003,0.0,0,0,2,0,2,0,4,0,4
0.0,2003,0.0,0,0,0,0,0,0,0,0,0
0.0,2003,0.0,0,0,0,0,0,0,0,0,0
0.0,2003,0.0,0,0,2,0,0,3,2,3,5
0.0,2003,0.0,0,0,0,0,0,0,0,0,0
0.0,2003,0.0,0,0,0,0,0,0,0,0,0
0.0,2003,0.0,3,0,33,0,3,4,39,4,43
0.0,2003,0.0,14,0,149,1,93,8,256,9,265
0.0,2004,0.0,0,0,5,0,5,0,10,0,10
0.0,2004,0.0,0,0,4,0,1,0,5,0,5
0.0,2004,0.0,0,0,0,0,0,0,0,0,0
0.0,2004,0.0,0,0,2,0,2,0,4,0,4
0.0,2004,0.0,0,0,0,0,0,0,0,0,0
0.0,2004,0.0,0,0,2,0,2,0,4,0,4
0.0,2004,0.0,0,0,2,0,2,0,4,0,4
0.0,2004,0.0,0,0,0,0,0,0,0,0,0
0.0,2004,0.0,0,0,2,0,2,0,4,0,4
0.0,2004,0.0,0,0,1,0,0,0,1,0,1
0.0,2004,0.0,0,0,1,0,0,0,1,0,1
0.0,2004,0.0,0,0,3,0,3,0,6,0,6
0.0,2004,0.0,0,0,5,0,7,0,12,0,12
0.0,2004,0.0,1,0,24,0,32,0,57,0,57
0.0,2004,0.0,0,0,0,0,4,0,4,0,4
0.0,2004,0.0,1,0,24,0,28,0,53,0,53
0.0,2004,0.0,0,0,1,0,17,0,18,0,18
0.0,2004,0.0,0,0,0,0,0,0,0,0,0
0.0,2004,0.0,0,0,2,0,1,0,3,0,3
0.0,2004,0.0,0,0,0,0,0,0,0,0,0
0.0,2004,0.0,0,0,0,0,0,0,0,0,0
0.0,2004,0.0,0,0,4,0,2,0,6,0,6
0.0,2004,0.0,0,0,0,0,1,0,1,0,1
0.0,2004,0.0,0,0,0,0,1,0,1,0,1
0.0,2004,0.0,0,0,0,0,0,0,0,0,0
0.0,2004,0.0,0,0,0,0,1,0,1,0,1
0.0,2004,0.0,0,0,0,0,0,0,0,0,0
0.0,2004,0.0,0,0,0,0,0,0,0,0,0
0.0,2004,0.0,0,0,28,2,53,0,81,2,83
0.0,2004,0.0,1,0,82,2,128,0,211,2,213
0.0,2005,0.0,0,0,4,0,20,0,24,0,24
0.0,2005,0.0,0,0,6,0,14,0,20,0,20
0.0,2005,0.0,0,0,0,0,2,0,2,0,2
0.0,2005,0.0,0,0,3,0,8,0,11,0,11
0.0,2005,0.0,0,0,0,0,0,0,0,0,0
0.0,2005,0.0,0,0,3,0,8,0,11,0,11
0.0,2005,0.0,0,0,4,0,5,0,9,0,9
0.0,2005,0.0,0,0,1,0,0,0,1,0,1
0.0,2005,0.0,0,0,3,0,5,0,8,0,8
0.0,2005,0.0,0,0,1,0,5,0,6,0,6
0.0,2005,0.0,0,0,2,0,0,0,2,0,2
0.0,2005,0.0,0,0,4,0,2,0,6,0,6
0.0,2005,0.0,2,0,7,0,8,0,17,0,17
0.0,2005,0.0,6,0,38,0,60,0,104,0,104
0.0,2005,0.0,0,0,10,0,0,0,10,0,10
0.0,2005,0.0,6,0,28,0,60,0,94,0,94
0.0,2005,0.0,0,0,3,0,5,0,8,0,8
0.0,2005,0.0,0,0,0,0,0,0,0,0,0
0.0,2005,0.0,0,0,0,0,4,0,4,0,4
0.0,2005,0.0,0,0,0,0,0,0,0,0,0
0.0,2005,0.0,0,0,0,0,1,0,1,0,1
0.0,2005,0.0,0,0,3,0,12,0,15,0,15
0.0,2005,0.0,0,0,0,0,7,0,7,0,7
0.0,2005,0.0,0,0,0,0,0,0,0,0,0
0.0,2005,0.0,0,0,0,0,0,0,0,0,0
0.0,2005,0.0,0,0,0,0,0,0,0,0,0
0.0,2005,0.0,0,0,0,0,0,0,0,0,0
0.0,2005,0.0,0,0,0,0,0,0,0,0,0
0.0,2005,0.0,0,0,16,0,58,0,74,0,74
0.0,2005,0.0,8,0,91,0,211,0,310,0,310
0.0,2006,0.0,0,0,5,0,4,0,9,0,9
0.0,2006,0.0,0,0,5,0,4,0,9,0,9
0.0,2006,0.0,0,0,0,0,0,0,0,0,0
0.0,2006,0.0,0,0,1,2,6,0,7,2,9
0.0,2006,0.0,0,0,0,0,0,0,0,0,0
0.0,2006,0.0,0,0,1,2,6,0,7,2,9
0.0,2006,0.0,0,0,2,0,1,0,3,0,3
0.0,2006,0.0,0,0,1,0,1,0,2,0,2
0.0,2006,0.0,0,0,1,0,0,0,1,0,1
0.0,2006,0.0,0,0,0,0,1,0,1,0,1
0.0,2006,0.0,0,0,0,0,0,0,0,0,0
0.0,2006,0.0,0,0,3,0,6,0,9,0,9
0.0,2006,0.0,0,0,4,0,6,0,10,0,10
0.0,2006,0.0,3,0,12,0,52,0,67,0,67
0.0,2006,0.0,0,0,1,0,6,0,7,0,7
0.0,2006,0.0,3,0,11,0,46,0,60,0,60
0.0,2006,0.0,0,0,2,0,19,0,21,0,21
0.0,2006,0.0,0,0,0,0,0,0,0,0,0
0.0,2006,0.0,0,0,0,0,0,0,0,0,0
0.0,2006,0.0,0,0,0,0,0,0,0,0,0
0.0,2006,0.0,0,0,0,0,0,0,0,0,0
0.0,2006,0.0,0,0,7,0,7,0,14,0,14
0.0,2006,0.0,0,0,3,0,0,0,3,0,3
0.0,2006,0.0,0,0,2,0,0,0,2,0,2
0.0,2006,0.0,0,0,0,0,0,0,0,0,0
0.0,2006,0.0,0,0,0,0,0,0,0,0,0
0.0,2006,0.0,0,0,0,0,0,0,0,0,0
0.0,2006,0.0,0,0,0,0,0,0,0,0,0
0.0,2006,0.0,1,0,35,0,35,0,71,0,71
0.0,2006,0.0,4,0,81,2,141,0,226,2,228
0.0,2007,0.0,1,0,13,0,27,0,41,0,41
0.0,2007,0.0,0,0,9,0,62,0,71,0,71
0.0,2007,0.0,0,0,0,0,2,0,2,0,2
0.0,2007,0.0,0,0,4,0,33,0,37,0,37
0.0,2007,0.0,0,0,0,0,0,0,0,0,0
0.0,2007,0.0,0,0,4,0,33,0,37,0,37
0.0,2007,0.0,0,0,8,0,34,3,42,3,45
0.0,2007,0.0,0,0,0,0,15,3,15,3,18
0.0,2007,0.0,0,0,8,0,19,0,27,0,27
0.0,2007,0.0,0,0,2,0,20,0,22,0,22
0.0,2007,0.0,0,0,0,0,0,0,0,0,0
0.0,2007,0.0,1,0,10,0,14,0,25,0,25
0.0,2007,0.0,1,0,14,0,33,0,48,0,48
0.0,2007,0.0,9,0,22,2,184,0,215,2,217
0.0,2007,0.0,4,0,3,0,9,0,16,0,16
0.0,2007,0.0,5,0,19,2,175,0,199,2,201
0.0,2007,0.0,0,0,15,0,319,8,334,8,342
0.0,2007,0.0,0,0,0,0,0,0,0,0,0
0.0,2007,0.0,0,0,0,0,7,0,7,0,7
0.0,2007,0.0,0,0,0,0,4,0,4,0,4
0.0,2007,0.0,0,0,0,0,1,0,1,0,1
0.0,2007,0.0,2,0,21,1,180,4,203,5,208
0.0,2007,0.0,0,0,2,0,11,5,13,5,18
0.0,2007,0.0,0,0,0,0,6,0,6,0,6
0.0,2007,0.0,0,0,0,0,0,0,0,0,0
0.0,2007,0.0,0,0,0,0,11,2,11,2,13
0.0,2007,0.0,0,0,0,0,0,0,0,0,0
0.0,2007,0.0,0,0,0,0,9,0,9,0,9
0.0,2007,0.0,0,0,20,0,238,22,258,22,280
0.0,2007,0.0,14,0,140,3,1195,44,1349,47,1396
0.0,2008,0.0,0,0,2,0,55,0,57,0,57
0.0,2008,0.0,0,0,3,0,43,0,46,0,46
0.0,2008,0.0,0,0,0,0,1,0,1,0,1
0.0,2008,0.0,0,0,4,0,33,0,37,0,37
0.0,2008,0.0,0,0,0,0,0,0,0,0,0
0.0,2008,0.0,0,0,4,0,33,0,37,0,37
0.0,2008,0.0,0,0,5,0,48,0,53,0,53
0.0,2008,0.0,0,0,3,0,21,0,24,0,24
0.0,2008,0.0,0,0,2,0,27,0,29,0,29
0.0,2008,0.0,0,0,1,0,8,0,9,0,9
0.0,2008,0.0,0,0,0,0,0,0,0,0,0
0.0,2008,0.0,0,0,6,0,22,0,28,0,28
0.0,2008,0.0,0,0,7,0,33,0,40,0,40
0.0,2008,0.0,4,0,28,0,154,2,186,2,188
0.0,2008,0.0,0,0,5,0,25,0,30,0,30
0.0,2008,0.0,4,0,23,0,129,2,156,2,158
0.0,2008,0.0,0,0,9,0,222,17,231,17,248
0.0,2008,0.0,0,0,0,0,19,0,19,0,19
0.0,2008,0.0,0,0,2,0,19,0,21,0,21
0.0,2008,0.0,0,0,0,0,0,0,0,0,0
0.0,2008,0.0,0,0,0,0,5,0,5,0,5
0.0,2008,0.0,0,0,8,2,115,6,123,8,131
0.0,2008,0.0,0,0,0,0,5,2,5,2,7
0.0,2008,0.0,0,0,1,0,5,0,6,0,6
0.0,2008,0.0,0,0,0,0,2,0,2,0,2
0.0,2008,0.0,0,0,0,0,6,3,6,3,9
0.0,2008,0.0,0,0,0,0,0,0,0,0,0
0.0,2008,0.0,0,0,0,0,1,0,1,0,1
0.0,2008,0.0,0,0,16,0,198,41,214,41,255
0.0,2008,0.0,4,0,92,2,994,71,1090,73,1163
0.0,2009,0.0,0,0,18,0,48,0,66,0,66
0.0,2009,0.0,0,0,11,0,31,3,42,3,45
0.0,2009,0.0,0,0,1,0,3,0,4,0,4
0.0,2009,0.0,0,0,0,0,33,0,33,0,33
0.0,2009,0.0,0,0,0,0,0,0,0,0,0
0.0,2009,0.0,0,0,0,0,33,0,33,0,33
0.0,2009,0.0,0,0,7,0,35,0,42,0,42
0.0,2009,0.0,0,0,3,0,15,0,18,0,18
0.0,2009,0.0,0,0,4,0,20,0,24,0,24
0.0,2009,0.0,0,0,4,0,5,0,9,0,9
0.0,2009,0.0,0,0,0,0,1,0,1,0,1
0.0,2009,0.0,0,0,2,0,20,0,22,0,22
0.0,2009,0.0,0,0,17,0,31,0,48,0,48
0.0,2009,0.0,0,0,52,0,103,2,155,2,157
0.0,2009,0.0,0,0,4,0,27,0,31,0,31
0.0,2009,0.0,0,0,48,0,76,2,124,2,126
0.0,2009,0.0,0,0,26,2,160,6,186,8,194
0.0,2009,0.0,0,0,0,0,1,0,1,0,1
0.0,2009,0.0,0,0,4,0,7,0,11,0,11
0.0,2009,0.0,0,0,0,0,0,0,0,0,0
0.0,2009,0.0,0,0,4,0,7,2,11,2,13
0.0,2009,0.0,0,0,13,1,35,4,48,5,53
0.0,2009,0.0,0,0,0,0,4,1,4,1,5
0.0,2009,0.0,0,0,2,0,9,0,11,0,11
0.0,2009,0.0,0,0,0,0,0,0,0,0,0
0.0,2009,0.0,0,0,0,1,9,4,9,5,14
0.0,2009,0.0,0,0,0,0,0,0,0,0,0
0.0,2009,0.0,0,0,0,0,3,0,3,0,3
0.0,2009,0.0,0,0,97,1,97,53,194,54,248
0.0,2009,0.0,0,0,258,5,642,75,900,80,980
0.0,2010,0.0,0,0,8,0,35,0,43,0,43
0.0,2010,0.0,0,0,5,0,21,0,26,0,26
0.0,2010,0.0,0,0,2,0,1,0,3,0,3
0.0,2010,0.0,0,0,1,0,25,0,26,0,26
0.0,2010,0.0,0,0,0,0,0,0,0,0,0
0.0,2010,0.0,0,0,1,0,25,0,26,0,26
0.0,2010,0.0,0,0,9,0,62,0,71,0,71
0.0,2010,0.0,0,0,6,0,43,0,49,0,49
0.0,2010,0.0,0,0,3,0,19,0,22,0,22
0.0,2010,0.0,0,0,0,0,16,0,16,0,16
0.0,2010,0.0,0,0,0,0,6,0,6,0,6
0.0,2010,0.0,0,0,4,0,21,0,25,0,25
0.0,2010,0.0,0,0,5,0,28,0,33,0,33
0.0,2010,0.0,0,0,43,0,107,0,150,0,150
0.0,2010,0.0,0,0,4,0,31,0,35,0,35
0.0,2010,0.0,0,0,39,0,76,0,115,0,115
0.0,2010,0.0,0,0,18,0,49,0,67,0,67
0.0,2010,0.0,0,0,0,0,0,0,0,0,0
0.0,2010,0.0,0,0,0,0,1,0,1,0,1
0.0,2010,0.0,0,0,0,0,0,0,0,0,0
0.0,2010,0.0,0,0,0,0,1,0,1,0,1
0.0,2010,0.0,0,0,16,0,40,0,56,0,56
0.0,2010,0.0,0,0,0,0,2,0,2,0,2
0.0,2010,0.0,0,0,4,0,5,0,9,0,9
0.0,2010,0.0,0,0,0,0,0,0,0,0,0
0.0,2010,0.0,0,0,0,0,3,0,3,0,3
0.0,2010,0.0,0,0,0,0,0,0,0,0,0
0.0,2010,0.0,0,0,0,0,0,0,0,0,0
0.0,2010,0.0,0,0,75,2,78,0,153,2,155
0.0,2010,0.0,0,0,190,2,501,0,691,2,693
0.0,2001,0.0,0,0,17,1,16,0,33,1,34
0.0,2001,0.0,1,0,11,0,8,1,20,1,21
0.0,2001,0.0,0,0,3,0,0,0,3,0,3
0.0,2001,0.0,3,0,42,0,17,0,62,0,62
0.0,2001,0.0,0,0,0,0,0,0,0,0,0
0.0,2001,0.0,3,0,42,0,17,0,62,0,62
0.0,2001,0.0,0,0,11,0,2,0,13,0,13
0.0,2001,0.0,0,0,11,0,2,0,13,0,13
0.0,2001,0.0,0,0,0,0,0,0,0,0,0
0.0,2001,0.0,0,0,3,0,0,0,3,0,3
0.0,2001,0.0,0,0,0,0,0,0,0,0,0
0.0,2001,0.0,1,0,10,3,4,2,15,5,20
0.0,2001,0.0,16,3,165,2,45,0,226,5,231
0.0,2001,0.0,36,1,165,0,40,0,241,1,242
0.0,2001,0.0,4,0,22,0,15,0,41,0,41
0.0,2001,0.0,32,1,143,0,25,0,200,1,201
0.0,2001,0.0,1,0,12,1,40,0,53,1,54
0.0,2001,0.0,0,0,0,0,0,0,0,0,0
0.0,2001,0.0,0,0,0,0,0,0,0,0,0
0.0,2001,0.0,0,0,0,0,0,0,0,0,0
0.0,2001,0.0,1,0,0,0,0,0,1,0,1
0.0,2001,0.0,9,0,85,9,74,1,168,10,178
0.0,2001,0.0,0,0,1,0,1,0,2,0,2
0.0,2001,0.0,4,0,17,0,16,0,37,0,37
0.0,2001,0.0,0,0,2,0,3,0,5,0,5
0.0,2001,0.0,0,0,3,1,4,2,7,3,10
0.0,2001,0.0,0,0,0,0,0,0,0,0,0
0.0,2001,0.0,1,0,0,0,0,0,1,0,1
0.0,2001,0.0,12,1,168,11,80,2,260,14,274
0.0,2001,0.0,85,5,715,28,350,8,1150,41,1191
0.0,2002,0.0,0,0,18,3,18,0,36,3,39
0.0,2002,0.0,0,0,8,1,8,0,16,1,17
0.0,2002,0.0,1,0,0,0,0,0,1,0,1
0.0,2002,0.0,0,0,53,0,22,0,75,0,75
0.0,2002,0.0,0,0,0,0,0,0,0,0,0
0.0,2002,0.0,0,0,53,0,22,0,75,0,75
0.0,2002,0.0,0,0,2,0,3,0,5,0,5
0.0,2002,0.0,0,0,2,0,3,0,5,0,5
0.0,2002,0.0,0,0,0,0,0,0,0,0,0
0.0,2002,0.0,0,0,0,0,0,0,0,0,0
0.0,2002,0.0,0,0,0,0,0,0,0,0,0
0.0,2002,0.0,0,0,9,0,4,0,13,0,13
0.0,2002,0.0,19,0,154,1,40,0,213,1,214
0.0,2002,0.0,23,0,150,3,32,0,205,3,208
0.0,2002,0.0,2,0,22,0,11,0,35,0,35
0.0,2002,0.0,21,0,128,3,21,0,170,3,173
0.0,2002,0.0,2,1,51,1,24,0,77,2,79
0.0,2002,0.0,0,0,3,0,0,0,3,0,3
0.0,2002,0.0,0,0,1,0,2,0,3,0,3
0.0,2002,0.0,0,0,0,0,0,0,0,0,0
0.0,2002,0.0,0,0,4,0,5,0,9,0,9
0.0,2002,0.0,4,1,114,10,70,2,188,13,201
0.0,2002,0.0,0,1,1,0,1,1,2,2,4
0.0,2002,0.0,0,0,16,1,14,0,30,1,31
0.0,2002,0.0,0,0,2,0,1,0,3,0,3
0.0,2002,0.0,0,0,0,0,1,0,1,0,1
0.0,2002,0.0,0,0,0,0,0,0,0,0,0
0.0,2002,0.0,0,0,0,0,4,0,4,0,4
0.0,2002,0.0,10,7,251,12,67,0,328,19,347
0.0,2002,0.0,59,10,837,32,316,3,1212,45,1257
0.0,2003,0.0,1,1,14,0,11,3,26,4,30
0.0,2003,0.0,2,0,3,0,11,0,16,0,16
0.0,2003,0.0,1,0,0,0,1,0,2,0,2
0.0,2003,0.0,1,0,21,0,39,0,61,0,61
0.0,2003,0.0,0,0,0,0,0,0,0,0,0
0.0,2003,0.0,1,0,21,0,39,0,61,0,61
0.0,2003,0.0,0,0,2,0,1,0,3,0,3
0.0,2003,0.0,0,0,1,0,1,0,2,0,2
0.0,2003,0.0,0,0,1,0,0,0,1,0,1
0.0,2003,0.0,0,0,1,0,4,0,5,0,5
0.0,2003,0.0,0,0,0,0,1,0,1,0,1
0.0,2003,0.0,0,0,7,0,3,0,10,0,10
0.0,2003,0.0,13,0,213,4,68,0,294,4,298
0.0,2003,0.0,16,1,122,1,72,0,210,2,212
0.0,2003,0.0,7,0,15,0,18,0,40,0,40
0.0,2003,0.0,9,1,107,1,54,0,170,2,172
0.0,2003,0.0,4,0,38,0,36,1,78,1,79
0.0,2003,0.0,0,0,2,0,1,0,3,0,3
0.0,2003,0.0,0,0,0,0,2,0,2,0,2
0.0,2003,0.0,0,0,0,0,0,0,0,0,0
0.0,2003,0.0,1,0,5,0,1,0,7,0,7
0.0,2003,0.0,11,3,77,3,67,3,155,9,164
0.0,2003,0.0,0,0,0,0,2,1,2,1,3
0.0,2003,0.0,1,0,20,0,20,0,41,0,41
0.0,2003,0.0,0,0,1,0,1,0,2,0,2
0.0,2003,0.0,1,0,24,0,3,0,28,0,28
0.0,2003,0.0,0,0,0,0,0,0,0,0,0
0.0,2003,0.0,0,0,0,0,0,0,0,0,0
0.0,2003,0.0,11,0,185,10,265,1,461,11,472
0.0,2003,0.0,63,5,735,18,609,9,1407,32,1439
0.0,2004,0.0,3,0,17,1,18,2,38,3,41
0.0,2004,0.0,0,0,14,1,13,0,27,1,28
0.0,2004,0.0,0,0,0,0,0,0,0,0,0
0.0,2004,0.0,1,0,22,0,42,0,65,0,65
0.0,2004,0.0,0,0,0,0,0,0,0,0,0
0.0,2004,0.0,1,0,22,0,42,0,65,0,65
0.0,2004,0.0,1,0,8,1,5,0,14,1,15
0.0,2004,0.0,1,0,6,0,5,0,12,0,12
0.0,2004,0.0,0,0,2,1,0,0,2,1,3
0.0,2004,0.0,1,0,0,0,3,0,4,0,4
0.0,2004,0.0,0,0,1,0,0,0,1,0,1
0.0,2004,0.0,2,0,10,0,11,0,23,0,23
0.0,2004,0.0,27,3,146,0,141,0,314,3,317
0.0,2004,0.0,26,0,120,0,77,0,223,0,223
0.0,2004,0.0,0,0,19,0,27,0,46,0,46
0.0,2004,0.0,26,0,101,0,50,0,177,0,177
0.0,2004,0.0,12,0,37,3,21,0,70,3,73
0.0,2004,0.0,0,0,0,0,0,0,0,0,0
0.0,2004,0.0,0,0,2,0,0,0,2,0,2
0.0,2004,0.0,0,0,0,0,0,0,0,0,0
0.0,2004,0.0,0,0,1,0,1,0,2,0,2
0.0,2004,0.0,23,5,119,2,98,3,240,10,250
0.0,2004,0.0,0,0,0,0,0,0,0,0,0
0.0,2004,0.0,0,2,31,0,34,0,65,2,67
0.0,2004,0.0,0,0,11,0,3,0,14,0,14
0.0,2004,0.0,0,0,11,4,2,1,13,5,18
0.0,2004,0.0,0,0,0,0,0,0,0,0,0
0.0,2004,0.0,0,0,0,0,4,0,4,0,4
0.0,2004,0.0,37,2,181,7,114,11,332,20,352
0.0,2004,0.0,133,12,731,19,587,17,1451,48,1499
0.0,2005,0.0,2,0,20,4,28,1,50,5,55
0.0,2005,0.0,0,0,15,2,12,1,27,3,30
0.0,2005,0.0,0,0,0,0,0,0,0,0,0
0.0,2005,0.0,1,0,44,1,40,2,85,3,88
0.0,2005,0.0,0,0,0,0,0,0,0,0,0
0.0,2005,0.0,1,0,44,1,40,2,85,3,88
0.0,2005,0.0,1,0,4,0,8,0,13,0,13
0.0,2005,0.0,1,0,4,0,7,0,12,0,12
0.0,2005,0.0,0,0,0,0,1,0,1,0,1
0.0,2005,0.0,0,0,6,1,18,0,24,1,25
0.0,2005,0.0,0,0,2,0,4,0,6,0,6
0.0,2005,0.0,0,0,9,1,13,0,22,1,23
0.0,2005,0.0,19,0,149,0,91,1,259,1,260
0.0,2005,0.0,18,0,157,1,123,1,298,2,300
0.0,2005,0.0,0,0,25,0,30,0,55,0,55
0.0,2005,0.0,18,0,132,1,93,1,243,2,245
0.0,2005,0.0,4,2,33,6,38,2,75,10,85
0.0,2005,0.0,0,0,0,0,0,0,0,0,0
0.0,2005,0.0,0,0,0,0,1,0,1,0,1
0.0,2005,0.0,0,0,1,0,0,0,1,0,1
0.0,2005,0.0,1,0,3,0,13,0,17,0,17
0.0,2005,0.0,5,2,97,17,94,12,196,31,227
0.0,2005,0.0,0,0,0,0,0,0,0,0,0
0.0,2005,0.0,2,1,25,0,22,0,49,1,50
0.0,2005,0.0,0,0,4,0,2,0,6,0,6
0.0,2005,0.0,0,0,2,1,3,4,5,5,10
0.0,2005,0.0,0,0,0,0,0,0,0,0,0
0.0,2005,0.0,0,0,7,0,1,0,8,0,8
0.0,2005,0.0,29,6,170,23,223,30,422,59,481
0.0,2005,0.0,82,11,748,57,734,54,1564,122,1686
0.0,2006,0.0,1,0,20,1,27,2,48,3,51
0.0,2006,0.0,0,0,20,0,13,1,33,1,34
0.0,2006,0.0,0,0,0,0,1,0,1,0,1
0.0,2006,0.0,0,0,34,0,35,0,69,0,69
0.0,2006,0.0,0,0,0,0,0,0,0,0,0
0.0,2006,0.0,0,0,34,0,35,0,69,0,69
0.0,2006,0.0,2,0,6,4,1,0,9,4,13
0.0,2006,0.0,1,0,2,1,0,0,3,1,4
0.0,2006,0.0,1,0,4,3,1,0,6,3,9
0.0,2006,0.0,0,0,1,0,1,0,2,0,2
0.0,2006,0.0,0,0,2,0,4,0,6,0,6
0.0,2006,0.0,2,0,7,0,13,0,22,0,22
0.0,2006,0.0,34,1,225,0,112,0,371,1,372
0.0,2006,0.0,27,0,181,2,117,2,325,4,329
0.0,2006,0.0,0,0,14,0,22,1,36,1,37
0.0,2006,0.0,27,0,167,2,95,1,289,3,292
0.0,2006,0.0,1,0,32,5,29,4,62,9,71
0.0,2006,0.0,0,0,0,0,0,0,0,0,0
0.0,2006,0.0,0,0,2,0,0,0,2,0,2
0.0,2006,0.0,0,0,1,0,0,0,1,0,1
0.0,2006,0.0,0,0,3,0,1,0,4,0,4
0.0,2006,0.0,6,2,211,12,148,12,365,26,391
0.0,2006,0.0,0,0,1,0,1,4,2,4,6
0.0,2006,0.0,0,0,31,0,32,0,63,0,63
0.0,2006,0.0,0,0,2,0,3,0,5,0,5
0.0,2006,0.0,0,0,6,1,7,2,13,3,16
0.0,2006,0.0,0,0,0,0,0,0,0,0,0
0.0,2006,0.0,0,0,1,2,1,0,2,2,4
0.0,2006,0.0,16,0,173,7,150,8,339,15,354
0.0,2006,0.0,89,3,959,34,696,35,1744,72,1816
0.0,2007,0.0,1,0,17,1,21,0,39,1,40
0.0,2007,0.0,0,0,12,4,16,0,28,4,32
0.0,2007,0.0,0,0,0,0,0,1,0,1,1
0.0,2007,0.0,3,0,28,0,29,0,60,0,60
0.0,2007,0.0,0,0,0,0,0,0,0,0,0
0.0,2007,0.0,3,0,28,0,29,0,60,0,60
0.0,2007,0.0,0,0,1,0,2,0,3,0,3
0.0,2007,0.0,0,0,1,0,1,0,2,0,2
0.0,2007,0.0,0,0,0,0,1,0,1,0,1
0.0,2007,0.0,0,0,4,0,8,0,12,0,12
0.0,2007,0.0,0,0,0,0,1,0,1,0,1
0.0,2007,0.0,0,0,15,0,9,0,24,0,24
0.0,2007,0.0,17,0,180,1,98,1,295,2,297
0.0,2007,0.0,20,0,181,1,132,0,333,1,334
0.0,2007,0.0,3,0,31,0,27,0,61,0,61
0.0,2007,0.0,17,0,150,1,105,0,272,1,273
0.0,2007,0.0,0,0,38,3,34,0,72,3,75
0.0,2007,0.0,0,0,2,0,0,0,2,0,2
0.0,2007,0.0,0,0,2,0,5,0,7,0,7
0.0,2007,0.0,2,0,0,0,1,0,3,0,3
0.0,2007,0.0,0,0,4,0,0,0,4,0,4
0.0,2007,0.0,3,0,123,9,110,7,236,16,252
0.0,2007,0.0,0,0,2,1,1,0,3,1,4
0.0,2007,0.0,1,0,19,0,23,1,43,1,44
0.0,2007,0.0,0,0,2,0,2,0,4,0,4
0.0,2007,0.0,0,0,0,3,7,3,7,6,13
0.0,2007,0.0,0,0,0,0,0,0,0,0,0
0.0,2007,0.0,0,0,4,1,5,0,9,1,10
0.0,2007,0.0,17,0,174,15,143,5,334,20,354
0.0,2007,0.0,64,0,808,39,647,18,1519,57,1576
0.0,2008,0.0,2,0,18,3,30,1,50,4,54
0.0,2008,0.0,1,1,23,3,24,1,48,5,53
0.0,2008,0.0,0,0,0,0,0,0,0,0,0
0.0,2008,0.0,0,0,39,0,42,1,81,1,82
0.0,2008,0.0,0,0,0,0,0,0,0,0,0
0.0,2008,0.0,0,0,39,0,42,1,81,1,82
0.0,2008,0.0,0,0,9,0,12,1,21,1,22
0.0,2008,0.0,0,0,6,0,11,0,17,0,17
0.0,2008,0.0,0,0,3,0,1,1,4,1,5
0.0,2008,0.0,0,0,0,0,13,0,13,0,13
0.0,2008,0.0,0,0,0,0,0,0,0,0,0
0.0,2008,0.0,0,0,10,0,14,0,24,0,24
0.0,2008,0.0,46,0,212,1,120,1,378,2,380
0.0,2008,0.0,18,1,141,0,159,0,318,1,319
0.0,2008,0.0,0,0,29,0,56,0,85,0,85
0.0,2008,0.0,18,1,112,0,103,0,233,1,234
0.0,2008,0.0,2,0,36,3,38,1,76,4,80
0.0,2008,0.0,0,0,0,0,0,0,0,0,0
0.0,2008,0.0,0,0,4,0,1,0,5,0,5
0.0,2008,0.0,0,0,0,0,0,0,0,0,0
0.0,2008,0.0,1,0,2,0,13,0,16,0,16
0.0,2008,0.0,8,6,143,16,157,16,308,38,346
0.0,2008,0.0,0,0,0,0,0,1,0,1,1
0.0,2008,0.0,0,0,36,0,38,0,74,0,74
0.0,2008,0.0,0,0,9,0,4,0,13,0,13
0.0,2008,0.0,0,0,1,1,7,1,8,2,10
0.0,2008,0.0,0,0,0,0,0,0,0,0,0
0.0,2008,0.0,0,0,6,0,10,0,16,0,16
0.0,2008,0.0,8,39,628,11,629,13,1265,63,1328
0.0,2008,0.0,86,47,1317,38,1311,37,2714,122,2836
0.0,2009,0.0,2,1,28,4,21,4,51,9,60
0.0,2009,0.0,7,0,36,1,31,1,74,2,76
0.0,2009,0.0,0,0,0,0,0,0,0,0,0
0.0,2009,0.0,0,0,40,0,52,0,92,0,92
0.0,2009,0.0,0,0,0,0,0,0,0,0,0
0.0,2009,0.0,0,0,40,0,52,0,92,0,92
0.0,2009,0.0,0,0,10,1,6,0,16,1,17
0.0,2009,0.0,0,0,6,1,4,0,10,1,11
0.0,2009,0.0,0,0,4,0,2,0,6,0,6
0.0,2009,0.0,0,0,1,0,9,0,10,0,10
0.0,2009,0.0,0,0,0,0,0,0,0,0,0
0.0,2009,0.0,2,0,26,0,24,0,52,0,52
0.0,2009,0.0,28,2,256,1,178,0,462,3,465
0.0,2009,0.0,14,0,142,0,133,0,289,0,289
0.0,2009,0.0,4,0,33,0,42,0,79,0,79
0.0,2009,0.0,10,0,109,0,91,0,210,0,210
0.0,2009,0.0,2,0,38,7,61,3,101,10,111
0.0,2009,0.0,0,0,0,0,0,0,0,0,0
0.0,2009,0.0,0,0,1,0,1,1,2,1,3
0.0,2009,0.0,0,0,0,0,0,0,0,0,0
0.0,2009,0.0,2,0,8,0,13,0,23,0,23
0.0,2009,0.0,7,0,156,11,171,3,334,14,348
0.0,2009,0.0,0,0,0,3,0,1,0,4,4
0.0,2009,0.0,0,0,30,0,38,0,68,0,68
0.0,2009,0.0,5,0,9,3,9,0,23,3,26
0.0,2009,0.0,0,1,2,1,1,0,3,2,5
0.0,2009,0.0,0,0,0,0,0,0,0,0,0
0.0,2009,0.0,0,0,2,0,6,0,8,0,8
0.0,2009,0.0,2,1,425,30,702,43,1129,74,1203
0.0,2009,0.0,71,5,1210,62,1456,56,2737,123,2860
0.0,2010,0.0,0,0,27,0,22,1,49,1,50
0.0,2010,0.0,8,0,25,1,29,0,62,1,63
0.0,2010,0.0,0,0,0,0,0,0,0,0,0
0.0,2010,0.0,0,0,28,0,42,0,70,0,70
0.0,2010,0.0,0,0,0,0,0,0,0,0,0
0.0,2010,0.0,0,0,28,0,42,0,70,0,70
0.0,2010,0.0,0,0,6,0,7,1,13,1,14
0.0,2010,0.0,0,0,6,0,7,1,13,1,14
0.0,2010,0.0,0,0,0,0,0,0,0,0,0
0.0,2010,0.0,0,0,0,0,2,0,2,0,2
0.0,2010,0.0,0,0,0,0,0,0,0,0,0
0.0,2010,0.0,1,0,21,0,12,0,34,0,34
0.0,2010,0.0,10,0,144,2,126,0,280,2,282
0.0,2010,0.0,8,0,187,1,134,4,329,5,334
0.0,2010,0.0,0,0,44,0,30,0,74,0,74
0.0,2010,0.0,8,0,143,1,104,4,255,5,260
0.0,2010,0.0,1,0,58,6,61,4,120,10,130
0.0,2010,0.0,0,0,1,0,2,0,3,0,3
0.0,2010,0.0,0,0,0,0,4,0,4,0,4
0.0,2010,0.0,0,0,0,0,4,0,4,0,4
0.0,2010,0.0,0,0,5,0,7,0,12,0,12
0.0,2010,0.0,11,0,176,14,193,12,380,26,406
0.0,2010,0.0,0,0,0,0,1,1,1,1,2
0.0,2010,0.0,0,0,30,1,74,0,104,1,105
0.0,2010,0.0,0,0,6,0,10,0,16,0,16
0.0,2010,0.0,0,0,1,0,4,3,5,3,8
0.0,2010,0.0,0,0,0,0,0,0,0,0,0
0.0,2010,0.0,1,0,8,0,8,0,17,0,17
0.0,2010,0.0,5,0,405,14,142,6,552,20,572
0.0,2010,0.0,45,0,1128,39,884,32,2057,71,2128
0.0,2001,0.0,0,0,0,0,0,0,0,0,0
0.0,2001,0.0,0,0,0,0,7,0,7,0,7
0.0,2001,0.0,0,0,0,0,0,0,0,0,0
0.0,2001,0.0,0,0,0,0,0,0,0,0,0
0.0,2001,0.0,0,0,0,0,0,0,0,0,0
0.0,2001,0.0,0,0,0,0,0,0,0,0,0
0.0,2001,0.0,0,0,0,0,0,0,0,0,0
0.0,2001,0.0,0,0,0,0,0,0,0,0,0
0.0,2001,0.0,0,0,0,0,0,0,0,0,0
0.0,2001,0.0,0,0,0,0,2,0,2,0,2
0.0,2001,0.0,0,0,0,0,0,0,0,0,0
0.0,2001,0.0,0,0,0,0,1,0,1,0,1
0.0,2001,0.0,0,0,9,0,5,0,14,0,14
0.0,2001,0.0,1,0,11,0,9,0,21,0,21
0.0,2001,0.0,0,0,1,0,4,0,5,0,5
0.0,2001,0.0,1,0,10,0,5,0,16,0,16
0.0,2001,0.0,0,0,2,0,5,0,7,0,7
0.0,2001,0.0,0,0,0,0,0,0,0,0,0
0.0,2001,0.0,0,0,0,0,0,0,0,0,0
0.0,2001,0.0,0,0,0,0,0,0,0,0,0
0.0,2001,0.0,0,0,1,0,1,0,2,0,2
0.0,2001,0.0,0,0,2,0,0,0,2,0,2
0.0,2001,0.0,0,0,0,0,0,0,0,0,0
0.0,2001,0.0,0,0,1,0,1,0,2,0,2
0.0,2001,0.0,0,0,0,0,0,0,0,0,0
0.0,2001,0.0,0,0,0,0,0,0,0,0,0
0.0,2001,0.0,0,0,0,0,0,0,0,0,0
0.0,2001,0.0,0,0,0,0,1,0,1,0,1
0.0,2001,0.0,0,0,3,0,3,2,6,2,8
0.0,2001,0.0,1,0,29,0,35,2,65,2,67
0.0,2002,0.0,0,0,1,0,0,0,1,0,1
0.0,2002,0.0,0,0,0,0,1,0,1,0,1
0.0,2002,0.0,0,0,0,0,0,0,0,0,0
0.0,2002,0.0,0,0,1,0,0,0,1,0,1
0.0,2002,0.0,0,0,0,0,0,0,0,0,0
0.0,2002,0.0,0,0,1,0,0,0,1,0,1
0.0,2002,0.0,0,0,0,0,0,0,0,0,0
0.0,2002,0.0,0,0,0,0,0,0,0,0,0
0.0,2002,0.0,0,0,0,0,0,0,0,0,0
0.0,2002,0.0,0,0,0,0,0,0,0,0,0
0.0,2002,0.0,0,0,0,0,0,0,0,0,0
0.0,2002,0.0,0,0,0,0,1,0,1,0,1
0.0,2002,0.0,7,0,14,3,3,0,24,3,27
0.0,2002,0.0,7,0,16,1,1,0,24,1,25
0.0,2002,0.0,0,0,3,0,0,0,3,0,3
0.0,2002,0.0,7,0,13,1,1,0,21,1,22
0.0,2002,0.0,0,0,0,0,0,0,0,0,0
0.0,2002,0.0,0,0,0,0,0,0,0,0,0
0.0,2002,0.0,0,0,0,0,0,0,0,0,0
0.0,2002,0.0,0,0,0,0,0,0,0,0,0
0.0,2002,0.0,0,0,0,0,0,0,0,0,0
0.0,2002,0.0,0,0,1,0,2,0,3,0,3
0.0,2002,0.0,0,0,0,0,0,0,0,0,0
0.0,2002,0.0,0,0,1,0,1,0,2,0,2
0.0,2002,0.0,0,0,0,0,1,0,1,0,1
0.0,2002,0.0,0,0,0,0,0,0,0,0,0
0.0,2002,0.0,0,0,0,0,0,0,0,0,0
0.0,2002,0.0,0,0,0,0,0,0,0,0,0
0.0,2002,0.0,1,0,2,0,2,0,5,0,5
0.0,2002,0.0,15,0,36,4,12,0,63,4,67
0.0,2003,0.0,0,0,1,0,3,0,4,0,4
0.0,2003,0.0,0,0,0,0,0,0,0,0,0
0.0,2003,0.0,0,0,0,0,0,0,0,0,0
0.0,2003,0.0,0,0,0,0,0,0,0,0,0
0.0,2003,0.0,0,0,0,0,0,0,0,0,0
0.0,2003,0.0,0,0,0,0,0,0,0,0,0
0.0,2003,0.0,0,0,0,0,1,0,1,0,1
0.0,2003,0.0,0,0,0,0,1,0,1,0,1
0.0,2003,0.0,0,0,0,0,0,0,0,0,0
0.0,2003,0.0,0,0,0,0,0,0,0,0,0
0.0,2003,0.0,0,0,0,0,0,0,0,0,0
0.0,2003,0.0,0,0,0,0,2,0,2,0,2
0.0,2003,0.0,3,0,23,0,17,0,43,0,43
0.0,2003,0.0,3,1,13,0,7,0,23,1,24
0.0,2003,0.0,0,0,4,0,4,0,8,0,8
0.0,2003,0.0,3,1,9,0,3,0,15,1,16
0.0,2003,0.0,0,0,0,0,1,0,1,0,1
0.0,2003,0.0,0,0,0,0,0,0,0,0,0
0.0,2003,0.0,0,0,0,0,0,0,0,0,0
0.0,2003,0.0,0,0,0,0,0,0,0,0,0
0.0,2003,0.0,0,0,0,0,0,0,0,0,0
0.0,2003,0.0,0,0,1,0,1,0,2,0,2
0.0,2003,0.0,0,0,0,0,0,0,0,0,0
0.0,2003,0.0,0,0,0,0,0,0,0,0,0
0.0,2003,0.0,0,0,0,0,0,0,0,0,0
0.0,2003,0.0,0,0,0,0,0,0,0,0,0
0.0,2003,0.0,0,0,0,0,0,0,0,0,0
0.0,2003,0.0,0,0,0,0,1,0,1,0,1
0.0,2003,0.0,0,0,2,0,4,0,6,0,6
0.0,2003,0.0,6,1,40,0,37,0,83,1,84
0.0,2004,0.0,0,0,0,0,4,0,4,0,4
0.0,2004,0.0,0,0,0,0,2,0,2,0,2
0.0,2004,0.0,0,0,0,0,0,0,0,0,0
0.0,2004,0.0,1,0,0,0,4,0,5,0,5
0.0,2004,0.0,0,0,0,0,0,0,0,0,0
0.0,2004,0.0,1,0,0,0,4,0,5,0,5
0.0,2004,0.0,1,0,2,0,0,0,3,0,3
0.0,2004,0.0,1,0,2,0,0,0,3,0,3
0.0,2004,0.0,0,0,0,0,0,0,0,0,0
0.0,2004,0.0,0,0,0,0,0,0,0,0,0
0.0,2004,0.0,0,0,0,0,0,0,0,0,0
0.0,2004,0.0,0,0,0,0,0,0,0,0,0
0.0,2004,0.0,0,0,8,0,8,0,16,0,16
0.0,2004,0.0,1,0,12,0,6,0,19,0,19
0.0,2004,0.0,0,0,1,0,3,0,4,0,4
0.0,2004,0.0,1,0,11,0,3,0,15,0,15
0.0,2004,0.0,0,0,1,0,3,0,4,0,4
0.0,2004,0.0,0,0,0,0,0,0,0,0,0
0.0,2004,0.0,0,0,0,0,0,0,0,0,0
0.0,2004,0.0,0,0,0,0,0,0,0,0,0
0.0,2004,0.0,0,0,0,0,0,0,0,0,0
0.0,2004,0.0,0,0,1,0,2,0,3,0,3
0.0,2004,0.0,0,0,0,0,0,0,0,0,0
0.0,2004,0.0,0,0,0,0,0,0,0,0,0
0.0,2004,0.0,0,0,0,0,1,0,1,0,1
0.0,2004,0.0,0,0,0,0,0,0,0,0,0
0.0,2004,0.0,0,0,0,0,0,0,0,0,0
0.0,2004,0.0,0,0,0,0,1,0,1,0,1
0.0,2004,0.0,1,0,1,0,3,0,5,0,5
0.0,2004,0.0,4,0,25,0,34,0,63,0,63
0.0,2005,0.0,0,0,0,0,0,0,0,0,0
0.0,2005,0.0,0,0,0,0,0,0,0,0,0
0.0,2005,0.0,0,0,0,0,0,0,0,0,0
0.0,2005,0.0,0,0,0,0,0,0,0,0,0
0.0,2005,0.0,0,0,0,0,0,0,0,0,0
0.0,2005,0.0,0,0,0,0,0,0,0,0,0
0.0,2005,0.0,0,0,0,0,0,0,0,0,0
0.0,2005,0.0,0,0,0,0,0,0,0,0,0
0.0,2005,0.0,0,0,0,0,0,0,0,0,0
0.0,2005,0.0,0,0,0,0,0,0,0,0,0
0.0,2005,0.0,0,0,0,0,0,0,0,0,0
0.0,2005,0.0,0,0,1,0,1,0,2,0,2
0.0,2005,0.0,0,0,14,0,5,0,19,0,19
0.0,2005,0.0,5,1,9,0,12,1,26,2,28
0.0,2005,0.0,0,0,1,0,7,0,8,0,8
0.0,2005,0.0,5,1,8,0,5,1,18,2,20
0.0,2005,0.0,0,0,0,0,1,0,1,0,1
0.0,2005,0.0,0,0,0,0,0,0,0,0,0
0.0,2005,0.0,0,0,0,0,0,0,0,0,0
0.0,2005,0.0,0,0,0,0,0,0,0,0,0
0.0,2005,0.0,0,0,0,0,0,0,0,0,0
0.0,2005,0.0,0,0,1,0,1,0,2,0,2
0.0,2005,0.0,0,0,0,0,0,0,0,0,0
0.0,2005,0.0,0,0,0,0,1,0,1,0,1
0.0,2005,0.0,0,0,0,0,1,0,1,0,1
0.0,2005,0.0,0,0,0,0,0,0,0,0,0
0.0,2005,0.0,0,0,0,0,0,0,0,0,0
0.0,2005,0.0,0,0,0,0,0,0,0,0,0
0.0,2005,0.0,1,0,1,0,5,0,7,0,7
0.0,2005,0.0,6,1,26,0,27,1,59,2,61
0.0,2006,0.0,0,0,0,1,0,0,0,1,1
0.0,2006,0.0,0,0,1,0,1,0,2,0,2
0.0,2006,0.0,0,0,0,0,0,0,0,0,0
0.0,2006,0.0,0,0,0,0,1,0,1,0,1
0.0,2006,0.0,0,0,0,0,0,0,0,0,0
0.0,2006,0.0,0,0,0,0,1,0,1,0,1
0.0,2006,0.0,0,0,0,0,1,0,1,0,1
0.0,2006,0.0,0,0,0,0,1,0,1,0,1
0.0,2006,0.0,0,0,0,0,0,0,0,0,0
0.0,2006,0.0,0,0,0,0,0,0,0,0,0
0.0,2006,0.0,0,0,0,0,0,0,0,0,0
0.0,2006,0.0,0,0,0,0,1,0,1,0,1
0.0,2006,0.0,6,0,8,0,1,0,15,0,15
0.0,2006,0.0,3,0,10,0,7,1,20,1,21
0.0,2006,0.0,0,0,5,0,4,0,9,0,9
0.0,2006,0.0,3,0,5,0,3,1,11,1,12
0.0,2006,0.0,0,0,2,0,1,0,3,0,3
0.0,2006,0.0,0,0,0,0,0,0,0,0,0
0.0,2006,0.0,0,0,0,0,1,0,1,0,1
0.0,2006,0.0,0,0,0,0,0,0,0,0,0
0.0,2006,0.0,0,0,0,0,0,0,0,0,0
0.0,2006,0.0,0,0,1,0,1,0,2,0,2
0.0,2006,0.0,0,0,0,0,0,0,0,0,0
0.0,2006,0.0,0,0,0,0,0,0,0,0,0
0.0,2006,0.0,0,0,0,0,0,0,0,0,0
0.0,2006,0.0,0,0,0,0,0,0,0,0,0
0.0,2006,0.0,0,0,0,0,0,0,0,0,0
0.0,2006,0.0,0,0,0,0,0,0,0,0,0
0.0,2006,0.0,5,0,8,1,4,1,17,2,19
0.0,2006,0.0,14,0,30,2,19,2,63,4,67
0.0,2007,0.0,0,0,0,0,0,0,0,0,0
0.0,2007,0.0,0,0,0,0,0,0,0,0,0
0.0,2007,0.0,0,0,0,0,0,0,0,0,0
0.0,2007,0.0,1,0,0,0,1,0,2,0,2
0.0,2007,0.0,0,0,0,0,0,0,0,0,0
0.0,2007,0.0,1,0,0,0,1,0,2,0,2
0.0,2007,0.0,0,0,0,0,1,1,1,1,2
0.0,2007,0.0,0,0,0,0,1,1,1,1,2
0.0,2007,0.0,0,0,0,0,0,0,0,0,0
0.0,2007,0.0,0,0,0,0,0,0,0,0,0
0.0,2007,0.0,0,0,0,0,0,0,0,0,0
0.0,2007,0.0,0,0,0,0,1,0,1,0,1
0.0,2007,0.0,2,0,14,0,8,0,24,0,24
0.0,2007,0.0,2,0,21,0,9,0,32,0,32
0.0,2007,0.0,0,0,3,0,2,0,5,0,5
0.0,2007,0.0,2,0,18,0,7,0,27,0,27
0.0,2007,0.0,0,0,0,0,1,0,1,0,1
0.0,2007,0.0,0,0,0,0,0,0,0,0,0
0.0,2007,0.0,0,0,0,0,0,0,0,0,0
0.0,2007,0.0,0,0,0,0,0,0,0,0,0
0.0,2007,0.0,0,0,0,0,1,0,1,0,1
0.0,2007,0.0,0,0,1,0,0,0,1,0,1
0.0,2007,0.0,0,0,0,0,0,0,0,0,0
0.0,2007,0.0,0,0,0,0,1,0,1,0,1
0.0,2007,0.0,0,0,0,0,0,0,0,0,0
0.0,2007,0.0,0,0,0,0,0,0,0,0,0
0.0,2007,0.0,0,0,0,0,0,0,0,0,0
0.0,2007,0.0,0,0,0,0,2,0,2,0,2
0.0,2007,0.0,0,0,0,0,9,0,9,0,9
0.0,2007,0.0,5,0,36,0,34,1,75,1,76
0.0,2008,0.0,0,0,0,0,0,1,0,1,1
0.0,2008,0.0,0,0,0,0,0,0,0,0,0
0.0,2008,0.0,0,0,0,0,0,0,0,0,0
0.0,2008,0.0,0,0,0,0,1,0,1,0,1
0.0,2008,0.0,0,0,0,0,0,0,0,0,0
0.0,2008,0.0,0,0,0,0,1,0,1,0,1
0.0,2008,0.0,0,0,0,0,2,0,2,0,2
0.0,2008,0.0,0,0,0,0,2,0,2,0,2
0.0,2008,0.0,0,0,0,0,0,0,0,0,0
0.0,2008,0.0,0,0,0,0,2,0,2,0,2
0.0,2008,0.0,0,0,0,0,0,0,0,0,0
0.0,2008,0.0,0,0,0,0,1,0,1,0,1
0.0,2008,0.0,0,0,8,0,10,0,18,0,18
0.0,2008,0.0,1,0,2,1,13,0,16,1,17
0.0,2008,0.0,0,0,1,0,6,0,7,0,7
0.0,2008,0.0,1,0,1,1,7,0,9,1,10
0.0,2008,0.0,0,0,0,0,8,2,8,2,10
0.0,2008,0.0,0,0,0,0,0,0,0,0,0
0.0,2008,0.0,1,0,0,0,0,0,1,0,1
0.0,2008,0.0,0,0,0,0,0,0,0,0,0
0.0,2008,0.0,0,0,0,0,0,0,0,0,0
0.0,2008,0.0,0,0,0,0,1,0,1,0,1
0.0,2008,0.0,0,0,0,0,0,0,0,0,0
0.0,2008,0.0,0,0,1,0,1,0,2,0,2
0.0,2008,0.0,0,0,1,0,0,0,1,0,1
0.0,2008,0.0,0,0,0,0,0,0,0,0,0
0.0,2008,0.0,0,0,0,0,0,0,0,0,0
0.0,2008,0.0,0,0,0,0,0,0,0,0,0
0.0,2008,0.0,0,0,2,0,7,0,9,0,9
0.0,2008,0.0,2,0,14,1,46,3,62,4,66
0.0,2009,0.0,0,0,0,0,1,4,1,4,5
0.0,2009,0.0,0,0,0,0,1,0,1,0,1
0.0,2009,0.0,0,0,0,0,0,0,0,0,0
0.0,2009,0.0,0,0,0,0,3,0,3,0,3
0.0,2009,0.0,0,0,0,0,0,0,0,0,0
0.0,2009,0.0,0,0,0,0,3,0,3,0,3
0.0,2009,0.0,0,0,0,0,1,0,1,0,1
0.0,2009,0.0,0,0,0,0,0,0,0,0,0
0.0,2009,0.0,0,0,0,0,1,0,1,0,1
0.0,2009,0.0,0,0,0,0,0,0,0,0,0
0.0,2009,0.0,0,0,0,0,0,0,0,0,0
0.0,2009,0.0,0,0,0,0,1,0,1,0,1
0.0,2009,0.0,2,1,2,0,18,0,22,1,23
0.0,2009,0.0,0,0,7,0,17,0,24,0,24
0.0,2009,0.0,0,0,4,0,14,0,18,0,18
0.0,2009,0.0,0,0,3,0,3,0,6,0,6
0.0,2009,0.0,0,0,0,0,0,0,0,0,0
0.0,2009,0.0,0,0,0,0,0,0,0,0,0
0.0,2009,0.0,0,0,0,0,0,0,0,0,0
0.0,2009,0.0,0,0,0,0,0,0,0,0,0
0.0,2009,0.0,0,0,0,0,0,0,0,0,0
0.0,2009,0.0,0,0,2,0,3,0,5,0,5
0.0,2009,0.0,0,0,0,0,0,0,0,0,0
0.0,2009,0.0,0,0,0,0,1,0,1,0,1
0.0,2009,0.0,0,0,0,0,0,0,0,0,0
0.0,2009,0.0,0,0,0,0,0,0,0,0,0
0.0,2009,0.0,0,0,0,0,0,0,0,0,0
0.0,2009,0.0,0,0,0,0,0,0,0,0,0
0.0,2009,0.0,0,0,2,0,10,0,12,0,12
0.0,2009,0.0,2,1,13,0,56,4,71,5,76
0.0,2010,0.0,0,0,0,0,0,0,0,0,0
0.0,2010,0.0,0,0,0,0,0,0,0,0,0
0.0,2010,0.0,0,0,0,0,0,0,0,0,0
0.0,2010,0.0,0,0,1,0,0,0,1,0,1
0.0,2010,0.0,0,0,0,0,0,0,0,0,0
0.0,2010,0.0,0,0,1,0,0,0,1,0,1
0.0,2010,0.0,0,0,1,0,0,0,1,0,1
0.0,2010,0.0,0,0,1,0,0,0,1,0,1
0.0,2010,0.0,0,0,0,0,0,0,0,0,0
0.0,2010,0.0,0,0,0,0,0,0,0,0,0
0.0,2010,0.0,0,0,0,0,0,0,0,0,0
0.0,2010,0.0,0,0,0,0,2,0,2,0,2
0.0,2010,0.0,1,0,8,0,13,0,22,0,22
0.0,2010,0.0,0,2,12,0,12,2,24,4,28
0.0,2010,0.0,0,0,9,0,8,0,17,0,17
0.0,2010,0.0,0,2,3,0,4,2,7,4,11
0.0,2010,0.0,0,0,0,0,4,0,4,0,4
0.0,2010,0.0,0,0,0,0,0,0,0,0,0
0.0,2010,0.0,0,0,0,0,0,0,0,0,0
0.0,2010,0.0,0,0,0,0,0,0,0,0,0
0.0,2010,0.0,0,0,0,0,0,0,0,0,0
0.0,2010,0.0,0,0,0,0,1,0,1,0,1
0.0,2010,0.0,0,0,0,0,0,0,0,0,0
0.0,2010,0.0,0,0,1,0,1,0,2,0,2
0.0,2010,0.0,0,0,0,0,0,0,0,0,0
0.0,2010,0.0,0,0,0,0,0,0,0,0,0
0.0,2010,0.0,0,0,0,0,0,0,0,0,0
0.0,2010,0.0,0,0,0,0,2,0,2,0,2
0.0,2010,0.0,0,0,2,0,9,2,11,2,13
0.0,2010,0.0,1,2,25,0,44,4,70,6,76
0.0,2001,0.0,0,0,13,7,16,1,29,8,37
0.0,2001,0.0,3,0,18,2,9,1,30,3,33
0.0,2001,0.0,0,0,0,0,0,0,0,0,0
0.0,2001,0.0,0,0,4,0,5,0,9,0,9
0.0,2001,0.0,0,0,0,0,0,0,0,0,0
0.0,2001,0.0,0,0,4,0,5,0,9,0,9
0.0,2001,0.0,0,0,8,2,16,8,24,10,34
0.0,2001,0.0,0,0,6,2,15,8,21,10,31
0.0,2001,0.0,0,0,2,0,1,0,3,0,3
0.0,2001,0.0,0,0,1,0,2,0,3,0,3
0.0,2001,0.0,0,0,3,0,3,0,6,0,6
0.0,2001,0.0,0,0,7,0,4,0,11,0,11
0.0,2001,0.0,18,0,59,0,63,0,140,0,140
0.0,2001,0.0,46,2,156,12,246,21,448,35,483
0.0,2001,0.0,25,0,50,1,129,1,204,2,206
0.0,2001,0.0,21,2,106,11,117,20,244,33,277
0.0,2001,0.0,0,2,37,9,153,22,190,33,223
0.0,2001,0.0,0,0,2,0,4,2,6,2,8
0.0,2001,0.0,0,0,1,0,6,0,7,0,7
0.0,2001,0.0,0,0,0,0,0,0,0,0,0
0.0,2001,0.0,0,0,1,0,3,0,4,0,4
0.0,2001,0.0,12,0,143,24,362,41,517,65,582
0.0,2001,0.0,0,0,0,0,0,0,0,0,0
0.0,2001,0.0,1,0,3,0,22,1,26,1,27
0.0,2001,0.0,0,0,0,0,0,0,0,0,0
0.0,2001,0.0,2,1,31,7,26,28,59,36,95
0.0,2001,0.0,0,0,0,0,0,0,0,0,0
0.0,2001,0.0,0,0,2,0,4,0,6,0,6
0.0,2001,0.0,36,4,214,34,551,69,801,107,908
0.0,2001,0.0,118,9,703,97,1495,194,2316,300,2616
0.0,2002,0.0,0,0,13,0,37,2,50,2,52
0.0,2002,0.0,3,0,12,2,52,3,67,5,72
0.0,2002,0.0,0,0,0,0,0,0,0,0,0
0.0,2002,0.0,0,0,6,0,6,0,12,0,12
0.0,2002,0.0,0,0,0,0,0,0,0,0,0
0.0,2002,0.0,0,0,6,0,6,0,12,0,12
0.0,2002,0.0,0,0,4,5,6,5,10,10,20
0.0,2002,0.0,0,0,3,3,5,4,8,7,15
0.0,2002,0.0,0,0,1,2,1,1,2,3,5
0.0,2002,0.0,0,0,15,0,28,0,43,0,43
0.0,2002,0.0,0,0,0,0,1,0,1,0,1
0.0,2002,0.0,0,0,4,0,18,1,22,1,23
0.0,2002,0.0,16,0,98,2,40,5,154,7,161
0.0,2002,0.0,10,2,139,4,186,8,335,14,349
0.0,2002,0.0,1,0,32,0,83,0,116,0,116
0.0,2002,0.0,9,2,107,4,103,8,219,14,233
0.0,2002,0.0,2,0,66,3,215,6,283,9,292
0.0,2002,0.0,0,0,4,0,3,0,7,0,7
0.0,2002,0.0,0,0,0,0,4,0,4,0,4
0.0,2002,0.0,0,0,0,0,0,0,0,0,0
0.0,2002,0.0,0,0,17,0,84,0,101,0,101
0.0,2002,0.0,12,1,102,8,192,16,306,25,331
0.0,2002,0.0,0,0,0,0,0,0,0,0,0
0.0,2002,0.0,1,0,4,0,4,0,9,0,9
0.0,2002,0.0,0,0,0,0,0,0,0,0,0
0.0,2002,0.0,0,0,7,4,27,17,34,21,55
0.0,2002,0.0,0,0,0,0,0,0,0,0,0
0.0,2002,0.0,0,0,1,0,4,0,5,0,5
0.0,2002,0.0,24,6,162,30,514,76,700,112,812
0.0,2002,0.0,68,9,654,58,1421,139,2143,206,2349
0.0,2003,0.0,1,0,11,0,29,3,41,3,44
0.0,2003,0.0,1,0,13,1,21,4,35,5,40
0.0,2003,0.0,0,0,0,0,1,0,1,0,1
0.0,2003,0.0,0,0,3,0,10,0,13,0,13
0.0,2003,0.0,0,0,0,0,0,0,0,0,0
0.0,2003,0.0,0,0,3,0,10,0,13,0,13
0.0,2003,0.0,0,0,5,0,28,3,33,3,36
0.0,2003,0.0,0,0,5,0,25,2,30,2,32
0.0,2003,0.0,0,0,0,0,3,1,3,1,4
0.0,2003,0.0,0,0,3,0,2,0,5,0,5
0.0,2003,0.0,0,0,0,0,0,0,0,0,0
0.0,2003,0.0,0,0,10,0,10,0,20,0,20
0.0,2003,0.0,3,1,114,1,67,3,184,5,189
0.0,2003,0.0,19,4,186,16,176,13,381,33,414
0.0,2003,0.0,3,0,60,0,71,0,134,0,134
0.0,2003,0.0,16,4,126,16,105,13,247,33,280
0.0,2003,0.0,1,0,51,5,97,12,149,17,166
0.0,2003,0.0,0,0,0,0,4,0,4,0,4
0.0,2003,0.0,0,0,1,0,6,0,7,0,7
0.0,2003,0.0,0,0,0,0,1,0,1,0,1
0.0,2003,0.0,0,0,0,0,8,0,8,0,8
0.0,2003,0.0,4,1,107,9,159,12,270,22,292
0.0,2003,0.0,0,0,0,1,1,0,1,1,2
0.0,2003,0.0,0,0,2,1,11,0,13,1,14
0.0,2003,0.0,0,0,0,0,0,0,0,0,0
0.0,2003,0.0,0,0,5,4,14,21,19,25,44
0.0,2003,0.0,0,0,0,0,0,0,0,0,0
0.0,2003,0.0,0,0,1,1,3,1,4,2,6
0.0,2003,0.0,6,0,147,13,241,37,394,50,444
0.0,2003,0.0,35,6,659,52,889,109,1583,167,1750
0.0,2004,0.0,0,0,6,0,18,1,24,1,25
0.0,2004,0.0,0,0,8,1,9,0,17,1,18
0.0,2004,0.0,0,0,0,0,0,0,0,0,0
0.0,2004,0.0,1,0,10,0,11,1,22,1,23
0.0,2004,0.0,0,0,0,0,0,0,0,0,0
0.0,2004,0.0,1,0,10,0,11,1,22,1,23
0.0,2004,0.0,0,0,4,2,16,5,20,7,27
0.0,2004,0.0,0,0,4,2,16,5,20,7,27
0.0,2004,0.0,0,0,0,0,0,0,0,0,0
0.0,2004,0.0,0,0,7,0,25,1,32,1,33
0.0,2004,0.0,0,0,2,0,0,0,2,0,2
0.0,2004,0.0,0,0,4,0,15,0,19,0,19
0.0,2004,0.0,3,0,78,3,64,2,145,5,150
0.0,2004,0.0,17,4,196,7,203,17,416,28,444
0.0,2004,0.0,0,0,78,0,86,0,164,0,164
0.0,2004,0.0,17,4,118,7,117,17,252,28,280
0.0,2004,0.0,15,0,53,15,114,16,182,31,213
0.0,2004,0.0,1,0,4,0,2,0,7,0,7
0.0,2004,0.0,2,0,2,1,4,0,8,1,9
0.0,2004,0.0,0,0,0,0,2,0,2,0,2
0.0,2004,0.0,0,0,0,0,3,0,3,0,3
0.0,2004,0.0,12,1,130,11,176,21,318,33,351
0.0,2004,0.0,0,0,0,0,0,1,0,1,1
0.0,2004,0.0,0,0,5,0,12,1,17,1,18
0.0,2004,0.0,0,0,3,0,18,0,21,0,21
0.0,2004,0.0,1,0,8,9,27,24,36,33,69
0.0,2004,0.0,0,0,0,0,0,0,0,0,0
0.0,2004,0.0,0,0,1,0,2,0,3,0,3
0.0,2004,0.0,14,0,119,13,227,17,360,30,390
0.0,2004,0.0,66,5,640,62,948,107,1654,174,1828
0.0,2005,0.0,1,0,8,0,14,2,23,2,25
0.0,2005,0.0,0,0,9,0,16,0,25,0,25
0.0,2005,0.0,0,0,0,0,0,0,0,0,0
0.0,2005,0.0,0,0,7,0,9,0,16,0,16
0.0,2005,0.0,0,0,0,0,0,0,0,0,0
0.0,2005,0.0,0,0,7,0,9,0,16,0,16
0.0,2005,0.0,0,0,3,2,8,5,11,7,18
0.0,2005,0.0,0,0,1,2,8,4,9,6,15
0.0,2005,0.0,0,0,2,0,0,1,2,1,3
0.0,2005,0.0,0,0,5,0,22,3,27,3,30
0.0,2005,0.0,0,0,0,0,0,0,0,0,0
0.0,2005,0.0,1,0,4,2,9,3,14,5,19
0.0,2005,0.0,9,0,68,0,78,2,155,2,157
0.0,2005,0.0,66,7,312,19,212,5,590,31,621
0.0,2005,0.0,16,0,122,0,86,0,224,0,224
0.0,2005,0.0,50,7,190,19,126,5,366,31,397
0.0,2005,0.0,1,0,43,12,141,12,185,24,209
0.0,2005,0.0,0,0,1,0,2,0,3,0,3
0.0,2005,0.0,0,0,0,0,12,0,12,0,12
0.0,2005,0.0,0,0,0,0,5,0,5,0,5
0.0,2005,0.0,0,0,2,0,1,0,3,0,3
0.0,2005,0.0,7,0,109,15,120,11,236,26,262
0.0,2005,0.0,0,0,0,1,0,0,0,1,1
0.0,2005,0.0,0,0,1,2,13,0,14,2,16
0.0,2005,0.0,0,0,2,0,0,0,2,0,2
0.0,2005,0.0,1,1,5,8,11,16,17,25,42
0.0,2005,0.0,0,0,0,0,0,0,0,0,0
0.0,2005,0.0,1,0,0,0,1,0,2,0,2
0.0,2005,0.0,4,1,125,20,192,18,321,39,360
0.0,2005,0.0,91,9,704,81,866,77,1661,167,1828
0.0,2006,0.0,0,0,10,3,26,0,36,3,39
0.0,2006,0.0,0,0,9,0,14,2,23,2,25
0.0,2006,0.0,0,0,0,0,0,0,0,0,0
0.0,2006,0.0,0,0,2,0,10,0,12,0,12
0.0,2006,0.0,0,0,0,0,0,0,0,0,0
0.0,2006,0.0,0,0,2,0,10,0,12,0,12
0.0,2006,0.0,0,0,9,3,21,5,30,8,38
0.0,2006,0.0,0,0,9,2,18,4,27,6,33
0.0,2006,0.0,0,0,0,1,3,1,3,2,5
0.0,2006,0.0,0,0,1,0,7,0,8,0,8
0.0,2006,0.0,0,0,0,0,0,0,0,0,0
0.0,2006,0.0,0,0,9,1,16,0,25,1,26
0.0,2006,0.0,7,0,114,2,154,5,275,7,282
0.0,2006,0.0,39,4,272,20,218,17,529,41,570
0.0,2006,0.0,3,0,136,0,81,0,220,0,220
0.0,2006,0.0,36,4,136,20,137,17,309,41,350
0.0,2006,0.0,6,0,33,4,179,9,218,13,231
0.0,2006,0.0,0,0,0,0,2,0,2,0,2
0.0,2006,0.0,2,0,3,0,3,0,8,0,8
0.0,2006,0.0,0,0,0,0,0,0,0,0,0
0.0,2006,0.0,0,0,3,0,3,0,6,0,6
0.0,2006,0.0,2,0,112,11,120,13,234,24,258
0.0,2006,0.0,0,0,0,0,1,1,1,1,2
0.0,2006,0.0,0,0,4,1,8,0,12,1,13
0.0,2006,0.0,0,0,2,0,2,0,4,0,4
0.0,2006,0.0,0,0,9,10,14,13,23,23,46
0.0,2006,0.0,0,0,0,0,0,0,0,0,0
0.0,2006,0.0,0,0,3,0,3,0,6,0,6
0.0,2006,0.0,12,1,160,17,309,50,481,68,549
0.0,2006,0.0,68,5,755,72,1110,115,1933,192,2125
0.0,2007,0.0,0,0,18,3,21,2,39,5,44
0.0,2007,0.0,0,0,9,0,15,1,24,1,25
0.0,2007,0.0,0,0,1,0,0,0,1,0,1
0.0,2007,0.0,0,0,5,0,20,1,25,1,26
0.0,2007,0.0,0,0,0,0,0,0,0,0,0
0.0,2007,0.0,0,0,5,0,20,1,25,1,26
0.0,2007,0.0,0,0,5,2,18,7,23,9,32
0.0,2007,0.0,0,0,5,2,18,5,23,7,30
0.0,2007,0.0,0,0,0,0,0,2,0,2,2
0.0,2007,0.0,0,0,1,0,8,0,9,0,9
0.0,2007,0.0,0,0,0,0,1,0,1,0,1
0.0,2007,0.0,0,0,5,1,42,0,47,1,48
0.0,2007,0.0,9,8,85,1,146,2,240,11,251
0.0,2007,0.0,24,2,254,3,357,4,635,9,644
0.0,2007,0.0,3,0,67,0,157,0,227,0,227
0.0,2007,0.0,21,2,187,3,200,4,408,9,417
0.0,2007,0.0,3,0,56,1,117,2,176,3,179
0.0,2007,0.0,0,0,0,0,0,0,0,0,0
0.0,2007,0.0,0,0,0,0,5,0,5,0,5
0.0,2007,0.0,0,0,0,0,0,0,0,0,0
0.0,2007,0.0,0,0,0,0,3,0,3,0,3
0.0,2007,0.0,2,0,122,9,160,18,284,27,311
0.0,2007,0.0,0,0,0,0,0,0,0,0,0
0.0,2007,0.0,0,0,6,0,9,0,15,0,15
0.0,2007,0.0,0,0,6,0,7,0,13,0,13
0.0,2007,0.0,0,0,2,6,24,14,26,20,46
0.0,2007,0.0,0,0,0,0,0,0,0,0,0
0.0,2007,0.0,0,0,0,0,0,0,0,0,0
0.0,2007,0.0,12,0,151,24,392,44,555,68,623
0.0,2007,0.0,50,10,726,50,1345,95,2121,155,2276
0.0,2008,0.0,0,0,18,1,36,2,54,3,57
0.0,2008,0.0,0,0,9,0,12,1,21,1,22
0.0,2008,0.0,0,0,0,0,0,0,0,0,0
0.0,2008,0.0,0,0,5,0,9,0,14,0,14
0.0,2008,0.0,0,0,0,0,0,0,0,0,0
0.0,2008,0.0,0,0,5,0,9,0,14,0,14
0.0,2008,0.0,0,0,7,0,14,6,21,6,27
0.0,2008,0.0,0,0,7,0,12,5,19,5,24
0.0,2008,0.0,0,0,0,0,2,1,2,1,3
0.0,2008,0.0,0,0,3,1,17,1,20,2,22
0.0,2008,0.0,0,0,0,0,0,0,0,0,0
0.0,2008,0.0,0,0,13,0,25,0,38,0,38
0.0,2008,0.0,10,0,104,0,134,0,248,0,248
0.0,2008,0.0,18,5,189,5,390,18,597,28,625
0.0,2008,0.0,6,0,62,0,194,0,262,0,262
0.0,2008,0.0,12,5,127,5,196,18,335,28,363
0.0,2008,0.0,1,9,38,10,113,2,152,21,173
0.0,2008,0.0,0,0,0,1,4,1,4,2,6
0.0,2008,0.0,0,0,3,0,4,0,7,0,7
0.0,2008,0.0,0,0,0,0,1,0,1,0,1
0.0,2008,0.0,0,0,2,0,0,0,2,0,2
0.0,2008,0.0,2,0,126,7,191,16,319,23,342
0.0,2008,0.0,0,0,0,0,0,0,0,0,0
0.0,2008,0.0,0,0,10,0,9,1,19,1,20
0.0,2008,0.0,0,0,1,0,0,0,1,0,1
0.0,2008,0.0,0,0,5,4,12,16,17,20,37
0.0,2008,0.0,0,0,0,0,0,0,0,0,0
0.0,2008,0.0,0,0,3,0,5,0,8,0,8
0.0,2008,0.0,6,0,153,23,268,42,427,65,492
0.0,2008,0.0,37,14,689,52,1244,106,1970,172,2142
0.0,2009,0.0,0,0,15,0,20,4,35,4,39
0.0,2009,0.0,0,0,3,1,18,2,21,3,24
0.0,2009,0.0,0,0,0,0,0,0,0,0,0
0.0,2009,0.0,0,0,7,0,15,0,22,0,22
0.0,2009,0.0,0,0,0,0,0,0,0,0,0
0.0,2009,0.0,0,0,7,0,15,0,22,0,22
0.0,2009,0.0,0,0,6,2,18,7,24,9,33
0.0,2009,0.0,0,0,6,1,16,6,22,7,29
0.0,2009,0.0,0,0,0,1,2,1,2,2,4
0.0,2009,0.0,0,0,0,0,10,0,10,0,10
0.0,2009,0.0,0,0,0,0,0,0,0,0,0
0.0,2009,0.0,0,0,4,0,11,0,15,0,15
0.0,2009,0.0,13,0,58,1,104,1,175,2,177
0.0,2009,0.0,29,5,117,9,307,25,453,39,492
0.0,2009,0.0,18,0,39,0,171,0,228,0,228
0.0,2009,0.0,11,5,78,9,136,25,225,39,264
0.0,2009,0.0,1,0,38,6,114,6,153,12,165
0.0,2009,0.0,0,0,0,0,0,0,0,0,0
0.0,2009,0.0,0,0,2,0,4,1,6,1,7
0.0,2009,0.0,0,0,1,0,1,1,2,1,3
0.0,2009,0.0,0,0,1,1,0,0,1,1,2
0.0,2009,0.0,0,0,102,18,204,20,306,38,344
0.0,2009,0.0,0,0,0,0,0,0,0,0,0
0.0,2009,0.0,0,0,6,2,8,0,14,2,16
0.0,2009,0.0,0,0,0,0,1,0,1,0,1
0.0,2009,0.0,0,0,10,6,23,31,33,37,70
0.0,2009,0.0,0,0,0,0,0,0,0,0,0
0.0,2009,0.0,0,0,1,5,5,0,6,5,11
0.0,2009,0.0,1,1,135,16,251,35,387,52,439
0.0,2009,0.0,44,6,506,67,1114,133,1664,206,1870
0.0,2010,0.0,0,0,11,0,32,5,43,5,48
0.0,2010,0.0,0,0,3,0,17,0,20,0,20
0.0,2010,0.0,0,0,0,0,0,0,0,0,0
0.0,2010,0.0,1,0,3,0,11,2,15,2,17
0.0,2010,0.0,0,0,0,0,0,0,0,0,0
0.0,2010,0.0,1,0,3,0,11,2,15,2,17
0.0,2010,0.0,1,0,9,1,23,4,33,5,38
0.0,2010,0.0,1,0,9,1,18,3,28,4,32
0.0,2010,0.0,0,0,0,0,5,1,5,1,6
0.0,2010,0.0,0,0,2,0,4,0,6,0,6
0.0,2010,0.0,0,0,0,0,0,0,0,0,0
0.0,2010,0.0,0,0,0,0,8,0,8,0,8
0.0,2010,0.0,0,0,63,0,105,9,168,9,177
0.0,2010,0.0,7,5,98,7,338,15,443,27,470
0.0,2010,0.0,0,0,32,0,211,0,243,0,243
0.0,2010,0.0,7,5,66,7,127,15,200,27,227
0.0,2010,0.0,0,0,16,3,54,10,70,13,83
0.0,2010,0.0,0,0,6,0,1,0,7,0,7
0.0,2010,0.0,0,0,1,0,5,0,6,0,6
0.0,2010,0.0,0,0,0,0,0,0,0,0,0
0.0,2010,0.0,0,0,0,0,2,0,2,0,2
0.0,2010,0.0,4,1,67,5,193,20,264,26,290
0.0,2010,0.0,0,0,0,0,0,0,0,0,0
0.0,2010,0.0,1,0,6,0,11,0,18,0,18
0.0,2010,0.0,0,0,0,0,2,0,2,0,2
0.0,2010,0.0,0,1,5,7,25,19,30,27,57
0.0,2010,0.0,0,0,0,0,0,0,0,0,0
0.0,2010,0.0,0,0,1,0,8,0,9,0,9
0.0,2010,0.0,5,0,80,15,291,39,376,54,430
0.0,2010,0.0,19,7,371,38,1130,123,1520,168,1688
0.0,2001,0.0,0,0,11,0,29,5,40,5,45
0.0,2001,0.0,0,0,5,0,38,3,43,3,46
0.0,2001,0.0,1,0,4,0,5,1,10,1,11
0.0,2001,0.0,0,0,14,1,22,1,36,2,38
0.0,2001,0.0,0,0,0,0,0,0,0,0,0
0.0,2001,0.0,0,0,14,1,22,1,36,2,38
0.0,2001,0.0,0,0,4,1,9,0,13,1,14
0.0,2001,0.0,0,0,2,0,4,0,6,0,6
0.0,2001,0.0,0,0,2,1,5,0,7,1,8
0.0,2001,0.0,0,0,7,0,10,0,17,0,17
0.0,2001,0.0,0,0,9,0,39,0,48,0,48
0.0,2001,0.0,0,0,4,0,32,0,36,0,36
0.0,2001,0.0,8,0,56,0,73,0,137,0,137
0.0,2001,0.0,1,0,47,1,85,3,133,4,137
0.0,2001,0.0,0,0,10,0,23,0,33,0,33
0.0,2001,0.0,1,0,37,1,62,3,100,4,104
0.0,2001,0.0,3,0,22,1,89,15,114,16,130
0.0,2001,0.0,0,0,11,0,18,0,29,0,29
0.0,2001,0.0,0,0,10,0,34,0,44,0,44
0.0,2001,0.0,0,0,0,0,0,0,0,0,0
0.0,2001,0.0,0,0,0,0,1,0,1,0,1
0.0,2001,0.0,2,0,99,5,199,29,300,34,334
0.0,2001,0.0,0,0,0,0,8,3,8,3,11
0.0,2001,0.0,0,0,6,0,22,0,28,0,28
0.0,2001,0.0,0,0,4,0,8,0,12,0,12
0.0,2001,0.0,0,0,7,4,13,18,20,22,42
0.0,2001,0.0,0,0,0,0,0,0,0,0,0
0.0,2001,0.0,0,0,1,0,2,0,3,0,3
0.0,2001,0.0,1,0,36,2,167,4,204,6,210
0.0,2001,0.0,16,0,357,15,903,82,1276,97,1373
0.0,2002,0.0,0,0,15,0,33,7,48,7,55
0.0,2002,0.0,0,0,13,0,27,1,40,1,41
0.0,2002,0.0,0,0,3,0,0,0,3,0,3
0.0,2002,0.0,0,0,3,0,16,1,19,1,20
0.0,2002,0.0,0,0,0,0,0,0,0,0,0
0.0,2002,0.0,0,0,3,0,16,1,19,1,20
0.0,2002,0.0,0,0,4,0,14,1,18,1,19
0.0,2002,0.0,0,0,2,0,11,0,13,0,13
0.0,2002,0.0,0,0,2,0,3,1,5,1,6
0.0,2002,0.0,0,0,0,0,0,0,0,0,0
0.0,2002,0.0,0,0,8,0,38,0,46,0,46
0.0,2002,0.0,0,0,4,0,17,0,21,0,21
0.0,2002,0.0,5,0,73,0,86,0,164,0,164
0.0,2002,0.0,3,0,64,0,179,0,246,0,246
0.0,2002,0.0,0,0,35,0,57,0,92,0,92
0.0,2002,0.0,3,0,29,0,122,0,154,0,154
0.0,2002,0.0,3,0,25,3,114,3,142,6,148
0.0,2002,0.0,0,0,7,0,15,0,22,0,22
0.0,2002,0.0,2,0,5,0,15,2,22,2,24
0.0,2002,0.0,0,0,0,0,0,0,0,0,0
0.0,2002,0.0,0,0,0,0,1,0,1,0,1
0.0,2002,0.0,1,0,92,6,268,29,361,35,396
0.0,2002,0.0,0,0,1,0,4,1,5,1,6
0.0,2002,0.0,0,0,6,0,14,0,20,0,20
0.0,2002,0.0,0,0,24,2,109,5,133,7,140
0.0,2002,0.0,0,0,8,2,29,18,37,20,57
0.0,2002,0.0,0,0,0,0,0,0,0,0,0
0.0,2002,0.0,0,0,0,0,1,0,1,0,1
0.0,2002,0.0,3,0,96,0,314,7,413,7,420
0.0,2002,0.0,17,0,451,13,1294,75,1762,88,1850
0.0,2003,0.0,0,0,8,0,25,3,33,3,36
0.0,2003,0.0,1,0,9,0,30,4,40,4,44
0.0,2003,0.0,0,0,1,0,8,0,9,0,9
0.0,2003,0.0,0,0,6,0,11,0,17,0,17
0.0,2003,0.0,0,0,0,0,0,0,0,0,0
0.0,2003,0.0,0,0,6,0,11,0,17,0,17
0.0,2003,0.0,0,0,6,0,13,0,19,0,19
0.0,2003,0.0,0,0,4,0,10,0,14,0,14
0.0,2003,0.0,0,0,2,0,3,0,5,0,5
0.0,2003,0.0,0,0,0,0,1,0,1,0,1
0.0,2003,0.0,0,0,6,0,15,0,21,0,21
0.0,2003,0.0,0,0,2,0,10,0,12,0,12
0.0,2003,0.0,3,0,51,0,70,0,124,0,124
0.0,2003,0.0,4,0,44,0,100,0,148,0,148
0.0,2003,0.0,0,0,6,0,36,0,42,0,42
0.0,2003,0.0,4,0,38,0,64,0,106,0,106
0.0,2003,0.0,2,0,25,0,97,5,124,5,129
0.0,2003,0.0,0,0,9,0,39,0,48,0,48
0.0,2003,0.0,0,0,4,0,19,0,23,0,23
0.0,2003,0.0,0,0,1,0,0,0,1,0,1
0.0,2003,0.0,0,0,1,0,2,0,3,0,3
0.0,2003,0.0,1,0,79,9,198,24,278,33,311
0.0,2003,0.0,0,0,0,0,2,0,2,0,2
0.0,2003,0.0,0,0,2,0,11,0,13,0,13
0.0,2003,0.0,0,0,8,0,83,0,91,0,91
0.0,2003,0.0,0,0,4,1,18,6,22,7,29
0.0,2003,0.0,0,0,0,0,0,0,0,0,0
0.0,2003,0.0,0,0,0,0,1,0,1,0,1
0.0,2003,0.0,2,0,49,3,307,8,358,11,369
0.0,2003,0.0,13,0,315,13,1060,50,1388,63,1451
0.0,2004,0.0,0,0,6,0,22,2,28,2,30
0.0,2004,0.0,0,0,6,0,18,0,24,0,24
0.0,2004,0.0,1,0,0,0,2,0,3,0,3
0.0,2004,0.0,0,0,4,0,19,1,23,1,24
0.0,2004,0.0,0,0,0,0,0,0,0,0,0
0.0,2004,0.0,0,0,4,0,19,1,23,1,24
0.0,2004,0.0,0,0,6,0,13,0,19,0,19
0.0,2004,0.0,0,0,2,0,11,0,13,0,13
0.0,2004,0.0,0,0,4,0,2,0,6,0,6
0.0,2004,0.0,0,0,2,0,5,0,7,0,7
0.0,2004,0.0,0,0,5,0,20,0,25,0,25
0.0,2004,0.0,0,0,0,0,9,0,9,0,9
0.0,2004,0.0,0,0,36,0,62,0,98,0,98
0.0,2004,0.0,2,1,53,2,115,0,170,3,173
0.0,2004,0.0,2,0,13,0,57,0,72,0,72
0.0,2004,0.0,0,1,40,2,58,0,98,3,101
0.0,2004,0.0,0,0,30,0,93,8,123,8,131
0.0,2004,0.0,0,0,7,0,15,0,22,0,22
0.0,2004,0.0,0,0,4,0,9,0,13,0,13
0.0,2004,0.0,0,0,0,0,0,1,0,1,1
0.0,2004,0.0,0,0,2,0,5,0,7,0,7
0.0,2004,0.0,2,0,39,5,172,32,213,37,250
0.0,2004,0.0,1,0,3,0,3,2,7,2,9
0.0,2004,0.0,0,0,1,0,7,0,8,0,8
0.0,2004,0.0,0,0,5,0,49,1,54,1,55
0.0,2004,0.0,0,0,1,0,12,6,13,6,19
0.0,2004,0.0,0,0,0,0,0,0,0,0,0
0.0,2004,0.0,0,0,0,0,2,0,2,0,2
0.0,2004,0.0,1,0,45,2,242,2,288,4,292
0.0,2004,0.0,7,1,255,9,894,55,1156,65,1221
0.0,2005,0.0,0,0,14,0,11,0,25,0,25
0.0,2005,0.0,0,0,11,0,19,0,30,0,30
0.0,2005,0.0,0,0,0,0,0,0,0,0,0
0.0,2005,0.0,0,0,5,0,17,0,22,0,22
0.0,2005,0.0,0,0,0,0,0,0,0,0,0
0.0,2005,0.0,0,0,5,0,17,0,22,0,22
0.0,2005,0.0,0,0,6,0,11,0,17,0,17
0.0,2005,0.0,0,0,4,0,9,0,13,0,13
0.0,2005,0.0,0,0,2,0,2,0,4,0,4
0.0,2005,0.0,0,0,0,0,5,0,5,0,5
0.0,2005,0.0,0,0,6,0,20,0,26,0,26
0.0,2005,0.0,0,0,2,0,11,0,13,0,13
0.0,2005,0.0,4,0,70,0,105,0,179,0,179
0.0,2005,0.0,7,0,60,2,86,0,153,2,155
0.0,2005,0.0,0,0,26,0,43,0,69,0,69
0.0,2005,0.0,7,0,34,2,43,0,84,2,86
0.0,2005,0.0,0,0,26,0,97,4,123,4,127
0.0,2005,0.0,0,0,5,0,12,1,17,1,18
0.0,2005,0.0,0,0,2,1,22,0,24,1,25
0.0,2005,0.0,0,0,0,0,1,0,1,0,1
0.0,2005,0.0,0,0,0,0,0,0,0,0,0
0.0,2005,0.0,3,0,72,6,153,15,228,21,249
0.0,2005,0.0,0,0,0,0,2,0,2,0,2
0.0,2005,0.0,0,0,4,0,11,0,15,0,15
0.0,2005,0.0,0,0,3,0,21,0,24,0,24
0.0,2005,0.0,0,0,2,1,15,9,17,10,27
0.0,2005,0.0,0,0,0,0,0,0,0,0,0
0.0,2005,0.0,0,0,0,0,0,0,0,0,0
0.0,2005,0.0,0,1,65,0,175,5,240,6,246
0.0,2005,0.0,14,1,353,10,794,34,1161,45,1206
0.0,2006,0.0,0,0,5,1,14,0,19,1,20
0.0,2006,0.0,0,0,4,0,15,1,19,1,20
0.0,2006,0.0,0,0,0,0,0,0,0,0,0
0.0,2006,0.0,0,0,15,0,17,0,32,0,32
0.0,2006,0.0,0,0,0,0,0,0,0,0,0
0.0,2006,0.0,0,0,15,0,17,0,32,0,32
0.0,2006,0.0,0,0,4,1,14,0,18,1,19
0.0,2006,0.0,0,0,3,1,12,0,15,1,16
0.0,2006,0.0,0,0,1,0,2,0,3,0,3
0.0,2006,0.0,0,0,2,0,4,0,6,0,6
0.0,2006,0.0,0,0,4,0,25,0,29,0,29
0.0,2006,0.0,0,0,6,0,19,0,25,0,25
0.0,2006,0.0,14,0,86,0,96,3,196,3,199
0.0,2006,0.0,8,3,94,0,109,0,211,3,214
0.0,2006,0.0,0,0,21,0,44,0,65,0,65
0.0,2006,0.0,8,3,73,0,65,0,146,3,149
0.0,2006,0.0,1,0,15,1,69,1,85,2,87
0.0,2006,0.0,0,0,7,1,3,0,10,1,11
0.0,2006,0.0,0,0,2,1,6,1,8,2,10
0.0,2006,0.0,0,0,0,0,0,0,0,0,0
0.0,2006,0.0,0,0,0,0,0,0,0,0,0
0.0,2006,0.0,2,0,72,4,153,15,227,19,246
0.0,2006,0.0,0,0,0,0,2,0,2,0,2
0.0,2006,0.0,0,0,7,0,10,0,17,0,17
0.0,2006,0.0,0,0,4,0,16,0,20,0,20
0.0,2006,0.0,0,0,3,1,10,12,13,13,26
0.0,2006,0.0,0,0,0,0,0,0,0,0,0
0.0,2006,0.0,0,0,0,0,5,0,5,0,5
0.0,2006,0.0,0,0,67,0,188,10,255,10,265
0.0,2006,0.0,25,3,397,10,775,43,1197,56,1253
0.0,2007,0.0,0,0,8,0,23,1,31,1,32
0.0,2007,0.0,0,0,5,0,16,0,21,0,21
0.0,2007,0.0,0,0,0,0,0,0,0,0,0
0.0,2007,0.0,1,0,7,0,21,0,29,0,29
0.0,2007,0.0,0,0,0,0,0,0,0,0,0
0.0,2007,0.0,1,0,7,0,21,0,29,0,29
0.0,2007,0.0,0,0,4,1,19,0,23,1,24
0.0,2007,0.0,0,0,3,1,14,0,17,1,18
0.0,2007,0.0,0,0,1,0,5,0,6,0,6
0.0,2007,0.0,0,0,0,0,2,0,2,0,2
0.0,2007,0.0,0,0,9,0,30,0,39,0,39
0.0,2007,0.0,0,0,3,0,19,0,22,0,22
0.0,2007,0.0,2,0,66,0,113,0,181,0,181
0.0,2007,0.0,2,0,38,2,220,0,260,2,262
0.0,2007,0.0,0,0,8,0,111,0,119,0,119
0.0,2007,0.0,2,0,30,2,109,0,141,2,143
0.0,2007,0.0,1,0,13,0,89,1,103,1,104
0.0,2007,0.0,0,0,1,0,4,2,5,2,7
0.0,2007,0.0,1,0,9,0,18,0,28,0,28
0.0,2007,0.0,0,0,0,0,0,0,0,0,0
0.0,2007,0.0,0,0,0,0,0,0,0,0,0
0.0,2007,0.0,0,0,65,5,170,25,235,30,265
0.0,2007,0.0,0,0,1,0,4,0,5,0,5
0.0,2007,0.0,0,0,4,0,18,0,22,0,22
0.0,2007,0.0,0,0,0,0,22,0,22,0,22
0.0,2007,0.0,0,0,2,1,15,10,17,11,28
0.0,2007,0.0,0,0,0,0,0,0,0,0,0
0.0,2007,0.0,0,0,2,0,2,0,4,0,4
0.0,2007,0.0,0,0,64,3,269,24,333,27,360
0.0,2007,0.0,7,0,301,12,1074,63,1382,75,1457
0.0,2008,0.0,0,0,8,0,24,0,32,0,32
0.0,2008,0.0,1,0,3,0,22,0,26,0,26
0.0,2008,0.0,0,0,1,0,2,0,3,0,3
0.0,2008,0.0,0,0,6,0,17,1,23,1,24
0.0,2008,0.0,0,0,0,0,0,0,0,0,0
0.0,2008,0.0,0,0,6,0,17,1,23,1,24
0.0,2008,0.0,0,0,5,0,30,1,35,1,36
0.0,2008,0.0,0,0,3,0,23,0,26,0,26
0.0,2008,0.0,0,0,2,0,7,1,9,1,10
0.0,2008,0.0,0,0,2,0,6,0,8,0,8
0.0,2008,0.0,0,0,5,0,16,0,21,0,21
0.0,2008,0.0,0,0,4,0,15,0,19,0,19
0.0,2008,0.0,15,1,107,1,134,2,256,4,260
0.0,2008,0.0,6,1,128,1,174,1,308,3,311
0.0,2008,0.0,1,0,46,0,89,0,136,0,136
0.0,2008,0.0,5,1,82,1,85,1,172,3,175
0.0,2008,0.0,0,0,6,0,96,6,102,6,108
0.0,2008,0.0,0,0,6,0,9,0,15,0,15
0.0,2008,0.0,0,0,10,1,22,0,32,1,33
0.0,2008,0.0,0,0,1,0,1,0,2,0,2
0.0,2008,0.0,0,0,0,0,1,0,1,0,1
0.0,2008,0.0,1,0,83,7,157,12,241,19,260
0.0,2008,0.0,0,0,1,0,3,0,4,0,4
0.0,2008,0.0,0,0,8,0,8,0,16,0,16
0.0,2008,0.0,0,0,3,0,19,0,22,0,22
0.0,2008,0.0,0,0,0,0,19,7,19,7,26
0.0,2008,0.0,0,0,0,0,0,0,0,0,0
0.0,2008,0.0,0,0,3,0,2,0,5,0,5
0.0,2008,0.0,10,0,74,1,204,3,288,4,292
0.0,2008,0.0,33,2,464,11,981,33,1478,46,1524
0.0,2009,0.0,0,1,6,2,24,1,30,4,34
0.0,2009,0.0,0,0,1,0,20,1,21,1,22
0.0,2009,0.0,0,0,0,0,0,0,0,0,0
0.0,2009,0.0,0,0,9,0,17,0,26,0,26
0.0,2009,0.0,0,0,0,0,0,0,0,0,0
0.0,2009,0.0,0,0,9,0,17,0,26,0,26
0.0,2009,0.0,1,0,5,0,29,0,35,0,35
0.0,2009,0.0,0,0,3,0,24,0,27,0,27
0.0,2009,0.0,1,0,2,0,5,0,8,0,8
0.0,2009,0.0,0,0,0,0,2,0,2,0,2
0.0,2009,0.0,0,0,0,0,20,0,20,0,20
0.0,2009,0.0,0,0,2,0,13,0,15,0,15
0.0,2009,0.0,5,0,39,0,93,4,137,4,141
0.0,2009,0.0,6,0,62,0,140,4,208,4,212
0.0,2009,0.0,1,0,35,0,76,0,112,0,112
0.0,2009,0.0,5,0,27,0,64,4,96,4,100
0.0,2009,0.0,3,0,12,0,64,3,79,3,82
0.0,2009,0.0,0,0,2,0,8,1,10,1,11
0.0,2009,0.0,0,0,0,0,10,0,10,0,10
0.0,2009,0.0,0,0,0,0,0,0,0,0,0
0.0,2009,0.0,0,0,0,0,0,0,0,0,0
0.0,2009,0.0,0,0,58,2,181,14,239,16,255
0.0,2009,0.0,0,0,1,0,4,0,5,0,5
0.0,2009,0.0,0,0,3,0,6,0,9,0,9
0.0,2009,0.0,0,0,0,0,4,0,4,0,4
0.0,2009,0.0,0,0,0,0,7,1,7,1,8
0.0,2009,0.0,0,0,0,0,0,0,0,0,0
0.0,2009,0.0,0,0,5,0,2,0,7,0,7
0.0,2009,0.0,5,0,55,3,219,10,279,13,292
0.0,2009,0.0,20,1,260,7,863,39,1143,47,1190
0.0,2010,0.0,0,0,3,0,19,1,22,1,23
0.0,2010,0.0,0,0,2,0,10,1,12,1,13
0.0,2010,0.0,0,0,0,0,0,0,0,0,0
0.0,2010,0.0,0,0,8,0,15,0,23,0,23
0.0,2010,0.0,0,0,0,0,0,0,0,0,0
0.0,2010,0.0,0,0,8,0,15,0,23,0,23
0.0,2010,0.0,0,0,0,0,17,0,17,0,17
0.0,2010,0.0,0,0,0,0,15,0,15,0,15
0.0,2010,0.0,0,0,0,0,2,0,2,0,2
0.0,2010,0.0,0,0,0,0,0,0,0,0,0
0.0,2010,0.0,0,0,0,0,1,0,1,0,1
0.0,2010,0.0,0,0,0,0,4,0,4,0,4
0.0,2010,0.0,3,0,20,0,61,2,84,2,86
0.0,2010,0.0,0,0,44,1,113,4,157,5,162
0.0,2010,0.0,0,0,14,0,38,0,52,0,52
0.0,2010,0.0,0,0,30,1,75,4,105,5,110
0.0,2010,0.0,0,0,8,1,36,4,44,5,49
0.0,2010,0.0,0,0,0,0,6,1,6,1,7
0.0,2010,0.0,0,0,0,0,20,0,20,0,20
0.0,2010,0.0,0,0,0,0,0,0,0,0,0
0.0,2010,0.0,0,0,0,0,2,0,2,0,2
0.0,2010,0.0,0,0,50,2,144,8,194,10,204
0.0,2010,0.0,0,0,0,0,0,0,0,0,0
0.0,2010,0.0,0,0,1,0,5,0,6,0,6
0.0,2010,0.0,0,0,0,0,1,0,1,0,1
0.0,2010,0.0,0,0,0,0,4,1,4,1,5
0.0,2010,0.0,0,0,0,0,0,0,0,0,0
0.0,2010,0.0,0,0,0,0,2,0,2,0,2
0.0,2010,0.0,1,0,38,0,159,13,198,13,211
0.0,2010,0.0,4,0,174,4,619,35,797,39,836
0.0,2001,0.0,0,0,0,0,0,0,0,0,0
0.0,2001,0.0,0,0,0,0,1,0,1,0,1
0.0,2001,0.0,0,0,0,0,0,0,0,0,0
0.0,2001,0.0,1,0,3,0,2,1,6,1,7
0.0,2001,0.0,0,0,0,0,0,0,0,0,0
0.0,2001,0.0,1,0,3,0,2,1,6,1,7
0.0,2001,0.0,0,0,1,0,2,0,3,0,3
0.0,2001,0.0,0,0,1,0,2,0,3,0,3
0.0,2001,0.0,0,0,0,0,0,0,0,0,0
0.0,2001,0.0,0,0,0,0,0,0,0,0,0
0.0,2001,0.0,0,0,0,0,0,0,0,0,0
0.0,2001,0.0,0,0,0,0,0,0,0,0,0
0.0,2001,0.0,2,0,18,0,2,0,22,0,22
0.0,2001,0.0,0,0,7,0,3,0,10,0,10
0.0,2001,0.0,0,0,2,0,0,0,2,0,2
0.0,2001,0.0,0,0,5,0,3,0,8,0,8
0.0,2001,0.0,0,0,4,0,17,4,21,4,25
0.0,2001,0.0,0,0,0,0,0,0,0,0,0
0.0,2001,0.0,0,0,0,0,0,0,0,0,0
0.0,2001,0.0,0,0,0,0,0,0,0,0,0
0.0,2001,0.0,0,0,2,0,0,0,2,0,2
0.0,2001,0.0,2,0,6,0,14,0,22,0,22
0.0,2001,0.0,0,0,0,0,0,0,0,0,0
0.0,2001,0.0,0,0,1,0,0,0,1,0,1
0.0,2001,0.0,0,0,0,0,0,0,0,0,0
0.0,2001,0.0,0,0,0,0,0,0,0,0,0
0.0,2001,0.0,0,0,0,0,0,0,0,0,0
0.0,2001,0.0,0,0,0,0,0,0,0,0,0
0.0,2001,0.0,0,1,7,0,29,0,36,1,37
0.0,2001,0.0,5,1,49,0,70,5,124,6,130
0.0,2002,0.0,0,0,1,0,5,0,6,0,6
0.0,2002,0.0,0,0,0,0,0,0,0,0,0
0.0,2002,0.0,0,0,0,0,1,0,1,0,1
0.0,2002,0.0,0,0,2,0,4,0,6,0,6
0.0,2002,0.0,0,0,0,0,0,0,0,0,0
0.0,2002,0.0,0,0,2,0,4,0,6,0,6
0.0,2002,0.0,0,0,0,0,0,0,0,0,0
0.0,2002,0.0,0,0,0,0,0,0,0,0,0
0.0,2002,0.0,0,0,0,0,0,0,0,0,0
0.0,2002,0.0,0,0,0,0,0,0,0,0,0
0.0,2002,0.0,0,0,0,0,0,0,0,0,0
0.0,2002,0.0,0,0,0,0,0,0,0,0,0
0.0,2002,0.0,3,0,8,0,7,1,18,1,19
0.0,2002,0.0,3,0,7,0,8,0,18,0,18
0.0,2002,0.0,1,0,1,0,2,0,4,0,4
0.0,2002,0.0,2,0,6,0,6,0,14,0,14
0.0,2002,0.0,1,0,5,1,7,0,13,1,14
0.0,2002,0.0,0,0,0,0,0,0,0,0,0
0.0,2002,0.0,0,0,0,0,0,0,0,0,0
0.0,2002,0.0,0,0,0,0,0,0,0,0,0
0.0,2002,0.0,0,0,0,0,1,0,1,0,1
0.0,2002,0.0,0,0,1,1,14,4,15,5,20
0.0,2002,0.0,0,0,0,0,0,0,0,0,0
0.0,2002,0.0,0,0,0,0,1,0,1,0,1
0.0,2002,0.0,0,0,0,0,0,0,0,0,0
0.0,2002,0.0,0,0,0,0,1,0,1,0,1
0.0,2002,0.0,0,0,0,0,0,0,0,0,0
0.0,2002,0.0,0,0,0,0,0,0,0,0,0
0.0,2002,0.0,0,0,6,0,22,2,28,2,30
0.0,2002,0.0,7,0,30,2,71,7,108,9,117
0.0,2003,0.0,0,0,0,0,1,1,1,1,2
0.0,2003,0.0,0,0,0,0,0,1,0,1,1
0.0,2003,0.0,0,0,1,0,0,0,1,0,1
0.0,2003,0.0,0,0,3,0,5,0,8,0,8
0.0,2003,0.0,0,0,0,0,0,0,0,0,0
0.0,2003,0.0,0,0,3,0,5,0,8,0,8
0.0,2003,0.0,0,0,0,0,0,0,0,0,0
0.0,2003,0.0,0,0,0,0,0,0,0,0,0
0.0,2003,0.0,0,0,0,0,0,0,0,0,0
0.0,2003,0.0,0,0,0,0,0,0,0,0,0
0.0,2003,0.0,0,0,0,0,0,0,0,0,0
0.0,2003,0.0,0,0,0,0,0,0,0,0,0
0.0,2003,0.0,1,0,21,0,4,0,26,0,26
0.0,2003,0.0,0,0,4,0,4,0,8,0,8
0.0,2003,0.0,0,0,2,0,0,0,2,0,2
0.0,2003,0.0,0,0,2,0,4,0,6,0,6
0.0,2003,0.0,2,0,13,4,8,2,23,6,29
0.0,2003,0.0,0,0,0,0,0,0,0,0,0
0.0,2003,0.0,0,0,0,0,0,0,0,0,0
0.0,2003,0.0,0,0,0,0,0,0,0,0,0
0.0,2003,0.0,0,0,0,0,0,0,0,0,0
0.0,2003,0.0,0,0,7,2,6,1,13,3,16
0.0,2003,0.0,0,0,0,0,0,0,0,0,0
0.0,2003,0.0,0,0,2,0,1,0,3,0,3
0.0,2003,0.0,0,0,0,0,0,0,0,0,0
0.0,2003,0.0,0,0,0,1,1,0,1,1,2
0.0,2003,0.0,0,0,0,0,0,0,0,0,0
0.0,2003,0.0,0,0,1,0,0,0,1,0,1
0.0,2003,0.0,0,0,4,0,18,1,22,1,23
0.0,2003,0.0,3,0,56,7,48,6,107,13,120
0.0,2004,0.0,0,0,1,0,1,0,2,0,2
0.0,2004,0.0,0,0,1,0,0,0,1,0,1
0.0,2004,0.0,0,0,0,0,0,0,0,0,0
0.0,2004,0.0,0,0,1,0,5,0,6,0,6
0.0,2004,0.0,0,0,0,0,0,0,0,0,0
0.0,2004,0.0,0,0,1,0,5,0,6,0,6
0.0,2004,0.0,0,0,0,0,4,0,4,0,4
0.0,2004,0.0,0,0,0,0,1,0,1,0,1
0.0,2004,0.0,0,0,0,0,3,0,3,0,3
0.0,2004,0.0,0,0,0,0,0,0,0,0,0
0.0,2004,0.0,0,0,0,0,0,0,0,0,0
0.0,2004,0.0,0,0,0,0,0,0,0,0,0
0.0,2004,0.0,2,0,14,0,8,0,24,0,24
0.0,2004,0.0,1,0,10,0,3,1,14,1,15
0.0,2004,0.0,0,0,1,0,2,0,3,0,3
0.0,2004,0.0,1,0,9,0,1,1,11,1,12
0.0,2004,0.0,0,0,1,1,8,2,9,3,12
0.0,2004,0.0,0,0,0,0,0,0,0,0,0
0.0,2004,0.0,0,0,0,0,0,0,0,0,0
0.0,2004,0.0,0,0,0,0,0,0,0,0,0
0.0,2004,0.0,0,0,0,0,0,0,0,0,0
0.0,2004,0.0,2,0,7,3,9,1,18,4,22
0.0,2004,0.0,0,0,0,0,0,0,0,0,0
0.0,2004,0.0,0,0,0,0,0,0,0,0,0
0.0,2004,0.0,0,0,0,0,0,0,0,0,0
0.0,2004,0.0,0,0,0,0,0,1,0,1,1
0.0,2004,0.0,0,0,0,0,0,0,0,0,0
0.0,2004,0.0,0,0,0,0,0,0,0,0,0
0.0,2004,0.0,0,0,7,1,18,2,25,3,28
0.0,2004,0.0,5,0,42,5,56,7,103,12,115
0.0,2005,0.0,0,0,3,0,1,1,4,1,5
0.0,2005,0.0,0,0,2,0,4,0,6,0,6
0.0,2005,0.0,0,0,1,0,1,0,2,0,2
0.0,2005,0.0,0,0,2,0,5,1,7,1,8
0.0,2005,0.0,0,0,0,0,0,0,0,0,0
0.0,2005,0.0,0,0,2,0,5,1,7,1,8
0.0,2005,0.0,0,0,0,0,5,0,5,0,5
0.0,2005,0.0,0,0,0,0,5,0,5,0,5
0.0,2005,0.0,0,0,0,0,0,0,0,0,0
0.0,2005,0.0,0,0,0,0,1,0,1,0,1
0.0,2005,0.0,0,0,0,0,0,0,0,0,0
0.0,2005,0.0,0,0,0,0,0,0,0,0,0
0.0,2005,0.0,0,0,3,0,9,0,12,0,12
0.0,2005,0.0,1,0,16,0,13,0,30,0,30
0.0,2005,0.0,0,0,0,0,0,0,0,0,0
0.0,2005,0.0,1,0,16,0,13,0,30,0,30
0.0,2005,0.0,0,0,6,0,18,3,24,3,27
0.0,2005,0.0,0,0,0,0,0,0,0,0,0
0.0,2005,0.0,0,0,0,0,0,0,0,0,0
0.0,2005,0.0,0,0,0,0,0,0,0,0,0
0.0,2005,0.0,0,0,0,0,0,0,0,0,0
0.0,2005,0.0,0,0,6,2,18,1,24,3,27
0.0,2005,0.0,0,0,0,0,0,0,0,0,0
0.0,2005,0.0,0,0,0,0,3,0,3,0,3
0.0,2005,0.0,0,0,0,0,0,0,0,0,0
0.0,2005,0.0,0,0,2,0,1,0,3,0,3
0.0,2005,0.0,0,0,0,0,0,0,0,0,0
0.0,2005,0.0,0,0,0,0,1,0,1,0,1
0.0,2005,0.0,3,1,18,1,27,3,48,5,53
0.0,2005,0.0,4,1,59,3,107,9,170,13,183
0.0,2006,0.0,0,0,1,0,1,0,2,0,2
0.0,2006,0.0,0,0,3,2,0,1,3,3,6
0.0,2006,0.0,0,0,0,0,1,0,1,0,1
0.0,2006,0.0,0,0,0,0,6,0,6,0,6
0.0,2006,0.0,0,0,0,0,0,0,0,0,0
0.0,2006,0.0,0,0,0,0,6,0,6,0,6
0.0,2006,0.0,0,0,0,0,0,0,0,0,0
0.0,2006,0.0,0,0,0,0,0,0,0,0,0
0.0,2006,0.0,0,0,0,0,0,0,0,0,0
0.0,2006,0.0,0,0,0,0,0,0,0,0,0
0.0,2006,0.0,0,0,0,0,0,0,0,0,0
0.0,2006,0.0,0,0,0,0,0,0,0,0,0
0.0,2006,0.0,0,0,5,0,5,0,10,0,10
0.0,2006,0.0,0,0,4,0,9,0,13,0,13
0.0,2006,0.0,0,0,1,0,1,0,2,0,2
0.0,2006,0.0,0,0,3,0,8,0,11,0,11
0.0,2006,0.0,1,0,6,0,8,0,15,0,15
0.0,2006,0.0,0,0,0,0,0,0,0,0,0
0.0,2006,0.0,0,0,0,0,0,0,0,0,0
0.0,2006,0.0,0,0,0,0,0,0,0,0,0
0.0,2006,0.0,0,0,0,0,0,0,0,0,0
0.0,2006,0.0,0,0,7,1,8,2,15,3,18
0.0,2006,0.0,0,0,0,0,0,0,0,0,0
0.0,2006,0.0,0,0,3,0,3,0,6,0,6
0.0,2006,0.0,0,0,0,0,0,0,0,0,0
0.0,2006,0.0,0,0,0,0,0,0,0,0,0
0.0,2006,0.0,0,0,0,0,0,0,0,0,0
0.0,2006,0.0,0,0,0,0,1,0,1,0,1
0.0,2006,0.0,0,0,14,1,24,2,38,3,41
0.0,2006,0.0,1,0,43,4,66,5,110,9,119
0.0,2007,0.0,0,0,2,0,1,0,3,0,3
0.0,2007,0.0,0,0,0,0,1,0,1,0,1
0.0,2007,0.0,0,0,0,0,0,0,0,0,0
0.0,2007,0.0,0,0,3,0,5,2,8,2,10
0.0,2007,0.0,0,0,0,0,0,0,0,0,0
0.0,2007,0.0,0,0,3,0,5,2,8,2,10
0.0,2007,0.0,0,0,1,0,0,0,1,0,1
0.0,2007,0.0,0,0,1,0,0,0,1,0,1
0.0,2007,0.0,0,0,0,0,0,0,0,0,0
0.0,2007,0.0,0,0,0,0,0,0,0,0,0
0.0,2007,0.0,0,0,0,0,0,0,0,0,0
0.0,2007,0.0,0,0,0,0,0,0,0,0,0
0.0,2007,0.0,2,0,4,0,12,0,18,0,18
0.0,2007,0.0,0,0,4,0,10,0,14,0,14
0.0,2007,0.0,0,0,2,0,2,0,4,0,4
0.0,2007,0.0,0,0,2,0,8,0,10,0,10
0.0,2007,0.0,0,0,3,0,13,0,16,0,16
0.0,2007,0.0,0,0,0,0,0,0,0,0,0
0.0,2007,0.0,0,0,0,0,0,0,0,0,0
0.0,2007,0.0,0,0,0,0,0,0,0,0,0
0.0,2007,0.0,0,0,0,0,0,0,0,0,0
0.0,2007,0.0,0,0,3,0,19,2,22,2,24
0.0,2007,0.0,0,0,0,0,0,0,0,0,0
0.0,2007,0.0,0,0,4,0,2,0,6,0,6
0.0,2007,0.0,0,0,0,0,0,0,0,0,0
0.0,2007,0.0,0,0,0,0,0,0,0,0,0
0.0,2007,0.0,0,0,0,0,0,0,0,0,0
0.0,2007,0.0,0,0,1,0,0,0,1,0,1
0.0,2007,0.0,0,0,6,3,39,3,45,6,51
0.0,2007,0.0,2,0,31,3,102,7,135,10,145
0.0,2008,0.0,0,0,2,0,1,0,3,0,3
0.0,2008,0.0,0,0,0,0,5,0,5,0,5
0.0,2008,0.0,0,0,0,0,0,0,0,0,0
0.0,2008,0.0,0,0,3,0,1,1,4,1,5
0.0,2008,0.0,0,0,0,0,0,0,0,0,0
0.0,2008,0.0,0,0,3,0,1,1,4,1,5
0.0,2008,0.0,0,0,0,0,1,0,1,0,1
0.0,2008,0.0,0,0,0,0,1,0,1,0,1
0.0,2008,0.0,0,0,0,0,0,0,0,0,0
0.0,2008,0.0,0,0,0,0,0,0,0,0,0
0.0,2008,0.0,0,0,0,0,0,0,0,0,0
0.0,2008,0.0,0,0,0,0,0,0,0,0,0
0.0,2008,0.0,1,0,16,1,8,1,25,2,27
0.0,2008,0.0,0,0,22,0,12,0,34,0,34
0.0,2008,0.0,0,0,8,0,1,0,9,0,9
0.0,2008,0.0,0,0,14,0,11,0,25,0,25
0.0,2008,0.0,0,0,3,2,13,1,16,3,19
0.0,2008,0.0,0,0,0,0,0,0,0,0,0
0.0,2008,0.0,0,0,0,0,1,0,1,0,1
0.0,2008,0.0,0,0,2,0,0,0,2,0,2
0.0,2008,0.0,0,0,0,0,0,0,0,0,0
0.0,2008,0.0,0,0,3,0,10,0,13,0,13
0.0,2008,0.0,0,0,0,0,0,0,0,0,0
0.0,2008,0.0,0,0,2,0,0,0,2,0,2
0.0,2008,0.0,0,0,0,0,0,0,0,0,0
0.0,2008,0.0,0,0,0,0,0,0,0,0,0
0.0,2008,0.0,0,0,0,0,0,0,0,0,0
0.0,2008,0.0,0,0,0,0,0,0,0,0,0
0.0,2008,0.0,0,0,21,1,28,0,49,1,50
0.0,2008,0.0,1,0,74,4,80,3,155,7,162
0.0,2009,0.0,1,0,2,0,6,0,9,0,9
0.0,2009,0.0,0,0,1,0,2,0,3,0,3
0.0,2009,0.0,0,0,0,0,0,0,0,0,0
0.0,2009,0.0,1,0,2,0,4,0,7,0,7
0.0,2009,0.0,0,0,0,0,0,0,0,0,0
0.0,2009,0.0,1,0,2,0,4,0,7,0,7
0.0,2009,0.0,0,0,0,0,0,0,0,0,0
0.0,2009,0.0,0,0,0,0,0,0,0,0,0
0.0,2009,0.0,0,0,0,0,0,0,0,0,0
0.0,2009,0.0,0,0,1,0,0,0,1,0,1
0.0,2009,0.0,0,0,0,0,0,0,0,0,0
0.0,2009,0.0,0,0,0,0,1,0,1,0,1
0.0,2009,0.0,0,0,7,0,21,1,28,1,29
0.0,2009,0.0,0,0,3,1,22,0,25,1,26
0.0,2009,0.0,0,0,3,0,5,0,8,0,8
0.0,2009,0.0,0,0,0,1,17,0,17,1,18
0.0,2009,0.0,0,0,5,1,10,4,15,5,20
0.0,2009,0.0,0,0,0,0,0,0,0,0,0
0.0,2009,0.0,0,0,0,0,0,0,0,0,0
0.0,2009,0.0,0,0,0,0,0,0,0,0,0
0.0,2009,0.0,1,0,0,0,0,0,1,0,1
0.0,2009,0.0,0,0,3,0,13,0,16,0,16
0.0,2009,0.0,0,0,0,0,0,0,0,0,0
0.0,2009,0.0,0,0,0,1,4,0,4,1,5
0.0,2009,0.0,0,0,0,0,0,0,0,0,0
0.0,2009,0.0,0,0,0,0,0,0,0,0,0
0.0,2009,0.0,0,0,0,0,0,0,0,0,0
0.0,2009,0.0,0,0,0,0,1,0,1,0,1
0.0,2009,0.0,0,0,17,0,24,2,41,2,43
0.0,2009,0.0,3,0,41,3,108,7,152,10,162
0.0,2010,0.0,0,0,2,0,1,0,3,0,3
0.0,2010,0.0,0,0,0,0,1,0,1,0,1
0.0,2010,0.0,0,0,0,0,0,0,0,0,0
0.0,2010,0.0,0,0,5,0,5,0,10,0,10
0.0,2010,0.0,0,0,0,0,0,0,0,0,0
0.0,2010,0.0,0,0,5,0,5,0,10,0,10
0.0,2010,0.0,0,0,1,0,1,0,2,0,2
0.0,2010,0.0,0,0,1,0,1,0,2,0,2
0.0,2010,0.0,0,0,0,0,0,0,0,0,0
0.0,2010,0.0,0,0,0,0,0,0,0,0,0
0.0,2010,0.0,0,0,0,0,0,0,0,0,0
0.0,2010,0.0,0,0,0,0,0,0,0,0,0
0.0,2010,0.0,0,0,2,0,2,0,4,0,4
0.0,2010,0.0,0,0,16,0,21,0,37,0,37
0.0,2010,0.0,0,0,7,0,7,0,14,0,14
0.0,2010,0.0,0,0,9,0,14,0,23,0,23
0.0,2010,0.0,0,2,1,3,18,0,19,5,24
0.0,2010,0.0,0,0,0,0,0,0,0,0,0
0.0,2010,0.0,0,0,2,0,0,0,2,0,2
0.0,2010,0.0,0,0,0,0,0,0,0,0,0
0.0,2010,0.0,0,0,0,0,4,0,4,0,4
0.0,2010,0.0,1,0,9,0,20,0,30,0,30
0.0,2010,0.0,0,0,0,0,0,0,0,0,0
0.0,2010,0.0,0,0,2,0,6,0,8,0,8
0.0,2010,0.0,0,0,0,0,1,0,1,0,1
0.0,2010,0.0,0,0,0,0,0,0,0,0,0
0.0,2010,0.0,0,0,0,0,0,0,0,0,0
0.0,2010,0.0,0,0,0,0,1,0,1,0,1
0.0,2010,0.0,1,0,11,4,62,1,74,5,79
0.0,2010,0.0,2,2,51,7,143,1,196,10,206
0.0,2001,0.0,0,0,0,0,0,0,0,0,0
0.0,2001,0.0,0,0,0,0,0,0,0,0,0
0.0,2001,0.0,0,0,0,0,0,0,0,0,0
0.0,2001,0.0,0,0,0,0,0,0,0,0,0
0.0,2001,0.0,0,0,0,0,0,0,0,0,0
0.0,2001,0.0,0,0,0,0,0,0,0,0,0
0.0,2001,0.0,0,0,0,0,0,0,0,0,0
0.0,2001,0.0,0,0,0,0,0,0,0,0,0
0.0,2001,0.0,0,0,0,0,0,0,0,0,0
0.0,2001,0.0,0,0,0,0,0,0,0,0,0
0.0,2001,0.0,0,0,0,0,0,0,0,0,0
0.0,2001,0.0,0,0,0,0,0,0,0,0,0
0.0,2001,0.0,0,0,0,0,0,0,0,0,0
0.0,2001,0.0,0,0,0,0,0,0,0,0,0
0.0,2001,0.0,0,0,0,0,0,0,0,0,0
0.0,2001,0.0,0,0,0,0,0,0,0,0,0
0.0,2001,0.0,0,0,0,0,0,0,0,0,0
0.0,2001,0.0,0,0,0,0,0,0,0,0,0
0.0,2001,0.0,0,0,0,0,0,0,0,0,0
0.0,2001,0.0,0,0,0,0,0,0,0,0,0
0.0,2001,0.0,0,0,0,0,0,0,0,0,0
0.0,2001,0.0,0,0,0,0,0,0,0,0,0
0.0,2001,0.0,0,0,0,0,0,0,0,0,0
0.0,2001,0.0,0,0,1,0,0,0,1,0,1
0.0,2001,0.0,0,0,0,0,0,0,0,0,0
0.0,2001,0.0,0,0,0,0,0,0,0,0,0
0.0,2001,0.0,0,0,0,0,0,0,0,0,0
0.0,2001,0.0,0,0,0,0,0,0,0,0,0
0.0,2001,0.0,0,0,1,0,0,0,1,0,1
0.0,2001,0.0,0,0,2,0,0,0,2,0,2
0.0,2002,0.0,1,0,0,0,0,0,1,0,1
0.0,2002,0.0,0,0,0,0,0,0,0,0,0
0.0,2002,0.0,0,0,0,0,0,0,0,0,0
0.0,2002,0.0,0,0,0,0,0,0,0,0,0
0.0,2002,0.0,0,0,0,0,0,0,0,0,0
0.0,2002,0.0,0,0,0,0,0,0,0,0,0
0.0,2002,0.0,0,0,0,0,0,0,0,0,0
0.0,2002,0.0,0,0,0,0,0,0,0,0,0
0.0,2002,0.0,0,0,0,0,0,0,0,0,0
0.0,2002,0.0,0,0,0,0,0,0,0,0,0
0.0,2002,0.0,0,0,0,0,0,0,0,0,0
0.0,2002,0.0,0,0,0,0,0,0,0,0,0
0.0,2002,0.0,0,0,1,0,0,0,1,0,1
0.0,2002,0.0,0,0,0,0,0,0,0,0,0
0.0,2002,0.0,0,0,0,0,0,0,0,0,0
0.0,2002,0.0,0,0,0,0,0,0,0,0,0
0.0,2002,0.0,0,0,0,0,0,0,0,0,0
0.0,2002,0.0,0,0,0,0,0,0,0,0,0
0.0,2002,0.0,0,0,0,0,0,0,0,0,0
0.0,2002,0.0,0,0,0,0,0,0,0,0,0
0.0,2002,0.0,0,0,0,0,0,0,0,0,0
0.0,2002,0.0,0,0,1,0,0,0,1,0,1
0.0,2002,0.0,0,0,0,0,0,0,0,0,0
0.0,2002,0.0,0,0,0,0,0,0,0,0,0
0.0,2002,0.0,0,0,0,0,0,0,0,0,0
0.0,2002,0.0,0,0,0,0,0,0,0,0,0
0.0,2002,0.0,0,0,0,0,0,0,0,0,0
0.0,2002,0.0,0,0,0,0,0,0,0,0,0
0.0,2002,0.0,0,0,0,0,0,0,0,0,0
0.0,2002,0.0,1,0,2,0,0,0,3,0,3
0.0,2003,0.0,0,0,0,0,0,0,0,0,0
0.0,2003,0.0,0,0,5,0,0,0,5,0,5
0.0,2003,0.0,0,0,0,0,0,0,0,0,0
0.0,2003,0.0,1,0,0,0,0,0,1,0,1
0.0,2003,0.0,0,0,0,0,0,0,0,0,0
0.0,2003,0.0,1,0,0,0,0,0,1,0,1
0.0,2003,0.0,0,0,0,0,0,0,0,0,0
0.0,2003,0.0,0,0,0,0,0,0,0,0,0
0.0,2003,0.0,0,0,0,0,0,0,0,0,0
0.0,2003,0.0,0,0,0,0,0,0,0,0,0
0.0,2003,0.0,0,0,0,0,0,0,0,0,0
0.0,2003,0.0,0,0,0,0,0,0,0,0,0
0.0,2003,0.0,0,0,10,0,0,0,10,0,10
0.0,2003,0.0,0,0,2,0,0,0,2,0,2
0.0,2003,0.0,0,0,0,0,0,0,0,0,0
0.0,2003,0.0,0,0,2,0,0,0,2,0,2
0.0,2003,0.0,0,0,0,0,0,0,0,0,0
0.0,2003,0.0,0,0,0,0,0,0,0,0,0
0.0,2003,0.0,0,0,0,0,0,0,0,0,0
0.0,2003,0.0,0,0,0,0,0,0,0,0,0
0.0,2003,0.0,0,0,0,0,0,0,0,0,0
0.0,2003,0.0,0,0,0,0,0,0,0,0,0
0.0,2003,0.0,0,0,0,0,0,0,0,0,0
0.0,2003,0.0,0,0,0,0,0,0,0,0,0
0.0,2003,0.0,0,0,0,0,0,0,0,0,0
0.0,2003,0.0,0,0,0,0,0,0,0,0,0
0.0,2003,0.0,0,0,0,0,0,0,0,0,0
0.0,2003,0.0,0,0,0,0,0,0,0,0,0
0.0,2003,0.0,0,0,0,0,0,0,0,0,0
0.0,2003,0.0,1,0,17,0,0,0,18,0,18
0.0,2004,0.0,0,0,0,0,0,0,0,0,0
0.0,2004,0.0,0,0,0,0,0,0,0,0,0
0.0,2004,0.0,0,0,1,0,0,0,1,0,1
0.0,2004,0.0,0,0,0,0,0,0,0,0,0
0.0,2004,0.0,0,0,0,0,0,0,0,0,0
0.0,2004,0.0,0,0,0,0,0,0,0,0,0
0.0,2004,0.0,0,0,0,0,0,0,0,0,0
0.0,2004,0.0,0,0,0,0,0,0,0,0,0
0.0,2004,0.0,0,0,0,0,0,0,0,0,0
0.0,2004,0.0,0,0,0,0,0,0,0,0,0
0.0,2004,0.0,0,0,0,0,0,0,0,0,0
0.0,2004,0.0,0,0,0,0,0,0,0,0,0
0.0,2004,0.0,0,0,5,0,0,0,5,0,5
0.0,2004,0.0,0,0,1,0,0,0,1,0,1
0.0,2004,0.0,0,0,0,0,0,0,0,0,0
0.0,2004,0.0,0,0,1,0,0,0,1,0,1
0.0,2004,0.0,0,0,1,0,0,0,1,0,1
0.0,2004,0.0,0,0,0,0,0,0,0,0,0
0.0,2004,0.0,0,0,0,0,0,0,0,0,0
0.0,2004,0.0,0,0,0,0,0,0,0,0,0
0.0,2004,0.0,0,0,0,0,0,0,0,0,0
0.0,2004,0.0,0,0,0,0,0,0,0,0,0
0.0,2004,0.0,0,0,0,0,0,0,0,0,0
0.0,2004,0.0,0,0,0,0,0,0,0,0,0
0.0,2004,0.0,0,0,0,0,0,0,0,0,0
0.0,2004,0.0,0,0,0,0,0,0,0,0,0
0.0,2004,0.0,0,0,0,0,0,0,0,0,0
0.0,2004,0.0,0,0,0,0,0,0,0,0,0
0.0,2004,0.0,0,0,3,0,0,0,3,0,3
0.0,2004,0.0,0,0,11,0,0,0,11,0,11
0.0,2005,0.0,0,0,0,0,0,0,0,0,0
0.0,2005,0.0,0,0,0,0,0,0,0,0,0
0.0,2005,0.0,0,0,0,0,0,0,0,0,0
0.0,2005,0.0,0,0,0,0,0,0,0,0,0
0.0,2005,0.0,0,0,0,0,0,0,0,0,0
0.0,2005,0.0,0,0,0,0,0,0,0,0,0
0.0,2005,0.0,0,0,0,0,0,0,0,0,0
0.0,2005,0.0,0,0,0,0,0,0,0,0,0
0.0,2005,0.0,0,0,0,0,0,0,0,0,0
0.0,2005,0.0,0,0,0,0,0,0,0,0,0
0.0,2005,0.0,0,0,0,0,0,0,0,0,0
0.0,2005,0.0,0,0,0,0,0,0,0,0,0
0.0,2005,0.0,0,0,0,0,0,0,0,0,0
0.0,2005,0.0,0,0,1,0,0,0,1,0,1
0.0,2005,0.0,0,0,0,0,0,0,0,0,0
0.0,2005,0.0,0,0,1,0,0,0,1,0,1
0.0,2005,0.0,0,0,0,0,0,0,0,0,0
0.0,2005,0.0,0,0,0,0,0,0,0,0,0
0.0,2005,0.0,0,0,0,0,0,0,0,0,0
0.0,2005,0.0,0,0,0,0,0,0,0,0,0
0.0,2005,0.0,0,0,0,0,0,0,0,0,0
0.0,2005,0.0,0,0,1,0,0,0,1,0,1
0.0,2005,0.0,0,0,0,0,0,0,0,0,0
0.0,2005,0.0,0,0,2,0,0,0,2,0,2
0.0,2005,0.0,0,0,0,0,0,0,0,0,0
0.0,2005,0.0,0,0,0,0,0,0,0,0,0
0.0,2005,0.0,0,0,0,0,0,0,0,0,0
0.0,2005,0.0,0,0,0,0,0,0,0,0,0
0.0,2005,0.0,0,0,2,0,0,0,2,0,2
0.0,2005,0.0,0,0,6,0,0,0,6,0,6
0.0,2006,0.0,0,0,0,0,1,0,1,0,1
0.0,2006,0.0,0,0,0,0,0,0,0,0,0
0.0,2006,0.0,0,0,0,0,0,0,0,0,0
0.0,2006,0.0,0,0,0,0,0,0,0,0,0
0.0,2006,0.0,0,0,0,0,0,0,0,0,0
0.0,2006,0.0,0,0,0,0,0,0,0,0,0
0.0,2006,0.0,0,0,0,0,0,0,0,0,0
0.0,2006,0.0,0,0,0,0,0,0,0,0,0
0.0,2006,0.0,0,0,0,0,0,0,0,0,0
0.0,2006,0.0,0,0,0,0,0,0,0,0,0
0.0,2006,0.0,0,0,0,0,0,0,0,0,0
0.0,2006,0.0,0,0,0,0,0,0,0,0,0
0.0,2006,0.0,0,0,3,0,0,0,3,0,3
0.0,2006,0.0,0,0,3,0,0,0,3,0,3
0.0,2006,0.0,0,0,2,0,0,0,2,0,2
0.0,2006,0.0,0,0,1,0,0,0,1,0,1
0.0,2006,0.0,0,0,0,0,0,0,0,0,0
0.0,2006,0.0,0,0,0,0,0,0,0,0,0
0.0,2006,0.0,0,0,0,0,0,0,0,0,0
0.0,2006,0.0,0,0,0,0,0,0,0,0,0
0.0,2006,0.0,0,0,0,0,0,0,0,0,0
0.0,2006,0.0,0,0,0,0,0,0,0,0,0
0.0,2006,0.0,0,0,0,0,0,0,0,0,0
0.0,2006,0.0,0,0,0,0,0,0,0,0,0
0.0,2006,0.0,0,0,0,0,0,0,0,0,0
0.0,2006,0.0,0,0,0,0,0,0,0,0,0
0.0,2006,0.0,0,0,0,0,0,0,0,0,0
0.0,2006,0.0,0,0,0,0,0,0,0,0,0
0.0,2006,0.0,0,0,0,0,0,0,0,0,0
0.0,2006,0.0,0,0,6,0,1,0,7,0,7
0.0,2007,0.0,0,0,0,0,0,0,0,0,0
0.0,2007,0.0,0,3,0,0,0,0,0,3,3
0.0,2007,0.0,0,0,0,0,0,0,0,0,0
0.0,2007,0.0,1,0,0,0,0,0,1,0,1
0.0,2007,0.0,0,0,0,0,0,0,0,0,0
0.0,2007,0.0,1,0,0,0,0,0,1,0,1
0.0,2007,0.0,0,0,0,0,0,0,0,0,0
0.0,2007,0.0,0,0,0,0,0,0,0,0,0
0.0,2007,0.0,0,0,0,0,0,0,0,0,0
0.0,2007,0.0,0,0,0,0,0,0,0,0,0
0.0,2007,0.0,0,0,0,0,0,0,0,0,0
0.0,2007,0.0,0,0,0,0,0,0,0,0,0
0.0,2007,0.0,3,0,0,0,0,0,3,0,3
0.0,2007,0.0,1,1,0,0,0,0,1,1,2
0.0,2007,0.0,0,0,0,0,0,0,0,0,0
0.0,2007,0.0,1,1,0,0,0,0,1,1,2
0.0,2007,0.0,0,0,0,0,0,0,0,0,0
0.0,2007,0.0,0,0,0,0,0,0,0,0,0
0.0,2007,0.0,0,0,0,0,0,0,0,0,0
0.0,2007,0.0,0,0,0,0,0,0,0,0,0
0.0,2007,0.0,1,0,0,0,0,0,1,0,1
0.0,2007,0.0,0,0,0,0,0,0,0,0,0
0.0,2007,0.0,0,0,0,0,0,0,0,0,0
0.0,2007,0.0,0,0,0,0,0,0,0,0,0
0.0,2007,0.0,0,0,0,0,0,0,0,0,0
0.0,2007,0.0,0,0,0,0,0,0,0,0,0
0.0,2007,0.0,0,0,0,0,0,0,0,0,0
0.0,2007,0.0,0,0,0,0,0,0,0,0,0
0.0,2007,0.0,5,0,0,0,0,0,5,0,5
0.0,2007,0.0,11,4,0,0,0,0,11,4,15
0.0,2008,0.0,0,0,0,0,0,0,0,0,0
0.0,2008,0.0,0,0,0,0,0,0,0,0,0
0.0,2008,0.0,0,0,0,0,0,0,0,0,0
0.0,2008,0.0,0,0,0,0,0,0,0,0,0
0.0,2008,0.0,0,0,0,0,0,0,0,0,0
0.0,2008,0.0,0,0,0,0,0,0,0,0,0
0.0,2008,0.0,0,0,0,0,0,0,0,0,0
0.0,2008,0.0,0,0,0,0,0,0,0,0,0
0.0,2008,0.0,0,0,0,0,0,0,0,0,0
0.0,2008,0.0,0,0,0,0,0,0,0,0,0
0.0,2008,0.0,0,0,0,0,0,0,0,0,0
0.0,2008,0.0,0,0,0,0,0,0,0,0,0
0.0,2008,0.0,0,0,1,0,0,0,1,0,1
0.0,2008,0.0,0,0,0,0,0,0,0,0,0
0.0,2008,0.0,0,0,0,0,0,0,0,0,0
0.0,2008,0.0,0,0,0,0,0,0,0,0,0
0.0,2008,0.0,0,0,2,1,0,0,2,1,3
0.0,2008,0.0,0,0,0,0,0,0,0,0,0
0.0,2008,0.0,0,0,0,0,0,0,0,0,0
0.0,2008,0.0,0,0,0,0,0,0,0,0,0
0.0,2008,0.0,0,0,0,0,0,0,0,0,0
0.0,2008,0.0,0,0,1,1,0,0,1,1,2
0.0,2008,0.0,0,0,0,0,0,0,0,0,0
0.0,2008,0.0,0,0,0,0,0,0,0,0,0
0.0,2008,0.0,0,0,0,0,0,0,0,0,0
0.0,2008,0.0,0,0,0,0,0,0,0,0,0
0.0,2008,0.0,0,0,0,0,0,0,0,0,0
0.0,2008,0.0,0,0,0,0,0,0,0,0,0
0.0,2008,0.0,0,0,3,2,0,0,3,2,5
0.0,2008,0.0,0,0,7,4,0,0,7,4,11
0.0,2009,0.0,0,0,1,0,0,0,1,0,1
0.0,2009,0.0,0,0,0,0,0,0,0,0,0
0.0,2009,0.0,0,0,0,0,0,0,0,0,0
0.0,2009,0.0,0,0,0,0,0,0,0,0,0
0.0,2009,0.0,0,0,0,0,0,0,0,0,0
0.0,2009,0.0,0,0,0,0,0,0,0,0,0
0.0,2009,0.0,0,0,0,0,0,0,0,0,0
0.0,2009,0.0,0,0,0,0,0,0,0,0,0
0.0,2009,0.0,0,0,0,0,0,0,0,0,0
0.0,2009,0.0,0,0,0,0,0,0,0,0,0
0.0,2009,0.0,0,0,0,0,0,0,0,0,0
0.0,2009,0.0,0,0,0,0,0,0,0,0,0
0.0,2009,0.0,0,0,3,0,0,0,3,0,3
0.0,2009,0.0,0,0,0,0,0,0,0,0,0
0.0,2009,0.0,0,0,0,0,0,0,0,0,0
0.0,2009,0.0,0,0,0,0,0,0,0,0,0
0.0,2009,0.0,0,0,1,0,0,0,1,0,1
0.0,2009,0.0,0,0,0,0,0,0,0,0,0
0.0,2009,0.0,0,0,0,0,0,0,0,0,0
0.0,2009,0.0,0,0,0,0,0,0,0,0,0
0.0,2009,0.0,0,0,0,0,0,0,0,0,0
0.0,2009,0.0,0,0,0,0,0,0,0,0,0
0.0,2009,0.0,0,0,0,0,0,0,0,0,0
0.0,2009,0.0,0,0,1,0,0,0,1,0,1
0.0,2009,0.0,0,0,0,0,0,0,0,0,0
0.0,2009,0.0,0,0,0,0,0,0,0,0,0
0.0,2009,0.0,0,0,0,0,0,0,0,0,0
0.0,2009,0.0,0,0,0,0,0,0,0,0,0
0.0,2009,0.0,0,0,2,1,0,1,2,2,4
0.0,2009,0.0,0,0,8,1,0,1,8,2,10
0.0,2010,0.0,0,0,0,0,0,0,0,0,0
0.0,2010,0.0,0,0,5,0,0,0,5,0,5
0.0,2010,0.0,0,0,0,0,0,0,0,0,0
0.0,2010,0.0,0,0,1,0,0,0,1,0,1
0.0,2010,0.0,0,0,0,0,0,0,0,0,0
0.0,2010,0.0,0,0,1,0,0,0,1,0,1
0.0,2010,0.0,0,0,0,0,0,0,0,0,0
0.0,2010,0.0,0,0,0,0,0,0,0,0,0
0.0,2010,0.0,0,0,0,0,0,0,0,0,0
0.0,2010,0.0,0,0,0,0,0,0,0,0,0
0.0,2010,0.0,0,0,0,0,0,0,0,0,0
0.0,2010,0.0,0,0,0,0,0,0,0,0,0
0.0,2010,0.0,0,0,4,0,0,1,4,1,5
0.0,2010,0.0,0,0,0,0,0,0,0,0,0
0.0,2010,0.0,0,0,0,0,0,0,0,0,0
0.0,2010,0.0,0,0,0,0,0,0,0,0,0
0.0,2010,0.0,0,0,3,2,0,0,3,2,5
0.0,2010,0.0,0,0,0,0,1,0,1,0,1
0.0,2010,0.0,0,0,0,0,0,0,0,0,0
0.0,2010,0.0,0,0,0,0,0,0,0,0,0
0.0,2010,0.0,0,0,0,0,0,0,0,0,0
0.0,2010,0.0,0,0,0,0,0,0,0,0,0
0.0,2010,0.0,0,0,0,0,0,0,0,0,0
0.0,2010,0.0,0,0,0,0,0,0,0,0,0
0.0,2010,0.0,0,0,0,0,0,0,0,0,0
0.0,2010,0.0,0,0,0,0,0,0,0,0,0
0.0,2010,0.0,0,0,0,0,0,0,0,0,0
0.0,2010,0.0,1,0,1,0,0,0,2,0,2
0.0,2010,0.0,0,0,4,4,0,0,4,4,8
0.0,2010,0.0,1,0,18,6,1,1,20,7,27
0.0,2001,0.0,3,0,7,2,3,30,13,32,45
0.0,2001,0.0,12,0,12,2,2,3,26,5,31
0.0,2001,0.0,0,0,0,0,0,1,0,1,1
0.0,2001,0.0,0,0,2,7,1,30,3,37,40
0.0,2001,0.0,0,0,0,0,0,0,0,0,0
0.0,2001,0.0,0,0,2,7,1,30,3,37,40
0.0,2001,0.0,0,0,3,0,4,1,7,1,8
0.0,2001,0.0,0,0,2,0,3,1,5,1,6
0.0,2001,0.0,0,0,1,0,1,0,2,0,2
0.0,2001,0.0,0,0,1,0,4,0,5,0,5
0.0,2001,0.0,0,0,0,0,0,0,0,0,0
0.0,2001,0.0,0,0,0,0,0,0,0,0,0
0.0,2001,0.0,11,0,12,0,1,0,24,0,24
0.0,2001,0.0,32,0,34,0,0,0,66,0,66
0.0,2001,0.0,0,0,0,0,0,0,0,0,0
0.0,2001,0.0,32,0,34,0,0,0,66,0,66
0.0,2001,0.0,2,0,5,0,5,3,12,3,15
0.0,2001,0.0,1,0,6,3,0,4,7,7,14
0.0,2001,0.0,0,0,0,0,0,0,0,0,0
0.0,2001,0.0,0,0,0,0,0,0,0,0,0
0.0,2001,0.0,0,0,0,0,0,0,0,0,0
0.0,2001,0.0,0,0,1,0,0,0,1,0,1
0.0,2001,0.0,0,0,0,0,0,0,0,0,0
0.0,2001,0.0,0,0,0,0,0,15,0,15,15
0.0,2001,0.0,0,0,0,1,0,0,0,1,1
0.0,2001,0.0,0,0,0,0,0,0,0,0,0
0.0,2001,0.0,0,0,0,0,0,0,0,0,0
0.0,2001,0.0,0,0,0,0,0,0,0,0,0
0.0,2001,0.0,1,0,12,0,1,5,14,5,19
0.0,2001,0.0,62,0,95,15,21,92,178,107,285
0.0,2002,0.0,4,0,1,0,1,0,6,0,6
0.0,2002,0.0,0,0,4,0,0,0,4,0,4
0.0,2002,0.0,0,0,0,0,0,0,0,0,0
0.0,2002,0.0,3,0,5,0,30,0,38,0,38
0.0,2002,0.0,0,0,0,0,0,0,0,0,0
0.0,2002,0.0,3,0,5,0,30,0,38,0,38
0.0,2002,0.0,0,0,1,0,4,0,5,0,5
0.0,2002,0.0,0,0,1,0,2,0,3,0,3
0.0,2002,0.0,0,0,0,0,2,0,2,0,2
0.0,2002,0.0,0,0,0,0,0,0,0,0,0
0.0,2002,0.0,0,0,1,0,2,0,3,0,3
0.0,2002,0.0,0,0,1,0,6,0,7,0,7
0.0,2002,0.0,0,0,1,1,0,0,1,1,2
0.0,2002,0.0,5,0,67,0,24,0,96,0,96
0.0,2002,0.0,1,0,5,0,2,0,8,0,8
0.0,2002,0.0,4,0,62,0,22,0,88,0,88
0.0,2002,0.0,8,0,41,0,1,4,50,4,54
0.0,2002,0.0,0,0,0,0,0,0,0,0,0
0.0,2002,0.0,2,0,0,0,0,0,2,0,2
0.0,2002,0.0,0,0,0,0,0,0,0,0,0
0.0,2002,0.0,0,0,0,0,0,0,0,0,0
0.0,2002,0.0,12,0,13,0,1,0,26,0,26
0.0,2002,0.0,0,0,0,0,0,8,0,8,8
0.0,2002,0.0,0,0,0,0,11,0,11,0,11
0.0,2002,0.0,0,0,0,0,0,0,0,0,0
0.0,2002,0.0,0,0,0,0,0,0,0,0,0
0.0,2002,0.0,0,0,0,0,0,0,0,0,0
0.0,2002,0.0,0,0,0,0,0,0,0,0,0
0.0,2002,0.0,129,0,328,5,7,0,464,5,469
0.0,2002,0.0,163,0,463,6,87,12,713,18,731
0.0,2003,0.0,3,0,1,0,5,0,9,0,9
0.0,2003,0.0,20,0,29,1,16,2,65,3,68
0.0,2003,0.0,0,0,0,0,0,0,0,0,0
0.0,2003,0.0,4,0,6,0,1,0,11,0,11
0.0,2003,0.0,0,0,0,0,0,0,0,0,0
0.0,2003,0.0,4,0,6,0,1,0,11,0,11
0.0,2003,0.0,2,0,2,1,2,0,6,1,7
0.0,2003,0.0,2,0,2,1,2,0,6,1,7
0.0,2003,0.0,0,0,0,0,0,0,0,0,0
0.0,2003,0.0,10,0,18,0,15,0,43,0,43
0.0,2003,0.0,0,0,1,0,0,0,1,0,1
0.0,2003,0.0,2,0,2,1,2,0,6,1,7
0.0,2003,0.0,4,0,5,0,1,0,10,0,10
0.0,2003,0.0,31,0,38,0,7,0,76,0,76
0.0,2003,0.0,4,0,4,0,0,0,8,0,8
0.0,2003,0.0,27,0,34,0,7,0,68,0,68
0.0,2003,0.0,42,0,80,2,18,0,140,2,142
0.0,2003,0.0,0,0,0,0,0,0,0,0,0
0.0,2003,0.0,5,0,8,0,3,0,16,0,16
0.0,2003,0.0,1,0,1,0,0,0,2,0,2
0.0,2003,0.0,0,0,0,0,0,0,0,0,0
0.0,2003,0.0,28,0,11,9,8,1,47,10,57
0.0,2003,0.0,0,0,0,0,0,0,0,0,0
0.0,2003,0.0,11,0,8,0,4,0,23,0,23
0.0,2003,0.0,0,0,2,0,0,0,2,0,2
0.0,2003,0.0,0,0,0,0,0,0,0,0,0
0.0,2003,0.0,0,0,0,0,0,0,0,0,0
0.0,2003,0.0,0,0,0,0,0,0,0,0,0
0.0,2003,0.0,74,0,99,8,54,0,227,8,235
0.0,2003,0.0,237,0,311,22,136,3,684,25,709
0.0,2004,0.0,3,0,1,0,5,0,9,0,9
0.0,2004,0.0,20,0,29,1,16,2,65,3,68
0.0,2004,0.0,0,0,0,0,0,0,0,0,0
0.0,2004,0.0,4,0,6,0,1,0,11,0,11
0.0,2004,0.0,0,0,0,0,0,0,0,0,0
0.0,2004,0.0,4,0,6,0,1,0,11,0,11
0.0,2004,0.0,2,0,2,1,2,0,6,1,7
0.0,2004,0.0,2,0,2,1,2,0,6,1,7
0.0,2004,0.0,0,0,0,0,0,0,0,0,0
0.0,2004,0.0,10,0,18,0,15,0,43,0,43
0.0,2004,0.0,0,0,1,0,0,0,1,0,1
0.0,2004,0.0,2,0,2,1,2,0,6,1,7
0.0,2004,0.0,4,0,5,0,1,0,10,0,10
0.0,2004,0.0,31,0,38,0,7,0,76,0,76
0.0,2004,0.0,4,0,4,0,0,0,8,0,8
0.0,2004,0.0,27,0,34,0,7,0,68,0,68
0.0,2004,0.0,42,0,80,2,18,0,140,2,142
0.0,2004,0.0,0,0,0,0,0,0,0,0,0
0.0,2004,0.0,5,0,8,0,3,0,16,0,16
0.0,2004,0.0,1,0,1,0,0,0,2,0,2
0.0,2004,0.0,0,0,0,0,0,0,0,0,0
0.0,2004,0.0,28,0,11,9,8,1,47,10,57
0.0,2004,0.0,0,0,0,0,0,0,0,0,0
0.0,2004,0.0,11,0,8,0,4,0,23,0,23
0.0,2004,0.0,0,0,2,0,0,0,2,0,2
0.0,2004,0.0,0,0,0,0,0,0,0,0,0
0.0,2004,0.0,0,0,0,0,0,0,0,0,0
0.0,2004,0.0,0,0,0,0,0,0,0,0,0
0.0,2004,0.0,74,0,99,8,54,0,227,8,235
0.0,2004,0.0,237,0,311,22,136,3,684,25,709
0.0,2005,0.0,0,0,15,3,20,3,35,6,41
0.0,2005,0.0,0,0,30,2,34,2,64,4,68
0.0,2005,0.0,0,0,0,0,0,0,0,0,0
0.0,2005,0.0,0,0,13,0,12,0,25,0,25
0.0,2005,0.0,0,0,0,0,0,0,0,0,0
0.0,2005,0.0,0,0,13,0,12,0,25,0,25
0.0,2005,0.0,0,0,6,0,5,0,11,0,11
0.0,2005,0.0,0,0,2,0,1,0,3,0,3
0.0,2005,0.0,0,0,4,0,4,0,8,0,8
0.0,2005,0.0,0,0,5,10,5,12,10,22,32
0.0,2005,0.0,0,0,0,0,0,0,0,0,0
0.0,2005,0.0,0,0,35,7,38,8,73,15,88
0.0,2005,0.0,1,0,25,0,32,0,58,0,58
0.0,2005,0.0,1,0,42,0,48,0,91,0,91
0.0,2005,0.0,0,0,6,0,12,0,18,0,18
0.0,2005,0.0,1,0,36,0,36,0,73,0,73
0.0,2005,0.0,5,1,23,11,24,9,52,21,73
0.0,2005,0.0,0,0,0,0,0,0,0,0,0
0.0,2005,0.0,0,0,5,0,8,0,13,0,13
0.0,2005,0.0,0,0,0,0,0,0,0,0,0
0.0,2005,0.0,0,0,0,0,0,0,0,0,0
0.0,2005,0.0,9,0,25,12,16,10,50,22,72
0.0,2005,0.0,0,1,0,2,0,1,0,4,4
0.0,2005,0.0,0,0,15,0,7,0,22,0,22
0.0,2005,0.0,0,0,2,0,1,0,3,0,3
0.0,2005,0.0,0,0,14,1,17,1,31,2,33
0.0,2005,0.0,0,0,0,0,0,0,0,0,0
0.0,2005,0.0,0,0,0,0,0,0,0,0,0
0.0,2005,0.0,6,0,117,1,124,1,247,2,249
0.0,2005,0.0,22,2,372,49,391,47,785,98,883
0.0,2006,0.0,3,0,11,2,22,0,36,2,38
0.0,2006,0.0,1,0,27,2,34,3,62,5,67
0.0,2006,0.0,0,0,1,1,3,1,4,2,6
0.0,2006,0.0,2,0,16,0,18,0,36,0,36
0.0,2006,0.0,0,0,0,0,0,0,0,0,0
0.0,2006,0.0,2,0,16,0,18,0,36,0,36
0.0,2006,0.0,1,0,7,2,13,0,21,2,23
0.0,2006,0.0,1,0,4,1,5,0,10,1,11
0.0,2006,0.0,0,0,3,1,8,0,11,1,12
0.0,2006,0.0,0,0,4,0,9,0,13,0,13
0.0,2006,0.0,0,0,1,0,1,0,2,0,2
0.0,2006,0.0,0,0,7,0,10,0,17,0,17
0.0,2006,0.0,1,0,15,0,16,0,32,0,32
0.0,2006,0.0,5,0,40,0,47,0,92,0,92
0.0,2006,0.0,0,0,4,0,22,0,26,0,26
0.0,2006,0.0,5,0,36,0,25,0,66,0,66
0.0,2006,0.0,3,0,32,5,42,10,77,15,92
0.0,2006,0.0,0,0,0,0,0,0,0,0,0
0.0,2006,0.0,0,0,3,0,2,0,5,0,5
0.0,2006,0.0,0,0,0,0,0,0,0,0,0
0.0,2006,0.0,0,0,1,0,6,0,7,0,7
0.0,2006,0.0,4,0,60,6,79,7,143,13,156
0.0,2006,0.0,0,0,0,1,1,2,1,3,4
0.0,2006,0.0,0,0,4,0,3,0,7,0,7
0.0,2006,0.0,0,0,0,0,0,0,0,0,0
0.0,2006,0.0,0,0,1,1,0,2,1,3,4
0.0,2006,0.0,0,0,0,0,0,0,0,0,0
0.0,2006,0.0,0,0,6,0,7,0,13,0,13
0.0,2006,0.0,3,0,89,2,130,0,222,2,224
0.0,2006,0.0,23,0,325,22,443,25,791,47,838
0.0,2007,0.0,0,0,9,0,17,0,26,0,26
0.0,2007,0.0,0,0,5,0,14,0,19,0,19
0.0,2007,0.0,0,0,0,0,2,0,2,0,2
0.0,2007,0.0,0,0,1,0,16,0,17,0,17
0.0,2007,0.0,0,0,0,0,0,0,0,0,0
0.0,2007,0.0,0,0,1,0,16,0,17,0,17
0.0,2007,0.0,0,0,0,0,12,0,12,0,12
0.0,2007,0.0,0,0,0,0,3,0,3,0,3
0.0,2007,0.0,0,0,0,0,9,0,9,0,9
0.0,2007,0.0,0,0,0,0,4,0,4,0,4
0.0,2007,0.0,0,0,0,0,0,0,0,0,0
0.0,2007,0.0,0,0,0,0,10,0,10,0,10
0.0,2007,0.0,0,0,3,0,25,0,28,0,28
0.0,2007,0.0,2,0,3,0,102,0,107,0,107
0.0,2007,0.0,0,0,0,0,18,0,18,0,18
0.0,2007,0.0,2,0,3,0,84,0,89,0,89
0.0,2007,0.0,1,0,2,0,45,0,48,0,48
0.0,2007,0.0,0,0,0,0,5,0,5,0,5
0.0,2007,0.0,0,0,0,0,5,0,5,0,5
0.0,2007,0.0,0,0,0,0,0,0,0,0,0
0.0,2007,0.0,0,0,2,0,0,0,2,0,2
0.0,2007,0.0,0,0,7,0,78,0,85,0,85
0.0,2007,0.0,0,0,0,0,0,0,0,0,0
0.0,2007,0.0,0,0,0,0,3,0,3,0,3
0.0,2007,0.0,0,0,0,0,0,0,0,0,0
0.0,2007,0.0,0,0,0,0,0,0,0,0,0
0.0,2007,0.0,0,0,0,0,0,0,0,0,0
0.0,2007,0.0,0,0,0,0,0,0,0,0,0
0.0,2007,0.0,3,0,18,0,73,0,94,0,94
0.0,2007,0.0,6,0,50,0,411,0,467,0,467
0.0,2008,0.0,0,0,9,0,12,1,21,1,22
0.0,2008,0.0,0,0,1,0,10,0,11,0,11
0.0,2008,0.0,0,0,0,0,0,0,0,0,0
0.0,2008,0.0,0,0,22,0,9,0,31,0,31
0.0,2008,0.0,0,0,0,0,0,0,0,0,0
0.0,2008,0.0,0,0,22,0,9,0,31,0,31
0.0,2008,0.0,0,0,0,0,8,5,8,5,13
0.0,2008,0.0,0,0,0,0,1,0,1,0,1
0.0,2008,0.0,0,0,0,0,7,5,7,5,12
0.0,2008,0.0,0,0,8,0,26,0,34,0,34
0.0,2008,0.0,0,0,2,0,1,0,3,0,3
0.0,2008,0.0,0,0,5,0,14,0,19,0,19
0.0,2008,0.0,0,0,13,0,16,0,29,0,29
0.0,2008,0.0,0,0,25,1,77,4,102,5,107
0.0,2008,0.0,0,0,2,0,14,0,16,0,16
0.0,2008,0.0,0,0,23,1,63,4,86,5,91
0.0,2008,0.0,0,0,20,0,27,0,47,0,47
0.0,2008,0.0,0,0,0,0,2,0,2,0,2
0.0,2008,0.0,0,0,0,0,1,0,1,0,1
0.0,2008,0.0,0,0,0,0,0,0,0,0,0
0.0,2008,0.0,0,0,0,0,3,0,3,0,3
0.0,2008,0.0,0,0,18,0,41,2,59,2,61
0.0,2008,0.0,0,0,0,0,2,1,2,1,3
0.0,2008,0.0,0,0,3,0,6,0,9,0,9
0.0,2008,0.0,0,0,0,0,0,0,0,0,0
0.0,2008,0.0,0,0,2,0,1,0,3,0,3
0.0,2008,0.0,0,0,0,0,0,0,0,0,0
0.0,2008,0.0,0,0,0,0,0,0,0,0,0
0.0,2008,0.0,0,0,32,1,46,1,78,2,80
0.0,2008,0.0,0,0,160,2,302,14,462,16,478
0.0,2009,0.0,1,0,21,5,38,5,60,10,70
0.0,2009,0.0,0,0,14,0,20,0,34,0,34
0.0,2009,0.0,0,0,0,0,1,0,1,0,1
0.0,2009,0.0,0,0,21,0,40,0,61,0,61
0.0,2009,0.0,0,0,0,0,0,0,0,0,0
0.0,2009,0.0,0,0,21,0,40,0,61,0,61
0.0,2009,0.0,0,0,9,0,18,0,27,0,27
0.0,2009,0.0,0,0,3,0,7,0,10,0,10
0.0,2009,0.0,0,0,6,0,11,0,17,0,17
0.0,2009,0.0,0,0,2,0,12,0,14,0,14
0.0,2009,0.0,0,0,3,0,0,0,3,0,3
0.0,2009,0.0,0,0,4,0,14,0,18,0,18
0.0,2009,0.0,0,0,2,0,9,0,11,0,11
0.0,2009,0.0,6,0,51,9,58,5,115,14,129
0.0,2009,0.0,0,0,11,0,14,0,25,0,25
0.0,2009,0.0,6,0,40,9,44,5,90,14,104
0.0,2009,0.0,0,0,37,0,29,0,66,0,66
0.0,2009,0.0,0,0,0,0,0,0,0,0,0
0.0,2009,0.0,1,0,0,0,1,0,2,0,2
0.0,2009,0.0,0,0,0,0,0,0,0,0,0
0.0,2009,0.0,0,0,5,0,1,0,6,0,6
0.0,2009,0.0,3,0,45,5,44,2,92,7,99
0.0,2009,0.0,0,0,10,0,6,0,16,0,16
0.0,2009,0.0,0,0,10,0,2,0,12,0,12
0.0,2009,0.0,0,0,0,0,0,0,0,0,0
0.0,2009,0.0,0,0,0,5,1,0,1,5,6
0.0,2009,0.0,0,0,0,0,0,0,0,0,0
0.0,2009,0.0,0,0,0,0,0,0,0,0,0
0.0,2009,0.0,5,0,47,0,96,5,148,5,153
0.0,2009,0.0,16,0,281,24,390,17,687,41,728
0.0,2010,0.0,0,0,2,0,4,0,6,0,6
0.0,2010,0.0,0,0,0,0,0,0,0,0,0
0.0,2010,0.0,0,0,0,0,0,0,0,0,0
0.0,2010,0.0,0,0,3,0,3,0,6,0,6
0.0,2010,0.0,0,0,0,0,0,0,0,0,0
0.0,2010,0.0,0,0,3,0,3,0,6,0,6
0.0,2010,0.0,0,0,3,14,2,8,5,22,27
0.0,2010,0.0,0,0,0,14,0,8,0,22,22
0.0,2010,0.0,0,0,3,0,2,0,5,0,5
0.0,2010,0.0,0,0,0,0,0,0,0,0,0
0.0,2010,0.0,0,0,0,0,0,0,0,0,0
0.0,2010,0.0,0,0,0,0,0,0,0,0,0
0.0,2010,0.0,0,0,0,0,1,0,1,0,1
0.0,2010,0.0,0,0,3,0,13,0,16,0,16
0.0,2010,0.0,0,0,0,0,0,0,0,0,0
0.0,2010,0.0,0,0,3,0,13,0,16,0,16
0.0,2010,0.0,0,0,0,0,4,0,4,0,4
0.0,2010,0.0,0,0,0,0,0,0,0,0,0
0.0,2010,0.0,0,0,0,0,0,0,0,0,0
0.0,2010,0.0,0,0,0,0,0,0,0,0,0
0.0,2010,0.0,0,0,0,0,0,0,0,0,0
0.0,2010,0.0,0,0,0,0,2,0,2,0,2
0.0,2010,0.0,0,0,0,0,3,0,3,0,3
0.0,2010,0.0,0,0,0,0,0,0,0,0,0
0.0,2010,0.0,0,0,0,0,0,0,0,0,0
0.0,2010,0.0,0,0,0,0,0,0,0,0,0
0.0,2010,0.0,0,0,0,3,0,0,0,3,3
0.0,2010,0.0,0,0,0,0,0,0,0,0,0
0.0,2010,0.0,1,0,9,0,18,0,28,0,28
0.0,2010,0.0,1,0,20,17,50,8,71,25,96
0.0,2001,0.0,1,1,10,1,2,0,13,2,15
0.0,2001,0.0,0,0,2,0,1,0,3,0,3
0.0,2001,0.0,0,0,0,0,0,0,0,0,0
0.0,2001,0.0,0,0,5,0,2,0,7,0,7
0.0,2001,0.0,0,0,0,0,0,0,0,0,0
0.0,2001,0.0,0,0,5,0,2,0,7,0,7
0.0,2001,0.0,0,0,0,0,0,0,0,0,0
0.0,2001,0.0,0,0,0,0,0,0,0,0,0
0.0,2001,0.0,0,0,0,0,0,0,0,0,0
0.0,2001,0.0,0,0,2,0,0,0,2,0,2
0.0,2001,0.0,0,0,2,0,0,0,2,0,2
0.0,2001,0.0,3,0,13,1,5,0,21,1,22
0.0,2001,0.0,8,0,40,1,5,0,53,1,54
0.0,2001,0.0,13,0,52,7,19,0,84,7,91
0.0,2001,0.0,1,0,6,0,2,0,9,0,9
0.0,2001,0.0,12,0,46,7,17,0,75,7,82
0.0,2001,0.0,0,0,12,0,8,0,20,0,20
0.0,2001,0.0,0,0,0,0,0,0,0,0,0
0.0,2001,0.0,0,0,1,0,2,0,3,0,3
0.0,2001,0.0,0,0,0,0,0,0,0,0,0
0.0,2001,0.0,0,0,0,0,0,0,0,0,0
0.0,2001,0.0,200,3,172,3,8,1,380,7,387
0.0,2001,0.0,0,0,0,0,0,0,0,0,0
0.0,2001,0.0,0,0,2,0,1,0,3,0,3
0.0,2001,0.0,0,0,1,0,0,0,1,0,1
0.0,2001,0.0,1,0,16,0,0,31,17,31,48
0.0,2001,0.0,0,0,0,0,0,0,0,0,0
0.0,2001,0.0,0,0,0,0,0,0,0,0,0
0.0,2001,0.0,23,0,6,3,3,0,32,3,35
0.0,2001,0.0,249,4,336,16,56,32,641,52,693
0.0,2002,0.0,2,0,7,0,8,0,17,0,17
0.0,2002,0.0,0,0,3,0,2,0,5,0,5
0.0,2002,0.0,0,0,0,1,0,0,0,1,1
0.0,2002,0.0,0,0,1,0,1,0,2,0,2
0.0,2002,0.0,0,0,0,0,0,0,0,0,0
0.0,2002,0.0,0,0,1,0,1,0,2,0,2
0.0,2002,0.0,0,0,0,1,1,0,1,1,2
0.0,2002,0.0,0,0,0,0,1,0,1,0,1
0.0,2002,0.0,0,0,0,1,0,0,0,1,1
0.0,2002,0.0,2,0,0,0,0,0,2,0,2
0.0,2002,0.0,0,0,0,0,1,0,1,0,1
0.0,2002,0.0,0,0,1,0,5,0,6,0,6
0.0,2002,0.0,1,0,25,0,27,0,53,0,53
0.0,2002,0.0,1,0,67,2,35,0,103,2,105
0.0,2002,0.0,0,0,10,0,5,0,15,0,15
0.0,2002,0.0,1,0,57,2,30,0,88,2,90
0.0,2002,0.0,1,0,5,0,5,0,11,0,11
0.0,2002,0.0,0,0,0,0,0,0,0,0,0
0.0,2002,0.0,0,0,0,0,0,0,0,0,0
0.0,2002,0.0,0,0,0,0,0,0,0,0,0
0.0,2002,0.0,0,0,0,0,0,0,0,0,0
0.0,2002,0.0,0,0,10,0,16,0,26,0,26
0.0,2002,0.0,0,0,0,0,0,0,0,0,0
0.0,2002,0.0,0,0,0,0,0,0,0,0,0
0.0,2002,0.0,0,0,0,0,1,0,1,0,1
0.0,2002,0.0,0,0,0,0,0,2,0,2,2
0.0,2002,0.0,0,0,0,0,0,0,0,0,0
0.0,2002,0.0,0,0,0,0,0,0,0,0,0
0.0,2002,0.0,1,0,13,0,16,1,30,1,31
0.0,2002,0.0,8,0,132,4,118,3,258,7,265
0.0,2003,0.0,1,0,3,0,2,0,6,0,6
0.0,2003,0.0,0,0,4,0,1,0,5,0,5
0.0,2003,0.0,0,0,0,0,0,0,0,0,0
0.0,2003,0.0,0,0,0,0,1,0,1,0,1
0.0,2003,0.0,0,0,0,0,0,0,0,0,0
0.0,2003,0.0,0,0,0,0,1,0,1,0,1
0.0,2003,0.0,0,0,0,0,0,0,0,0,0
0.0,2003,0.0,0,0,0,0,0,0,0,0,0
0.0,2003,0.0,0,0,0,0,0,0,0,0,0
0.0,2003,0.0,0,0,0,0,0,0,0,0,0
0.0,2003,0.0,0,0,0,0,0,0,0,0,0
0.0,2003,0.0,0,0,5,0,0,4,5,4,9
0.0,2003,0.0,15,0,60,0,19,0,94,0,94
0.0,2003,0.0,17,0,66,4,11,0,94,4,98
0.0,2003,0.0,0,0,12,0,1,0,13,0,13
0.0,2003,0.0,17,0,54,4,10,0,81,4,85
0.0,2003,0.0,0,0,11,1,7,0,18,1,19
0.0,2003,0.0,0,0,0,0,0,0,0,0,0
0.0,2003,0.0,0,0,0,0,0,0,0,0,0
0.0,2003,0.0,0,0,0,0,0,0,0,0,0
0.0,2003,0.0,0,0,0,0,0,0,0,0,0
0.0,2003,0.0,4,0,26,2,15,3,45,5,50
0.0,2003,0.0,0,0,0,0,0,0,0,0,0
0.0,2003,0.0,0,0,0,0,2,0,2,0,2
0.0,2003,0.0,0,0,0,0,0,0,0,0,0
0.0,2003,0.0,0,0,0,0,0,2,0,2,2
0.0,2003,0.0,0,0,0,0,0,0,0,0,0
0.0,2003,0.0,0,0,0,0,0,0,0,0,0
0.0,2003,0.0,0,0,10,0,2,2,12,2,14
0.0,2003,0.0,37,0,185,7,60,11,282,18,300
0.0,2004,0.0,0,0,2,0,11,0,13,0,13
0.0,2004,0.0,0,0,2,0,5,0,7,0,7
0.0,2004,0.0,0,0,0,0,0,0,0,0,0
0.0,2004,0.0,0,0,1,0,5,0,6,0,6
0.0,2004,0.0,0,0,0,0,0,0,0,0,0
0.0,2004,0.0,0,0,1,0,5,0,6,0,6
0.0,2004,0.0,0,0,8,1,1,0,9,1,10
0.0,2004,0.0,0,0,1,1,0,0,1,1,2
0.0,2004,0.0,0,0,7,0,1,0,8,0,8
0.0,2004,0.0,0,0,2,0,0,0,2,0,2
0.0,2004,0.0,0,0,0,0,0,0,0,0,0
0.0,2004,0.0,0,0,3,0,5,0,8,0,8
0.0,2004,0.0,0,0,47,3,23,0,70,3,73
0.0,2004,0.0,7,2,103,7,73,0,183,9,192
0.0,2004,0.0,0,0,18,0,18,0,36,0,36
0.0,2004,0.0,7,2,85,7,55,0,147,9,156
0.0,2004,0.0,0,0,1,0,8,0,9,0,9
0.0,2004,0.0,0,0,0,0,0,0,0,0,0
0.0,2004,0.0,0,0,2,0,2,0,4,0,4
0.0,2004,0.0,0,0,0,0,0,0,0,0,0
0.0,2004,0.0,0,0,0,0,0,0,0,0,0
0.0,2004,0.0,3,0,19,2,38,6,60,8,68
0.0,2004,0.0,0,0,0,0,0,0,0,0,0
0.0,2004,0.0,0,0,0,0,0,0,0,0,0
0.0,2004,0.0,0,0,0,0,0,0,0,0,0
0.0,2004,0.0,0,0,0,0,0,0,0,0,0
0.0,2004,0.0,0,0,0,0,0,0,0,0,0
0.0,2004,0.0,0,0,0,0,0,0,0,0,0
0.0,2004,0.0,0,0,5,0,20,4,25,4,29
0.0,2004,0.0,10,2,195,13,191,10,396,25,421
0.0,2005,0.0,0,0,4,1,4,0,8,1,9
0.0,2005,0.0,0,0,2,0,1,0,3,0,3
0.0,2005,0.0,0,0,0,0,0,0,0,0,0
0.0,2005,0.0,0,0,0,0,1,0,1,0,1
0.0,2005,0.0,0,0,0,0,0,0,0,0,0
0.0,2005,0.0,0,0,0,0,1,0,1,0,1
0.0,2005,0.0,0,0,1,0,0,0,1,0,1
0.0,2005,0.0,0,0,1,0,0,0,1,0,1
0.0,2005,0.0,0,0,0,0,0,0,0,0,0
0.0,2005,0.0,0,0,0,0,1,0,1,0,1
0.0,2005,0.0,0,0,4,0,0,0,4,0,4
0.0,2005,0.0,0,0,1,0,1,0,2,0,2
0.0,2005,0.0,4,0,48,0,13,3,65,3,68
0.0,2005,0.0,11,1,67,2,31,2,109,5,114
0.0,2005,0.0,1,0,9,0,5,0,15,0,15
0.0,2005,0.0,10,1,58,2,26,2,94,5,99
0.0,2005,0.0,0,0,0,1,5,0,5,1,6
0.0,2005,0.0,0,0,0,0,0,0,0,0,0
0.0,2005,0.0,0,0,0,0,0,0,0,0,0
0.0,2005,0.0,0,0,0,0,0,0,0,0,0
0.0,2005,0.0,0,0,1,0,2,0,3,0,3
0.0,2005,0.0,0,0,13,1,4,0,17,1,18
0.0,2005,0.0,0,0,0,0,0,0,0,0,0
0.0,2005,0.0,0,0,0,0,0,0,0,0,0
0.0,2005,0.0,0,0,0,0,0,0,0,0,0
0.0,2005,0.0,0,0,0,0,0,0,0,0,0
0.0,2005,0.0,0,0,0,0,0,0,0,0,0
0.0,2005,0.0,0,0,0,0,0,0,0,0,0
0.0,2005,0.0,0,0,5,0,1,0,6,0,6
0.0,2005,0.0,15,1,146,5,64,5,225,11,236
0.0,2006,0.0,0,0,4,0,6,0,10,0,10
0.0,2006,0.0,0,0,6,2,18,0,24,2,26
0.0,2006,0.0,0,0,1,0,0,0,1,0,1
0.0,2006,0.0,0,0,3,0,11,0,14,0,14
0.0,2006,0.0,0,0,0,0,0,0,0,0,0
0.0,2006,0.0,0,0,3,0,11,0,14,0,14
0.0,2006,0.0,0,0,1,0,1,0,2,0,2
0.0,2006,0.0,0,0,1,0,1,0,2,0,2
0.0,2006,0.0,0,0,0,0,0,0,0,0,0
0.0,2006,0.0,0,0,3,0,12,0,15,0,15
0.0,2006,0.0,0,0,0,0,12,0,12,0,12
0.0,2006,0.0,0,0,7,0,25,0,32,0,32
0.0,2006,0.0,3,0,58,0,33,0,94,0,94
0.0,2006,0.0,3,1,65,0,76,2,144,3,147
0.0,2006,0.0,0,0,14,0,17,0,31,0,31
0.0,2006,0.0,3,1,51,0,59,2,113,3,116
0.0,2006,0.0,0,0,7,0,11,0,18,0,18
0.0,2006,0.0,0,0,0,0,0,0,0,0,0
0.0,2006,0.0,0,0,0,0,0,0,0,0,0
0.0,2006,0.0,0,0,0,0,0,0,0,0,0
0.0,2006,0.0,0,0,0,0,0,0,0,0,0
0.0,2006,0.0,0,0,18,1,54,1,72,2,74
0.0,2006,0.0,0,0,0,0,0,0,0,0,0
0.0,2006,0.0,0,0,3,1,2,0,5,1,6
0.0,2006,0.0,0,0,1,0,0,0,1,0,1
0.0,2006,0.0,0,0,1,0,1,0,2,0,2
0.0,2006,0.0,0,0,0,0,0,0,0,0,0
0.0,2006,0.0,0,0,0,0,0,0,0,0,0
0.0,2006,0.0,0,0,3,1,28,1,31,2,33
0.0,2006,0.0,6,1,181,5,290,4,477,10,487
0.0,2007,0.0,0,0,7,1,10,2,17,3,20
0.0,2007,0.0,0,0,3,0,17,0,20,0,20
0.0,2007,0.0,0,0,0,0,2,0,2,0,2
0.0,2007,0.0,0,0,0,0,10,0,10,0,10
0.0,2007,0.0,0,0,0,0,0,0,0,0,0
0.0,2007,0.0,0,0,0,0,10,0,10,0,10
0.0,2007,0.0,0,0,0,0,4,0,4,0,4
0.0,2007,0.0,0,0,0,0,2,0,2,0,2
0.0,2007,0.0,0,0,0,0,2,0,2,0,2
0.0,2007,0.0,0,0,1,0,2,0,3,0,3
0.0,2007,0.0,0,0,0,0,6,0,6,0,6
0.0,2007,0.0,1,0,6,0,23,1,30,1,31
0.0,2007,0.0,4,0,51,1,33,1,88,2,90
0.0,2007,0.0,3,0,97,0,70,3,170,3,173
0.0,2007,0.0,0,0,21,0,13,0,34,0,34
0.0,2007,0.0,3,0,76,0,57,3,136,3,139
0.0,2007,0.0,0,0,12,0,16,0,28,0,28
0.0,2007,0.0,0,0,0,0,0,0,0,0,0
0.0,2007,0.0,0,0,2,0,3,0,5,0,5
0.0,2007,0.0,0,0,0,0,0,0,0,0,0
0.0,2007,0.0,0,0,0,0,1,0,1,0,1
0.0,2007,0.0,0,0,16,0,35,0,51,0,51
0.0,2007,0.0,0,0,0,0,0,0,0,0,0
0.0,2007,0.0,0,0,1,0,8,0,9,0,9
0.0,2007,0.0,0,0,0,0,0,0,0,0,0
0.0,2007,0.0,0,0,0,0,2,0,2,0,2
0.0,2007,0.0,0,0,0,0,0,0,0,0,0
0.0,2007,0.0,0,0,0,0,0,0,0,0,0
0.0,2007,0.0,0,0,9,1,32,7,41,8,49
0.0,2007,0.0,8,0,205,3,274,14,487,17,504
0.0,2008,0.0,0,0,13,0,20,1,33,1,34
0.0,2008,0.0,0,0,6,0,21,0,27,0,27
0.0,2008,0.0,0,0,0,0,0,0,0,0,0
0.0,2008,0.0,0,0,4,0,5,0,9,0,9
0.0,2008,0.0,0,0,0,0,0,0,0,0,0
0.0,2008,0.0,0,0,4,0,5,0,9,0,9
0.0,2008,0.0,0,0,1,0,0,0,1,0,1
0.0,2008,0.0,0,0,0,0,0,0,0,0,0
0.0,2008,0.0,0,0,1,0,0,0,1,0,1
0.0,2008,0.0,1,0,6,0,7,0,14,0,14
0.0,2008,0.0,0,0,0,0,9,0,9,0,9
0.0,2008,0.0,3,0,16,0,35,0,54,0,54
0.0,2008,0.0,2,0,47,0,50,2,99,2,101
0.0,2008,0.0,7,0,51,0,55,1,113,1,114
0.0,2008,0.0,4,0,14,0,18,0,36,0,36
0.0,2008,0.0,3,0,37,0,37,1,77,1,78
0.0,2008,0.0,0,0,9,0,16,1,25,1,26
0.0,2008,0.0,0,0,0,0,0,0,0,0,0
0.0,2008,0.0,0,0,0,0,0,0,0,0,0
0.0,2008,0.0,0,0,1,0,0,0,1,0,1
0.0,2008,0.0,0,0,0,0,0,0,0,0,0
0.0,2008,0.0,1,0,13,0,12,2,26,2,28
0.0,2008,0.0,0,0,0,0,0,1,0,1,1
0.0,2008,0.0,0,0,1,0,3,0,4,0,4
0.0,2008,0.0,0,0,0,0,0,0,0,0,0
0.0,2008,0.0,0,0,0,1,0,0,0,1,1
0.0,2008,0.0,0,0,0,0,0,0,0,0,0
0.0,2008,0.0,0,0,1,0,0,0,1,0,1
0.0,2008,0.0,3,0,12,0,27,3,42,3,45
0.0,2008,0.0,17,0,181,1,260,11,458,12,470
0.0,2009,0.0,2,0,17,1,8,1,27,2,29
0.0,2009,0.0,1,1,7,0,4,0,12,1,13
0.0,2009,0.0,0,0,0,0,0,0,0,0,0
0.0,2009,0.0,1,0,3,0,3,1,7,1,8
0.0,2009,0.0,0,0,0,0,0,0,0,0,0
0.0,2009,0.0,1,0,3,0,3,1,7,1,8
0.0,2009,0.0,0,0,1,0,1,0,2,0,2
0.0,2009,0.0,0,0,0,0,1,0,1,0,1
0.0,2009,0.0,0,0,1,0,0,0,1,0,1
0.0,2009,0.0,0,0,5,0,2,0,7,0,7
0.0,2009,0.0,0,0,1,0,0,0,1,0,1
0.0,2009,0.0,1,0,2,0,3,0,6,0,6
0.0,2009,0.0,12,0,10,0,12,0,34,0,34
0.0,2009,0.0,2,0,29,0,26,1,57,1,58
0.0,2009,0.0,2,0,5,0,12,0,19,0,19
0.0,2009,0.0,0,0,24,0,14,1,38,1,39
0.0,2009,0.0,5,0,5,0,3,0,13,0,13
0.0,2009,0.0,0,0,0,0,0,0,0,0,0
0.0,2009,0.0,1,0,1,0,0,0,2,0,2
0.0,2009,0.0,0,1,0,0,0,0,0,1,1
0.0,2009,0.0,0,0,0,0,0,0,0,0,0
0.0,2009,0.0,3,0,11,0,10,0,24,0,24
0.0,2009,0.0,0,0,0,0,0,0,0,0,0
0.0,2009,0.0,0,4,1,1,0,0,1,5,6
0.0,2009,0.0,1,0,0,0,0,0,1,0,1
0.0,2009,0.0,0,0,0,0,0,0,0,0,0
0.0,2009,0.0,0,0,0,0,0,0,0,0,0
0.0,2009,0.0,0,0,0,0,0,0,0,0,0
0.0,2009,0.0,5,0,11,0,31,0,47,0,47
0.0,2009,0.0,34,6,104,2,103,3,241,11,252
0.0,2010,0.0,2,0,4,0,5,1,11,1,12
0.0,2010,0.0,2,0,2,0,2,0,6,0,6
0.0,2010,0.0,0,0,0,0,0,0,0,0,0
0.0,2010,0.0,2,0,1,0,3,0,6,0,6
0.0,2010,0.0,0,0,0,0,0,0,0,0,0
0.0,2010,0.0,2,0,1,0,3,0,6,0,6
0.0,2010,0.0,0,4,0,1,1,0,1,5,6
0.0,2010,0.0,0,0,0,0,0,0,0,0,0
0.0,2010,0.0,0,4,0,1,1,0,1,5,6
0.0,2010,0.0,0,0,0,0,0,0,0,0,0
0.0,2010,0.0,0,0,0,0,0,0,0,0,0
0.0,2010,0.0,1,0,0,0,0,0,1,0,1
0.0,2010,0.0,6,1,20,2,12,0,38,3,41
0.0,2010,0.0,10,1,18,11,22,0,50,12,62
0.0,2010,0.0,7,0,7,0,7,0,21,0,21
0.0,2010,0.0,3,1,11,11,15,0,29,12,41
0.0,2010,0.0,0,0,7,0,1,0,8,0,8
0.0,2010,0.0,0,0,0,0,0,0,0,0,0
0.0,2010,0.0,0,0,3,0,1,0,4,0,4
0.0,2010,0.0,0,0,0,0,0,0,0,0,0
0.0,2010,0.0,0,0,0,0,0,0,0,0,0
0.0,2010,0.0,2,0,3,0,4,0,9,0,9
0.0,2010,0.0,0,0,0,0,0,0,0,0,0
0.0,2010,0.0,0,0,1,0,2,0,3,0,3
0.0,2010,0.0,0,0,0,0,0,0,0,0,0
0.0,2010,0.0,0,0,0,0,0,0,0,0,0
0.0,2010,0.0,0,0,0,0,0,0,0,0,0
0.0,2010,0.0,0,0,0,0,0,0,0,0,0
0.0,2010,0.0,2,1,4,1,14,0,20,2,22
0.0,2010,0.0,27,7,63,15,67,1,157,23,180
0.0,2001,0.0,0,0,3,0,0,0,3,0,3
0.0,2001,0.0,0,0,2,0,1,0,3,0,3
0.0,2001,0.0,0,0,0,0,0,0,0,0,0
0.0,2001,0.0,0,0,2,0,1,0,3,0,3
0.0,2001,0.0,0,0,0,0,0,0,0,0,0
0.0,2001,0.0,0,0,2,0,1,0,3,0,3
0.0,2001,0.0,0,0,0,0,0,0,0,0,0
0.0,2001,0.0,0,0,0,0,0,0,0,0,0
0.0,2001,0.0,0,0,0,0,0,0,0,0,0
0.0,2001,0.0,0,0,0,0,0,0,0,0,0
0.0,2001,0.0,0,0,0,0,0,0,0,0,0
0.0,2001,0.0,0,0,0,0,0,0,0,0,0
0.0,2001,0.0,1,0,15,0,17,0,33,0,33
0.0,2001,0.0,1,1,17,0,6,0,24,1,25
0.0,2001,0.0,0,0,2,0,1,0,3,0,3
0.0,2001,0.0,1,1,15,0,5,0,21,1,22
0.0,2001,0.0,0,0,23,1,0,0,23,1,24
0.0,2001,0.0,0,0,0,0,0,0,0,0,0
0.0,2001,0.0,0,0,0,0,0,0,0,0,0
0.0,2001,0.0,0,0,0,0,0,0,0,0,0
0.0,2001,0.0,0,0,3,0,0,0,3,0,3
0.0,2001,0.0,1,0,3,0,0,1,4,1,5
0.0,2001,0.0,0,0,0,0,0,0,0,0,0
0.0,2001,0.0,0,0,0,0,0,0,0,0,0
0.0,2001,0.0,0,0,0,0,0,0,0,0,0
0.0,2001,0.0,0,0,0,1,0,1,0,2,2
0.0,2001,0.0,0,0,0,0,0,0,0,0,0
0.0,2001,0.0,0,0,0,0,0,0,0,0,0
0.0,2001,0.0,1,0,15,1,8,1,24,2,26
0.0,2001,0.0,4,1,83,3,33,3,120,7,127
0.0,2002,0.0,0,0,1,0,6,1,7,1,8
0.0,2002,0.0,0,0,7,0,1,0,8,0,8
0.0,2002,0.0,0,0,0,0,0,0,0,0,0
0.0,2002,0.0,0,0,1,0,1,0,2,0,2
0.0,2002,0.0,0,0,0,0,0,0,0,0,0
0.0,2002,0.0,0,0,1,0,1,0,2,0,2
0.0,2002,0.0,0,0,0,0,0,0,0,0,0
0.0,2002,0.0,0,0,0,0,0,0,0,0,0
0.0,2002,0.0,0,0,0,0,0,0,0,0,0
0.0,2002,0.0,0,0,0,0,0,0,0,0,0
0.0,2002,0.0,0,0,1,0,0,0,1,0,1
0.0,2002,0.0,0,0,4,0,1,0,5,0,5
0.0,2002,0.0,0,0,15,0,11,0,26,0,26
0.0,2002,0.0,3,3,16,2,22,0,41,5,46
0.0,2002,0.0,0,0,0,0,0,0,0,0,0
0.0,2002,0.0,3,3,16,2,22,0,41,5,46
0.0,2002,0.0,0,0,28,0,44,0,72,0,72
0.0,2002,0.0,0,0,0,0,0,0,0,0,0
0.0,2002,0.0,0,0,0,0,0,0,0,0,0
0.0,2002,0.0,0,0,0,0,0,0,0,0,0
0.0,2002,0.0,0,0,0,0,5,0,5,0,5
0.0,2002,0.0,0,0,4,0,6,0,10,0,10
0.0,2002,0.0,0,0,0,0,0,0,0,0,0
0.0,2002,0.0,0,0,0,0,1,0,1,0,1
0.0,2002,0.0,0,0,0,0,0,0,0,0,0
0.0,2002,0.0,0,0,0,0,0,0,0,0,0
0.0,2002,0.0,0,0,0,0,0,0,0,0,0
0.0,2002,0.0,0,0,0,0,0,0,0,0,0
0.0,2002,0.0,0,0,9,0,13,1,22,1,23
0.0,2002,0.0,3,3,86,2,111,2,200,7,207
0.0,2003,0.0,0,0,3,0,2,0,5,0,5
0.0,2003,0.0,0,0,1,0,0,0,1,0,1
0.0,2003,0.0,0,0,0,0,0,0,0,0,0
0.0,2003,0.0,0,0,5,0,1,1,6,1,7
0.0,2003,0.0,0,0,0,0,0,0,0,0,0
0.0,2003,0.0,0,0,5,0,1,1,6,1,7
0.0,2003,0.0,0,0,0,0,0,0,0,0,0
0.0,2003,0.0,0,0,0,0,0,0,0,0,0
0.0,2003,0.0,0,0,0,0,0,0,0,0,0
0.0,2003,0.0,1,0,2,0,3,0,6,0,6
0.0,2003,0.0,0,0,0,0,0,0,0,0,0
0.0,2003,0.0,0,0,0,0,3,0,3,0,3
0.0,2003,0.0,0,0,23,0,18,0,41,0,41
0.0,2003,0.0,0,4,41,2,56,0,97,6,103
0.0,2003,0.0,0,0,0,0,9,0,9,0,9
0.0,2003,0.0,0,4,41,2,47,0,88,6,94
0.0,2003,0.0,0,0,22,5,104,14,126,19,145
0.0,2003,0.0,0,0,0,0,0,0,0,0,0
0.0,2003,0.0,0,0,0,0,0,0,0,0,0
0.0,2003,0.0,0,0,0,0,0,0,0,0,0
0.0,2003,0.0,0,0,0,0,0,0,0,0,0
0.0,2003,0.0,0,0,6,6,17,130,23,136,159
0.0,2003,0.0,0,0,0,0,0,0,0,0,0
0.0,2003,0.0,0,0,0,0,4,0,4,0,4
0.0,2003,0.0,0,0,0,0,0,0,0,0,0
0.0,2003,0.0,0,0,0,0,1,5,1,5,6
0.0,2003,0.0,0,0,0,0,0,0,0,0,0
0.0,2003,0.0,0,0,0,0,1,0,1,0,1
0.0,2003,0.0,0,0,13,0,102,1,115,1,116
0.0,2003,0.0,1,4,116,13,312,151,429,168,597
0.0,2004,0.0,0,0,2,0,1,0,3,0,3
0.0,2004,0.0,0,0,0,0,2,0,2,0,2
0.0,2004,0.0,0,0,0,0,0,0,0,0,0
0.0,2004,0.0,0,0,0,0,7,0,7,0,7
0.0,2004,0.0,0,0,0,0,0,0,0,0,0
0.0,2004,0.0,0,0,0,0,7,0,7,0,7
0.0,2004,0.0,0,0,0,0,0,3,0,3,3
0.0,2004,0.0,0,0,0,0,0,0,0,0,0
0.0,2004,0.0,0,0,0,0,0,3,0,3,3
0.0,2004,0.0,0,0,0,0,0,0,0,0,0
0.0,2004,0.0,0,0,0,0,0,0,0,0,0
0.0,2004,0.0,0,0,7,0,4,0,11,0,11
0.0,2004,0.0,0,0,19,0,31,2,50,2,52
0.0,2004,0.0,0,0,29,1,33,2,62,3,65
0.0,2004,0.0,0,0,5,0,6,0,11,0,11
0.0,2004,0.0,0,0,24,1,27,2,51,3,54
0.0,2004,0.0,0,0,17,0,81,9,98,9,107
0.0,2004,0.0,0,0,0,0,0,0,0,0,0
0.0,2004,0.0,0,0,1,0,1,0,2,0,2
0.0,2004,0.0,0,0,0,0,3,4,3,4,7
0.0,2004,0.0,0,0,0,0,0,0,0,0,0
0.0,2004,0.0,0,0,16,0,23,3,39,3,42
0.0,2004,0.0,0,0,0,0,0,0,0,0,0
0.0,2004,0.0,0,0,0,0,2,0,2,0,2
0.0,2004,0.0,0,0,0,0,0,0,0,0,0
0.0,2004,0.0,0,0,0,0,0,2,0,2,2
0.0,2004,0.0,0,0,0,0,0,0,0,0,0
0.0,2004,0.0,0,0,0,0,1,0,1,0,1
0.0,2004,0.0,0,0,9,1,3,1,12,2,14
0.0,2004,0.0,0,0,100,2,192,26,292,28,320
0.0,2005,0.0,0,0,0,0,8,0,8,0,8
0.0,2005,0.0,0,0,1,0,2,0,3,0,3
0.0,2005,0.0,0,0,0,0,0,0,0,0,0
0.0,2005,0.0,0,0,3,0,7,0,10,0,10
0.0,2005,0.0,0,0,0,0,0,0,0,0,0
0.0,2005,0.0,0,0,3,0,7,0,10,0,10
0.0,2005,0.0,0,0,0,0,2,0,2,0,2
0.0,2005,0.0,0,0,0,0,1,0,1,0,1
0.0,2005,0.0,0,0,0,0,1,0,1,0,1
0.0,2005,0.0,0,0,0,0,0,0,0,0,0
0.0,2005,0.0,0,0,1,0,0,0,1,0,1
0.0,2005,0.0,0,0,0,0,2,0,2,0,2
0.0,2005,0.0,0,0,11,0,18,0,29,0,29
0.0,2005,0.0,0,2,24,2,38,6,62,10,72
0.0,2005,0.0,0,0,3,0,9,0,12,0,12
0.0,2005,0.0,0,2,21,2,29,6,50,10,60
0.0,2005,0.0,0,0,12,0,148,0,160,0,160
0.0,2005,0.0,0,0,0,0,0,0,0,0,0
0.0,2005,0.0,0,0,0,2,0,0,0,2,2
0.0,2005,0.0,0,0,0,0,0,0,0,0,0
0.0,2005,0.0,0,0,0,0,0,0,0,0,0
0.0,2005,0.0,0,0,3,0,44,2,47,2,49
0.0,2005,0.0,0,0,0,0,0,0,0,0,0
0.0,2005,0.0,0,0,2,0,7,0,9,0,9
0.0,2005,0.0,0,0,0,0,4,0,4,0,4
0.0,2005,0.0,0,0,0,0,0,0,0,0,0
0.0,2005,0.0,0,0,0,0,0,0,0,0,0
0.0,2005,0.0,0,0,0,0,0,0,0,0,0
0.0,2005,0.0,0,0,9,0,20,0,29,0,29
0.0,2005,0.0,0,2,66,4,300,8,366,14,380
0.0,2006,0.0,0,0,2,0,2,0,4,0,4
0.0,2006,0.0,0,0,1,0,2,0,3,0,3
0.0,2006,0.0,0,0,0,0,1,0,1,0,1
0.0,2006,0.0,1,0,5,0,1,0,7,0,7
0.0,2006,0.0,0,0,0,0,0,0,0,0,0
0.0,2006,0.0,1,0,5,0,1,0,7,0,7
0.0,2006,0.0,0,0,2,0,1,0,3,0,3
0.0,2006,0.0,0,0,2,0,1,0,3,0,3
0.0,2006,0.0,0,0,0,0,0,0,0,0,0
0.0,2006,0.0,0,0,0,0,10,0,10,0,10
0.0,2006,0.0,0,0,4,0,0,0,4,0,4
0.0,2006,0.0,0,0,1,0,13,0,14,0,14
0.0,2006,0.0,3,0,21,0,37,0,61,0,61
0.0,2006,0.0,4,1,27,5,42,2,73,8,81
0.0,2006,0.0,0,0,2,0,5,0,7,0,7
0.0,2006,0.0,4,1,25,5,37,2,66,8,74
0.0,2006,0.0,1,0,27,0,60,0,88,0,88
0.0,2006,0.0,0,0,0,0,0,0,0,0,0
0.0,2006,0.0,0,0,0,0,0,2,0,2,2
0.0,2006,0.0,0,0,0,0,0,0,0,0,0
0.0,2006,0.0,0,0,1,0,0,0,1,0,1
0.0,2006,0.0,0,0,14,0,48,0,62,0,62
0.0,2006,0.0,0,0,0,0,0,0,0,0,0
0.0,2006,0.0,0,0,7,0,9,0,16,0,16
0.0,2006,0.0,0,0,0,0,0,0,0,0,0
0.0,2006,0.0,0,0,0,0,0,0,0,0,0
0.0,2006,0.0,0,0,0,0,0,0,0,0,0
0.0,2006,0.0,0,0,0,0,0,0,0,0,0
0.0,2006,0.0,0,0,12,1,31,1,43,2,45
0.0,2006,0.0,9,1,124,6,257,5,390,12,402
0.0,2007,0.0,0,1,3,1,1,1,4,3,7
0.0,2007,0.0,0,0,0,0,9,0,9,0,9
0.0,2007,0.0,0,0,0,0,1,0,1,0,1
0.0,2007,0.0,0,0,0,0,5,0,5,0,5
0.0,2007,0.0,0,0,0,0,0,0,0,0,0
0.0,2007,0.0,0,0,0,0,5,0,5,0,5
0.0,2007,0.0,0,0,1,0,3,0,4,0,4
0.0,2007,0.0,0,0,0,0,2,0,2,0,2
0.0,2007,0.0,0,0,1,0,1,0,2,0,2
0.0,2007,0.0,0,0,0,0,7,0,7,0,7
0.0,2007,0.0,0,0,0,0,3,0,3,0,3
0.0,2007,0.0,0,0,1,0,7,0,8,0,8
0.0,2007,0.0,0,0,15,0,40,0,55,0,55
0.0,2007,0.0,2,0,27,1,94,3,123,4,127
0.0,2007,0.0,0,0,7,0,37,0,44,0,44
0.0,2007,0.0,2,0,20,1,57,3,79,4,83
0.0,2007,0.0,0,0,40,2,205,7,245,9,254
0.0,2007,0.0,0,0,0,0,1,0,1,0,1
0.0,2007,0.0,0,0,0,0,0,0,0,0,0
0.0,2007,0.0,0,0,0,0,0,0,0,0,0
0.0,2007,0.0,0,0,0,0,0,0,0,0,0
0.0,2007,0.0,1,0,19,0,74,1,94,1,95
0.0,2007,0.0,0,0,0,0,0,0,0,0,0
0.0,2007,0.0,0,0,0,0,6,0,6,0,6
0.0,2007,0.0,0,0,0,0,0,0,0,0,0
0.0,2007,0.0,0,0,0,0,0,0,0,0,0
0.0,2007,0.0,0,0,0,0,0,0,0,0,0
0.0,2007,0.0,0,0,0,0,0,0,0,0,0
0.0,2007,0.0,0,0,13,1,34,0,47,1,48
0.0,2007,0.0,3,1,119,5,490,12,612,18,630
0.0,2008,0.0,0,0,2,0,8,1,10,1,11
0.0,2008,0.0,0,0,0,0,12,0,12,0,12
0.0,2008,0.0,0,0,0,0,0,0,0,0,0
0.0,2008,0.0,0,0,6,0,10,0,16,0,16
0.0,2008,0.0,0,0,0,0,0,0,0,0,0
0.0,2008,0.0,0,0,6,0,10,0,16,0,16
0.0,2008,0.0,0,0,0,0,1,0,1,0,1
0.0,2008,0.0,0,0,0,0,1,0,1,0,1
0.0,2008,0.0,0,0,0,0,0,0,0,0,0
0.0,2008,0.0,0,0,1,0,2,0,3,0,3
0.0,2008,0.0,0,0,5,0,4,0,9,0,9
0.0,2008,0.0,0,0,4,0,6,0,10,0,10
0.0,2008,0.0,0,0,42,0,52,0,94,0,94
0.0,2008,0.0,1,0,43,3,83,5,127,8,135
0.0,2008,0.0,0,0,6,0,27,0,33,0,33
0.0,2008,0.0,1,0,37,3,56,5,94,8,102
0.0,2008,0.0,0,0,28,0,138,2,166,2,168
0.0,2008,0.0,0,0,0,0,0,0,0,0,0
0.0,2008,0.0,0,0,0,0,0,0,0,0,0
0.0,2008,0.0,0,0,0,0,0,0,0,0,0
0.0,2008,0.0,0,0,1,0,0,0,1,0,1
0.0,2008,0.0,0,0,41,3,96,0,137,3,140
0.0,2008,0.0,0,0,0,0,0,0,0,0,0
0.0,2008,0.0,0,0,5,0,5,0,10,0,10
0.0,2008,0.0,0,0,0,0,1,0,1,0,1
0.0,2008,0.0,0,0,0,0,1,0,1,0,1
0.0,2008,0.0,0,0,0,0,0,0,0,0,0
0.0,2008,0.0,0,0,2,0,0,0,2,0,2
0.0,2008,0.0,2,0,23,0,79,1,104,1,105
0.0,2008,0.0,3,0,203,6,498,9,704,15,719
0.0,2009,0.0,0,0,0,0,5,0,5,0,5
0.0,2009,0.0,0,0,1,0,9,0,10,0,10
0.0,2009,0.0,0,0,0,0,0,0,0,0,0
0.0,2009,0.0,0,0,3,0,1,0,4,0,4
0.0,2009,0.0,0,0,0,0,0,0,0,0,0
0.0,2009,0.0,0,0,3,0,1,0,4,0,4
0.0,2009,0.0,0,0,1,0,3,0,4,0,4
0.0,2009,0.0,0,0,1,0,2,0,3,0,3
0.0,2009,0.0,0,0,0,0,1,0,1,0,1
0.0,2009,0.0,0,0,0,0,3,0,3,0,3
0.0,2009,0.0,0,0,0,0,1,0,1,0,1
0.0,2009,0.0,0,0,0,0,8,0,8,0,8
0.0,2009,0.0,0,0,38,0,55,0,93,0,93
0.0,2009,0.0,1,1,67,3,99,2,167,6,173
0.0,2009,0.0,0,0,27,0,59,0,86,0,86
0.0,2009,0.0,1,1,40,3,40,2,81,6,87
0.0,2009,0.0,0,0,22,0,177,0,199,0,199
0.0,2009,0.0,0,0,0,0,0,0,0,0,0
0.0,2009,0.0,0,0,0,0,0,0,0,0,0
0.0,2009,0.0,0,0,0,0,1,0,1,0,1
0.0,2009,0.0,0,0,0,0,3,0,3,0,3
0.0,2009,0.0,0,0,12,1,72,2,84,3,87
0.0,2009,0.0,0,0,0,0,0,0,0,0,0
0.0,2009,0.0,0,0,2,0,5,0,7,0,7
0.0,2009,0.0,0,0,0,0,3,0,3,0,3
0.0,2009,0.0,0,0,0,0,1,0,1,0,1
0.0,2009,0.0,0,0,0,0,0,0,0,0,0
0.0,2009,0.0,0,0,0,0,0,0,0,0,0
0.0,2009,0.0,1,0,14,1,59,0,74,1,75
0.0,2009,0.0,2,1,160,5,505,4,667,10,677
0.0,2010,0.0,0,0,3,0,2,0,5,0,5
0.0,2010,0.0,0,0,0,0,4,0,4,0,4
0.0,2010,0.0,0,0,1,0,1,0,2,0,2
0.0,2010,0.0,0,0,2,0,8,0,10,0,10
0.0,2010,0.0,0,0,0,0,0,0,0,0,0
0.0,2010,0.0,0,0,2,0,8,0,10,0,10
0.0,2010,0.0,0,0,3,0,2,0,5,0,5
0.0,2010,0.0,0,0,3,0,2,0,5,0,5
0.0,2010,0.0,0,0,0,0,0,0,0,0,0
0.0,2010,0.0,0,0,0,0,3,0,3,0,3
0.0,2010,0.0,0,0,3,0,1,0,4,0,4
0.0,2010,0.0,1,0,2,1,11,1,14,2,16
0.0,2010,0.0,1,0,37,0,53,0,91,0,91
0.0,2010,0.0,0,1,73,9,106,4,179,14,193
0.0,2010,0.0,0,0,30,0,58,0,88,0,88
0.0,2010,0.0,0,1,43,9,48,4,91,14,105
0.0,2010,0.0,0,0,70,2,177,2,247,4,251
0.0,2010,0.0,0,0,0,0,0,0,0,0,0
0.0,2010,0.0,1,0,5,0,1,0,7,0,7
0.0,2010,0.0,0,0,0,0,0,0,0,0,0
0.0,2010,0.0,0,0,0,0,1,0,1,0,1
0.0,2010,0.0,1,0,25,1,91,1,117,2,119
0.0,2010,0.0,0,0,0,0,0,0,0,0,0
0.0,2010,0.0,0,0,3,0,3,0,6,0,6
0.0,2010,0.0,0,0,1,0,2,0,3,0,3
0.0,2010,0.0,0,0,0,0,0,0,0,0,0
0.0,2010,0.0,0,0,0,0,0,0,0,0,0
0.0,2010,0.0,0,0,0,0,0,0,0,0,0
0.0,2010,0.0,0,0,24,0,57,0,81,0,81
0.0,2010,0.0,4,1,252,13,523,8,779,22,801
0.0,2001,0.0,9,0,56,2,36,3,101,5,106
0.0,2001,0.0,2,0,75,0,76,1,153,1,154
0.0,2001,0.0,0,0,2,0,9,0,11,0,11
0.0,2001,0.0,2,0,70,0,94,2,166,2,168
0.0,2001,0.0,0,0,0,0,0,0,0,0,0
0.0,2001,0.0,2,0,70,0,94,2,166,2,168
0.0,2001,0.0,0,0,7,0,10,0,17,0,17
0.0,2001,0.0,0,0,6,0,6,0,12,0,12
0.0,2001,0.0,0,0,1,0,4,0,5,0,5
0.0,2001,0.0,0,0,1,0,9,0,10,0,10
0.0,2001,0.0,0,0,0,0,1,0,1,0,1
0.0,2001,0.0,0,0,5,0,20,0,25,0,25
0.0,2001,0.0,36,0,93,1,196,5,325,6,331
0.0,2001,0.0,40,3,98,13,214,5,352,21,373
0.0,2001,0.0,0,0,5,0,9,0,14,0,14
0.0,2001,0.0,40,3,93,13,205,5,338,21,359
0.0,2001,0.0,5,0,91,8,159,12,255,20,275
0.0,2001,0.0,0,0,5,0,4,0,9,0,9
0.0,2001,0.0,0,0,5,0,0,0,5,0,5
0.0,2001,0.0,0,0,0,2,0,0,0,2,2
0.0,2001,0.0,0,0,6,0,14,0,20,0,20
0.0,2001,0.0,79,6,528,32,629,35,1236,73,1309
0.0,2001,0.0,8,0,0,1,10,9,18,10,28
0.0,2001,0.0,15,0,45,0,200,0,260,0,260
0.0,2001,0.0,5,0,10,0,30,0,45,0,45
0.0,2001,0.0,8,7,10,10,39,35,57,52,109
0.0,2001,0.0,0,0,0,0,0,0,0,0,0
0.0,2001,0.0,2,0,1,0,1,0,4,0,4
0.0,2001,0.0,110,6,832,25,1310,62,2252,93,2345
0.0,2001,0.0,321,22,1940,94,3061,169,5322,285,5607
0.0,2002,0.0,4,0,49,2,80,4,133,6,139
0.0,2002,0.0,5,0,62,0,138,4,205,4,209
0.0,2002,0.0,0,0,2,1,6,0,8,1,9
0.0,2002,0.0,1,0,50,0,120,2,171,2,173
0.0,2002,0.0,0,0,0,0,0,0,0,0,0
0.0,2002,0.0,1,0,50,0,120,2,171,2,173
0.0,2002,0.0,0,0,7,0,17,5,24,5,29
0.0,2002,0.0,0,0,6,0,9,1,15,1,16
0.0,2002,0.0,0,0,1,0,8,4,9,4,13
0.0,2002,0.0,0,0,4,0,6,0,10,0,10
0.0,2002,0.0,0,0,0,0,2,0,2,0,2
0.0,2002,0.0,1,0,10,0,22,0,33,0,33
0.0,2002,0.0,26,0,234,4,194,3,454,7,461
0.0,2002,0.0,41,5,246,9,232,7,519,21,540
0.0,2002,0.0,0,0,10,0,30,0,40,0,40
0.0,2002,0.0,41,5,236,9,202,7,479,21,500
0.0,2002,0.0,12,2,84,5,158,2,254,9,263
0.0,2002,0.0,0,0,2,0,2,0,4,0,4
0.0,2002,0.0,0,0,7,1,6,0,13,1,14
0.0,2002,0.0,0,0,0,0,0,0,0,0,0
0.0,2002,0.0,0,0,5,0,13,0,18,0,18
0.0,2002,0.0,77,2,499,27,1354,31,1930,60,1990
0.0,2002,0.0,0,0,10,5,11,8,21,13,34
0.0,2002,0.0,19,0,92,1,274,1,385,2,387
0.0,2002,0.0,7,0,28,1,54,1,89,2,91
0.0,2002,0.0,7,0,14,7,35,27,56,34,90
0.0,2002,0.0,0,0,0,0,0,0,0,0,0
0.0,2002,0.0,1,0,4,0,4,2,9,2,11
0.0,2002,0.0,145,7,998,59,1189,76,2332,142,2474
0.0,2002,0.0,346,16,2407,122,3917,173,6670,311,6981
0.0,2003,0.0,7,0,33,2,52,0,92,2,94
0.0,2003,0.0,5,0,71,2,66,6,142,8,150
0.0,2003,0.0,1,0,3,0,0,0,4,0,4
0.0,2003,0.0,4,0,71,1,112,1,187,2,189
0.0,2003,0.0,0,0,0,0,0,0,0,0,0
0.0,2003,0.0,4,0,71,1,112,1,187,2,189
0.0,2003,0.0,1,0,8,1,31,0,40,1,41
0.0,2003,0.0,1,0,6,1,20,0,27,1,28
0.0,2003,0.0,0,0,2,0,11,0,13,0,13
0.0,2003,0.0,0,0,3,0,5,0,8,0,8
0.0,2003,0.0,0,0,2,0,2,0,4,0,4
0.0,2003,0.0,0,0,16,0,25,0,41,0,41
0.0,2003,0.0,41,0,271,7,169,9,481,16,497
0.0,2003,0.0,36,4,280,8,246,18,562,30,592
0.0,2003,0.0,3,0,30,0,73,0,106,0,106
0.0,2003,0.0,33,4,250,8,173,18,456,30,486
0.0,2003,0.0,2,0,62,6,168,21,232,27,259
0.0,2003,0.0,0,0,0,0,0,0,0,0,0
0.0,2003,0.0,0,0,4,0,1,0,5,0,5
0.0,2003,0.0,0,0,0,0,0,0,0,0,0
0.0,2003,0.0,0,0,2,0,6,0,8,0,8
0.0,2003,0.0,79,4,423,40,591,53,1093,97,1190
0.0,2003,0.0,1,0,6,0,18,6,25,6,31
0.0,2003,0.0,0,0,80,0,323,0,403,0,403
0.0,2003,0.0,1,0,21,0,74,0,96,0,96
0.0,2003,0.0,5,3,9,1,27,13,41,17,58
0.0,2003,0.0,0,0,0,0,0,0,0,0,0
0.0,2003,0.0,0,0,3,0,17,1,20,1,21
0.0,2003,0.0,172,16,889,82,2084,106,3145,204,3349
0.0,2003,0.0,355,27,2257,150,4017,234,6629,411,7040
0.0,2004,0.0,4,0,61,1,73,4,138,5,143
0.0,2004,0.0,5,0,70,5,75,6,150,11,161
0.0,2004,0.0,4,0,0,0,1,0,5,0,5
0.0,2004,0.0,1,0,77,0,136,3,214,3,217
0.0,2004,0.0,0,0,0,0,0,0,0,0,0
0.0,2004,0.0,1,0,77,0,136,3,214,3,217
0.0,2004,0.0,0,0,24,1,23,1,47,2,49
0.0,2004,0.0,0,0,18,1,18,1,36,2,38
0.0,2004,0.0,0,0,6,0,5,0,11,0,11
0.0,2004,0.0,0,0,1,0,10,0,11,0,11
0.0,2004,0.0,0,0,0,0,1,0,1,0,1
0.0,2004,0.0,2,0,13,1,20,1,35,2,37
0.0,2004,0.0,26,0,273,6,318,7,617,13,630
0.0,2004,0.0,26,5,384,23,235,17,645,45,690
0.0,2004,0.0,0,0,46,0,27,0,73,0,73
0.0,2004,0.0,26,5,338,23,208,17,572,45,617
0.0,2004,0.0,9,0,85,11,147,8,241,19,260
0.0,2004,0.0,0,0,1,0,3,0,4,0,4
0.0,2004,0.0,0,0,0,0,3,0,3,0,3
0.0,2004,0.0,0,0,0,0,0,0,0,0,0
0.0,2004,0.0,0,0,7,0,7,0,14,0,14
0.0,2004,0.0,76,5,598,57,510,62,1184,124,1308
0.0,2004,0.0,0,0,8,5,23,8,31,13,44
0.0,2004,0.0,7,0,89,0,137,0,233,0,233
0.0,2004,0.0,0,0,18,0,51,0,69,0,69
0.0,2004,0.0,0,1,7,7,31,11,38,19,57
0.0,2004,0.0,0,0,0,0,0,0,0,0,0
0.0,2004,0.0,1,0,5,0,16,3,22,3,25
0.0,2004,0.0,94,7,1179,60,1340,127,2613,194,2807
0.0,2004,0.0,255,18,2900,177,3160,258,6315,453,6768
0.0,2005,0.0,2,0,61,4,60,4,123,8,131
0.0,2005,0.0,2,0,26,1,69,1,97,2,99
0.0,2005,0.0,0,1,3,0,2,0,5,1,6
0.0,2005,0.0,1,0,55,1,109,3,165,4,169
0.0,2005,0.0,0,0,0,0,0,0,0,0,0
0.0,2005,0.0,1,0,55,1,109,3,165,4,169
0.0,2005,0.0,0,0,18,1,33,0,51,1,52
0.0,2005,0.0,0,0,18,1,27,0,45,1,46
0.0,2005,0.0,0,0,0,0,6,0,6,0,6
0.0,2005,0.0,0,0,2,0,8,0,10,0,10
0.0,2005,0.0,0,0,1,0,1,0,2,0,2
0.0,2005,0.0,1,0,10,0,22,0,33,0,33
0.0,2005,0.0,21,3,241,8,366,20,628,31,659
0.0,2005,0.0,34,2,289,18,353,14,676,34,710
0.0,2005,0.0,5,0,20,0,50,0,75,0,75
0.0,2005,0.0,29,2,269,18,303,14,601,34,635
0.0,2005,0.0,2,0,41,0,75,3,118,3,121
0.0,2005,0.0,0,0,0,0,1,0,1,0,1
0.0,2005,0.0,1,1,1,0,8,0,10,1,11
0.0,2005,0.0,0,0,1,0,0,0,1,0,1
0.0,2005,0.0,1,0,2,0,7,0,10,0,10
0.0,2005,0.0,30,7,349,17,533,28,912,52,964
0.0,2005,0.0,0,0,5,2,9,5,14,7,21
0.0,2005,0.0,2,0,51,0,126,1,179,1,180
0.0,2005,0.0,4,0,10,0,34,0,48,0,48
0.0,2005,0.0,0,3,7,10,15,8,22,21,43
0.0,2005,0.0,0,0,0,0,0,0,0,0,0
0.0,2005,0.0,2,0,7,0,13,0,22,0,22
0.0,2005,0.0,148,1,981,64,1118,68,2247,133,2380
0.0,2005,0.0,251,18,2161,126,2962,155,5374,299,5673
0.0,2006,0.0,6,0,45,1,101,3,152,4,156
0.0,2006,0.0,3,0,38,2,92,1,133,3,136
0.0,2006,0.0,1,0,1,1,3,1,5,2,7
0.0,2006,0.0,2,0,49,0,143,2,194,2,196
0.0,2006,0.0,0,0,0,0,0,0,0,0,0
0.0,2006,0.0,2,0,49,0,143,2,194,2,196
0.0,2006,0.0,1,0,14,4,42,4,57,8,65
0.0,2006,0.0,1,0,12,4,34,4,47,8,55
0.0,2006,0.0,0,0,2,0,8,0,10,0,10
0.0,2006,0.0,0,0,4,0,3,0,7,0,7
0.0,2006,0.0,0,0,1,0,2,0,3,0,3
0.0,2006,0.0,0,0,17,0,34,0,51,0,51
0.0,2006,0.0,42,0,263,12,209,15,514,27,541
0.0,2006,0.0,72,0,331,7,349,23,752,30,782
0.0,2006,0.0,5,0,44,0,92,0,141,0,141
0.0,2006,0.0,67,0,287,7,257,23,611,30,641
0.0,2006,0.0,3,0,63,4,71,6,137,10,147
0.0,2006,0.0,0,0,0,0,0,0,0,0,0
0.0,2006,0.0,0,0,0,0,5,0,5,0,5
0.0,2006,0.0,0,0,0,0,1,0,1,0,1
0.0,2006,0.0,1,0,4,0,5,1,10,1,11
0.0,2006,0.0,53,1,486,44,583,36,1122,81,1203
0.0,2006,0.0,0,1,3,2,13,8,16,11,27
0.0,2006,0.0,3,0,72,0,104,1,179,1,180
0.0,2006,0.0,1,0,9,0,52,0,62,0,62
0.0,2006,0.0,1,0,14,1,24,16,39,17,56
0.0,2006,0.0,0,0,0,0,0,0,0,0,0
0.0,2006,0.0,0,0,5,1,20,1,25,2,27
0.0,2006,0.0,59,1,934,51,1155,73,2148,125,2273
0.0,2006,0.0,248,3,2353,130,3011,191,5612,324,5936
0.0,2007,0.0,3,0,37,0,99,1,139,1,140
0.0,2007,0.0,6,0,43,2,104,2,153,4,157
0.0,2007,0.0,0,1,1,0,5,0,6,1,7
0.0,2007,0.0,5,0,70,1,158,1,233,2,235
0.0,2007,0.0,0,0,0,0,0,0,0,0,0
0.0,2007,0.0,5,0,70,1,158,1,233,2,235
0.0,2007,0.0,0,0,6,0,21,2,27,2,29
0.0,2007,0.0,0,0,4,0,17,2,21,2,23
0.0,2007,0.0,0,0,2,0,4,0,6,0,6
0.0,2007,0.0,1,0,7,0,1,0,9,0,9
0.0,2007,0.0,0,0,1,0,1,0,2,0,2
0.0,2007,0.0,1,0,24,0,44,0,69,0,69
0.0,2007,0.0,22,0,242,0,202,2,466,2,468
0.0,2007,0.0,46,2,348,13,309,23,703,38,741
0.0,2007,0.0,0,0,36,0,47,0,83,0,83
0.0,2007,0.0,46,2,312,13,262,23,620,38,658
0.0,2007,0.0,1,0,70,0,90,7,161,7,168
0.0,2007,0.0,0,0,0,0,0,0,0,0,0
0.0,2007,0.0,0,0,3,0,5,0,8,0,8
0.0,2007,0.0,0,0,0,0,0,0,0,0,0
0.0,2007,0.0,0,0,4,0,5,0,9,0,9
0.0,2007,0.0,68,9,541,44,645,45,1254,98,1352
0.0,2007,0.0,0,0,3,4,4,10,7,14,21
0.0,2007,0.0,1,0,84,0,132,0,217,0,217
0.0,2007,0.0,0,0,13,0,40,0,53,0,53
0.0,2007,0.0,2,1,14,5,33,19,49,25,74
0.0,2007,0.0,0,0,0,0,0,0,0,0,0
0.0,2007,0.0,0,0,3,0,21,0,24,0,24
0.0,2007,0.0,128,12,958,73,1366,87,2452,172,2624
0.0,2007,0.0,284,25,2472,142,3285,199,6041,366,6407
0.0,2008,0.0,1,0,39,3,79,9,119,12,131
0.0,2008,0.0,3,1,58,1,94,1,155,3,158
0.0,2008,0.0,0,0,1,0,3,0,4,0,4
0.0,2008,0.0,1,0,68,5,143,1,212,6,218
0.0,2008,0.0,0,0,0,0,0,0,0,0,0
0.0,2008,0.0,1,0,68,5,143,1,212,6,218
0.0,2008,0.0,0,0,8,0,34,1,42,1,43
0.0,2008,0.0,0,0,6,0,26,1,32,1,33
0.0,2008,0.0,0,0,2,0,8,0,10,0,10
0.0,2008,0.0,0,0,2,0,8,0,10,0,10
0.0,2008,0.0,0,0,2,0,11,0,13,0,13
0.0,2008,0.0,0,0,28,0,62,0,90,0,90
0.0,2008,0.0,19,1,216,8,266,22,501,31,532
0.0,2008,0.0,32,5,309,5,351,4,692,14,706
0.0,2008,0.0,3,0,55,0,99,0,157,0,157
0.0,2008,0.0,29,5,254,5,252,4,535,14,549
0.0,2008,0.0,4,0,58,2,149,3,211,5,216
0.0,2008,0.0,0,0,0,0,0,0,0,0,0
0.0,2008,0.0,1,0,3,0,2,0,6,0,6
0.0,2008,0.0,0,0,1,0,0,0,1,0,1
0.0,2008,0.0,0,0,4,0,7,0,11,0,11
0.0,2008,0.0,76,8,562,41,805,49,1443,98,1541
0.0,2008,0.0,1,1,6,4,7,10,14,15,29
0.0,2008,0.0,10,0,48,0,165,1,223,1,224
0.0,2008,0.0,1,0,7,0,31,0,39,0,39
0.0,2008,0.0,0,0,7,8,24,21,31,29,60
0.0,2008,0.0,0,0,0,0,0,0,0,0,0
0.0,2008,0.0,0,0,16,0,43,2,59,2,61
0.0,2008,0.0,110,3,827,69,1159,64,2096,136,2232
0.0,2008,0.0,259,19,2270,146,3443,188,5972,353,6325
0.0,2009,0.0,2,0,36,6,73,7,111,13,124
0.0,2009,0.0,0,0,26,0,77,5,103,5,108
0.0,2009,0.0,0,0,1,0,3,0,4,0,4
0.0,2009,0.0,5,0,56,1,141,0,202,1,203
0.0,2009,0.0,0,0,0,0,0,0,0,0,0
0.0,2009,0.0,5,0,56,1,141,0,202,1,203
0.0,2009,0.0,0,1,7,0,44,1,51,2,53
0.0,2009,0.0,0,1,7,0,30,0,37,1,38
0.0,2009,0.0,0,0,0,0,14,1,14,1,15
0.0,2009,0.0,0,0,3,0,8,0,11,0,11
0.0,2009,0.0,0,0,3,0,5,0,8,0,8
0.0,2009,0.0,0,0,11,0,59,0,70,0,70
0.0,2009,0.0,14,1,134,1,178,4,326,6,332
0.0,2009,0.0,28,5,159,13,233,14,420,32,452
0.0,2009,0.0,0,0,24,0,51,0,75,0,75
0.0,2009,0.0,28,5,135,13,182,14,345,32,377
0.0,2009,0.0,1,0,68,2,123,6,192,8,200
0.0,2009,0.0,0,0,0,0,1,0,1,0,1
0.0,2009,0.0,0,0,2,0,4,0,6,0,6
0.0,2009,0.0,0,0,1,0,0,0,1,0,1
0.0,2009,0.0,0,0,3,0,4,0,7,0,7
0.0,2009,0.0,71,6,307,45,541,45,919,96,1015
0.0,2009,0.0,0,2,3,9,5,6,8,17,25
0.0,2009,0.0,1,0,55,0,113,0,169,0,169
0.0,2009,0.0,0,0,7,0,23,0,30,0,30
0.0,2009,0.0,1,0,8,20,14,36,23,56,79
0.0,2009,0.0,0,0,0,0,0,0,0,0,0
0.0,2009,0.0,0,0,5,1,19,1,24,2,26
0.0,2009,0.0,85,14,710,43,1195,203,1990,260,2250
0.0,2009,0.0,208,29,1605,141,2863,328,4676,498,5174
0.0,2010,0.0,1,0,26,2,92,4,119,6,125
0.0,2010,0.0,1,0,37,0,73,3,111,3,114
0.0,2010,0.0,0,0,1,1,1,0,2,1,3
0.0,2010,0.0,4,0,44,0,148,1,196,1,197
0.0,2010,0.0,0,0,0,0,0,0,0,0,0
0.0,2010,0.0,4,0,44,0,148,1,196,1,197
0.0,2010,0.0,1,0,9,0,42,0,52,0,52
0.0,2010,0.0,1,0,8,0,39,0,48,0,48
0.0,2010,0.0,0,0,1,0,3,0,4,0,4
0.0,2010,0.0,0,0,0,0,4,0,4,0,4
0.0,2010,0.0,0,0,1,0,0,0,1,0,1
0.0,2010,0.0,0,0,11,0,71,0,82,0,82
0.0,2010,0.0,20,1,143,4,213,1,376,6,382
0.0,2010,0.0,28,0,180,7,297,2,505,9,514
0.0,2010,0.0,0,0,37,0,107,0,144,0,144
0.0,2010,0.0,28,0,143,7,190,2,361,9,370
0.0,2010,0.0,1,0,34,4,115,3,150,7,157
0.0,2010,0.0,0,0,0,0,1,0,1,0,1
0.0,2010,0.0,0,0,2,1,21,0,23,1,24
0.0,2010,0.0,0,0,0,0,0,0,0,0,0
0.0,2010,0.0,4,0,7,1,4,0,15,1,16
0.0,2010,0.0,52,3,449,35,574,38,1075,76,1151
0.0,2010,0.0,0,0,5,4,7,7,12,11,23
0.0,2010,0.0,3,0,58,0,124,1,185,1,186
0.0,2010,0.0,0,0,8,0,38,0,46,0,46
0.0,2010,0.0,1,1,17,12,9,22,27,35,62
0.0,2010,0.0,0,0,0,0,0,0,0,0,0
0.0,2010,0.0,0,0,7,0,92,0,99,0,99
0.0,2010,0.0,69,5,760,68,1797,90,2626,163,2789
0.0,2010,0.0,185,10,1799,139,3723,172,5707,321,6028
0.0,2001,0.0,3,0,40,8,36,4,79,12,91
0.0,2001,0.0,0,0,13,2,44,2,57,4,61
0.0,2001,0.0,0,0,2,0,2,0,4,0,4
0.0,2001,0.0,2,0,25,0,29,1,56,1,57
0.0,2001,0.0,0,0,0,0,0,0,0,0,0
0.0,2001,0.0,2,0,25,0,29,1,56,1,57
0.0,2001,0.0,0,0,3,0,11,1,14,1,15
0.0,2001,0.0,0,0,3,0,7,1,10,1,11
0.0,2001,0.0,0,0,0,0,4,0,4,0,4
0.0,2001,0.0,0,0,1,0,26,0,27,0,27
0.0,2001,0.0,0,0,1,1,13,0,14,1,15
0.0,2001,0.0,0,0,20,0,39,0,59,0,59
0.0,2001,0.0,44,0,293,4,210,10,547,14,561
0.0,2001,0.0,95,6,491,30,436,23,1022,59,1081
0.0,2001,0.0,0,0,39,0,49,0,88,0,88
0.0,2001,0.0,95,6,452,30,387,23,934,59,993
0.0,2001,0.0,5,1,160,19,286,26,451,46,497
0.0,2001,0.0,0,0,2,0,4,0,6,0,6
0.0,2001,0.0,0,0,3,1,23,3,26,4,30
0.0,2001,0.0,0,0,1,0,0,0,1,0,1
0.0,2001,0.0,1,0,1,0,10,5,12,5,17
0.0,2001,0.0,30,5,318,27,482,36,830,68,898
0.0,2001,0.0,0,0,2,3,2,4,4,7,11
0.0,2001,0.0,3,0,18,0,28,0,49,0,49
0.0,2001,0.0,0,0,5,0,12,0,17,0,17
0.0,2001,0.0,0,0,13,7,48,34,61,41,102
0.0,2001,0.0,0,0,0,0,0,0,0,0,0
0.0,2001,0.0,0,0,1,1,23,0,24,1,25
0.0,2001,0.0,35,4,133,18,276,43,444,65,509
0.0,2001,0.0,218,16,1546,121,2040,192,3804,329,4133
0.0,2002,0.0,6,1,36,8,80,13,122,22,144
0.0,2002,0.0,3,0,51,2,73,1,127,3,130
0.0,2002,0.0,0,0,1,0,2,0,3,0,3
0.0,2002,0.0,1,0,24,0,29,1,54,1,55
0.0,2002,0.0,0,0,0,0,0,0,0,0,0
0.0,2002,0.0,1,0,24,0,29,1,54,1,55
0.0,2002,0.0,0,0,10,1,6,1,16,2,18
0.0,2002,0.0,0,0,6,1,3,1,9,2,11
0.0,2002,0.0,0,0,4,0,3,0,7,0,7
0.0,2002,0.0,0,0,20,0,51,0,71,0,71
0.0,2002,0.0,0,0,1,0,10,0,11,0,11
0.0,2002,0.0,1,0,19,0,35,0,55,0,55
0.0,2002,0.0,35,0,241,4,282,6,558,10,568
0.0,2002,0.0,62,1,510,29,454,25,1026,55,1081
0.0,2002,0.0,0,0,50,0,122,0,172,0,172
0.0,2002,0.0,62,1,460,29,332,25,854,55,909
0.0,2002,0.0,15,1,148,7,293,25,456,33,489
0.0,2002,0.0,0,0,0,0,2,0,2,0,2
0.0,2002,0.0,0,0,5,1,44,0,49,1,50
0.0,2002,0.0,0,0,0,1,1,0,1,1,2
0.0,2002,0.0,0,0,4,0,6,0,10,0,10
0.0,2002,0.0,39,2,392,39,571,33,1002,74,1076
0.0,2002,0.0,0,0,0,1,6,2,6,3,9
0.0,2002,0.0,4,0,27,0,40,3,71,3,74
0.0,2002,0.0,0,0,8,0,19,0,27,0,27
0.0,2002,0.0,0,4,13,12,22,19,35,35,70
0.0,2002,0.0,0,0,0,0,0,0,0,0,0
0.0,2002,0.0,0,0,2,0,8,0,10,0,10
0.0,2002,0.0,17,2,130,22,292,43,439,67,506
0.0,2002,0.0,183,11,1642,127,2326,172,4151,310,4461
0.0,2003,0.0,3,0,30,16,75,8,108,24,132
0.0,2003,0.0,0,0,24,4,48,3,72,7,79
0.0,2003,0.0,0,0,0,1,0,0,0,1,1
0.0,2003,0.0,2,0,26,1,29,0,57,1,58
0.0,2003,0.0,0,0,0,0,0,0,0,0,0
0.0,2003,0.0,2,0,26,1,29,0,57,1,58
0.0,2003,0.0,0,0,8,2,14,2,22,4,26
0.0,2003,0.0,0,0,6,1,12,0,18,1,19
0.0,2003,0.0,0,0,2,1,2,2,4,3,7
0.0,2003,0.0,0,0,22,0,31,0,53,0,53
0.0,2003,0.0,0,0,5,0,12,0,17,0,17
0.0,2003,0.0,0,0,32,0,50,0,82,0,82
0.0,2003,0.0,39,2,307,3,287,6,633,11,644
0.0,2003,0.0,62,5,535,10,519,15,1116,30,1146
0.0,2003,0.0,6,0,111,0,95,0,212,0,212
0.0,2003,0.0,56,5,424,10,424,15,904,30,934
0.0,2003,0.0,3,0,155,18,238,31,396,49,445
0.0,2003,0.0,0,0,2,1,1,0,3,1,4
0.0,2003,0.0,0,0,5,0,14,4,19,4,23
0.0,2003,0.0,0,0,0,0,0,0,0,0,0
0.0,2003,0.0,0,0,4,0,2,0,6,0,6
0.0,2003,0.0,34,6,347,32,513,41,894,79,973
0.0,2003,0.0,0,0,2,1,8,4,10,5,15
0.0,2003,0.0,4,0,38,0,37,0,79,0,79
0.0,2003,0.0,0,0,5,0,16,0,21,0,21
0.0,2003,0.0,1,3,12,25,19,19,32,47,79
0.0,2003,0.0,0,0,0,0,0,0,0,0,0
0.0,2003,0.0,0,0,7,0,18,0,25,0,25
0.0,2003,0.0,25,4,258,29,269,58,552,91,643
0.0,2003,0.0,173,20,1824,143,2200,191,4197,354,4551
0.0,2004,0.0,5,0,35,5,64,8,104,13,117
0.0,2004,0.0,0,0,31,0,37,5,68,5,73
0.0,2004,0.0,0,0,0,0,2,0,2,0,2
0.0,2004,0.0,1,0,19,5,37,1,57,6,63
0.0,2004,0.0,0,0,0,0,0,0,0,0,0
0.0,2004,0.0,1,0,19,5,37,1,57,6,63
0.0,2004,0.0,0,0,11,1,21,2,32,3,35
0.0,2004,0.0,0,0,7,1,17,1,24,2,26
0.0,2004,0.0,0,0,4,0,4,1,8,1,9
0.0,2004,0.0,0,0,14,1,56,0,70,1,71
0.0,2004,0.0,0,0,6,0,25,0,31,0,31
0.0,2004,0.0,0,0,43,0,53,0,96,0,96
0.0,2004,0.0,62,0,319,5,262,7,643,12,655
0.0,2004,0.0,90,5,651,26,691,29,1432,60,1492
0.0,2004,0.0,14,0,147,0,136,0,297,0,297
0.0,2004,0.0,76,5,504,26,555,29,1135,60,1195
0.0,2004,0.0,3,0,107,16,240,31,350,47,397
0.0,2004,0.0,0,0,4,0,2,0,6,0,6
0.0,2004,0.0,1,0,19,0,48,11,68,11,79
0.0,2004,0.0,0,0,0,0,2,0,2,0,2
0.0,2004,0.0,0,0,3,0,7,0,10,0,10
0.0,2004,0.0,31,2,409,35,520,35,960,72,1032
0.0,2004,0.0,0,0,1,1,6,7,7,8,15
0.0,2004,0.0,1,0,29,0,39,0,69,0,69
0.0,2004,0.0,0,0,7,0,7,0,14,0,14
0.0,2004,0.0,1,0,27,15,32,15,60,30,90
0.0,2004,0.0,0,0,0,0,0,0,0,0,0
0.0,2004,0.0,0,0,1,0,19,0,20,0,20
0.0,2004,0.0,14,1,198,19,298,35,510,55,565
0.0,2004,0.0,209,8,1934,129,2468,186,4611,323,4934
0.0,2005,0.0,6,0,36,2,86,7,128,9,137
0.0,2005,0.0,0,1,32,3,68,3,100,7,107
0.0,2005,0.0,0,0,1,0,5,0,6,0,6
0.0,2005,0.0,0,0,31,0,59,1,90,1,91
0.0,2005,0.0,0,0,0,0,0,0,0,0,0
0.0,2005,0.0,0,0,31,0,59,1,90,1,91
0.0,2005,0.0,0,0,4,0,18,0,22,0,22
0.0,2005,0.0,0,0,4,0,12,0,16,0,16
0.0,2005,0.0,0,0,0,0,6,0,6,0,6
0.0,2005,0.0,0,0,23,1,37,0,60,1,61
0.0,2005,0.0,0,0,6,0,22,0,28,0,28
0.0,2005,0.0,3,0,30,0,64,0,97,0,97
0.0,2005,0.0,38,2,395,7,349,8,782,17,799
0.0,2005,0.0,119,12,807,33,723,32,1649,77,1726
0.0,2005,0.0,3,1,124,0,186,0,313,1,314
0.0,2005,0.0,116,11,683,33,537,32,1336,76,1412
0.0,2005,0.0,17,2,166,15,308,33,491,50,541
0.0,2005,0.0,0,0,1,0,3,0,4,0,4
0.0,2005,0.0,1,0,14,0,30,5,45,5,50
0.0,2005,0.0,0,0,0,0,0,0,0,0,0
0.0,2005,0.0,0,0,7,0,6,0,13,0,13
0.0,2005,0.0,34,0,445,27,589,49,1068,76,1144
0.0,2005,0.0,0,0,3,1,18,13,21,14,35
0.0,2005,0.0,0,0,40,0,50,0,90,0,90
0.0,2005,0.0,0,0,4,0,9,0,13,0,13
0.0,2005,0.0,0,1,29,22,38,55,67,78,145
0.0,2005,0.0,0,0,0,0,0,0,0,0,0
0.0,2005,0.0,0,0,4,1,10,1,14,2,16
0.0,2005,0.0,16,1,193,25,300,36,509,62,571
0.0,2005,0.0,234,19,2271,137,2792,243,5297,399,5696
0.0,2006,0.0,0,0,43,3,91,11,134,14,148
0.0,2006,0.0,2,0,44,3,93,3,139,6,145
0.0,2006,0.0,0,0,1,1,4,0,5,1,6
0.0,2006,0.0,2,0,29,2,61,0,92,2,94
0.0,2006,0.0,0,0,0,0,0,0,0,0,0
0.0,2006,0.0,2,0,29,2,61,0,92,2,94
0.0,2006,0.0,0,0,11,3,28,1,39,4,43
0.0,2006,0.0,0,0,7,3,20,1,27,4,31
0.0,2006,0.0,0,0,4,0,8,0,12,0,12
0.0,2006,0.0,1,0,17,0,40,0,58,0,58
0.0,2006,0.0,0,0,5,0,11,0,16,0,16
0.0,2006,0.0,0,0,33,0,74,1,107,1,108
0.0,2006,0.0,55,4,415,16,430,7,900,27,927
0.0,2006,0.0,121,4,859,20,831,22,1811,46,1857
0.0,2006,0.0,13,0,141,0,201,0,355,0,355
0.0,2006,0.0,108,4,718,20,630,22,1456,46,1502
0.0,2006,0.0,8,1,183,12,306,18,497,31,528
0.0,2006,0.0,0,0,0,0,5,0,5,0,5
0.0,2006,0.0,0,0,13,1,28,4,41,5,46
0.0,2006,0.0,0,0,1,0,3,0,4,0,4
0.0,2006,0.0,0,0,8,0,5,0,13,0,13
0.0,2006,0.0,25,6,455,36,672,57,1152,99,1251
0.0,2006,0.0,0,0,1,3,3,4,4,7,11
0.0,2006,0.0,0,0,27,0,55,0,82,0,82
0.0,2006,0.0,0,0,1,0,9,0,10,0,10
0.0,2006,0.0,0,2,8,11,34,30,42,43,85
0.0,2006,0.0,0,0,0,0,0,0,0,0,0
0.0,2006,0.0,0,0,7,0,13,0,20,0,20
0.0,2006,0.0,4,1,179,18,271,35,454,54,508
0.0,2006,0.0,218,18,2340,129,3067,193,5625,340,5965
0.0,2007,0.0,3,0,51,4,115,9,169,13,182
0.0,2007,0.0,0,2,27,2,92,4,119,8,127
0.0,2007,0.0,0,0,0,0,2,0,2,0,2
0.0,2007,0.0,1,0,28,1,65,1,94,2,96
0.0,2007,0.0,0,0,0,0,0,0,0,0,0
0.0,2007,0.0,1,0,28,1,65,1,94,2,96
0.0,2007,0.0,0,0,5,1,43,4,48,5,53
0.0,2007,0.0,0,0,4,1,29,3,33,4,37
0.0,2007,0.0,0,0,1,0,14,1,15,1,16
0.0,2007,0.0,0,0,14,0,86,0,100,0,100
0.0,2007,0.0,0,0,12,0,46,0,58,0,58
0.0,2007,0.0,0,0,35,0,97,2,132,2,134
0.0,2007,0.0,44,3,407,6,434,15,885,24,909
0.0,2007,0.0,120,11,749,23,851,38,1720,72,1792
0.0,2007,0.0,4,0,123,0,193,2,320,2,322
0.0,2007,0.0,116,11,626,23,658,36,1400,70,1470
0.0,2007,0.0,4,1,170,28,393,26,567,55,622
0.0,2007,0.0,0,0,1,0,3,0,4,0,4
0.0,2007,0.0,1,0,7,0,23,1,31,1,32
0.0,2007,0.0,0,0,0,0,1,0,1,0,1
0.0,2007,0.0,0,0,4,0,18,3,22,3,25
0.0,2007,0.0,26,3,374,29,848,51,1248,83,1331
0.0,2007,0.0,0,1,2,3,1,1,3,5,8
0.0,2007,0.0,1,0,20,0,49,0,70,0,70
0.0,2007,0.0,0,0,6,0,17,0,23,0,23
0.0,2007,0.0,0,1,11,9,40,45,51,55,106
0.0,2007,0.0,0,0,0,0,0,0,0,0,0
0.0,2007,0.0,0,0,11,0,24,3,35,3,38
0.0,2007,0.0,15,1,137,15,342,23,494,39,533
0.0,2007,0.0,215,23,2071,121,3590,226,5876,370,6246
0.0,2008,0.0,1,0,33,10,132,7,166,17,183
0.0,2008,0.0,1,0,30,4,111,2,142,6,148
0.0,2008,0.0,0,0,2,0,1,0,3,0,3
0.0,2008,0.0,0,0,33,2,84,8,117,10,127
0.0,2008,0.0,0,0,0,0,0,0,0,0,0
0.0,2008,0.0,0,0,33,2,84,8,117,10,127
0.0,2008,0.0,0,0,2,0,26,4,28,4,32
0.0,2008,0.0,0,0,1,0,21,3,22,3,25
0.0,2008,0.0,0,0,1,0,5,1,6,1,7
0.0,2008,0.0,4,0,21,0,47,7,72,7,79
0.0,2008,0.0,0,0,5,0,21,0,26,0,26
0.0,2008,0.0,7,0,46,0,100,0,153,0,153
0.0,2008,0.0,51,0,366,3,397,2,814,5,819
0.0,2008,0.0,110,9,763,23,1160,27,2033,59,2092
0.0,2008,0.0,6,0,189,0,401,1,596,1,597
0.0,2008,0.0,104,9,574,23,759,26,1437,58,1495
0.0,2008,0.0,7,1,193,15,423,17,623,33,656
0.0,2008,0.0,0,0,3,0,8,0,11,0,11
0.0,2008,0.0,0,0,9,0,30,5,39,5,44
0.0,2008,0.0,0,0,2,1,7,0,9,1,10
0.0,2008,0.0,0,0,12,0,11,0,23,0,23
0.0,2008,0.0,24,4,444,31,867,36,1335,71,1406
0.0,2008,0.0,1,0,2,2,0,1,3,3,6
0.0,2008,0.0,6,0,26,0,62,0,94,0,94
0.0,2008,0.0,0,0,5,0,23,0,28,0,28
0.0,2008,0.0,1,1,21,15,32,40,54,56,110
0.0,2008,0.0,0,0,0,0,0,0,0,0,0
0.0,2008,0.0,0,0,7,0,24,0,31,0,31
0.0,2008,0.0,13,3,137,16,297,33,447,52,499
0.0,2008,0.0,226,18,2162,122,3863,189,6251,329,6580
0.0,2009,0.0,0,0,43,4,124,13,167,17,184
0.0,2009,0.0,2,0,39,2,120,2,161,4,165
0.0,2009,0.0,0,0,3,0,1,0,4,0,4
0.0,2009,0.0,0,0,25,2,61,1,86,3,89
0.0,2009,0.0,0,0,0,0,0,0,0,0,0
0.0,2009,0.0,0,0,25,2,61,1,86,3,89
0.0,2009,0.0,0,0,7,1,34,3,41,4,45
0.0,2009,0.0,0,0,4,1,21,3,25,4,29
0.0,2009,0.0,0,0,3,0,13,0,16,0,16
0.0,2009,0.0,0,0,23,0,76,0,99,0,99
0.0,2009,0.0,0,0,1,1,26,0,27,1,28
0.0,2009,0.0,2,1,41,0,160,3,203,4,207
0.0,2009,0.0,49,1,285,7,461,7,795,15,810
0.0,2009,0.0,101,4,629,17,1145,28,1875,49,1924
0.0,2009,0.0,36,0,205,1,419,3,660,4,664
0.0,2009,0.0,65,4,424,16,726,25,1215,45,1260
0.0,2009,0.0,12,0,155,15,526,36,693,51,744
0.0,2009,0.0,0,0,0,0,2,0,2,0,2
0.0,2009,0.0,0,0,4,0,33,5,37,5,42
0.0,2009,0.0,0,0,0,0,0,0,0,0,0
0.0,2009,0.0,0,0,2,0,21,0,23,0,23
0.0,2009,0.0,16,2,384,20,774,28,1174,50,1224
0.0,2009,0.0,0,0,4,16,1,0,5,16,21
0.0,2009,0.0,1,0,30,1,66,2,97,3,100
0.0,2009,0.0,0,0,13,1,19,0,32,1,33
0.0,2009,0.0,1,1,19,23,39,35,59,59,118
0.0,2009,0.0,0,0,0,0,0,0,0,0,0
0.0,2009,0.0,1,0,5,0,34,1,40,1,41
0.0,2009,0.0,7,3,153,17,349,33,509,53,562
0.0,2009,0.0,192,12,1865,127,4072,197,6129,336,6465
0.0,2010,0.0,0,1,26,7,102,6,128,14,142
0.0,2010,0.0,0,0,21,6,100,9,121,15,136
0.0,2010,0.0,0,0,0,0,1,0,1,0,1
0.0,2010,0.0,0,0,28,1,68,1,96,2,98
0.0,2010,0.0,0,0,0,0,0,0,0,0,0
0.0,2010,0.0,0,0,28,1,68,1,96,2,98
0.0,2010,0.0,0,0,3,2,40,4,43,6,49
0.0,2010,0.0,0,0,1,2,26,4,27,6,33
0.0,2010,0.0,0,0,2,0,14,0,16,0,16
0.0,2010,0.0,0,0,12,0,56,0,68,0,68
0.0,2010,0.0,0,0,1,0,22,0,23,0,23
0.0,2010,0.0,1,1,47,0,167,0,215,1,216
0.0,2010,0.0,42,5,328,3,473,7,843,15,858
0.0,2010,0.0,48,5,515,17,928,41,1491,63,1554
0.0,2010,0.0,4,0,142,0,338,0,484,0,484
0.0,2010,0.0,44,5,373,17,590,41,1007,63,1070
0.0,2010,0.0,5,0,128,16,379,20,512,36,548
0.0,2010,0.0,0,0,1,0,2,1,3,1,4
0.0,2010,0.0,0,0,5,0,22,0,27,0,27
0.0,2010,0.0,0,0,2,0,2,0,4,0,4
0.0,2010,0.0,0,0,5,0,9,0,14,0,14
0.0,2010,0.0,22,0,328,15,891,42,1241,57,1298
0.0,2010,0.0,0,0,0,0,8,3,8,3,11
0.0,2010,0.0,1,0,29,0,70,1,100,1,101
0.0,2010,0.0,0,0,12,0,26,0,38,0,38
0.0,2010,0.0,1,2,10,15,40,36,51,53,104
0.0,2010,0.0,0,0,0,0,0,0,0,0,0
0.0,2010,0.0,0,1,7,0,31,1,38,2,40
0.0,2010,0.0,27,0,162,14,319,28,508,42,550
0.0,2010,0.0,147,15,1670,96,3756,200,5573,311,5884
0.0,2001,0.0,0,0,0,0,0,0,0,0,0
0.0,2001,0.0,0,0,0,0,0,0,0,0,0
0.0,2001,0.0,0,0,0,0,0,0,0,0,0
0.0,2001,0.0,0,0,0,0,0,0,0,0,0
0.0,2001,0.0,0,0,0,0,0,0,0,0,0
0.0,2001,0.0,0,0,0,0,0,0,0,0,0
0.0,2001,0.0,0,0,0,0,0,0,0,0,0
0.0,2001,0.0,0,0,0,0,0,0,0,0,0
0.0,2001,0.0,0,0,0,0,0,0,0,0,0
0.0,2001,0.0,0,0,0,0,0,0,0,0,0
0.0,2001,0.0,0,0,0,0,0,0,0,0,0
0.0,2001,0.0,0,0,0,0,0,0,0,0,0
0.0,2001,0.0,0,0,0,0,0,0,0,0,0
0.0,2001,0.0,0,0,0,0,0,0,0,0,0
0.0,2001,0.0,0,0,0,0,0,0,0,0,0
0.0,2001,0.0,0,0,0,0,0,0,0,0,0
0.0,2001,0.0,0,0,0,0,0,0,0,0,0
0.0,2001,0.0,0,0,0,0,0,0,0,0,0
0.0,2001,0.0,0,0,0,0,0,0,0,0,0
0.0,2001,0.0,0,0,0,0,0,0,0,0,0
0.0,2001,0.0,0,0,0,0,0,0,0,0,0
0.0,2001,0.0,0,0,0,0,0,0,0,0,0
0.0,2001,0.0,0,0,0,0,0,0,0,0,0
0.0,2001,0.0,0,0,0,0,0,0,0,0,0
0.0,2001,0.0,0,0,0,0,0,0,0,0,0
0.0,2001,0.0,0,0,0,0,0,0,0,0,0
0.0,2001,0.0,0,0,0,0,0,0,0,0,0
0.0,2001,0.0,0,0,0,0,0,0,0,0,0
0.0,2001,0.0,0,0,0,0,0,0,0,0,0
0.0,2001,0.0,0,0,0,0,0,0,0,0,0
0.0,2002,0.0,0,0,0,0,0,0,0,0,0
0.0,2002,0.0,0,0,0,0,0,0,0,0,0
0.0,2002,0.0,0,0,0,0,0,0,0,0,0
0.0,2002,0.0,0,0,0,0,0,0,0,0,0
0.0,2002,0.0,0,0,0,0,0,0,0,0,0
0.0,2002,0.0,0,0,0,0,0,0,0,0,0
0.0,2002,0.0,0,0,0,0,0,0,0,0,0
0.0,2002,0.0,0,0,0,0,0,0,0,0,0
0.0,2002,0.0,0,0,0,0,0,0,0,0,0
0.0,2002,0.0,0,0,0,0,0,0,0,0,0
0.0,2002,0.0,0,0,0,0,0,0,0,0,0
0.0,2002,0.0,0,0,0,0,0,0,0,0,0
0.0,2002,0.0,0,0,0,0,0,0,0,0,0
0.0,2002,0.0,0,0,0,0,0,0,0,0,0
0.0,2002,0.0,0,0,0,0,0,0,0,0,0
0.0,2002,0.0,0,0,0,0,0,0,0,0,0
0.0,2002,0.0,0,0,0,0,0,0,0,0,0
0.0,2002,0.0,0,0,0,0,0,0,0,0,0
0.0,2002,0.0,0,0,0,0,0,0,0,0,0
0.0,2002,0.0,0,0,0,0,0,0,0,0,0
0.0,2002,0.0,0,0,0,0,0,0,0,0,0
0.0,2002,0.0,0,0,0,0,0,0,0,0,0
0.0,2002,0.0,0,0,0,0,0,0,0,0,0
0.0,2002,0.0,0,0,0,0,0,0,0,0,0
0.0,2002,0.0,0,0,0,0,0,0,0,0,0
0.0,2002,0.0,0,0,0,0,0,0,0,0,0
0.0,2002,0.0,0,0,0,0,0,0,0,0,0
0.0,2002,0.0,0,0,0,0,0,0,0,0,0
0.0,2002,0.0,0,0,0,0,0,0,0,0,0
0.0,2002,0.0,0,0,0,0,0,0,0,0,0
0.0,2003,0.0,0,0,0,0,0,0,0,0,0
0.0,2003,0.0,0,0,0,0,0,0,0,0,0
0.0,2003,0.0,0,0,0,0,0,0,0,0,0
0.0,2003,0.0,0,0,0,0,0,0,0,0,0
0.0,2003,0.0,0,0,0,0,0,0,0,0,0
0.0,2003,0.0,0,0,0,0,0,0,0,0,0
0.0,2003,0.0,0,0,0,0,0,0,0,0,0
0.0,2003,0.0,0,0,0,0,0,0,0,0,0
0.0,2003,0.0,0,0,0,0,0,0,0,0,0
0.0,2003,0.0,0,0,0,0,0,0,0,0,0
0.0,2003,0.0,0,0,0,0,0,0,0,0,0
0.0,2003,0.0,0,0,0,0,0,0,0,0,0
0.0,2003,0.0,0,0,0,0,0,0,0,0,0
0.0,2003,0.0,0,0,0,0,0,0,0,0,0
0.0,2003,0.0,0,0,0,0,0,0,0,0,0
0.0,2003,0.0,0,0,0,0,0,0,0,0,0
0.0,2003,0.0,0,0,0,0,0,0,0,0,0
0.0,2003,0.0,0,0,0,0,0,0,0,0,0
0.0,2003,0.0,0,0,0,0,0,0,0,0,0
0.0,2003,0.0,0,0,0,0,0,0,0,0,0
0.0,2003,0.0,0,0,0,0,0,0,0,0,0
0.0,2003,0.0,0,0,0,0,0,0,0,0,0
0.0,2003,0.0,0,0,0,0,0,0,0,0,0
0.0,2003,0.0,0,0,0,0,0,0,0,0,0
0.0,2003,0.0,0,0,0,0,0,0,0,0,0
0.0,2003,0.0,0,0,0,0,0,0,0,0,0
0.0,2003,0.0,0,0,0,0,0,0,0,0,0
0.0,2003,0.0,0,0,0,0,0,0,0,0,0
0.0,2003,0.0,0,0,0,0,0,0,0,0,0
0.0,2003,0.0,0,0,0,0,0,0,0,0,0
0.0,2004,0.0,0,0,0,0,0,0,0,0,0
0.0,2004,0.0,0,0,0,0,0,0,0,0,0
0.0,2004,0.0,0,0,0,0,0,0,0,0,0
0.0,2004,0.0,0,0,0,0,0,0,0,0,0
0.0,2004,0.0,0,0,0,0,0,0,0,0,0
0.0,2004,0.0,0,0,0,0,0,0,0,0,0
0.0,2004,0.0,0,0,0,0,0,0,0,0,0
0.0,2004,0.0,0,0,0,0,0,0,0,0,0
0.0,2004,0.0,0,0,0,0,0,0,0,0,0
0.0,2004,0.0,0,0,0,0,0,0,0,0,0
0.0,2004,0.0,0,0,0,0,0,0,0,0,0
0.0,2004,0.0,0,0,0,0,0,0,0,0,0
0.0,2004,0.0,0,0,0,0,0,0,0,0,0
0.0,2004,0.0,0,0,0,0,0,0,0,0,0
0.0,2004,0.0,0,0,0,0,0,0,0,0,0
0.0,2004,0.0,0,0,0,0,0,0,0,0,0
0.0,2004,0.0,0,0,0,0,0,0,0,0,0
0.0,2004,0.0,0,0,0,0,0,0,0,0,0
0.0,2004,0.0,0,0,0,0,0,0,0,0,0
0.0,2004,0.0,0,0,0,0,0,0,0,0,0
0.0,2004,0.0,0,0,0,0,0,0,0,0,0
0.0,2004,0.0,0,0,0,0,0,0,0,0,0
0.0,2004,0.0,0,0,0,0,0,0,0,0,0
0.0,2004,0.0,0,0,0,0,0,0,0,0,0
0.0,2004,0.0,0,0,0,0,0,0,0,0,0
0.0,2004,0.0,0,0,0,0,0,0,0,0,0
0.0,2004,0.0,0,0,0,0,0,0,0,0,0
0.0,2004,0.0,0,0,0,0,0,0,0,0,0
0.0,2004,0.0,0,0,0,0,0,0,0,0,0
0.0,2004,0.0,0,0,0,0,0,0,0,0,0
0.0,2005,0.0,0,0,0,0,0,0,0,0,0
0.0,2005,0.0,0,0,0,0,0,0,0,0,0
0.0,2005,0.0,0,0,0,0,0,0,0,0,0
0.0,2005,0.0,0,0,0,0,0,0,0,0,0
0.0,2005,0.0,0,0,0,0,0,0,0,0,0
0.0,2005,0.0,0,0,0,0,0,0,0,0,0
0.0,2005,0.0,0,0,0,0,0,0,0,0,0
0.0,2005,0.0,0,0,0,0,0,0,0,0,0
0.0,2005,0.0,0,0,0,0,0,0,0,0,0
0.0,2005,0.0,0,0,0,0,0,0,0,0,0
0.0,2005,0.0,0,0,0,0,0,0,0,0,0
0.0,2005,0.0,0,0,0,0,0,0,0,0,0
0.0,2005,0.0,0,0,0,0,0,0,0,0,0
0.0,2005,0.0,0,0,0,0,0,0,0,0,0
0.0,2005,0.0,0,0,0,0,0,0,0,0,0
0.0,2005,0.0,0,0,0,0,0,0,0,0,0
0.0,2005,0.0,0,0,0,0,0,0,0,0,0
0.0,2005,0.0,0,0,0,0,0,0,0,0,0
0.0,2005,0.0,0,0,0,0,0,0,0,0,0
0.0,2005,0.0,0,0,0,0,0,0,0,0,0
0.0,2005,0.0,0,0,0,0,0,0,0,0,0
0.0,2005,0.0,0,0,0,0,0,0,0,0,0
0.0,2005,0.0,0,0,0,0,0,0,0,0,0
0.0,2005,0.0,0,0,0,0,0,0,0,0,0
0.0,2005,0.0,0,0,0,0,0,0,0,0,0
0.0,2005,0.0,0,0,0,0,0,0,0,0,0
0.0,2005,0.0,0,0,0,0,0,0,0,0,0
0.0,2005,0.0,0,0,0,0,0,0,0,0,0
0.0,2005,0.0,0,0,0,0,0,0,0,0,0
0.0,2005,0.0,0,0,0,0,0,0,0,0,0
0.0,2006,0.0,0,0,0,0,0,0,0,0,0
0.0,2006,0.0,0,0,0,0,0,0,0,0,0
0.0,2006,0.0,0,0,0,0,0,0,0,0,0
0.0,2006,0.0,0,0,0,0,0,0,0,0,0
0.0,2006,0.0,0,0,0,0,0,0,0,0,0
0.0,2006,0.0,0,0,0,0,0,0,0,0,0
0.0,2006,0.0,0,0,0,0,0,0,0,0,0
0.0,2006,0.0,0,0,0,0,0,0,0,0,0
0.0,2006,0.0,0,0,0,0,0,0,0,0,0
0.0,2006,0.0,0,0,0,0,0,0,0,0,0
0.0,2006,0.0,0,0,0,0,0,0,0,0,0
0.0,2006,0.0,0,0,0,0,0,0,0,0,0
0.0,2006,0.0,0,0,0,0,0,0,0,0,0
0.0,2006,0.0,0,0,0,0,0,0,0,0,0
0.0,2006,0.0,0,0,0,0,0,0,0,0,0
0.0,2006,0.0,0,0,0,0,0,0,0,0,0
0.0,2006,0.0,0,0,0,0,0,0,0,0,0
0.0,2006,0.0,0,0,0,0,0,0,0,0,0
0.0,2006,0.0,0,0,0,0,0,0,0,0,0
0.0,2006,0.0,0,0,0,0,0,0,0,0,0
0.0,2006,0.0,0,0,0,0,0,0,0,0,0
0.0,2006,0.0,0,0,0,0,0,0,0,0,0
0.0,2006,0.0,0,0,0,0,0,0,0,0,0
0.0,2006,0.0,0,0,0,0,0,0,0,0,0
0.0,2006,0.0,0,0,0,0,0,0,0,0,0
0.0,2006,0.0,0,0,0,0,0,0,0,0,0
0.0,2006,0.0,0,0,0,0,0,0,0,0,0
0.0,2006,0.0,0,0,0,0,0,0,0,0,0
0.0,2006,0.0,0,0,0,0,0,0,0,0,0
0.0,2006,0.0,0,0,0,0,0,0,0,0,0
0.0,2007,0.0,0,0,0,0,0,0,0,0,0
0.0,2007,0.0,0,0,0,0,0,0,0,0,0
0.0,2007,0.0,0,0,0,0,0,0,0,0,0
0.0,2007,0.0,0,0,0,0,0,0,0,0,0
0.0,2007,0.0,0,0,0,0,0,0,0,0,0
0.0,2007,0.0,0,0,0,0,0,0,0,0,0
0.0,2007,0.0,0,0,0,0,0,0,0,0,0
0.0,2007,0.0,0,0,0,0,0,0,0,0,0
0.0,2007,0.0,0,0,0,0,0,0,0,0,0
0.0,2007,0.0,0,0,0,0,0,0,0,0,0
0.0,2007,0.0,0,0,0,0,0,0,0,0,0
0.0,2007,0.0,0,0,0,0,0,0,0,0,0
0.0,2007,0.0,0,0,0,0,0,0,0,0,0
0.0,2007,0.0,0,0,0,0,0,0,0,0,0
0.0,2007,0.0,0,0,0,0,0,0,0,0,0
0.0,2007,0.0,0,0,0,0,0,0,0,0,0
0.0,2007,0.0,0,0,0,0,0,0,0,0,0
0.0,2007,0.0,0,0,0,0,0,0,0,0,0
0.0,2007,0.0,0,0,0,0,0,0,0,0,0
0.0,2007,0.0,0,0,0,0,0,0,0,0,0
0.0,2007,0.0,0,0,0,0,0,0,0,0,0
0.0,2007,0.0,0,0,0,0,0,0,0,0,0
0.0,2007,0.0,0,0,0,0,0,0,0,0,0
0.0,2007,0.0,0,0,0,0,0,0,0,0,0
0.0,2007,0.0,0,0,0,0,0,0,0,0,0
0.0,2007,0.0,0,0,0,0,0,0,0,0,0
0.0,2007,0.0,0,0,0,0,0,0,0,0,0
0.0,2007,0.0,0,0,0,0,0,0,0,0,0
0.0,2007,0.0,0,0,0,0,0,0,0,0,0
0.0,2007,0.0,0,0,0,0,0,0,0,0,0
0.0,2008,0.0,0,0,0,0,0,0,0,0,0
0.0,2008,0.0,0,0,0,0,0,0,0,0,0
0.0,2008,0.0,0,0,0,0,0,0,0,0,0
0.0,2008,0.0,0,0,0,0,0,0,0,0,0
0.0,2008,0.0,0,0,0,0,0,0,0,0,0
0.0,2008,0.0,0,0,0,0,0,0,0,0,0
0.0,2008,0.0,0,0,0,0,0,0,0,0,0
0.0,2008,0.0,0,0,0,0,0,0,0,0,0
0.0,2008,0.0,0,0,0,0,0,0,0,0,0
0.0,2008,0.0,0,0,0,0,0,0,0,0,0
0.0,2008,0.0,0,0,0,0,0,0,0,0,0
0.0,2008,0.0,0,0,0,0,0,0,0,0,0
0.0,2008,0.0,0,0,0,0,0,0,0,0,0
0.0,2008,0.0,0,0,0,0,0,0,0,0,0
0.0,2008,0.0,0,0,0,0,0,0,0,0,0
0.0,2008,0.0,0,0,0,0,0,0,0,0,0
0.0,2008,0.0,0,0,0,0,0,0,0,0,0
0.0,2008,0.0,0,0,0,0,0,0,0,0,0
0.0,2008,0.0,0,0,0,0,0,0,0,0,0
0.0,2008,0.0,0,0,0,0,0,0,0,0,0
0.0,2008,0.0,0,0,0,0,0,0,0,0,0
0.0,2008,0.0,0,0,0,0,0,0,0,0,0
0.0,2008,0.0,0,0,0,0,0,0,0,0,0
0.0,2008,0.0,0,0,0,0,0,0,0,0,0
0.0,2008,0.0,0,0,0,0,0,0,0,0,0
0.0,2008,0.0,0,0,0,0,0,0,0,0,0
0.0,2008,0.0,0,0,0,0,0,0,0,0,0
0.0,2008,0.0,0,0,0,0,0,0,0,0,0
0.0,2008,0.0,0,0,0,0,0,0,0,0,0
0.0,2008,0.0,0,0,0,0,0,0,0,0,0
0.0,2009,0.0,0,0,0,0,0,0,0,0,0
0.0,2009,0.0,0,0,0,0,0,0,0,0,0
0.0,2009,0.0,0,0,0,0,0,0,0,0,0
0.0,2009,0.0,0,0,0,0,0,0,0,0,0
0.0,2009,0.0,0,0,0,0,0,0,0,0,0
0.0,2009,0.0,0,0,0,0,0,0,0,0,0
0.0,2009,0.0,0,0,0,0,0,0,0,0,0
0.0,2009,0.0,0,0,0,0,0,0,0,0,0
0.0,2009,0.0,0,0,0,0,0,0,0,0,0
0.0,2009,0.0,0,0,0,0,0,0,0,0,0
0.0,2009,0.0,0,0,0,0,0,0,0,0,0
0.0,2009,0.0,0,0,0,0,0,0,0,0,0
0.0,2009,0.0,0,0,0,0,0,0,0,0,0
0.0,2009,0.0,0,0,0,0,0,0,0,0,0
0.0,2009,0.0,0,0,0,0,0,0,0,0,0
0.0,2009,0.0,0,0,0,0,0,0,0,0,0
0.0,2009,0.0,0,0,0,0,0,0,0,0,0
0.0,2009,0.0,0,0,0,0,0,0,0,0,0
0.0,2009,0.0,0,0,0,0,0,0,0,0,0
0.0,2009,0.0,0,0,0,0,0,0,0,0,0
0.0,2009,0.0,0,0,0,0,0,0,0,0,0
0.0,2009,0.0,0,0,0,0,0,0,0,0,0
0.0,2009,0.0,0,0,0,0,0,0,0,0,0
0.0,2009,0.0,0,0,0,0,0,0,0,0,0
0.0,2009,0.0,0,0,0,0,0,0,0,0,0
0.0,2009,0.0,0,0,0,0,0,0,0,0,0
0.0,2009,0.0,0,0,0,0,0,0,0,0,0
0.0,2009,0.0,0,0,0,0,0,0,0,0,0
0.0,2009,0.0,0,0,0,0,0,0,0,0,0
0.0,2009,0.0,0,0,0,0,0,0,0,0,0
0.0,2010,0.0,0,0,0,0,0,0,0,0,0
0.0,2010,0.0,0,0,0,0,0,0,0,0,0
0.0,2010,0.0,0,0,0,0,0,0,0,0,0
0.0,2010,0.0,0,0,0,0,0,0,0,0,0
0.0,2010,0.0,0,0,0,0,0,0,0,0,0
0.0,2010,0.0,0,0,0,0,0,0,0,0,0
0.0,2010,0.0,0,0,0,0,0,0,0,0,0
0.0,2010,0.0,0,0,0,0,0,0,0,0,0
0.0,2010,0.0,0,0,0,0,0,0,0,0,0
0.0,2010,0.0,0,0,0,0,0,0,0,0,0
0.0,2010,0.0,0,0,0,0,0,0,0,0,0
0.0,2010,0.0,0,0,0,0,0,0,0,0,0
0.0,2010,0.0,0,0,0,0,0,0,0,0,0
0.0,2010,0.0,0,0,0,0,0,0,0,0,0
0.0,2010,0.0,0,0,0,0,0,0,0,0,0
0.0,2010,0.0,0,0,0,0,0,0,0,0,0
0.0,2010,0.0,0,0,0,0,0,0,0,0,0
0.0,2010,0.0,0,0,0,0,0,0,0,0,0
0.0,2010,0.0,0,0,0,0,0,0,0,0,0
0.0,2010,0.0,0,0,0,0,0,0,0,0,0
0.0,2010,0.0,0,0,0,0,0,0,0,0,0
0.0,2010,0.0,0,0,0,0,0,0,0,0,0
0.0,2010,0.0,0,0,0,0,0,0,0,0,0
0.0,2010,0.0,0,0,0,0,0,0,0,0,0
0.0,2010,0.0,0,0,0,0,0,0,0,0,0
0.0,2010,0.0,0,0,0,0,0,0,0,0,0
0.0,2010,0.0,0,0,0,0,0,0,0,0,0
0.0,2010,0.0,0,0,0,0,0,0,0,0,0
0.0,2010,0.0,0,0,0,0,0,0,0,0,0
0.0,2010,0.0,0,0,0,0,0,0,0,0,0
0.0,2001,0.0,1,0,2,0,3,0,6,0,6
0.0,2001,0.0,0,0,0,0,0,0,0,0,0
0.0,2001,0.0,0,0,0,0,0,0,0,0,0
0.0,2001,0.0,0,0,1,0,0,0,1,0,1
0.0,2001,0.0,0,0,0,0,0,0,0,0,0
0.0,2001,0.0,0,0,1,0,0,0,1,0,1
0.0,2001,0.0,0,0,0,0,0,0,0,0,0
0.0,2001,0.0,0,0,0,0,0,0,0,0,0
0.0,2001,0.0,0,0,0,0,0,0,0,0,0
0.0,2001,0.0,0,0,0,0,0,0,0,0,0
0.0,2001,0.0,0,0,0,0,0,0,0,0,0
0.0,2001,0.0,0,0,0,0,1,0,1,0,1
0.0,2001,0.0,0,0,5,0,7,0,12,0,12
0.0,2001,0.0,1,0,4,0,18,0,23,0,23
0.0,2001,0.0,0,0,0,0,0,0,0,0,0
0.0,2001,0.0,1,0,4,0,18,0,23,0,23
0.0,2001,0.0,0,0,0,0,0,0,0,0,0
0.0,2001,0.0,0,0,0,0,0,0,0,0,0
0.0,2001,0.0,0,0,0,0,0,0,0,0,0
0.0,2001,0.0,0,0,0,0,0,0,0,0,0
0.0,2001,0.0,0,0,0,0,0,0,0,0,0
0.0,2001,0.0,0,0,0,0,0,0,0,0,0
0.0,2001,0.0,0,0,0,0,0,0,0,0,0
0.0,2001,0.0,0,0,0,0,0,0,0,0,0
0.0,2001,0.0,0,0,0,0,0,0,0,0,0
0.0,2001,0.0,0,0,0,0,0,0,0,0,0
0.0,2001,0.0,0,0,0,0,0,0,0,0,0
0.0,2001,0.0,0,0,0,0,0,0,0,0,0
0.0,2001,0.0,0,0,8,0,14,0,22,0,22
0.0,2001,0.0,2,0,20,0,43,0,65,0,65
0.0,2002,0.0,2,0,0,0,2,0,4,0,4
0.0,2002,0.0,0,0,0,0,1,0,1,0,1
0.0,2002,0.0,0,0,0,0,0,0,0,0,0
0.0,2002,0.0,0,0,4,0,3,0,7,0,7
0.0,2002,0.0,0,0,0,0,0,0,0,0,0
0.0,2002,0.0,0,0,4,0,3,0,7,0,7
0.0,2002,0.0,0,0,0,0,1,0,1,0,1
0.0,2002,0.0,0,0,0,0,0,0,0,0,0
0.0,2002,0.0,0,0,0,0,1,0,1,0,1
0.0,2002,0.0,0,0,0,0,6,0,6,0,6
0.0,2002,0.0,0,0,0,0,0,0,0,0,0
0.0,2002,0.0,0,0,0,0,5,0,5,0,5
0.0,2002,0.0,0,0,2,0,9,0,11,0,11
0.0,2002,0.0,4,0,7,0,5,0,16,0,16
0.0,2002,0.0,0,0,0,0,1,0,1,0,1
0.0,2002,0.0,4,0,7,0,4,0,15,0,15
0.0,2002,0.0,0,0,0,0,0,0,0,0,0
0.0,2002,0.0,0,0,0,0,0,0,0,0,0
0.0,2002,0.0,0,0,0,0,0,0,0,0,0
0.0,2002,0.0,0,0,0,0,0,0,0,0,0
0.0,2002,0.0,0,0,1,0,2,0,3,0,3
0.0,2002,0.0,0,0,1,0,0,0,1,0,1
0.0,2002,0.0,0,0,0,0,0,0,0,0,0
0.0,2002,0.0,1,0,0,0,1,0,2,0,2
0.0,2002,0.0,0,0,0,0,0,0,0,0,0
0.0,2002,0.0,0,0,0,0,0,0,0,0,0
0.0,2002,0.0,0,0,0,0,0,0,0,0,0
0.0,2002,0.0,0,0,0,0,0,0,0,0,0
0.0,2002,0.0,0,0,0,0,6,0,6,0,6
0.0,2002,0.0,7,0,15,0,41,0,63,0,63
0.0,2003,0.0,0,0,2,0,2,0,4,0,4
0.0,2003,0.0,0,0,0,0,2,0,2,0,2
0.0,2003,0.0,0,1,0,0,0,0,0,1,1
0.0,2003,0.0,0,0,0,0,6,0,6,0,6
0.0,2003,0.0,0,0,0,0,0,0,0,0,0
0.0,2003,0.0,0,0,0,0,6,0,6,0,6
0.0,2003,0.0,0,0,0,0,0,0,0,0,0
0.0,2003,0.0,0,0,0,0,0,0,0,0,0
0.0,2003,0.0,0,0,0,0,0,0,0,0,0
0.0,2003,0.0,0,0,0,0,5,0,5,0,5
0.0,2003,0.0,0,0,0,0,0,0,0,0,0
0.0,2003,0.0,0,0,0,0,0,0,0,0,0
0.0,2003,0.0,0,0,1,0,0,0,1,0,1
0.0,2003,0.0,0,0,1,0,5,1,6,1,7
0.0,2003,0.0,0,0,0,0,0,0,0,0,0
0.0,2003,0.0,0,0,1,0,5,1,6,1,7
0.0,2003,0.0,0,0,0,0,0,0,0,0,0
0.0,2003,0.0,0,0,0,0,0,0,0,0,0
0.0,2003,0.0,0,0,0,0,0,0,0,0,0
0.0,2003,0.0,0,0,0,0,0,0,0,0,0
0.0,2003,0.0,0,0,0,0,0,0,0,0,0
0.0,2003,0.0,0,0,2,0,0,0,2,0,2
0.0,2003,0.0,0,0,0,0,0,0,0,0,0
0.0,2003,0.0,0,0,0,0,0,0,0,0,0
0.0,2003,0.0,0,0,0,0,0,0,0,0,0
0.0,2003,0.0,0,0,0,0,0,0,0,0,0
0.0,2003,0.0,0,0,0,0,0,0,0,0,0
0.0,2003,0.0,0,0,0,0,0,0,0,0,0
0.0,2003,0.0,0,0,2,0,2,0,4,0,4
0.0,2003,0.0,0,1,8,0,22,1,30,2,32
0.0,2004,0.0,0,0,2,1,0,0,2,1,3
0.0,2004,0.0,0,0,0,0,0,0,0,0,0
0.0,2004,0.0,0,0,0,0,0,0,0,0,0
0.0,2004,0.0,0,0,5,0,2,0,7,0,7
0.0,2004,0.0,0,0,0,0,0,0,0,0,0
0.0,2004,0.0,0,0,5,0,2,0,7,0,7
0.0,2004,0.0,0,0,0,0,0,0,0,0,0
0.0,2004,0.0,0,0,0,0,0,0,0,0,0
0.0,2004,0.0,0,0,0,0,0,0,0,0,0
0.0,2004,0.0,0,0,0,0,0,0,0,0,0
0.0,2004,0.0,0,0,0,0,2,0,2,0,2
0.0,2004,0.0,0,0,0,0,2,0,2,0,2
0.0,2004,0.0,0,0,1,0,0,0,1,0,1
0.0,2004,0.0,0,0,7,0,13,0,20,0,20
0.0,2004,0.0,0,0,4,0,1,0,5,0,5
0.0,2004,0.0,0,0,3,0,12,0,15,0,15
0.0,2004,0.0,0,0,0,0,0,0,0,0,0
0.0,2004,0.0,0,0,0,0,0,0,0,0,0
0.0,2004,0.0,0,0,0,0,0,0,0,0,0
0.0,2004,0.0,0,0,0,0,0,0,0,0,0
0.0,2004,0.0,0,0,0,0,0,0,0,0,0
0.0,2004,0.0,0,0,0,0,3,0,3,0,3
0.0,2004,0.0,0,0,0,0,0,0,0,0,0
0.0,2004,0.0,0,0,0,0,0,0,0,0,0
0.0,2004,0.0,0,0,0,0,0,0,0,0,0
0.0,2004,0.0,0,0,0,0,0,0,0,0,0
0.0,2004,0.0,0,0,0,0,0,0,0,0,0
0.0,2004,0.0,0,0,0,0,0,0,0,0,0
0.0,2004,0.0,4,0,9,0,2,0,15,0,15
0.0,2004,0.0,4,0,24,1,24,0,52,1,53
0.0,2005,0.0,0,0,1,0,6,0,7,0,7
0.0,2005,0.0,0,0,0,0,0,0,0,0,0
0.0,2005,0.0,0,0,0,0,0,0,0,0,0
0.0,2005,0.0,0,0,3,0,9,0,12,0,12
0.0,2005,0.0,0,0,0,0,0,0,0,0,0
0.0,2005,0.0,0,0,3,0,9,0,12,0,12
0.0,2005,0.0,0,0,0,0,1,0,1,0,1
0.0,2005,0.0,0,0,0,0,1,0,1,0,1
0.0,2005,0.0,0,0,0,0,0,0,0,0,0
0.0,2005,0.0,0,0,5,0,5,0,10,0,10
0.0,2005,0.0,0,0,0,0,0,0,0,0,0
0.0,2005,0.0,0,0,1,0,2,0,3,0,3
0.0,2005,0.0,4,0,8,0,1,0,13,0,13
0.0,2005,0.0,6,0,11,0,6,0,23,0,23
0.0,2005,0.0,0,0,2,0,0,0,2,0,2
0.0,2005,0.0,6,0,9,0,6,0,21,0,21
0.0,2005,0.0,0,0,0,0,0,0,0,0,0
0.0,2005,0.0,0,0,0,0,0,0,0,0,0
0.0,2005,0.0,0,0,0,0,0,0,0,0,0
0.0,2005,0.0,0,0,0,0,0,0,0,0,0
0.0,2005,0.0,0,0,0,0,0,0,0,0,0
0.0,2005,0.0,0,0,0,0,4,0,4,0,4
0.0,2005,0.0,0,0,0,0,0,0,0,0,0
0.0,2005,0.0,0,0,0,0,0,0,0,0,0
0.0,2005,0.0,0,0,0,0,0,0,0,0,0
0.0,2005,0.0,0,0,0,0,0,0,0,0,0
0.0,2005,0.0,0,0,0,0,0,0,0,0,0
0.0,2005,0.0,0,0,0,0,0,0,0,0,0
0.0,2005,0.0,4,0,9,0,9,0,22,0,22
0.0,2005,0.0,14,0,38,0,43,0,95,0,95
0.0,2006,0.0,3,0,4,0,3,0,10,0,10
0.0,2006,0.0,0,0,0,0,0,0,0,0,0
0.0,2006,0.0,0,0,0,0,0,0,0,0,0
0.0,2006,0.0,0,0,2,0,2,0,4,0,4
0.0,2006,0.0,0,0,0,0,0,0,0,0,0
0.0,2006,0.0,0,0,2,0,2,0,4,0,4
0.0,2006,0.0,0,0,0,0,0,0,0,0,0
0.0,2006,0.0,0,0,0,0,0,0,0,0,0
0.0,2006,0.0,0,0,0,0,0,0,0,0,0
0.0,2006,0.0,0,0,4,0,3,0,7,0,7
0.0,2006,0.0,0,0,0,0,0,0,0,0,0
0.0,2006,0.0,0,0,1,0,0,0,1,0,1
0.0,2006,0.0,0,0,5,0,3,0,8,0,8
0.0,2006,0.0,1,0,4,1,10,0,15,1,16
0.0,2006,0.0,0,0,0,0,0,0,0,0,0
0.0,2006,0.0,1,0,4,1,10,0,15,1,16
0.0,2006,0.0,0,0,0,0,0,0,0,0,0
0.0,2006,0.0,0,0,0,0,0,0,0,0,0
0.0,2006,0.0,0,0,0,0,0,0,0,0,0
0.0,2006,0.0,0,0,0,0,0,0,0,0,0
0.0,2006,0.0,0,0,0,0,0,0,0,0,0
0.0,2006,0.0,0,0,0,0,0,0,0,0,0
0.0,2006,0.0,0,0,0,0,0,0,0,0,0
0.0,2006,0.0,0,0,0,0,0,0,0,0,0
0.0,2006,0.0,0,0,0,0,0,0,0,0,0
0.0,2006,0.0,0,0,0,0,0,0,0,0,0
0.0,2006,0.0,0,0,0,0,0,0,0,0,0
0.0,2006,0.0,0,0,0,0,0,0,0,0,0
0.0,2006,0.0,0,0,1,0,11,0,12,0,12
0.0,2006,0.0,4,0,21,1,32,0,57,1,58
0.0,2007,0.0,1,0,1,0,1,0,3,0,3
0.0,2007,0.0,0,0,1,0,1,0,2,0,2
0.0,2007,0.0,0,0,0,0,0,0,0,0,0
0.0,2007,0.0,1,0,5,0,3,0,9,0,9
0.0,2007,0.0,0,0,0,0,0,0,0,0,0
0.0,2007,0.0,1,0,5,0,3,0,9,0,9
0.0,2007,0.0,0,0,0,0,0,0,0,0,0
0.0,2007,0.0,0,0,0,0,0,0,0,0,0
0.0,2007,0.0,0,0,0,0,0,0,0,0,0
0.0,2007,0.0,1,0,3,0,0,0,4,0,4
0.0,2007,0.0,0,0,0,0,0,0,0,0,0
0.0,2007,0.0,0,0,1,0,0,0,1,0,1
0.0,2007,0.0,0,0,1,0,14,0,15,0,15
0.0,2007,0.0,0,0,2,0,25,3,27,3,30
0.0,2007,0.0,0,0,0,0,1,0,1,0,1
0.0,2007,0.0,0,0,2,0,24,3,26,3,29
0.0,2007,0.0,0,0,0,0,0,0,0,0,0
0.0,2007,0.0,0,0,0,0,0,0,0,0,0
0.0,2007,0.0,0,0,0,0,0,0,0,0,0
0.0,2007,0.0,0,0,0,0,0,0,0,0,0
0.0,2007,0.0,0,0,3,0,2,0,5,0,5
0.0,2007,0.0,0,0,0,1,0,0,0,1,1
0.0,2007,0.0,0,0,0,0,0,0,0,0,0
0.0,2007,0.0,0,0,0,0,3,0,3,0,3
0.0,2007,0.0,0,0,0,0,0,0,0,0,0
0.0,2007,0.0,0,0,0,0,0,0,0,0,0
0.0,2007,0.0,0,0,0,0,0,0,0,0,0
0.0,2007,0.0,0,0,0,2,0,1,0,3,3
0.0,2007,0.0,0,0,5,1,20,3,25,4,29
0.0,2007,0.0,3,0,22,4,69,7,94,11,105
0.0,2008,0.0,0,0,1,0,11,0,12,0,12
0.0,2008,0.0,0,0,3,0,8,0,11,0,11
0.0,2008,0.0,0,0,0,0,0,0,0,0,0
0.0,2008,0.0,1,0,3,0,8,0,12,0,12
0.0,2008,0.0,0,0,0,0,0,0,0,0,0
0.0,2008,0.0,1,0,3,0,8,0,12,0,12
0.0,2008,0.0,0,0,0,0,4,3,4,3,7
0.0,2008,0.0,0,0,0,0,1,3,1,3,4
0.0,2008,0.0,0,0,0,0,3,0,3,0,3
0.0,2008,0.0,0,0,5,0,6,0,11,0,11
0.0,2008,0.0,0,0,0,0,0,0,0,0,0
0.0,2008,0.0,0,0,0,0,1,0,1,0,1
0.0,2008,0.0,0,0,0,0,1,0,1,0,1
0.0,2008,0.0,2,0,8,0,23,0,33,0,33
0.0,2008,0.0,0,0,0,0,3,0,3,0,3
0.0,2008,0.0,2,0,8,0,20,0,30,0,30
0.0,2008,0.0,0,0,0,0,0,0,0,0,0
0.0,2008,0.0,0,0,0,0,0,0,0,0,0
0.0,2008,0.0,0,0,0,0,0,0,0,0,0
0.0,2008,0.0,0,0,0,0,0,0,0,0,0
0.0,2008,0.0,0,0,0,0,0,0,0,0,0
0.0,2008,0.0,0,0,0,0,1,0,1,0,1
0.0,2008,0.0,0,0,0,0,0,0,0,0,0
0.0,2008,0.0,0,0,0,0,1,0,1,0,1
0.0,2008,0.0,0,0,0,0,0,0,0,0,0
0.0,2008,0.0,0,0,0,0,0,0,0,0,0
0.0,2008,0.0,0,0,0,0,0,0,0,0,0
0.0,2008,0.0,0,0,0,0,0,0,0,0,0
0.0,2008,0.0,0,0,4,0,37,0,41,0,41
0.0,2008,0.0,3,0,24,0,101,3,128,3,131
0.0,2009,0.0,0,0,3,1,6,0,9,1,10
0.0,2009,0.0,0,0,0,0,0,0,0,0,0
0.0,2009,0.0,0,0,0,0,0,0,0,0,0
0.0,2009,0.0,0,0,3,0,2,0,5,0,5
0.0,2009,0.0,0,0,0,0,0,0,0,0,0
0.0,2009,0.0,0,0,3,0,2,0,5,0,5
0.0,2009,0.0,0,0,0,0,0,0,0,0,0
0.0,2009,0.0,0,0,0,0,0,0,0,0,0
0.0,2009,0.0,0,0,0,0,0,0,0,0,0
0.0,2009,0.0,0,0,1,0,2,0,3,0,3
0.0,2009,0.0,0,0,0,0,0,0,0,0,0
0.0,2009,0.0,0,0,0,0,1,0,1,0,1
0.0,2009,0.0,2,0,3,0,11,0,16,0,16
0.0,2009,0.0,0,0,11,0,20,1,31,1,32
0.0,2009,0.0,0,0,0,0,0,0,0,0,0
0.0,2009,0.0,0,0,11,0,20,1,31,1,32
0.0,2009,0.0,0,0,0,0,0,0,0,0,0
0.0,2009,0.0,0,0,0,0,0,0,0,0,0
0.0,2009,0.0,0,0,0,0,0,0,0,0,0
0.0,2009,0.0,0,0,0,0,0,0,0,0,0
0.0,2009,0.0,0,0,0,0,1,0,1,0,1
0.0,2009,0.0,0,0,3,0,6,0,9,0,9
0.0,2009,0.0,0,0,0,0,0,0,0,0,0
0.0,2009,0.0,0,0,0,0,0,0,0,0,0
0.0,2009,0.0,0,0,0,0,0,0,0,0,0
0.0,2009,0.0,0,0,0,0,0,0,0,0,0
0.0,2009,0.0,0,0,0,0,0,0,0,0,0
0.0,2009,0.0,0,0,0,0,0,0,0,0,0
0.0,2009,0.0,0,0,1,0,9,0,10,0,10
0.0,2009,0.0,2,0,25,1,58,1,85,2,87
0.0,2010,0.0,0,0,1,0,0,0,1,0,1
0.0,2010,0.0,0,0,4,0,0,0,4,0,4
0.0,2010,0.0,0,0,0,0,0,0,0,0,0
0.0,2010,0.0,0,0,11,0,4,0,15,0,15
0.0,2010,0.0,0,0,0,0,0,0,0,0,0
0.0,2010,0.0,0,0,11,0,4,0,15,0,15
0.0,2010,0.0,0,0,0,0,0,0,0,0,0
0.0,2010,0.0,0,0,0,0,0,0,0,0,0
0.0,2010,0.0,0,0,0,0,0,0,0,0,0
0.0,2010,0.0,0,0,8,0,0,0,8,0,8
0.0,2010,0.0,0,0,0,0,0,0,0,0,0
0.0,2010,0.0,0,0,1,0,0,0,1,0,1
0.0,2010,0.0,3,0,16,0,1,0,20,0,20
0.0,2010,0.0,2,0,11,0,15,0,28,0,28
0.0,2010,0.0,0,0,2,0,0,0,2,0,2
0.0,2010,0.0,2,0,9,0,15,0,26,0,26
0.0,2010,0.0,0,0,0,0,0,0,0,0,0
0.0,2010,0.0,0,0,0,0,1,0,1,0,1
0.0,2010,0.0,0,0,0,0,0,0,0,0,0
0.0,2010,0.0,0,0,0,0,0,0,0,0,0
0.0,2010,0.0,0,0,0,0,1,0,1,0,1
0.0,2010,0.0,0,0,3,0,1,0,4,0,4
0.0,2010,0.0,0,0,0,0,0,0,0,0,0
0.0,2010,0.0,0,0,0,0,0,0,0,0,0
0.0,2010,0.0,0,0,0,0,0,0,0,0,0
0.0,2010,0.0,0,0,0,0,0,0,0,0,0
0.0,2010,0.0,0,0,0,0,0,0,0,0,0
0.0,2010,0.0,0,0,0,0,0,0,0,0,0
0.0,2010,0.0,2,0,12,0,13,0,27,0,27
0.0,2010,0.0,7,0,67,0,36,0,110,0,110
0.0,2001,0.0,0,0,0,0,0,0,0,0,0
0.0,2001,0.0,0,0,0,0,0,0,0,0,0
0.0,2001,0.0,0,0,0,0,0,0,0,0,0
0.0,2001,0.0,0,0,1,0,0,0,1,0,1
0.0,2001,0.0,0,0,0,0,0,0,0,0,0
0.0,2001,0.0,0,0,1,0,0,0,1,0,1
0.0,2001,0.0,0,0,0,0,0,0,0,0,0
0.0,2001,0.0,0,0,0,0,0,0,0,0,0
0.0,2001,0.0,0,0,0,0,0,0,0,0,0
0.0,2001,0.0,0,0,0,0,0,0,0,0,0
0.0,2001,0.0,0,0,0,0,0,0,0,0,0
0.0,2001,0.0,0,0,0,0,0,0,0,0,0
0.0,2001,0.0,2,0,6,0,0,0,8,0,8
0.0,2001,0.0,0,0,8,0,2,3,10,3,13
0.0,2001,0.0,0,0,6,0,0,1,6,1,7
0.0,2001,0.0,0,0,2,0,2,2,4,2,6
0.0,2001,0.0,0,0,0,0,0,0,0,0,0
0.0,2001,0.0,0,0,0,0,0,0,0,0,0
0.0,2001,0.0,0,0,0,0,0,0,0,0,0
0.0,2001,0.0,0,0,0,0,0,0,0,0,0
0.0,2001,0.0,0,0,0,0,0,0,0,0,0
0.0,2001,0.0,0,0,0,0,0,0,0,0,0
0.0,2001,0.0,0,0,0,0,0,0,0,0,0
0.0,2001,0.0,1,0,0,0,0,0,1,0,1
0.0,2001,0.0,0,0,0,0,0,0,0,0,0
0.0,2001,0.0,0,0,0,0,0,0,0,0,0
0.0,2001,0.0,0,0,0,0,0,0,0,0,0
0.0,2001,0.0,0,0,0,0,0,0,0,0,0
0.0,2001,0.0,2,0,3,1,2,0,7,1,8
0.0,2001,0.0,5,0,18,1,4,3,27,4,31
0.0,2002,0.0,1,0,0,0,1,1,2,1,3
0.0,2002,0.0,0,0,0,0,0,0,0,0,0
0.0,2002,0.0,0,0,0,0,0,0,0,0,0
0.0,2002,0.0,1,0,7,0,0,0,8,0,8
0.0,2002,0.0,0,0,0,0,0,0,0,0,0
0.0,2002,0.0,1,0,7,0,0,0,8,0,8
0.0,2002,0.0,0,0,0,0,0,0,0,0,0
0.0,2002,0.0,0,0,0,0,0,0,0,0,0
0.0,2002,0.0,0,0,0,0,0,0,0,0,0
0.0,2002,0.0,0,0,0,0,0,0,0,0,0
0.0,2002,0.0,0,0,0,0,0,0,0,0,0
0.0,2002,0.0,0,0,0,0,0,0,0,0,0
0.0,2002,0.0,0,0,0,0,7,1,7,1,8
0.0,2002,0.0,0,0,3,0,17,0,20,0,20
0.0,2002,0.0,0,0,0,0,0,0,0,0,0
0.0,2002,0.0,0,0,3,0,17,0,20,0,20
0.0,2002,0.0,0,0,0,0,0,0,0,0,0
0.0,2002,0.0,0,0,0,0,0,0,0,0,0
0.0,2002,0.0,0,0,0,0,0,0,0,0,0
0.0,2002,0.0,0,0,0,0,0,0,0,0,0
0.0,2002,0.0,0,0,0,0,0,0,0,0,0
0.0,2002,0.0,0,0,0,0,0,0,0,0,0
0.0,2002,0.0,0,0,0,0,0,0,0,0,0
0.0,2002,0.0,0,0,0,0,0,0,0,0,0
0.0,2002,0.0,0,0,0,0,0,0,0,0,0
0.0,2002,0.0,0,0,0,0,0,0,0,0,0
0.0,2002,0.0,0,0,0,0,0,0,0,0,0
0.0,2002,0.0,0,0,0,0,0,0,0,0,0
0.0,2002,0.0,0,0,5,0,5,0,10,0,10
0.0,2002,0.0,2,0,15,0,30,2,47,2,49
0.0,2003,0.0,0,0,0,1,0,0,0,1,1
0.0,2003,0.0,0,0,0,0,0,0,0,0,0
0.0,2003,0.0,0,0,0,0,0,0,0,0,0
0.0,2003,0.0,0,0,0,0,3,0,3,0,3
0.0,2003,0.0,0,0,0,0,0,0,0,0,0
0.0,2003,0.0,0,0,0,0,3,0,3,0,3
0.0,2003,0.0,0,0,0,0,0,0,0,0,0
0.0,2003,0.0,0,0,0,0,0,0,0,0,0
0.0,2003,0.0,0,0,0,0,0,0,0,0,0
0.0,2003,0.0,0,0,0,0,1,0,1,0,1
0.0,2003,0.0,0,0,0,0,0,0,0,0,0
0.0,2003,0.0,0,0,0,0,0,0,0,0,0
0.0,2003,0.0,1,0,7,0,5,0,13,0,13
0.0,2003,0.0,0,0,7,0,5,0,12,0,12
0.0,2003,0.0,0,0,0,0,0,0,0,0,0
0.0,2003,0.0,0,0,7,0,5,0,12,0,12
0.0,2003,0.0,0,0,0,0,0,0,0,0,0
0.0,2003,0.0,0,0,0,0,0,0,0,0,0
0.0,2003,0.0,0,0,0,0,0,0,0,0,0
0.0,2003,0.0,0,0,0,0,0,0,0,0,0
0.0,2003,0.0,0,0,0,0,0,0,0,0,0
0.0,2003,0.0,0,0,0,0,2,0,2,0,2
0.0,2003,0.0,0,0,0,0,0,0,0,0,0
0.0,2003,0.0,0,0,0,0,1,0,1,0,1
0.0,2003,0.0,0,0,0,0,0,0,0,0,0
0.0,2003,0.0,0,0,0,0,0,0,0,0,0
0.0,2003,0.0,0,0,0,0,0,0,0,0,0
0.0,2003,0.0,0,0,0,0,0,0,0,0,0
0.0,2003,0.0,0,0,5,0,10,0,15,0,15
0.0,2003,0.0,1,0,19,1,27,0,47,1,48
0.0,2004,0.0,0,0,0,0,1,0,1,0,1
0.0,2004,0.0,1,0,1,0,1,0,3,0,3
0.0,2004,0.0,0,0,0,0,0,0,0,0,0
0.0,2004,0.0,0,0,1,0,1,0,2,0,2
0.0,2004,0.0,0,0,0,0,0,0,0,0,0
0.0,2004,0.0,0,0,1,0,1,0,2,0,2
0.0,2004,0.0,0,0,1,0,0,0,1,0,1
0.0,2004,0.0,0,0,0,0,0,0,0,0,0
0.0,2004,0.0,0,0,1,0,0,0,1,0,1
0.0,2004,0.0,0,0,0,0,0,0,0,0,0
0.0,2004,0.0,0,0,0,0,0,0,0,0,0
0.0,2004,0.0,0,0,0,0,0,0,0,0,0
0.0,2004,0.0,0,0,30,2,50,0,80,2,82
0.0,2004,0.0,0,0,180,80,0,0,180,80,260
0.0,2004,0.0,0,0,0,0,0,0,0,0,0
0.0,2004,0.0,0,0,180,80,0,0,180,80,260
0.0,2004,0.0,0,0,0,0,0,0,0,0,0
0.0,2004,0.0,0,0,2,0,3,0,5,0,5
0.0,2004,0.0,0,0,8,2,0,0,8,2,10
0.0,2004,0.0,0,0,0,0,0,0,0,0,0
0.0,2004,0.0,0,0,2,0,3,0,5,0,5
0.0,2004,0.0,0,2,15,0,0,0,15,2,17
0.0,2004,0.0,0,0,0,0,0,0,0,0,0
0.0,2004,0.0,2,0,8,1,10,0,20,1,21
0.0,2004,0.0,0,0,0,0,0,0,0,0,0
0.0,2004,0.0,0,0,0,0,0,0,0,0,0
0.0,2004,0.0,0,0,0,0,0,0,0,0,0
0.0,2004,0.0,0,0,0,0,0,0,0,0,0
0.0,2004,0.0,180,20,0,0,0,0,180,20,200
0.0,2004,0.0,183,22,248,85,69,0,500,107,607
0.0,2005,0.0,0,0,0,0,0,0,0,0,0
0.0,2005,0.0,0,0,0,0,3,0,3,0,3
0.0,2005,0.0,0,0,0,0,0,0,0,0,0
0.0,2005,0.0,0,0,0,0,4,0,4,0,4
0.0,2005,0.0,0,0,0,0,0,0,0,0,0
0.0,2005,0.0,0,0,0,0,4,0,4,0,4
0.0,2005,0.0,0,0,0,0,0,0,0,0,0
0.0,2005,0.0,0,0,0,0,0,0,0,0,0
0.0,2005,0.0,0,0,0,0,0,0,0,0,0
0.0,2005,0.0,0,0,0,0,0,0,0,0,0
0.0,2005,0.0,0,0,0,0,0,0,0,0,0
0.0,2005,0.0,0,0,0,0,0,0,0,0,0
0.0,2005,0.0,0,0,3,0,32,0,35,0,35
0.0,2005,0.0,0,0,3,18,132,62,135,80,215
0.0,2005,0.0,0,0,0,0,0,0,0,0,0
0.0,2005,0.0,0,0,3,18,132,62,135,80,215
0.0,2005,0.0,0,0,0,0,0,0,0,0,0
0.0,2005,0.0,0,0,0,0,4,2,4,2,6
0.0,2005,0.0,0,0,2,0,5,5,7,5,12
0.0,2005,0.0,0,0,0,0,0,0,0,0,0
0.0,2005,0.0,0,0,0,0,0,0,0,0,0
0.0,2005,0.0,0,0,2,0,46,0,48,0,48
0.0,2005,0.0,0,0,0,0,0,0,0,0,0
0.0,2005,0.0,0,0,0,0,0,0,0,0,0
0.0,2005,0.0,0,0,0,0,0,0,0,0,0
0.0,2005,0.0,0,0,0,0,0,0,0,0,0
0.0,2005,0.0,0,0,0,0,0,0,0,0,0
0.0,2005,0.0,0,0,0,0,0,0,0,0,0
0.0,2005,0.0,0,0,0,0,0,0,0,0,0
0.0,2005,0.0,0,0,10,18,226,69,236,87,323
0.0,2006,0.0,0,0,0,0,0,0,0,0,0
0.0,2006,0.0,0,0,0,0,0,0,0,0,0
0.0,2006,0.0,0,0,0,0,0,0,0,0,0
0.0,2006,0.0,0,0,0,0,2,0,2,0,2
0.0,2006,0.0,0,0,0,0,0,0,0,0,0
0.0,2006,0.0,0,0,0,0,2,0,2,0,2
0.0,2006,0.0,0,0,0,0,0,0,0,0,0
0.0,2006,0.0,0,0,0,0,0,0,0,0,0
0.0,2006,0.0,0,0,0,0,0,0,0,0,0
0.0,2006,0.0,0,0,0,0,0,0,0,0,0
0.0,2006,0.0,0,0,0,0,0,0,0,0,0
0.0,2006,0.0,0,0,0,0,1,0,1,0,1
0.0,2006,0.0,1,0,7,0,3,0,11,0,11
0.0,2006,0.0,0,0,11,0,5,0,16,0,16
0.0,2006,0.0,0,0,0,0,0,0,0,0,0
0.0,2006,0.0,0,0,11,0,5,0,16,0,16
0.0,2006,0.0,0,0,0,0,0,0,0,0,0
0.0,2006,0.0,0,0,0,0,0,0,0,0,0
0.0,2006,0.0,0,0,0,0,0,0,0,0,0
0.0,2006,0.0,0,0,0,0,0,0,0,0,0
0.0,2006,0.0,0,0,0,0,0,0,0,0,0
0.0,2006,0.0,0,0,0,0,0,0,0,0,0
0.0,2006,0.0,0,0,0,0,0,0,0,0,0
0.0,2006,0.0,0,0,0,0,0,0,0,0,0
0.0,2006,0.0,0,0,0,0,0,0,0,0,0
0.0,2006,0.0,0,0,0,0,0,0,0,0,0
0.0,2006,0.0,0,0,0,0,0,0,0,0,0
0.0,2006,0.0,0,0,0,0,0,0,0,0,0
0.0,2006,0.0,0,0,19,0,31,3,50,3,53
0.0,2006,0.0,1,0,37,0,42,3,80,3,83
0.0,2007,0.0,0,0,0,0,0,0,0,0,0
0.0,2007,0.0,0,0,0,0,0,0,0,0,0
0.0,2007,0.0,0,0,0,0,0,0,0,0,0
0.0,2007,0.0,2,0,2,0,2,0,6,0,6
0.0,2007,0.0,0,0,0,0,0,0,0,0,0
0.0,2007,0.0,2,0,2,0,2,0,6,0,6
0.0,2007,0.0,0,0,0,0,0,0,0,0,0
0.0,2007,0.0,0,0,0,0,0,0,0,0,0
0.0,2007,0.0,0,0,0,0,0,0,0,0,0
0.0,2007,0.0,0,0,0,0,0,0,0,0,0
0.0,2007,0.0,0,0,0,0,0,0,0,0,0
0.0,2007,0.0,0,0,1,0,0,0,1,0,1
0.0,2007,0.0,0,0,13,0,15,0,28,0,28
0.0,2007,0.0,11,0,23,1,2,1,36,2,38
0.0,2007,0.0,0,0,0,0,0,0,0,0,0
0.0,2007,0.0,11,0,23,1,2,1,36,2,38
0.0,2007,0.0,0,0,0,0,0,0,0,0,0
0.0,2007,0.0,0,0,0,0,0,0,0,0,0
0.0,2007,0.0,0,0,0,0,0,0,0,0,0
0.0,2007,0.0,0,0,0,0,0,0,0,0,0
0.0,2007,0.0,0,0,0,0,0,0,0,0,0
0.0,2007,0.0,1,0,0,0,0,0,1,0,1
0.0,2007,0.0,0,0,0,0,0,0,0,0,0
0.0,2007,0.0,0,0,1,0,0,0,1,0,1
0.0,2007,0.0,0,0,0,0,0,0,0,0,0
0.0,2007,0.0,0,0,0,0,0,0,0,0,0
0.0,2007,0.0,0,0,0,0,0,0,0,0,0
0.0,2007,0.0,0,0,0,0,0,0,0,0,0
0.0,2007,0.0,0,0,2,0,2,1,4,1,5
0.0,2007,0.0,14,0,42,1,21,2,77,3,80
0.0,2008,0.0,0,0,0,0,0,0,0,0,0
0.0,2008,0.0,0,0,0,0,0,0,0,0,0
0.0,2008,0.0,0,0,0,0,0,0,0,0,0
0.0,2008,0.0,0,0,1,0,0,0,1,0,1
0.0,2008,0.0,0,0,0,0,0,0,0,0,0
0.0,2008,0.0,0,0,1,0,0,0,1,0,1
0.0,2008,0.0,0,0,1,0,0,0,1,0,1
0.0,2008,0.0,0,0,0,0,0,0,0,0,0
0.0,2008,0.0,0,0,1,0,0,0,1,0,1
0.0,2008,0.0,0,0,0,0,0,0,0,0,0
0.0,2008,0.0,0,0,0,0,0,0,0,0,0
0.0,2008,0.0,0,0,0,0,0,0,0,0,0
0.0,2008,0.0,2,0,2,0,18,0,22,0,22
0.0,2008,0.0,2,0,2,0,21,0,25,0,25
0.0,2008,0.0,0,0,0,0,0,0,0,0,0
0.0,2008,0.0,2,0,2,0,21,0,25,0,25
0.0,2008,0.0,0,0,0,0,0,0,0,0,0
0.0,2008,0.0,0,0,0,0,0,0,0,0,0
0.0,2008,0.0,0,0,0,0,0,0,0,0,0
0.0,2008,0.0,0,0,0,0,0,0,0,0,0
0.0,2008,0.0,0,0,0,0,0,0,0,0,0
0.0,2008,0.0,0,0,1,0,1,0,2,0,2
0.0,2008,0.0,0,0,0,0,0,0,0,0,0
0.0,2008,0.0,0,0,1,0,1,0,2,0,2
0.0,2008,0.0,0,0,0,0,0,0,0,0,0
0.0,2008,0.0,0,0,0,0,0,0,0,0,0
0.0,2008,0.0,0,0,0,0,0,0,0,0,0
0.0,2008,0.0,0,0,0,0,0,0,0,0,0
0.0,2008,0.0,1,0,1,0,4,0,6,0,6
0.0,2008,0.0,5,0,9,0,45,0,59,0,59
0.0,2009,0.0,0,0,0,0,0,0,0,0,0
0.0,2009,0.0,0,0,0,0,0,0,0,0,0
0.0,2009,0.0,0,0,0,0,0,0,0,0,0
0.0,2009,0.0,0,0,0,0,1,0,1,0,1
0.0,2009,0.0,0,0,0,0,0,0,0,0,0
0.0,2009,0.0,0,0,0,0,1,0,1,0,1
0.0,2009,0.0,0,0,0,0,0,0,0,0,0
0.0,2009,0.0,0,0,0,0,0,0,0,0,0
0.0,2009,0.0,0,0,0,0,0,0,0,0,0
0.0,2009,0.0,0,0,0,0,0,0,0,0,0
0.0,2009,0.0,0,0,0,0,0,0,0,0,0
0.0,2009,0.0,0,0,0,0,0,0,0,0,0
0.0,2009,0.0,5,0,1,0,3,0,9,0,9
0.0,2009,0.0,3,0,6,0,0,0,9,0,9
0.0,2009,0.0,0,0,2,0,0,0,2,0,2
0.0,2009,0.0,3,0,4,0,0,0,7,0,7
0.0,2009,0.0,0,0,0,0,0,0,0,0,0
0.0,2009,0.0,0,0,0,0,0,0,0,0,0
0.0,2009,0.0,0,0,0,0,0,0,0,0,0
0.0,2009,0.0,0,0,0,0,0,0,0,0,0
0.0,2009,0.0,0,0,0,0,0,0,0,0,0
0.0,2009,0.0,0,0,0,0,0,0,0,0,0
0.0,2009,0.0,0,0,0,0,0,0,0,0,0
0.0,2009,0.0,0,0,0,0,0,0,0,0,0
0.0,2009,0.0,0,0,0,0,0,0,0,0,0
0.0,2009,0.0,0,0,0,0,0,0,0,0,0
0.0,2009,0.0,0,0,0,0,0,0,0,0,0
0.0,2009,0.0,0,0,0,0,0,0,0,0,0
0.0,2009,0.0,0,0,0,0,0,0,0,0,0
0.0,2009,0.0,8,0,7,0,4,0,19,0,19
0.0,2010,0.0,0,0,1,0,0,0,1,0,1
0.0,2010,0.0,0,0,0,0,0,0,0,0,0
0.0,2010,0.0,0,0,0,0,0,0,0,0,0
0.0,2010,0.0,0,0,4,0,0,0,4,0,4
0.0,2010,0.0,0,0,0,0,0,0,0,0,0
0.0,2010,0.0,0,0,4,0,0,0,4,0,4
0.0,2010,0.0,0,0,0,0,0,0,0,0,0
0.0,2010,0.0,0,0,0,0,0,0,0,0,0
0.0,2010,0.0,0,0,0,0,0,0,0,0,0
0.0,2010,0.0,0,0,0,0,0,0,0,0,0
0.0,2010,0.0,0,0,0,0,0,0,0,0,0
0.0,2010,0.0,0,0,0,0,0,0,0,0,0
0.0,2010,0.0,0,0,5,0,3,0,8,0,8
0.0,2010,0.0,5,0,19,0,25,5,49,5,54
0.0,2010,0.0,0,0,0,0,0,0,0,0,0
0.0,2010,0.0,5,0,19,0,25,5,49,5,54
0.0,2010,0.0,0,0,0,0,0,0,0,0,0
0.0,2010,0.0,0,0,0,0,0,0,0,0,0
0.0,2010,0.0,0,0,0,0,0,0,0,0,0
0.0,2010,0.0,0,0,0,0,0,0,0,0,0
0.0,2010,0.0,0,0,0,0,0,0,0,0,0
0.0,2010,0.0,0,0,0,0,0,0,0,0,0
0.0,2010,0.0,0,0,0,0,0,0,0,0,0
0.0,2010,0.0,0,0,0,0,0,0,0,0,0
0.0,2010,0.0,0,0,0,0,0,0,0,0,0
0.0,2010,0.0,0,0,0,0,0,0,0,0,0
0.0,2010,0.0,0,0,0,0,0,0,0,0,0
0.0,2010,0.0,0,0,0,0,0,0,0,0,0
0.0,2010,0.0,2,0,2,0,2,3,6,3,9
0.0,2010,0.0,7,0,31,0,30,8,68,8,76
0.0,2001,0.0,0,0,0,0,0,0,0,0,0
0.0,2001,0.0,0,0,0,0,0,0,0,0,0
0.0,2001,0.0,0,0,0,0,0,0,0,0,0
0.0,2001,0.0,0,0,0,0,0,0,0,0,0
0.0,2001,0.0,0,0,0,0,0,0,0,0,0
0.0,2001,0.0,0,0,0,0,0,0,0,0,0
0.0,2001,0.0,0,0,0,0,0,0,0,0,0
0.0,2001,0.0,0,0,0,0,0,0,0,0,0
0.0,2001,0.0,0,0,0,0,0,0,0,0,0
0.0,2001,0.0,0,0,0,0,0,0,0,0,0
0.0,2001,0.0,0,0,0,0,0,0,0,0,0
0.0,2001,0.0,0,0,2,0,0,0,2,0,2
0.0,2001,0.0,0,0,0,0,0,0,0,0,0
0.0,2001,0.0,0,0,5,0,3,0,8,0,8
0.0,2001,0.0,0,0,0,0,0,0,0,0,0
0.0,2001,0.0,0,0,5,0,3,0,8,0,8
0.0,2001,0.0,0,0,0,0,0,0,0,0,0
0.0,2001,0.0,0,0,0,0,0,0,0,0,0
0.0,2001,0.0,0,0,0,0,0,0,0,0,0
0.0,2001,0.0,0,0,0,0,0,0,0,0,0
0.0,2001,0.0,0,0,0,0,0,0,0,0,0
0.0,2001,0.0,0,0,1,0,0,0,1,0,1
0.0,2001,0.0,0,0,0,0,0,0,0,0,0
0.0,2001,0.0,0,0,0,0,0,0,0,0,0
0.0,2001,0.0,0,0,0,0,0,0,0,0,0
0.0,2001,0.0,0,0,0,0,0,0,0,0,0
0.0,2001,0.0,0,0,0,0,0,0,0,0,0
0.0,2001,0.0,0,0,0,0,0,0,0,0,0
0.0,2001,0.0,0,0,8,2,0,0,8,2,10
0.0,2001,0.0,0,0,16,2,3,0,19,2,21
0.0,2002,0.0,0,0,0,0,0,0,0,0,0
0.0,2002,0.0,0,0,0,0,0,0,0,0,0
0.0,2002,0.0,0,0,0,0,0,0,0,0,0
0.0,2002,0.0,0,0,0,0,0,0,0,0,0
0.0,2002,0.0,0,0,0,0,0,0,0,0,0
0.0,2002,0.0,0,0,0,0,0,0,0,0,0
0.0,2002,0.0,0,0,0,0,0,0,0,0,0
0.0,2002,0.0,0,0,0,0,0,0,0,0,0
0.0,2002,0.0,0,0,0,0,0,0,0,0,0
0.0,2002,0.0,0,0,0,0,0,0,0,0,0
0.0,2002,0.0,0,0,0,0,0,0,0,0,0
0.0,2002,0.0,0,0,0,0,0,0,0,0,0
0.0,2002,0.0,0,0,0,0,1,0,1,0,1
0.0,2002,0.0,0,0,2,0,2,0,4,0,4
0.0,2002,0.0,0,0,0,0,0,0,0,0,0
0.0,2002,0.0,0,0,2,0,2,0,4,0,4
0.0,2002,0.0,0,0,0,0,0,0,0,0,0
0.0,2002,0.0,0,0,0,0,0,0,0,0,0
0.0,2002,0.0,0,0,0,0,0,0,0,0,0
0.0,2002,0.0,0,0,0,0,0,0,0,0,0
0.0,2002,0.0,0,0,0,0,0,0,0,0,0
0.0,2002,0.0,0,0,0,0,1,0,1,0,1
0.0,2002,0.0,0,0,0,0,0,0,0,0,0
0.0,2002,0.0,0,0,0,0,0,0,0,0,0
0.0,2002,0.0,0,0,0,0,0,0,0,0,0
0.0,2002,0.0,0,0,0,0,0,0,0,0,0
0.0,2002,0.0,0,0,0,0,0,0,0,0,0
0.0,2002,0.0,0,0,0,0,0,0,0,0,0
0.0,2002,0.0,0,0,3,0,0,0,3,0,3
0.0,2002,0.0,0,0,5,0,4,0,9,0,9
0.0,2003,0.0,0,0,0,0,0,0,0,0,0
0.0,2003,0.0,0,0,0,0,0,0,0,0,0
0.0,2003,0.0,0,0,0,0,0,0,0,0,0
0.0,2003,0.0,0,0,0,0,0,0,0,0,0
0.0,2003,0.0,0,0,0,0,0,0,0,0,0
0.0,2003,0.0,0,0,0,0,0,0,0,0,0
0.0,2003,0.0,0,0,0,0,0,0,0,0,0
0.0,2003,0.0,0,0,0,0,0,0,0,0,0
0.0,2003,0.0,0,0,0,0,0,0,0,0,0
0.0,2003,0.0,0,0,0,0,0,0,0,0,0
0.0,2003,0.0,0,0,0,0,0,0,0,0,0
0.0,2003,0.0,0,0,0,0,0,0,0,0,0
0.0,2003,0.0,0,0,0,0,0,0,0,0,0
0.0,2003,0.0,0,0,0,0,0,0,0,0,0
0.0,2003,0.0,0,0,0,0,0,0,0,0,0
0.0,2003,0.0,0,0,0,0,0,0,0,0,0
0.0,2003,0.0,0,0,0,0,0,0,0,0,0
0.0,2003,0.0,0,0,0,0,0,0,0,0,0
0.0,2003,0.0,0,0,0,0,0,0,0,0,0
0.0,2003,0.0,0,0,0,0,0,0,0,0,0
0.0,2003,0.0,0,0,0,0,0,0,0,0,0
0.0,2003,0.0,0,0,0,0,0,0,0,0,0
0.0,2003,0.0,0,0,0,0,0,0,0,0,0
0.0,2003,0.0,0,0,0,0,0,0,0,0,0
0.0,2003,0.0,0,0,0,0,0,0,0,0,0
0.0,2003,0.0,0,0,0,0,0,0,0,0,0
0.0,2003,0.0,0,0,0,0,0,0,0,0,0
0.0,2003,0.0,0,0,0,0,0,0,0,0,0
0.0,2003,0.0,0,0,0,0,0,0,0,0,0
0.0,2003,0.0,0,0,0,0,0,0,0,0,0
0.0,2004,0.0,0,0,0,0,0,0,0,0,0
0.0,2004,0.0,0,0,0,0,0,0,0,0,0
0.0,2004,0.0,0,0,0,0,0,0,0,0,0
0.0,2004,0.0,3,0,0,0,0,0,3,0,3
0.0,2004,0.0,0,0,0,0,0,0,0,0,0
0.0,2004,0.0,3,0,0,0,0,0,3,0,3
0.0,2004,0.0,0,0,0,0,0,0,0,0,0
0.0,2004,0.0,0,0,0,0,0,0,0,0,0
0.0,2004,0.0,0,0,0,0,0,0,0,0,0
0.0,2004,0.0,0,0,0,0,0,0,0,0,0
0.0,2004,0.0,0,0,0,0,0,0,0,0,0
0.0,2004,0.0,0,0,0,0,0,0,0,0,0
0.0,2004,0.0,0,0,0,0,0,0,0,0,0
0.0,2004,0.0,0,0,0,0,0,0,0,0,0
0.0,2004,0.0,0,0,0,0,0,0,0,0,0
0.0,2004,0.0,0,0,0,0,0,0,0,0,0
0.0,2004,0.0,0,0,0,0,0,0,0,0,0
0.0,2004,0.0,0,0,0,0,0,0,0,0,0
0.0,2004,0.0,0,0,0,0,0,0,0,0,0
0.0,2004,0.0,0,0,0,0,0,0,0,0,0
0.0,2004,0.0,0,0,0,0,0,0,0,0,0
0.0,2004,0.0,0,0,0,0,0,0,0,0,0
0.0,2004,0.0,0,0,0,0,0,0,0,0,0
0.0,2004,0.0,0,0,0,0,0,0,0,0,0
0.0,2004,0.0,0,0,0,0,0,0,0,0,0
0.0,2004,0.0,0,0,0,0,0,0,0,0,0
0.0,2004,0.0,0,0,0,0,0,0,0,0,0
0.0,2004,0.0,0,0,0,0,0,0,0,0,0
0.0,2004,0.0,0,0,0,0,0,0,0,0,0
0.0,2004,0.0,3,0,0,0,0,0,3,0,3
0.0,2005,0.0,0,0,0,0,0,0,0,0,0
0.0,2005,0.0,0,0,0,0,0,0,0,0,0
0.0,2005,0.0,0,0,0,0,0,0,0,0,0
0.0,2005,0.0,3,0,0,0,0,0,3,0,3
0.0,2005,0.0,0,0,0,0,0,0,0,0,0
0.0,2005,0.0,3,0,0,0,0,0,3,0,3
0.0,2005,0.0,0,0,0,0,0,0,0,0,0
0.0,2005,0.0,0,0,0,0,0,0,0,0,0
0.0,2005,0.0,0,0,0,0,0,0,0,0,0
0.0,2005,0.0,0,0,0,0,0,0,0,0,0
0.0,2005,0.0,0,0,0,0,0,0,0,0,0
0.0,2005,0.0,0,0,0,0,0,0,0,0,0
0.0,2005,0.0,0,0,0,0,0,0,0,0,0
0.0,2005,0.0,0,0,0,0,0,0,0,0,0
0.0,2005,0.0,0,0,0,0,0,0,0,0,0
0.0,2005,0.0,0,0,0,0,0,0,0,0,0
0.0,2005,0.0,0,0,0,0,0,0,0,0,0
0.0,2005,0.0,0,0,0,0,0,0,0,0,0
0.0,2005,0.0,0,0,0,0,0,0,0,0,0
0.0,2005,0.0,0,0,0,0,0,0,0,0,0
0.0,2005,0.0,0,0,0,0,0,0,0,0,0
0.0,2005,0.0,0,0,0,0,0,0,0,0,0
0.0,2005,0.0,0,0,0,0,0,0,0,0,0
0.0,2005,0.0,0,0,0,0,0,0,0,0,0
0.0,2005,0.0,0,0,0,0,0,0,0,0,0
0.0,2005,0.0,0,0,0,0,0,0,0,0,0
0.0,2005,0.0,0,0,0,0,0,0,0,0,0
0.0,2005,0.0,0,0,0,0,0,0,0,0,0
0.0,2005,0.0,0,0,0,0,0,0,0,0,0
0.0,2005,0.0,3,0,0,0,0,0,3,0,3
0.0,2006,0.0,1,0,0,0,0,0,1,0,1
0.0,2006,0.0,0,0,0,0,0,0,0,0,0
0.0,2006,0.0,0,0,0,0,0,0,0,0,0
0.0,2006,0.0,0,0,0,0,0,0,0,0,0
0.0,2006,0.0,0,0,0,0,0,0,0,0,0
0.0,2006,0.0,0,0,0,0,0,0,0,0,0
0.0,2006,0.0,0,0,0,0,0,0,0,0,0
0.0,2006,0.0,0,0,0,0,0,0,0,0,0
0.0,2006,0.0,0,0,0,0,0,0,0,0,0
0.0,2006,0.0,0,0,0,0,0,0,0,0,0
0.0,2006,0.0,0,0,0,0,0,0,0,0,0
0.0,2006,0.0,0,0,0,0,0,0,0,0,0
0.0,2006,0.0,0,0,0,0,0,0,0,0,0
0.0,2006,0.0,1,0,1,0,0,0,2,0,2
0.0,2006,0.0,0,0,0,0,0,0,0,0,0
0.0,2006,0.0,1,0,1,0,0,0,2,0,2
0.0,2006,0.0,0,0,0,0,0,0,0,0,0
0.0,2006,0.0,0,0,0,0,0,0,0,0,0
0.0,2006,0.0,0,0,0,0,0,0,0,0,0
0.0,2006,0.0,0,0,0,0,0,0,0,0,0
0.0,2006,0.0,0,0,0,0,0,0,0,0,0
0.0,2006,0.0,0,0,0,0,0,0,0,0,0
0.0,2006,0.0,0,0,0,0,0,0,0,0,0
0.0,2006,0.0,0,0,0,0,0,0,0,0,0
0.0,2006,0.0,0,0,0,0,0,0,0,0,0
0.0,2006,0.0,0,0,0,0,0,0,0,0,0
0.0,2006,0.0,0,0,0,0,0,0,0,0,0
0.0,2006,0.0,0,0,0,0,0,0,0,0,0
0.0,2006,0.0,0,0,0,0,0,0,0,0,0
0.0,2006,0.0,2,0,1,0,0,0,3,0,3
0.0,2007,0.0,0,0,0,0,0,0,0,0,0
0.0,2007,0.0,0,0,0,0,0,0,0,0,0
0.0,2007,0.0,0,0,0,0,0,0,0,0,0
0.0,2007,0.0,0,0,0,0,0,0,0,0,0
0.0,2007,0.0,0,0,0,0,0,0,0,0,0
0.0,2007,0.0,0,0,0,0,0,0,0,0,0
0.0,2007,0.0,0,0,0,0,0,0,0,0,0
0.0,2007,0.0,0,0,0,0,0,0,0,0,0
0.0,2007,0.0,0,0,0,0,0,0,0,0,0
0.0,2007,0.0,0,0,0,0,0,0,0,0,0
0.0,2007,0.0,0,0,0,0,0,0,0,0,0
0.0,2007,0.0,0,0,0,0,0,0,0,0,0
0.0,2007,0.0,0,0,0,0,0,0,0,0,0
0.0,2007,0.0,0,0,0,0,0,0,0,0,0
0.0,2007,0.0,0,0,0,0,0,0,0,0,0
0.0,2007,0.0,0,0,0,0,0,0,0,0,0
0.0,2007,0.0,0,0,0,0,0,0,0,0,0
0.0,2007,0.0,0,0,0,0,0,0,0,0,0
0.0,2007,0.0,0,0,0,0,0,0,0,0,0
0.0,2007,0.0,0,0,0,0,0,0,0,0,0
0.0,2007,0.0,0,0,0,0,0,0,0,0,0
0.0,2007,0.0,0,0,0,0,0,0,0,0,0
0.0,2007,0.0,0,0,0,0,0,0,0,0,0
0.0,2007,0.0,0,0,0,0,0,0,0,0,0
0.0,2007,0.0,0,0,0,0,0,0,0,0,0
0.0,2007,0.0,0,0,0,0,0,0,0,0,0
0.0,2007,0.0,0,0,0,0,0,0,0,0,0
0.0,2007,0.0,0,0,0,0,0,0,0,0,0
0.0,2007,0.0,0,0,0,0,0,0,0,0,0
0.0,2007,0.0,0,0,0,0,0,0,0,0,0
0.0,2008,0.0,0,0,0,0,0,0,0,0,0
0.0,2008,0.0,0,0,0,0,0,0,0,0,0
0.0,2008,0.0,0,0,0,0,0,0,0,0,0
0.0,2008,0.0,0,0,0,0,0,0,0,0,0
0.0,2008,0.0,0,0,0,0,0,0,0,0,0
0.0,2008,0.0,0,0,0,0,0,0,0,0,0
0.0,2008,0.0,0,0,0,0,0,0,0,0,0
0.0,2008,0.0,0,0,0,0,0,0,0,0,0
0.0,2008,0.0,0,0,0,0,0,0,0,0,0
0.0,2008,0.0,0,0,0,0,0,0,0,0,0
0.0,2008,0.0,0,0,0,0,0,0,0,0,0
0.0,2008,0.0,0,0,0,0,0,0,0,0,0
0.0,2008,0.0,0,0,0,0,0,0,0,0,0
0.0,2008,0.0,0,0,0,0,0,0,0,0,0
0.0,2008,0.0,0,0,0,0,0,0,0,0,0
0.0,2008,0.0,0,0,0,0,0,0,0,0,0
0.0,2008,0.0,0,0,0,0,0,0,0,0,0
0.0,2008,0.0,0,0,0,0,0,0,0,0,0
0.0,2008,0.0,0,0,0,0,0,0,0,0,0
0.0,2008,0.0,0,0,0,0,0,0,0,0,0
0.0,2008,0.0,0,0,0,0,0,0,0,0,0
0.0,2008,0.0,0,0,0,0,0,0,0,0,0
0.0,2008,0.0,0,0,0,0,0,0,0,0,0
0.0,2008,0.0,0,0,0,0,0,0,0,0,0
0.0,2008,0.0,0,0,0,0,0,0,0,0,0
0.0,2008,0.0,0,0,0,0,0,0,0,0,0
0.0,2008,0.0,0,0,0,0,0,0,0,0,0
0.0,2008,0.0,0,0,0,0,0,0,0,0,0
0.0,2008,0.0,0,0,0,0,0,0,0,0,0
0.0,2008,0.0,0,0,0,0,0,0,0,0,0
0.0,2009,0.0,0,0,1,0,1,1,2,1,3
0.0,2009,0.0,0,0,0,0,0,0,0,0,0
0.0,2009,0.0,0,0,0,0,2,0,2,0,2
0.0,2009,0.0,0,0,0,0,0,0,0,0,0
0.0,2009,0.0,0,0,0,0,0,0,0,0,0
0.0,2009,0.0,0,0,0,0,0,0,0,0,0
0.0,2009,0.0,0,0,0,0,0,0,0,0,0
0.0,2009,0.0,0,0,0,0,0,0,0,0,0
0.0,2009,0.0,0,0,0,0,0,0,0,0,0
0.0,2009,0.0,0,0,0,0,0,0,0,0,0
0.0,2009,0.0,0,0,0,0,0,0,0,0,0
0.0,2009,0.0,0,0,1,0,0,0,1,0,1
0.0,2009,0.0,0,0,1,0,2,0,3,0,3
0.0,2009,0.0,0,0,2,0,3,0,5,0,5
0.0,2009,0.0,0,0,0,0,0,0,0,0,0
0.0,2009,0.0,0,0,2,0,3,0,5,0,5
0.0,2009,0.0,0,0,0,0,0,0,0,0,0
0.0,2009,0.0,0,0,0,0,0,0,0,0,0
0.0,2009,0.0,0,0,0,0,0,0,0,0,0
0.0,2009,0.0,0,0,0,0,0,0,0,0,0
0.0,2009,0.0,0,0,0,0,0,0,0,0,0
0.0,2009,0.0,0,0,0,0,0,0,0,0,0
0.0,2009,0.0,0,0,0,0,0,0,0,0,0
0.0,2009,0.0,0,0,0,0,0,0,0,0,0
0.0,2009,0.0,0,0,0,0,0,0,0,0,0
0.0,2009,0.0,0,0,0,0,0,0,0,0,0
0.0,2009,0.0,0,0,0,0,0,0,0,0,0
0.0,2009,0.0,0,0,0,0,0,0,0,0,0
0.0,2009,0.0,0,0,0,0,0,0,0,0,0
0.0,2009,0.0,0,0,5,0,8,1,13,1,14
0.0,2010,0.0,0,0,0,0,1,0,1,0,1
0.0,2010,0.0,0,0,0,0,0,0,0,0,0
0.0,2010,0.0,0,0,0,0,0,0,0,0,0
0.0,2010,0.0,0,0,0,0,1,0,1,0,1
0.0,2010,0.0,0,0,0,0,0,0,0,0,0
0.0,2010,0.0,0,0,0,0,1,0,1,0,1
0.0,2010,0.0,0,0,0,0,4,0,4,0,4
0.0,2010,0.0,0,0,0,0,0,0,0,0,0
0.0,2010,0.0,0,0,0,0,4,0,4,0,4
0.0,2010,0.0,0,0,0,0,2,0,2,0,2
0.0,2010,0.0,0,0,0,0,0,0,0,0,0
0.0,2010,0.0,0,0,3,0,5,0,8,0,8
0.0,2010,0.0,0,0,1,0,6,0,7,0,7
0.0,2010,0.0,2,0,5,0,12,0,19,0,19
0.0,2010,0.0,0,0,1,0,1,0,2,0,2
0.0,2010,0.0,2,0,4,0,11,0,17,0,17
0.0,2010,0.0,0,0,0,0,0,0,0,0,0
0.0,2010,0.0,0,0,0,0,1,0,1,0,1
0.0,2010,0.0,0,0,0,0,0,0,0,0,0
0.0,2010,0.0,0,0,0,0,1,0,1,0,1
0.0,2010,0.0,0,0,0,0,0,0,0,0,0
0.0,2010,0.0,0,0,0,0,0,0,0,0,0
0.0,2010,0.0,0,0,0,0,0,0,0,0,0
0.0,2010,0.0,0,0,1,0,1,0,2,0,2
0.0,2010,0.0,0,0,0,0,0,0,0,0,0
0.0,2010,0.0,0,0,0,0,0,0,0,0,0
0.0,2010,0.0,0,0,0,0,0,0,0,0,0
0.0,2010,0.0,0,0,0,0,0,0,0,0,0
0.0,2010,0.0,0,0,0,0,0,0,0,0,0
0.0,2010,0.0,2,0,10,0,34,0,46,0,46
0.0,2001,0.0,0,0,2,0,0,0,2,0,2
0.0,2001,0.0,0,0,4,0,1,0,5,0,5
0.0,2001,0.0,0,0,0,0,0,0,0,0,0
0.0,2001,0.0,0,0,2,0,5,0,7,0,7
0.0,2001,0.0,0,0,0,0,0,0,0,0,0
0.0,2001,0.0,0,0,2,0,5,0,7,0,7
0.0,2001,0.0,0,0,0,0,0,0,0,0,0
0.0,2001,0.0,0,0,0,0,0,0,0,0,0
0.0,2001,0.0,0,0,0,0,0,0,0,0,0
0.0,2001,0.0,0,0,0,0,0,1,0,1,1
0.0,2001,0.0,0,0,0,0,0,0,0,0,0
0.0,2001,0.0,0,0,0,0,3,0,3,0,3
0.0,2001,0.0,21,0,29,0,9,0,59,0,59
0.0,2001,0.0,14,0,50,1,8,0,72,1,73
0.0,2001,0.0,0,0,0,0,0,0,0,0,0
0.0,2001,0.0,14,0,50,1,8,0,72,1,73
0.0,2001,0.0,0,0,1,0,19,0,20,0,20
0.0,2001,0.0,0,0,0,0,0,0,0,0,0
0.0,2001,0.0,0,0,1,0,1,0,2,0,2
0.0,2001,0.0,0,0,0,0,0,0,0,0,0
0.0,2001,0.0,0,0,0,0,0,0,0,0,0
0.0,2001,0.0,0,0,7,1,4,0,11,1,12
0.0,2001,0.0,0,0,1,0,0,0,1,0,1
0.0,2001,0.0,0,0,0,0,0,0,0,0,0
0.0,2001,0.0,0,0,0,0,0,0,0,0,0
0.0,2001,0.0,0,0,0,0,0,0,0,0,0
0.0,2001,0.0,0,0,0,0,0,0,0,0,0
0.0,2001,0.0,0,0,0,0,0,0,0,0,0
0.0,2001,0.0,0,0,11,0,13,3,24,3,27
0.0,2001,0.0,35,0,108,2,63,4,206,6,212
0.0,2002,0.0,1,0,6,0,6,0,13,0,13
0.0,2002,0.0,0,0,3,0,3,0,6,0,6
0.0,2002,0.0,0,0,0,0,0,0,0,0,0
0.0,2002,0.0,1,0,3,0,2,0,6,0,6
0.0,2002,0.0,0,0,0,0,0,0,0,0,0
0.0,2002,0.0,1,0,3,0,2,0,6,0,6
0.0,2002,0.0,0,0,0,0,1,0,1,0,1
0.0,2002,0.0,0,0,0,0,1,0,1,0,1
0.0,2002,0.0,0,0,0,0,0,0,0,0,0
0.0,2002,0.0,0,0,0,0,0,0,0,0,0
0.0,2002,0.0,0,0,0,0,0,0,0,0,0
0.0,2002,0.0,0,0,4,0,3,0,7,0,7
0.0,2002,0.0,3,0,37,0,7,0,47,0,47
0.0,2002,0.0,8,0,36,0,6,0,50,0,50
0.0,2002,0.0,0,0,0,0,0,0,0,0,0
0.0,2002,0.0,8,0,36,0,6,0,50,0,50
0.0,2002,0.0,0,0,2,0,2,0,4,0,4
0.0,2002,0.0,0,0,0,0,0,0,0,0,0
0.0,2002,0.0,0,0,0,0,0,0,0,0,0
0.0,2002,0.0,0,0,0,0,0,0,0,0,0
0.0,2002,0.0,0,0,0,0,1,0,1,0,1
0.0,2002,0.0,0,0,6,0,0,0,6,0,6
0.0,2002,0.0,0,0,0,0,0,0,0,0,0
0.0,2002,0.0,0,0,2,0,3,0,5,0,5
0.0,2002,0.0,0,0,0,0,0,0,0,0,0
0.0,2002,0.0,0,0,0,0,2,0,2,0,2
0.0,2002,0.0,0,0,0,0,0,0,0,0,0
0.0,2002,0.0,0,0,0,0,0,0,0,0,0
0.0,2002,0.0,1,0,27,0,11,0,39,0,39
0.0,2002,0.0,14,0,126,0,47,0,187,0,187
0.0,2003,0.0,2,0,3,0,7,0,12,0,12
0.0,2003,0.0,0,0,0,0,4,0,4,0,4
0.0,2003,0.0,0,0,0,0,0,0,0,0,0
0.0,2003,0.0,1,0,2,0,9,0,12,0,12
0.0,2003,0.0,0,0,0,0,0,0,0,0,0
0.0,2003,0.0,1,0,2,0,9,0,12,0,12
0.0,2003,0.0,0,0,0,0,2,0,2,0,2
0.0,2003,0.0,0,0,0,0,2,0,2,0,2
0.0,2003,0.0,0,0,0,0,0,0,0,0,0
0.0,2003,0.0,0,0,4,0,1,0,5,0,5
0.0,2003,0.0,0,0,0,0,0,0,0,0,0
0.0,2003,0.0,0,0,0,0,0,0,0,0,0
0.0,2003,0.0,7,0,34,1,13,0,54,1,55
0.0,2003,0.0,30,4,68,1,19,0,117,5,122
0.0,2003,0.0,0,0,0,0,0,0,0,0,0
0.0,2003,0.0,30,4,68,1,19,0,117,5,122
0.0,2003,0.0,0,0,7,0,5,0,12,0,12
0.0,2003,0.0,0,0,0,0,0,0,0,0,0
0.0,2003,0.0,0,0,0,0,1,0,1,0,1
0.0,2003,0.0,0,0,0,0,0,0,0,0,0
0.0,2003,0.0,0,0,0,0,1,0,1,0,1
0.0,2003,0.0,0,0,9,0,6,0,15,0,15
0.0,2003,0.0,0,0,0,0,0,0,0,0,0
0.0,2003,0.0,0,0,1,0,4,0,5,0,5
0.0,2003,0.0,0,0,0,0,4,0,4,0,4
0.0,2003,0.0,0,0,0,0,0,0,0,0,0
0.0,2003,0.0,0,0,0,0,0,0,0,0,0
0.0,2003,0.0,0,0,0,0,0,0,0,0,0
0.0,2003,0.0,0,0,32,3,26,2,58,5,63
0.0,2003,0.0,40,4,160,5,102,2,302,11,313
0.0,2004,0.0,1,0,4,0,7,0,12,0,12
0.0,2004,0.0,0,0,4,0,0,0,4,0,4
0.0,2004,0.0,0,0,0,0,0,0,0,0,0
0.0,2004,0.0,1,0,7,0,9,0,17,0,17
0.0,2004,0.0,0,0,0,0,0,0,0,0,0
0.0,2004,0.0,1,0,7,0,9,0,17,0,17
0.0,2004,0.0,0,0,0,0,0,2,0,2,2
0.0,2004,0.0,0,0,0,0,0,2,0,2,2
0.0,2004,0.0,0,0,0,0,0,0,0,0,0
0.0,2004,0.0,0,0,1,0,2,0,3,0,3
0.0,2004,0.0,0,0,0,0,0,0,0,0,0
0.0,2004,0.0,0,0,0,0,1,0,1,0,1
0.0,2004,0.0,8,0,54,0,21,0,83,0,83
0.0,2004,0.0,10,0,76,0,35,0,121,0,121
0.0,2004,0.0,0,0,1,0,0,0,1,0,1
0.0,2004,0.0,10,0,75,0,35,0,120,0,120
0.0,2004,0.0,1,0,11,0,5,0,17,0,17
0.0,2004,0.0,0,0,0,0,0,0,0,0,0
0.0,2004,0.0,0,0,3,0,0,0,3,0,3
0.0,2004,0.0,0,0,0,0,0,0,0,0,0
0.0,2004,0.0,0,0,1,0,0,0,1,0,1
0.0,2004,0.0,2,0,5,0,3,1,10,1,11
0.0,2004,0.0,0,0,0,0,1,0,1,0,1
0.0,2004,0.0,0,0,1,0,6,0,7,0,7
0.0,2004,0.0,0,0,0,0,0,0,0,0,0
0.0,2004,0.0,0,0,0,0,0,0,0,0,0
0.0,2004,0.0,0,0,0,0,0,0,0,0,0
0.0,2004,0.0,0,0,0,0,0,0,0,0,0
0.0,2004,0.0,0,0,37,3,30,1,67,4,71
0.0,2004,0.0,23,0,204,3,120,4,347,7,354
0.0,2005,0.0,1,0,6,3,16,0,23,3,26
0.0,2005,0.0,0,0,6,1,7,0,13,1,14
0.0,2005,0.0,0,0,0,0,0,0,0,0,0
0.0,2005,0.0,1,0,13,0,5,0,19,0,19
0.0,2005,0.0,0,0,0,0,0,0,0,0,0
0.0,2005,0.0,1,0,13,0,5,0,19,0,19
0.0,2005,0.0,0,0,1,0,4,0,5,0,5
0.0,2005,0.0,0,0,0,0,2,0,2,0,2
0.0,2005,0.0,0,0,1,0,2,0,3,0,3
0.0,2005,0.0,0,0,2,0,4,0,6,0,6
0.0,2005,0.0,0,0,0,0,0,0,0,0,0
0.0,2005,0.0,0,0,0,0,3,0,3,0,3
0.0,2005,0.0,0,2,45,1,34,0,79,3,82
0.0,2005,0.0,26,0,74,0,66,0,166,0,166
0.0,2005,0.0,3,0,0,0,2,0,5,0,5
0.0,2005,0.0,23,0,74,0,64,0,161,0,161
0.0,2005,0.0,0,0,21,2,15,0,36,2,38
0.0,2005,0.0,0,0,0,0,0,0,0,0,0
0.0,2005,0.0,0,0,0,0,2,0,2,0,2
0.0,2005,0.0,0,0,0,0,0,0,0,0,0
0.0,2005,0.0,0,0,4,0,0,0,4,0,4
0.0,2005,0.0,6,0,18,0,17,0,41,0,41
0.0,2005,0.0,0,0,0,0,0,0,0,0,0
0.0,2005,0.0,0,0,10,0,32,0,42,0,42
0.0,2005,0.0,0,0,0,0,5,0,5,0,5
0.0,2005,0.0,0,0,1,4,0,0,1,4,5
0.0,2005,0.0,0,0,0,0,0,0,0,0,0
0.0,2005,0.0,0,0,8,0,15,0,23,0,23
0.0,2005,0.0,12,0,47,5,46,5,105,10,115
0.0,2005,0.0,46,2,256,16,271,5,573,23,596
0.0,2006,0.0,4,0,12,0,14,0,30,0,30
0.0,2006,0.0,1,0,7,0,7,1,15,1,16
0.0,2006,0.0,0,0,0,0,0,0,0,0,0
0.0,2006,0.0,0,0,9,0,10,0,19,0,19
0.0,2006,0.0,0,0,0,0,0,0,0,0,0
0.0,2006,0.0,0,0,9,0,10,0,19,0,19
0.0,2006,0.0,0,0,7,0,4,0,11,0,11
0.0,2006,0.0,0,0,0,0,0,0,0,0,0
0.0,2006,0.0,0,0,7,0,4,0,11,0,11
0.0,2006,0.0,0,0,2,0,3,0,5,0,5
0.0,2006,0.0,0,0,0,0,0,0,0,0,0
0.0,2006,0.0,0,0,2,0,4,0,6,0,6
0.0,2006,0.0,17,0,82,0,25,0,124,0,124
0.0,2006,0.0,33,0,126,2,60,0,219,2,221
0.0,2006,0.0,3,0,6,0,0,0,9,0,9
0.0,2006,0.0,30,0,120,2,60,0,210,2,212
0.0,2006,0.0,0,0,13,0,4,0,17,0,17
0.0,2006,0.0,0,0,0,0,0,0,0,0,0
0.0,2006,0.0,0,0,0,0,2,0,2,0,2
0.0,2006,0.0,0,0,0,0,0,0,0,0,0
0.0,2006,0.0,0,0,0,0,1,0,1,0,1
0.0,2006,0.0,0,0,15,0,6,0,21,0,21
0.0,2006,0.0,0,0,1,0,1,1,2,1,3
0.0,2006,0.0,0,0,6,0,5,0,11,0,11
0.0,2006,0.0,0,0,0,0,1,0,1,0,1
0.0,2006,0.0,0,0,2,0,2,0,4,0,4
0.0,2006,0.0,0,0,0,0,0,0,0,0,0
0.0,2006,0.0,0,0,0,0,0,0,0,0,0
0.0,2006,0.0,4,3,32,2,43,5,79,10,89
0.0,2006,0.0,59,3,316,4,192,7,567,14,581
0.0,2007,0.0,1,0,14,0,12,1,27,1,28
0.0,2007,0.0,0,0,6,0,10,2,16,2,18
0.0,2007,0.0,0,0,0,1,0,0,0,1,1
0.0,2007,0.0,2,0,13,0,17,0,32,0,32
0.0,2007,0.0,0,0,0,0,0,0,0,0,0
0.0,2007,0.0,2,0,13,0,17,0,32,0,32
0.0,2007,0.0,1,0,4,0,1,0,6,0,6
0.0,2007,0.0,1,0,3,0,1,0,5,0,5
0.0,2007,0.0,0,0,1,0,0,0,1,0,1
0.0,2007,0.0,0,0,1,0,1,0,2,0,2
0.0,2007,0.0,0,0,1,0,0,0,1,0,1
0.0,2007,0.0,0,0,3,0,7,0,10,0,10
0.0,2007,0.0,5,0,38,0,46,0,89,0,89
0.0,2007,0.0,27,0,78,0,92,1,197,1,198
0.0,2007,0.0,0,0,0,0,3,0,3,0,3
0.0,2007,0.0,27,0,78,0,89,1,194,1,195
0.0,2007,0.0,0,0,14,2,13,0,27,2,29
0.0,2007,0.0,0,0,0,0,0,0,0,0,0
0.0,2007,0.0,0,0,0,0,0,0,0,0,0
0.0,2007,0.0,0,0,0,0,1,0,1,0,1
0.0,2007,0.0,1,0,2,0,0,0,3,0,3
0.0,2007,0.0,0,0,24,2,20,4,44,6,50
0.0,2007,0.0,0,0,1,1,0,0,1,1,2
0.0,2007,0.0,0,0,7,0,7,0,14,0,14
0.0,2007,0.0,0,0,0,0,0,0,0,0,0
0.0,2007,0.0,0,0,3,1,2,1,5,2,7
0.0,2007,0.0,0,0,0,0,0,0,0,0,0
0.0,2007,0.0,0,0,0,0,0,0,0,0,0
0.0,2007,0.0,7,0,45,2,75,7,127,9,136
0.0,2007,0.0,44,0,254,9,304,16,602,25,627
0.0,2008,0.0,1,0,8,0,8,0,17,0,17
0.0,2008,0.0,0,0,9,0,16,0,25,0,25
0.0,2008,0.0,0,0,0,0,0,0,0,0,0
0.0,2008,0.0,0,0,8,0,19,0,27,0,27
0.0,2008,0.0,0,0,0,0,0,0,0,0,0
0.0,2008,0.0,0,0,8,0,19,0,27,0,27
0.0,2008,0.0,1,0,3,0,3,3,7,3,10
0.0,2008,0.0,1,0,3,0,3,3,7,3,10
0.0,2008,0.0,0,0,0,0,0,0,0,0,0
0.0,2008,0.0,0,0,2,0,3,0,5,0,5
0.0,2008,0.0,0,0,0,0,1,0,1,0,1
0.0,2008,0.0,0,0,10,0,15,0,25,0,25
0.0,2008,0.0,10,0,69,1,49,0,128,1,129
0.0,2008,0.0,23,3,136,2,68,0,227,5,232
0.0,2008,0.0,0,0,0,0,0,0,0,0,0
0.0,2008,0.0,23,3,136,2,68,0,227,5,232
0.0,2008,0.0,0,0,13,0,19,1,32,1,33
0.0,2008,0.0,0,0,0,0,0,0,0,0,0
0.0,2008,0.0,0,0,0,0,1,0,1,0,1
0.0,2008,0.0,0,0,0,0,0,0,0,0,0
0.0,2008,0.0,0,0,0,0,1,0,1,0,1
0.0,2008,0.0,9,0,34,4,23,4,66,8,74
0.0,2008,0.0,0,0,0,0,0,0,0,0,0
0.0,2008,0.0,0,0,1,0,16,0,17,0,17
0.0,2008,0.0,0,0,2,0,3,0,5,0,5
0.0,2008,0.0,0,0,1,0,0,0,1,0,1
0.0,2008,0.0,0,0,0,0,0,0,0,0,0
0.0,2008,0.0,0,0,2,0,6,0,8,0,8
0.0,2008,0.0,11,1,58,3,65,5,134,9,143
0.0,2008,0.0,55,4,356,10,316,13,727,27,754
0.0,2009,0.0,1,0,8,3,5,2,14,5,19
0.0,2009,0.0,0,0,11,0,5,0,16,0,16
0.0,2009,0.0,0,0,0,0,0,0,0,0,0
0.0,2009,0.0,0,0,19,0,10,0,29,0,29
0.0,2009,0.0,0,0,0,0,0,0,0,0,0
0.0,2009,0.0,0,0,19,0,10,0,29,0,29
0.0,2009,0.0,1,0,1,0,2,0,4,0,4
0.0,2009,0.0,1,0,1,0,2,0,4,0,4
0.0,2009,0.0,0,0,0,0,0,0,0,0,0
0.0,2009,0.0,0,0,4,0,7,0,11,0,11
0.0,2009,0.0,0,0,0,0,0,0,0,0,0
0.0,2009,0.0,1,0,9,0,8,0,18,0,18
0.0,2009,0.0,1,0,40,0,13,0,54,0,54
0.0,2009,0.0,12,0,88,3,41,0,141,3,144
0.0,2009,0.0,1,0,0,0,3,0,4,0,4
0.0,2009,0.0,11,0,88,3,38,0,137,3,140
0.0,2009,0.0,0,0,9,0,7,0,16,0,16
0.0,2009,0.0,0,0,0,0,0,0,0,0,0
0.0,2009,0.0,0,0,0,0,1,0,1,0,1
0.0,2009,0.0,0,0,0,0,2,0,2,0,2
0.0,2009,0.0,0,0,0,0,0,0,0,0,0
0.0,2009,0.0,0,0,9,0,12,0,21,0,21
0.0,2009,0.0,0,0,0,0,0,0,0,0,0
0.0,2009,0.0,0,0,2,0,3,0,5,0,5
0.0,2009,0.0,0,0,2,0,0,0,2,0,2
0.0,2009,0.0,0,0,1,0,0,0,1,0,1
0.0,2009,0.0,0,0,0,0,0,0,0,0,0
0.0,2009,0.0,0,0,0,0,1,0,1,0,1
0.0,2009,0.0,6,0,66,0,48,0,120,0,120
0.0,2009,0.0,22,0,269,6,165,2,456,8,464
0.0,2010,0.0,0,0,10,0,10,0,20,0,20
0.0,2010,0.0,0,0,4,2,6,0,10,2,12
0.0,2010,0.0,0,0,0,0,0,0,0,0,0
0.0,2010,0.0,0,0,11,0,6,0,17,0,17
0.0,2010,0.0,0,0,0,0,0,0,0,0,0
0.0,2010,0.0,0,0,11,0,6,0,17,0,17
0.0,2010,0.0,0,0,3,0,7,0,10,0,10
0.0,2010,0.0,0,0,1,0,6,0,7,0,7
0.0,2010,0.0,0,0,2,0,1,0,3,0,3
0.0,2010,0.0,0,0,4,0,0,0,4,0,4
0.0,2010,0.0,0,0,3,0,3,0,6,0,6
0.0,2010,0.0,0,0,13,0,20,0,33,0,33
0.0,2010,0.0,3,0,44,0,24,0,71,0,71
0.0,2010,0.0,7,0,65,2,39,0,111,2,113
0.0,2010,0.0,0,0,1,0,1,0,2,0,2
0.0,2010,0.0,7,0,64,2,38,0,109,2,111
0.0,2010,0.0,0,0,16,0,14,0,30,0,30
0.0,2010,0.0,0,0,6,0,0,0,6,0,6
0.0,2010,0.0,0,0,0,0,2,0,2,0,2
0.0,2010,0.0,0,0,0,0,0,0,0,0,0
0.0,2010,0.0,0,0,0,0,1,0,1,0,1
0.0,2010,0.0,1,0,29,0,22,2,52,2,54
0.0,2010,0.0,0,0,0,0,0,1,0,1,1
0.0,2010,0.0,0,0,0,0,10,0,10,0,10
0.0,2010,0.0,0,0,0,0,0,0,0,0,0
0.0,2010,0.0,0,0,0,0,0,0,0,0,0
0.0,2010,0.0,0,0,0,0,0,0,0,0,0
0.0,2010,0.0,0,0,3,0,1,0,4,0,4
0.0,2010,0.0,6,2,58,1,64,2,128,5,133
0.0,2010,0.0,17,2,269,5,229,5,515,12,527
0.0,2001,0.0,0,0,0,0,0,0,0,0,0
0.0,2001,0.0,0,0,0,0,0,0,0,0,0
0.0,2001,0.0,0,0,0,0,0,0,0,0,0
0.0,2001,0.0,0,0,0,0,1,0,1,0,1
0.0,2001,0.0,0,0,0,0,0,0,0,0,0
0.0,2001,0.0,0,0,0,0,1,0,1,0,1
0.0,2001,0.0,0,0,0,0,1,1,1,1,2
0.0,2001,0.0,0,0,0,0,1,1,1,1,2
0.0,2001,0.0,0,0,0,0,0,0,0,0,0
0.0,2001,0.0,0,0,0,0,0,0,0,0,0
0.0,2001,0.0,0,0,0,0,0,0,0,0,0
0.0,2001,0.0,0,0,0,0,0,0,0,0,0
0.0,2001,0.0,0,0,1,0,0,0,1,0,1
0.0,2001,0.0,5,0,1,0,1,0,7,0,7
0.0,2001,0.0,0,0,0,0,0,0,0,0,0
0.0,2001,0.0,5,0,1,0,1,0,7,0,7
0.0,2001,0.0,0,0,0,0,0,0,0,0,0
0.0,2001,0.0,0,0,0,0,0,0,0,0,0
0.0,2001,0.0,0,0,0,0,1,0,1,0,1
0.0,2001,0.0,0,0,0,0,0,0,0,0,0
0.0,2001,0.0,0,0,0,0,0,0,0,0,0
0.0,2001,0.0,0,0,0,0,0,1,0,1,1
0.0,2001,0.0,0,0,0,0,0,1,0,1,1
0.0,2001,0.0,0,0,0,0,2,0,2,0,2
0.0,2001,0.0,0,0,0,0,0,0,0,0,0
0.0,2001,0.0,0,0,0,0,0,2,0,2,2
0.0,2001,0.0,0,0,0,0,0,0,0,0,0
0.0,2001,0.0,0,0,0,0,0,0,0,0,0
0.0,2001,0.0,3,1,1,0,0,1,4,2,6
0.0,2001,0.0,8,1,3,0,6,6,17,7,24
0.0,2002,0.0,0,0,4,0,5,0,9,0,9
0.0,2002,0.0,0,0,1,0,1,0,2,0,2
0.0,2002,0.0,0,0,0,0,0,0,0,0,0
0.0,2002,0.0,0,1,3,0,1,0,4,1,5
0.0,2002,0.0,0,0,0,0,0,0,0,0,0
0.0,2002,0.0,0,1,3,0,1,0,4,1,5
0.0,2002,0.0,0,0,1,0,2,0,3,0,3
0.0,2002,0.0,0,0,1,0,2,0,3,0,3
0.0,2002,0.0,0,0,0,0,0,0,0,0,0
0.0,2002,0.0,0,0,0,0,0,0,0,0,0
0.0,2002,0.0,0,0,3,0,2,0,5,0,5
0.0,2002,0.0,0,0,0,0,0,0,0,0,0
0.0,2002,0.0,0,0,13,0,5,0,18,0,18
0.0,2002,0.0,3,0,10,0,6,0,19,0,19
0.0,2002,0.0,0,0,0,0,0,0,0,0,0
0.0,2002,0.0,3,0,10,0,6,0,19,0,19
0.0,2002,0.0,0,0,0,0,0,0,0,0,0
0.0,2002,0.0,0,0,1,0,0,0,1,0,1
0.0,2002,0.0,0,0,0,0,2,0,2,0,2
0.0,2002,0.0,0,0,0,0,0,0,0,0,0
0.0,2002,0.0,0,0,0,0,0,0,0,0,0
0.0,2002,0.0,0,0,12,0,10,0,22,0,22
0.0,2002,0.0,0,0,0,1,0,0,0,1,1
0.0,2002,0.0,0,0,2,0,0,0,2,0,2
0.0,2002,0.0,0,0,3,0,3,0,6,0,6
0.0,2002,0.0,0,0,0,0,0,1,0,1,1
0.0,2002,0.0,0,0,0,0,0,0,0,0,0
0.0,2002,0.0,0,0,0,0,1,0,1,0,1
0.0,2002,0.0,1,0,17,0,20,1,38,1,39
0.0,2002,0.0,4,1,70,1,58,2,132,4,136
0.0,2003,0.0,0,0,3,0,1,0,4,0,4
0.0,2003,0.0,0,0,3,0,3,2,6,2,8
0.0,2003,0.0,0,0,1,0,0,0,1,0,1
0.0,2003,0.0,0,0,1,0,1,1,2,1,3
0.0,2003,0.0,0,0,0,0,0,0,0,0,0
0.0,2003,0.0,0,0,1,0,1,1,2,1,3
0.0,2003,0.0,0,0,0,0,0,0,0,0,0
0.0,2003,0.0,0,0,0,0,0,0,0,0,0
0.0,2003,0.0,0,0,0,0,0,0,0,0,0
0.0,2003,0.0,0,0,0,0,0,0,0,0,0
0.0,2003,0.0,0,0,0,0,0,0,0,0,0
0.0,2003,0.0,0,0,0,0,0,0,0,0,0
0.0,2003,0.0,0,0,14,0,6,0,20,0,20
0.0,2003,0.0,2,0,3,0,7,4,12,4,16
0.0,2003,0.0,0,0,0,0,2,4,2,4,6
0.0,2003,0.0,2,0,3,0,5,0,10,0,10
0.0,2003,0.0,0,0,0,0,0,0,0,0,0
0.0,2003,0.0,0,0,0,0,0,0,0,0,0
0.0,2003,0.0,0,0,0,0,0,0,0,0,0
0.0,2003,0.0,0,0,0,0,0,0,0,0,0
0.0,2003,0.0,0,0,0,0,0,0,0,0,0
0.0,2003,0.0,0,0,6,1,2,0,8,1,9
0.0,2003,0.0,0,0,0,0,3,0,3,0,3
0.0,2003,0.0,0,0,3,0,2,0,5,0,5
0.0,2003,0.0,0,0,0,0,0,0,0,0,0
0.0,2003,0.0,0,0,0,0,2,1,2,1,3
0.0,2003,0.0,0,0,0,0,0,0,0,0,0
0.0,2003,0.0,0,0,0,0,0,0,0,0,0
0.0,2003,0.0,3,1,11,1,12,0,26,2,28
0.0,2003,0.0,5,1,45,2,39,8,89,11,100
0.0,2004,0.0,0,0,1,0,4,0,5,0,5
0.0,2004,0.0,0,0,0,1,0,0,0,1,1
0.0,2004,0.0,0,0,0,0,0,0,0,0,0
0.0,2004,0.0,0,0,0,0,0,0,0,0,0
0.0,2004,0.0,0,0,0,0,0,0,0,0,0
0.0,2004,0.0,0,0,0,0,0,0,0,0,0
0.0,2004,0.0,0,0,0,0,2,0,2,0,2
0.0,2004,0.0,0,0,0,0,2,0,2,0,2
0.0,2004,0.0,0,0,0,0,0,0,0,0,0
0.0,2004,0.0,0,0,0,0,0,0,0,0,0
0.0,2004,0.0,0,0,0,0,0,0,0,0,0
0.0,2004,0.0,0,0,0,0,0,0,0,0,0
0.0,2004,0.0,3,0,9,2,6,0,18,2,20
0.0,2004,0.0,4,0,4,0,10,0,18,0,18
0.0,2004,0.0,0,0,0,0,0,0,0,0,0
0.0,2004,0.0,4,0,4,0,10,0,18,0,18
0.0,2004,0.0,0,0,0,0,0,0,0,0,0
0.0,2004,0.0,0,0,0,0,0,0,0,0,0
0.0,2004,0.0,0,0,3,0,0,0,3,0,3
0.0,2004,0.0,0,0,0,0,0,0,0,0,0
0.0,2004,0.0,0,0,0,0,0,0,0,0,0
0.0,2004,0.0,0,0,2,0,6,0,8,0,8
0.0,2004,0.0,0,0,0,0,0,0,0,0,0
0.0,2004,0.0,0,0,0,0,0,0,0,0,0
0.0,2004,0.0,0,0,0,0,1,0,1,0,1
0.0,2004,0.0,0,0,0,0,1,0,1,0,1
0.0,2004,0.0,0,0,0,0,0,0,0,0,0
0.0,2004,0.0,0,0,0,0,0,0,0,0,0
0.0,2004,0.0,1,0,5,0,14,0,20,0,20
0.0,2004,0.0,8,0,24,3,44,0,76,3,79
0.0,2005,0.0,0,0,4,0,2,0,6,0,6
0.0,2005,0.0,0,0,8,0,1,0,9,0,9
0.0,2005,0.0,0,0,0,0,0,0,0,0,0
0.0,2005,0.0,0,0,3,0,0,0,3,0,3
0.0,2005,0.0,0,0,0,0,0,0,0,0,0
0.0,2005,0.0,0,0,3,0,0,0,3,0,3
0.0,2005,0.0,0,0,0,0,4,0,4,0,4
0.0,2005,0.0,0,0,0,0,4,0,4,0,4
0.0,2005,0.0,0,0,0,0,0,0,0,0,0
0.0,2005,0.0,0,0,0,0,0,0,0,0,0
0.0,2005,0.0,0,0,0,0,0,0,0,0,0
0.0,2005,0.0,0,0,0,0,0,0,0,0,0
0.0,2005,0.0,0,0,7,0,7,0,14,0,14
0.0,2005,0.0,3,0,5,0,5,0,13,0,13
0.0,2005,0.0,0,0,0,0,0,0,0,0,0
0.0,2005,0.0,3,0,5,0,5,0,13,0,13
0.0,2005,0.0,0,0,0,0,0,0,0,0,0
0.0,2005,0.0,0,0,0,0,0,0,0,0,0
0.0,2005,0.0,3,0,6,0,3,0,12,0,12
0.0,2005,0.0,0,0,0,0,0,0,0,0,0
0.0,2005,0.0,0,0,0,0,0,0,0,0,0
0.0,2005,0.0,0,0,6,0,11,0,17,0,17
0.0,2005,0.0,0,0,1,0,0,0,1,0,1
0.0,2005,0.0,0,0,2,0,4,0,6,0,6
0.0,2005,0.0,0,0,0,0,1,0,1,0,1
0.0,2005,0.0,0,0,0,0,0,0,0,0,0
0.0,2005,0.0,0,0,0,0,0,0,0,0,0
0.0,2005,0.0,0,0,0,0,1,0,1,0,1
0.0,2005,0.0,1,0,6,0,17,1,24,1,25
0.0,2005,0.0,7,0,48,0,56,1,111,1,112
0.0,2006,0.0,0,0,1,0,4,0,5,0,5
0.0,2006,0.0,0,0,3,0,4,0,7,0,7
0.0,2006,0.0,0,0,0,0,0,0,0,0,0
0.0,2006,0.0,0,0,0,0,0,0,0,0,0
0.0,2006,0.0,0,0,0,0,0,0,0,0,0
0.0,2006,0.0,0,0,0,0,0,0,0,0,0
0.0,2006,0.0,0,0,0,0,3,0,3,0,3
0.0,2006,0.0,0,0,0,0,1,0,1,0,1
0.0,2006,0.0,0,0,0,0,2,0,2,0,2
0.0,2006,0.0,0,0,0,0,0,0,0,0,0
0.0,2006,0.0,0,0,1,0,0,0,1,0,1
0.0,2006,0.0,0,0,0,0,0,0,0,0,0
0.0,2006,0.0,7,0,20,0,2,0,29,0,29
0.0,2006,0.0,2,0,7,0,9,1,18,1,19
0.0,2006,0.0,1,0,5,0,5,0,11,0,11
0.0,2006,0.0,1,0,2,0,4,1,7,1,8
0.0,2006,0.0,0,0,0,0,0,0,0,0,0
0.0,2006,0.0,0,0,0,0,0,0,0,0,0
0.0,2006,0.0,0,0,0,0,0,0,0,0,0
0.0,2006,0.0,0,0,0,0,0,0,0,0,0
0.0,2006,0.0,0,0,0,0,0,0,0,0,0
0.0,2006,0.0,0,0,2,0,11,1,13,1,14
0.0,2006,0.0,0,0,0,0,0,1,0,1,1
0.0,2006,0.0,0,0,0,0,0,0,0,0,0
0.0,2006,0.0,0,0,1,0,1,0,2,0,2
0.0,2006,0.0,0,0,1,0,0,5,1,5,6
0.0,2006,0.0,0,0,0,0,0,0,0,0,0
0.0,2006,0.0,0,0,2,0,0,0,2,0,2
0.0,2006,0.0,0,0,8,0,17,2,25,2,27
0.0,2006,0.0,9,0,46,0,51,10,106,10,116
0.0,2007,0.0,0,0,0,0,1,0,1,0,1
0.0,2007,0.0,0,0,1,0,2,0,3,0,3
0.0,2007,0.0,0,0,0,0,0,0,0,0,0
0.0,2007,0.0,0,0,1,0,3,0,4,0,4
0.0,2007,0.0,0,0,0,0,0,0,0,0,0
0.0,2007,0.0,0,0,1,0,3,0,4,0,4
0.0,2007,0.0,0,0,0,0,0,0,0,0,0
0.0,2007,0.0,0,0,0,0,0,0,0,0,0
0.0,2007,0.0,0,0,0,0,0,0,0,0,0
0.0,2007,0.0,0,0,0,0,0,0,0,0,0
0.0,2007,0.0,0,0,1,0,0,0,1,0,1
0.0,2007,0.0,0,0,0,0,0,0,0,0,0
0.0,2007,0.0,11,0,18,0,8,0,37,0,37
0.0,2007,0.0,1,2,7,0,10,0,18,2,20
0.0,2007,0.0,0,0,1,0,2,0,3,0,3
0.0,2007,0.0,1,2,6,0,8,0,15,2,17
0.0,2007,0.0,0,0,0,0,0,0,0,0,0
0.0,2007,0.0,0,0,0,0,0,0,0,0,0
0.0,2007,0.0,0,0,0,0,0,0,0,0,0
0.0,2007,0.0,0,0,0,0,0,0,0,0,0
0.0,2007,0.0,0,0,0,0,0,0,0,0,0
0.0,2007,0.0,0,0,5,0,8,0,13,0,13
0.0,2007,0.0,0,0,0,0,0,0,0,0,0
0.0,2007,0.0,0,0,0,0,0,0,0,0,0
0.0,2007,0.0,0,0,0,0,0,0,0,0,0
0.0,2007,0.0,0,0,0,0,0,0,0,0,0
0.0,2007,0.0,0,0,0,0,0,0,0,0,0
0.0,2007,0.0,0,0,0,0,0,0,0,0,0
0.0,2007,0.0,1,1,14,0,10,0,25,1,26
0.0,2007,0.0,13,3,47,0,42,0,102,3,105
0.0,2008,0.0,1,0,1,2,4,0,6,2,8
0.0,2008,0.0,0,0,0,0,2,0,2,0,2
0.0,2008,0.0,1,0,1,0,0,0,2,0,2
0.0,2008,0.0,2,0,5,0,3,0,10,0,10
0.0,2008,0.0,0,0,0,0,0,0,0,0,0
0.0,2008,0.0,2,0,5,0,3,0,10,0,10
0.0,2008,0.0,0,0,0,1,0,0,0,1,1
0.0,2008,0.0,0,0,0,0,0,0,0,0,0
0.0,2008,0.0,0,0,0,1,0,0,0,1,1
0.0,2008,0.0,0,0,0,0,0,0,0,0,0
0.0,2008,0.0,0,0,1,0,2,0,3,0,3
0.0,2008,0.0,0,0,0,0,0,0,0,0,0
0.0,2008,0.0,1,0,8,0,1,0,10,0,10
0.0,2008,0.0,2,0,12,0,9,0,23,0,23
0.0,2008,0.0,0,0,2,0,1,0,3,0,3
0.0,2008,0.0,2,0,10,0,8,0,20,0,20
0.0,2008,0.0,0,0,0,0,0,0,0,0,0
0.0,2008,0.0,0,0,1,0,0,0,1,0,1
0.0,2008,0.0,0,0,0,0,1,0,1,0,1
0.0,2008,0.0,0,0,0,0,0,0,0,0,0
0.0,2008,0.0,0,0,0,0,0,0,0,0,0
0.0,2008,0.0,0,0,5,1,14,1,19,2,21
0.0,2008,0.0,0,0,0,0,0,0,0,0,0
0.0,2008,0.0,0,0,1,1,0,0,1,1,2
0.0,2008,0.0,0,0,0,0,0,0,0,0,0
0.0,2008,0.0,0,0,0,0,0,0,0,0,0
0.0,2008,0.0,0,0,0,0,0,0,0,0,0
0.0,2008,0.0,0,0,1,0,0,0,1,0,1
0.0,2008,0.0,1,3,7,0,5,1,13,4,17
0.0,2008,0.0,8,3,43,5,41,2,92,10,102
0.0,2009,0.0,0,0,9,1,2,0,11,1,12
0.0,2009,0.0,0,0,6,0,6,1,12,1,13
0.0,2009,0.0,0,0,0,0,0,0,0,0,0
0.0,2009,0.0,0,0,2,0,6,0,8,0,8
0.0,2009,0.0,0,0,0,0,0,0,0,0,0
0.0,2009,0.0,0,0,2,0,6,0,8,0,8
0.0,2009,0.0,0,0,5,0,2,0,7,0,7
0.0,2009,0.0,0,0,3,0,2,0,5,0,5
0.0,2009,0.0,0,0,2,0,0,0,2,0,2
0.0,2009,0.0,0,0,0,0,0,0,0,0,0
0.0,2009,0.0,0,0,0,0,0,0,0,0,0
0.0,2009,0.0,1,0,0,0,2,0,3,0,3
0.0,2009,0.0,2,0,14,0,9,0,25,0,25
0.0,2009,0.0,6,0,10,0,15,0,31,0,31
0.0,2009,0.0,3,0,1,0,4,0,8,0,8
0.0,2009,0.0,3,0,9,0,11,0,23,0,23
0.0,2009,0.0,0,0,0,0,0,0,0,0,0
0.0,2009,0.0,0,0,0,0,0,0,0,0,0
0.0,2009,0.0,0,0,0,0,1,1,1,1,2
0.0,2009,0.0,0,0,0,0,0,0,0,0,0
0.0,2009,0.0,0,0,0,0,0,0,0,0,0
0.0,2009,0.0,2,1,3,1,13,3,18,5,23
0.0,2009,0.0,0,0,0,0,1,1,1,1,2
0.0,2009,0.0,0,0,0,0,3,0,3,0,3
0.0,2009,0.0,0,0,0,0,0,0,0,0,0
0.0,2009,0.0,0,0,0,0,0,0,0,0,0
0.0,2009,0.0,0,0,0,0,0,0,0,0,0
0.0,2009,0.0,0,0,2,0,4,0,6,0,6
0.0,2009,0.0,6,1,15,2,39,2,60,5,65
0.0,2009,0.0,17,2,66,4,103,8,186,14,200
0.0,2010,0.0,0,0,5,0,8,0,13,0,13
0.0,2010,0.0,0,0,2,0,7,0,9,0,9
0.0,2010,0.0,0,0,0,0,0,0,0,0,0
0.0,2010,0.0,0,0,7,0,6,0,13,0,13
0.0,2010,0.0,0,0,0,0,0,0,0,0,0
0.0,2010,0.0,0,0,7,0,6,0,13,0,13
0.0,2010,0.0,0,0,0,0,3,0,3,0,3
0.0,2010,0.0,0,0,0,0,2,0,2,0,2
0.0,2010,0.0,0,0,0,0,1,0,1,0,1
0.0,2010,0.0,0,0,0,0,1,0,1,0,1
0.0,2010,0.0,0,0,2,0,9,0,11,0,11
0.0,2010,0.0,0,0,2,0,1,0,3,0,3
0.0,2010,0.0,7,0,5,0,5,0,17,0,17
0.0,2010,0.0,10,0,14,1,24,0,48,1,49
0.0,2010,0.0,0,0,3,0,3,0,6,0,6
0.0,2010,0.0,10,0,11,1,21,0,42,1,43
0.0,2010,0.0,0,0,0,0,0,0,0,0,0
0.0,2010,0.0,0,0,0,0,0,0,0,0,0
0.0,2010,0.0,0,0,5,0,6,0,11,0,11
0.0,2010,0.0,0,0,1,0,0,0,1,0,1
0.0,2010,0.0,0,0,0,0,0,0,0,0,0
0.0,2010,0.0,4,1,8,2,7,2,19,5,24
0.0,2010,0.0,0,0,0,0,2,0,2,0,2
0.0,2010,0.0,0,0,0,0,2,0,2,0,2
0.0,2010,0.0,0,0,0,0,0,0,0,0,0
0.0,2010,0.0,0,0,0,0,0,1,0,1,1
0.0,2010,0.0,0,0,0,0,0,0,0,0,0
0.0,2010,0.0,0,0,2,0,4,0,6,0,6
0.0,2010,0.0,7,1,17,2,32,1,56,4,60
0.0,2010,0.0,28,2,70,5,117,4,215,11,226
0.0,2001,0.0,4,0,15,0,27,4,46,4,50
0.0,2001,0.0,0,0,25,1,68,0,93,1,94
0.0,2001,0.0,0,0,0,0,1,0,1,0,1
0.0,2001,0.0,0,0,8,1,16,0,24,1,25
0.0,2001,0.0,0,0,0,0,0,0,0,0,0
0.0,2001,0.0,0,0,8,1,16,0,24,1,25
0.0,2001,0.0,0,0,6,0,16,0,22,0,22
0.0,2001,0.0,0,0,1,0,9,0,10,0,10
0.0,2001,0.0,0,0,5,0,7,0,12,0,12
0.0,2001,0.0,0,0,0,0,0,0,0,0,0
0.0,2001,0.0,0,0,0,0,1,0,1,0,1
0.0,2001,0.0,0,0,4,0,3,0,7,0,7
0.0,2001,0.0,9,0,107,1,90,3,206,4,210
0.0,2001,0.0,8,0,137,2,152,2,297,4,301
0.0,2001,0.0,0,0,28,0,41,0,69,0,69
0.0,2001,0.0,8,0,109,2,111,2,228,4,232
0.0,2001,0.0,0,0,91,2,419,100,510,102,612
0.0,2001,0.0,0,0,1,0,0,0,1,0,1
0.0,2001,0.0,0,0,1,0,6,0,7,0,7
0.0,2001,0.0,0,0,2,0,0,0,2,0,2
0.0,2001,0.0,0,0,5,0,2,0,7,0,7
0.0,2001,0.0,6,0,59,3,210,58,275,61,336
0.0,2001,0.0,1,0,1,0,1,3,3,3,6
0.0,2001,0.0,1,0,19,0,71,0,91,0,91
0.0,2001,0.0,0,0,3,0,0,0,3,0,3
0.0,2001,0.0,1,0,4,0,26,15,31,15,46
0.0,2001,0.0,0,0,0,0,0,0,0,0,0
0.0,2001,0.0,0,0,2,0,4,0,6,0,6
0.0,2001,0.0,16,2,133,3,778,123,927,128,1055
0.0,2001,0.0,46,2,623,13,1891,308,2560,323,2883
0.0,2002,0.0,1,1,19,0,24,0,44,1,45
0.0,2002,0.0,3,0,26,2,55,1,84,3,87
0.0,2002,0.0,0,0,0,0,1,0,1,0,1
0.0,2002,0.0,0,0,12,0,17,0,29,0,29
0.0,2002,0.0,0,0,0,0,0,0,0,0,0
0.0,2002,0.0,0,0,12,0,17,0,29,0,29
0.0,2002,0.0,0,0,2,0,10,2,12,2,14
0.0,2002,0.0,0,0,2,0,7,2,9,2,11
0.0,2002,0.0,0,0,0,0,3,0,3,0,3
0.0,2002,0.0,0,0,0,0,0,0,0,0,0
0.0,2002,0.0,0,0,2,0,0,0,2,0,2
0.0,2002,0.0,0,0,1,0,24,0,25,0,25
0.0,2002,0.0,11,0,93,0,93,0,197,0,197
0.0,2002,0.0,2,0,76,2,145,2,223,4,227
0.0,2002,0.0,0,0,9,0,35,0,44,0,44
0.0,2002,0.0,2,0,67,2,110,2,179,4,183
0.0,2002,0.0,0,0,30,3,223,14,253,17,270
0.0,2002,0.0,0,0,0,0,0,0,0,0,0
0.0,2002,0.0,0,0,3,0,0,0,3,0,3
0.0,2002,0.0,0,0,0,0,0,0,0,0,0
0.0,2002,0.0,0,0,2,1,3,0,5,1,6
0.0,2002,0.0,5,0,74,8,99,53,178,61,239
0.0,2002,0.0,0,0,0,0,4,0,4,0,4
0.0,2002,0.0,1,0,8,1,12,0,21,1,22
0.0,2002,0.0,0,0,0,0,0,0,0,0,0
0.0,2002,0.0,0,0,0,4,14,1,14,5,19
0.0,2002,0.0,0,0,0,0,0,0,0,0,0
0.0,2002,0.0,0,0,0,0,10,1,10,1,11
0.0,2002,0.0,3,1,109,4,348,99,460,104,564
0.0,2002,0.0,26,2,457,25,1082,173,1565,200,1765
0.0,2003,0.0,0,0,22,3,23,0,45,3,48
0.0,2003,0.0,0,0,24,1,50,1,74,2,76
0.0,2003,0.0,0,0,0,0,0,0,0,0,0
0.0,2003,0.0,0,0,17,1,17,0,34,1,35
0.0,2003,0.0,0,0,0,0,0,0,0,0,0
0.0,2003,0.0,0,0,17,1,17,0,34,1,35
0.0,2003,0.0,0,0,6,0,19,0,25,0,25
0.0,2003,0.0,0,0,6,0,19,0,25,0,25
0.0,2003,0.0,0,0,0,0,0,0,0,0,0
0.0,2003,0.0,0,0,1,0,1,0,2,0,2
0.0,2003,0.0,0,0,0,0,0,0,0,0,0
0.0,2003,0.0,0,0,3,0,8,0,11,0,11
0.0,2003,0.0,13,0,86,1,115,1,214,2,216
0.0,2003,0.0,3,0,125,5,134,3,262,8,270
0.0,2003,0.0,0,0,26,0,53,0,79,0,79
0.0,2003,0.0,3,0,99,5,81,3,183,8,191
0.0,2003,0.0,2,0,28,2,103,11,133,13,146
0.0,2003,0.0,0,0,0,0,0,0,0,0,0
0.0,2003,0.0,0,0,5,0,28,1,33,1,34
0.0,2003,0.0,0,0,1,0,0,0,1,0,1
0.0,2003,0.0,0,0,0,0,3,0,3,0,3
0.0,2003,0.0,5,0,111,9,108,64,224,73,297
0.0,2003,0.0,0,0,0,0,2,1,2,1,3
0.0,2003,0.0,0,0,12,0,24,0,36,0,36
0.0,2003,0.0,0,0,0,0,0,0,0,0,0
0.0,2003,0.0,0,0,8,2,11,7,19,9,28
0.0,2003,0.0,0,0,0,0,0,0,0,0,0
0.0,2003,0.0,0,0,1,0,2,0,3,0,3
0.0,2003,0.0,13,0,119,0,231,43,363,43,406
0.0,2003,0.0,36,0,569,24,879,132,1484,156,1640
0.0,2004,0.0,1,0,20,1,27,0,48,1,49
0.0,2004,0.0,1,0,26,0,64,0,91,0,91
0.0,2004,0.0,0,0,1,0,0,0,1,0,1
0.0,2004,0.0,0,0,16,0,16,0,32,0,32
0.0,2004,0.0,0,0,0,0,0,0,0,0,0
0.0,2004,0.0,0,0,16,0,16,0,32,0,32
0.0,2004,0.0,0,0,3,0,16,0,19,0,19
0.0,2004,0.0,0,0,2,0,12,0,14,0,14
0.0,2004,0.0,0,0,1,0,4,0,5,0,5
0.0,2004,0.0,0,0,0,0,0,0,0,0,0
0.0,2004,0.0,0,0,0,0,0,0,0,0,0
0.0,2004,0.0,0,0,4,0,10,0,14,0,14
0.0,2004,0.0,24,0,119,0,81,1,224,1,225
0.0,2004,0.0,11,6,157,0,157,13,325,19,344
0.0,2004,0.0,0,0,52,0,43,0,95,0,95
0.0,2004,0.0,11,6,105,0,114,13,230,19,249
0.0,2004,0.0,4,0,15,0,69,10,88,10,98
0.0,2004,0.0,0,0,0,0,0,0,0,0,0
0.0,2004,0.0,0,0,1,0,6,0,7,0,7
0.0,2004,0.0,0,0,0,0,0,0,0,0,0
0.0,2004,0.0,0,0,0,1,1,0,1,1,2
0.0,2004,0.0,8,1,117,6,161,22,286,29,315
0.0,2004,0.0,0,0,0,0,1,2,1,2,3
0.0,2004,0.0,0,0,8,0,14,0,22,0,22
0.0,2004,0.0,0,0,1,0,0,0,1,0,1
0.0,2004,0.0,0,0,3,0,6,8,9,8,17
0.0,2004,0.0,0,0,0,0,0,0,0,0,0
0.0,2004,0.0,0,0,3,0,1,0,4,0,4
0.0,2004,0.0,9,0,168,13,263,32,440,45,485
0.0,2004,0.0,58,7,662,21,893,88,1613,116,1729
0.0,2005,0.0,0,0,18,2,22,0,40,2,42
0.0,2005,0.0,5,0,26,0,36,0,67,0,67
0.0,2005,0.0,0,0,0,0,1,0,1,0,1
0.0,2005,0.0,1,0,14,0,21,0,36,0,36
0.0,2005,0.0,0,0,0,0,0,0,0,0,0
0.0,2005,0.0,1,0,14,0,21,0,36,0,36
0.0,2005,0.0,0,0,6,1,11,0,17,1,18
0.0,2005,0.0,0,0,1,1,7,0,8,1,9
0.0,2005,0.0,0,0,5,0,4,0,9,0,9
0.0,2005,0.0,0,0,1,0,1,0,2,0,2
0.0,2005,0.0,0,0,0,0,0,0,0,0,0
0.0,2005,0.0,1,0,8,0,14,0,23,0,23
0.0,2005,0.0,10,1,121,2,105,0,236,3,239
0.0,2005,0.0,16,1,167,6,165,4,348,11,359
0.0,2005,0.0,1,0,32,0,52,0,85,0,85
0.0,2005,0.0,15,1,135,6,113,4,263,11,274
0.0,2005,0.0,0,0,26,2,39,4,65,6,71
0.0,2005,0.0,0,0,0,0,1,0,1,0,1
0.0,2005,0.0,0,0,2,0,1,0,3,0,3
0.0,2005,0.0,0,0,1,0,0,0,1,0,1
0.0,2005,0.0,0,0,7,0,2,0,9,0,9
0.0,2005,0.0,4,0,78,5,119,19,201,24,225
0.0,2005,0.0,0,0,0,0,1,3,1,3,4
0.0,2005,0.0,0,0,16,0,19,2,35,2,37
0.0,2005,0.0,0,0,0,0,0,0,0,0,0
0.0,2005,0.0,0,0,1,0,1,7,2,7,9
0.0,2005,0.0,0,0,0,0,0,0,0,0,0
0.0,2005,0.0,0,0,1,0,1,0,2,0,2
0.0,2005,0.0,15,0,213,10,319,36,547,46,593
0.0,2005,0.0,52,2,706,28,879,75,1637,105,1742
0.0,2006,0.0,0,0,18,0,42,0,60,0,60
0.0,2006,0.0,0,0,29,1,37,1,66,2,68
0.0,2006,0.0,0,0,0,0,0,0,0,0,0
0.0,2006,0.0,1,0,13,0,19,0,33,0,33
0.0,2006,0.0,0,0,0,0,0,0,0,0,0
0.0,2006,0.0,1,0,13,0,19,0,33,0,33
0.0,2006,0.0,0,0,9,0,8,0,17,0,17
0.0,2006,0.0,0,0,7,0,7,0,14,0,14
0.0,2006,0.0,0,0,2,0,1,0,3,0,3
0.0,2006,0.0,0,0,0,0,8,0,8,0,8
0.0,2006,0.0,0,0,0,0,2,0,2,0,2
0.0,2006,0.0,0,0,5,0,18,0,23,0,23
0.0,2006,0.0,17,3,136,1,139,0,292,4,296
0.0,2006,0.0,11,1,187,2,205,5,403,8,411
0.0,2006,0.0,0,0,46,0,66,0,112,0,112
0.0,2006,0.0,11,1,141,2,139,5,291,8,299
0.0,2006,0.0,1,0,25,1,75,16,101,17,118
0.0,2006,0.0,0,0,0,0,0,0,0,0,0
0.0,2006,0.0,0,0,1,0,3,0,4,0,4
0.0,2006,0.0,0,0,0,0,2,0,2,0,2
0.0,2006,0.0,0,0,1,0,1,0,2,0,2
0.0,2006,0.0,6,0,74,4,155,18,235,22,257
0.0,2006,0.0,0,0,0,0,2,4,2,4,6
0.0,2006,0.0,0,0,11,0,12,0,23,0,23
0.0,2006,0.0,0,0,0,0,0,0,0,0,0
0.0,2006,0.0,0,0,0,0,4,10,4,10,14
0.0,2006,0.0,0,0,0,0,0,0,0,0,0
0.0,2006,0.0,0,0,0,0,3,0,3,0,3
0.0,2006,0.0,12,1,161,21,342,24,515,46,561
0.0,2006,0.0,48,5,670,30,1077,78,1795,113,1908
0.0,2007,0.0,1,0,16,0,29,4,46,4,50
0.0,2007,0.0,1,0,18,0,57,1,76,1,77
0.0,2007,0.0,0,0,0,0,0,0,0,0,0
0.0,2007,0.0,1,0,21,0,30,0,52,0,52
0.0,2007,0.0,0,0,0,0,0,0,0,0,0
0.0,2007,0.0,1,0,21,0,30,0,52,0,52
0.0,2007,0.0,0,0,4,1,13,1,17,2,19
0.0,2007,0.0,0,0,4,1,7,1,11,2,13
0.0,2007,0.0,0,0,0,0,6,0,6,0,6
0.0,2007,0.0,0,0,1,0,0,0,1,0,1
0.0,2007,0.0,0,0,0,0,0,0,0,0,0
0.0,2007,0.0,0,0,15,0,22,3,37,3,40
0.0,2007,0.0,12,0,174,0,136,1,322,1,323
0.0,2007,0.0,17,3,274,7,243,1,534,11,545
0.0,2007,0.0,1,0,64,0,63,0,128,0,128
0.0,2007,0.0,16,3,210,7,180,1,406,11,417
0.0,2007,0.0,0,0,20,2,14,1,34,3,37
0.0,2007,0.0,0,0,0,0,0,0,0,0,0
0.0,2007,0.0,0,0,2,0,4,0,6,0,6
0.0,2007,0.0,0,0,0,0,0,0,0,0,0
0.0,2007,0.0,0,0,4,0,4,0,8,0,8
0.0,2007,0.0,7,0,96,4,136,7,239,11,250
0.0,2007,0.0,0,0,2,0,3,1,5,1,6
0.0,2007,0.0,0,0,15,0,15,0,30,0,30
0.0,2007,0.0,0,0,0,0,0,0,0,0,0
0.0,2007,0.0,0,0,0,0,6,12,6,12,18
0.0,2007,0.0,0,0,0,0,0,0,0,0,0
0.0,2007,0.0,0,0,1,0,1,0,2,0,2
0.0,2007,0.0,12,0,202,6,275,10,489,16,505
0.0,2007,0.0,51,3,865,20,988,42,1904,65,1969
0.0,2008,0.0,1,0,17,1,44,1,62,2,64
0.0,2008,0.0,0,0,30,0,54,0,84,0,84
0.0,2008,0.0,0,0,0,0,0,0,0,0,0
0.0,2008,0.0,0,0,17,0,34,0,51,0,51
0.0,2008,0.0,0,0,0,0,0,0,0,0,0
0.0,2008,0.0,0,0,17,0,34,0,51,0,51
0.0,2008,0.0,1,0,12,3,42,0,55,3,58
0.0,2008,0.0,0,0,11,3,34,0,45,3,48
0.0,2008,0.0,1,0,1,0,8,0,10,0,10
0.0,2008,0.0,0,0,0,0,2,0,2,0,2
0.0,2008,0.0,0,0,0,0,1,0,1,0,1
0.0,2008,0.0,0,0,24,0,48,1,72,1,73
0.0,2008,0.0,14,0,155,0,112,0,281,0,281
0.0,2008,0.0,16,1,209,6,285,2,510,9,519
0.0,2008,0.0,1,0,39,0,96,0,136,0,136
0.0,2008,0.0,15,1,170,6,189,2,374,9,383
0.0,2008,0.0,5,1,27,6,35,1,67,8,75
0.0,2008,0.0,0,0,0,0,0,0,0,0,0
0.0,2008,0.0,0,0,3,1,4,3,7,4,11
0.0,2008,0.0,0,0,0,0,0,0,0,0,0
0.0,2008,0.0,0,0,1,0,6,0,7,0,7
0.0,2008,0.0,0,0,83,4,133,11,216,15,231
0.0,2008,0.0,0,0,1,0,6,4,7,4,11
0.0,2008,0.0,1,1,7,1,22,0,30,2,32
0.0,2008,0.0,0,0,0,0,0,0,0,0,0
0.0,2008,0.0,0,0,2,0,4,1,6,1,7
0.0,2008,0.0,0,0,0,0,0,0,0,0,0
0.0,2008,0.0,0,0,1,0,12,0,13,0,13
0.0,2008,0.0,10,2,218,17,417,30,645,49,694
0.0,2008,0.0,48,5,807,39,1261,54,2116,98,2214
0.0,2009,0.0,1,0,24,2,48,2,73,4,77
0.0,2009,0.0,0,0,23,2,69,1,92,3,95
0.0,2009,0.0,0,0,2,0,2,0,4,0,4
0.0,2009,0.0,2,0,19,1,34,1,55,2,57
0.0,2009,0.0,0,0,0,0,0,0,0,0,0
0.0,2009,0.0,2,0,19,1,34,1,55,2,57
0.0,2009,0.0,0,0,14,1,46,0,60,1,61
0.0,2009,0.0,0,0,9,1,38,0,47,1,48
0.0,2009,0.0,0,0,5,0,8,0,13,0,13
0.0,2009,0.0,0,0,0,0,0,0,0,0,0
0.0,2009,0.0,0,0,0,0,5,0,5,0,5
0.0,2009,0.0,0,0,12,0,22,0,34,0,34
0.0,2009,0.0,10,1,127,5,174,1,311,7,318
0.0,2009,0.0,14,1,144,10,271,4,429,15,444
0.0,2009,0.0,0,0,49,0,126,0,175,0,175
0.0,2009,0.0,14,1,95,10,145,4,254,15,269
0.0,2009,0.0,3,0,10,2,21,3,34,5,39
0.0,2009,0.0,0,0,0,0,2,0,2,0,2
0.0,2009,0.0,0,0,0,0,6,0,6,0,6
0.0,2009,0.0,0,0,0,0,0,0,0,0,0
0.0,2009,0.0,0,0,3,0,7,0,10,0,10
0.0,2009,0.0,12,0,100,4,150,9,262,13,275
0.0,2009,0.0,0,0,0,2,4,0,4,2,6
0.0,2009,0.0,0,0,14,0,37,0,51,0,51
0.0,2009,0.0,0,0,1,0,2,0,3,0,3
0.0,2009,0.0,0,0,3,0,7,1,10,1,11
0.0,2009,0.0,0,0,0,0,0,0,0,0,0
0.0,2009,0.0,0,0,3,0,7,0,10,0,10
0.0,2009,0.0,26,1,243,14,488,18,757,33,790
0.0,2009,0.0,68,3,742,43,1402,40,2212,86,2298
0.0,2010,0.0,0,0,17,1,40,6,57,7,64
0.0,2010,0.0,1,0,21,1,70,6,92,7,99
0.0,2010,0.0,0,0,1,0,0,0,1,0,1
0.0,2010,0.0,0,0,24,0,57,2,81,2,83
0.0,2010,0.0,0,0,0,0,0,0,0,0,0
0.0,2010,0.0,0,0,24,0,57,2,81,2,83
0.0,2010,0.0,2,0,24,1,58,10,84,11,95
0.0,2010,0.0,2,0,21,1,46,10,69,11,80
0.0,2010,0.0,0,0,3,0,12,0,15,0,15
0.0,2010,0.0,0,0,0,0,1,0,1,0,1
0.0,2010,0.0,0,0,0,0,4,0,4,0,4
0.0,2010,0.0,0,0,14,0,39,0,53,0,53
0.0,2010,0.0,11,0,120,2,132,2,263,4,267
0.0,2010,0.0,20,1,160,9,250,3,430,13,443
0.0,2010,0.0,2,0,62,0,122,0,186,0,186
0.0,2010,0.0,18,1,98,9,128,3,244,13,257
0.0,2010,0.0,0,0,8,1,37,2,45,3,48
0.0,2010,0.0,0,0,0,0,0,0,0,0,0
0.0,2010,0.0,0,0,3,2,7,1,10,3,13
0.0,2010,0.0,0,0,0,0,1,0,1,0,1
0.0,2010,0.0,0,0,8,0,3,2,11,2,13
0.0,2010,0.0,5,0,93,3,160,12,258,15,273
0.0,2010,0.0,0,0,0,0,4,0,4,0,4
0.0,2010,0.0,0,0,13,0,13,0,26,0,26
0.0,2010,0.0,0,0,0,0,0,0,0,0,0
0.0,2010,0.0,0,0,3,0,7,5,10,5,15
0.0,2010,0.0,0,0,0,0,0,0,0,0,0
0.0,2010,0.0,0,0,4,0,8,0,12,0,12
0.0,2010,0.0,10,1,216,6,449,26,675,33,708
0.0,2010,0.0,49,2,729,26,1340,77,2118,105,2223
0.0,2001,0.0,0,0,0,0,4,0,4,0,4
0.0,2001,0.0,0,0,0,0,0,0,0,0,0
0.0,2001,0.0,0,0,0,0,0,0,0,0,0
0.0,2001,0.0,0,0,0,0,1,0,1,0,1
0.0,2001,0.0,0,0,0,0,0,0,0,0,0
0.0,2001,0.0,0,0,0,0,1,0,1,0,1
0.0,2001,0.0,0,0,0,0,0,0,0,0,0
0.0,2001,0.0,0,0,0,0,0,0,0,0,0
0.0,2001,0.0,0,0,0,0,0,0,0,0,0
0.0,2001,0.0,0,0,0,0,0,0,0,0,0
0.0,2001,0.0,0,0,0,0,0,0,0,0,0
0.0,2001,0.0,0,0,0,0,0,0,0,0,0
0.0,2001,0.0,1,0,0,0,1,0,2,0,2
0.0,2001,0.0,2,0,2,0,0,0,4,0,4
0.0,2001,0.0,0,0,0,0,0,0,0,0,0
0.0,2001,0.0,2,0,2,0,0,0,4,0,4
0.0,2001,0.0,0,0,0,0,0,0,0,0,0
0.0,2001,0.0,0,0,0,0,0,0,0,0,0
0.0,2001,0.0,0,0,0,0,0,0,0,0,0
0.0,2001,0.0,0,0,0,0,0,0,0,0,0
0.0,2001,0.0,0,0,0,0,0,0,0,0,0
0.0,2001,0.0,0,0,0,0,0,0,0,0,0
0.0,2001,0.0,0,0,0,0,0,0,0,0,0
0.0,2001,0.0,0,0,0,0,0,0,0,0,0
0.0,2001,0.0,0,0,1,0,0,0,1,0,1
0.0,2001,0.0,0,0,0,0,0,0,0,0,0
0.0,2001,0.0,0,0,0,0,0,0,0,0,0
0.0,2001,0.0,0,0,0,0,0,0,0,0,0
0.0,2001,0.0,2,0,1,0,0,0,3,0,3
0.0,2001,0.0,5,0,4,0,6,0,15,0,15
0.0,2002,0.0,0,0,0,0,0,0,0,0,0
0.0,2002,0.0,0,0,0,0,0,0,0,0,0
0.0,2002,0.0,0,0,0,0,0,0,0,0,0
0.0,2002,0.0,0,0,0,0,0,0,0,0,0
0.0,2002,0.0,0,0,0,0,0,0,0,0,0
0.0,2002,0.0,0,0,0,0,0,0,0,0,0
0.0,2002,0.0,0,0,0,0,0,0,0,0,0
0.0,2002,0.0,0,0,0,0,0,0,0,0,0
0.0,2002,0.0,0,0,0,0,0,0,0,0,0
0.0,2002,0.0,0,0,0,0,0,0,0,0,0
0.0,2002,0.0,0,0,0,0,0,0,0,0,0
0.0,2002,0.0,0,0,0,0,0,0,0,0,0
0.0,2002,0.0,0,0,0,0,1,0,1,0,1
0.0,2002,0.0,0,0,1,0,0,0,1,0,1
0.0,2002,0.0,0,0,1,0,0,0,1,0,1
0.0,2002,0.0,0,0,0,0,0,0,0,0,0
0.0,2002,0.0,0,0,0,0,0,0,0,0,0
0.0,2002,0.0,0,0,0,0,0,0,0,0,0
0.0,2002,0.0,0,0,0,0,0,0,0,0,0
0.0,2002,0.0,0,0,0,0,0,0,0,0,0
0.0,2002,0.0,0,0,0,0,0,0,0,0,0
0.0,2002,0.0,0,0,0,0,0,0,0,0,0
0.0,2002,0.0,0,0,0,0,0,0,0,0,0
0.0,2002,0.0,0,0,0,0,0,0,0,0,0
0.0,2002,0.0,0,0,0,0,0,0,0,0,0
0.0,2002,0.0,0,0,0,0,0,0,0,0,0
0.0,2002,0.0,0,0,0,0,0,0,0,0,0
0.0,2002,0.0,0,0,0,0,0,0,0,0,0
0.0,2002,0.0,0,0,0,0,0,0,0,0,0
0.0,2002,0.0,0,0,1,0,1,0,2,0,2
0.0,2003,0.0,0,0,0,0,3,0,3,0,3
0.0,2003,0.0,0,0,0,0,0,0,0,0,0
0.0,2003,0.0,0,0,0,0,0,0,0,0,0
0.0,2003,0.0,0,0,0,0,2,0,2,0,2
0.0,2003,0.0,0,0,0,0,0,0,0,0,0
0.0,2003,0.0,0,0,0,0,2,0,2,0,2
0.0,2003,0.0,0,0,0,0,0,0,0,0,0
0.0,2003,0.0,0,0,0,0,0,0,0,0,0
0.0,2003,0.0,0,0,0,0,0,0,0,0,0
0.0,2003,0.0,0,0,0,0,0,0,0,0,0
0.0,2003,0.0,0,0,0,0,0,0,0,0,0
0.0,2003,0.0,0,0,0,0,0,0,0,0,0
0.0,2003,0.0,0,0,0,0,2,0,2,0,2
0.0,2003,0.0,0,0,0,0,3,0,3,0,3
0.0,2003,0.0,0,0,0,0,0,0,0,0,0
0.0,2003,0.0,0,0,0,0,3,0,3,0,3
0.0,2003,0.0,0,0,0,0,1,0,1,0,1
0.0,2003,0.0,0,0,0,0,0,0,0,0,0
0.0,2003,0.0,0,0,0,0,0,0,0,0,0
0.0,2003,0.0,0,0,0,0,0,0,0,0,0
0.0,2003,0.0,0,0,0,0,0,0,0,0,0
0.0,2003,0.0,0,0,0,0,0,1,0,1,1
0.0,2003,0.0,0,0,0,0,0,0,0,0,0
0.0,2003,0.0,0,0,0,0,1,0,1,0,1
0.0,2003,0.0,0,0,0,0,0,0,0,0,0
0.0,2003,0.0,0,0,0,0,0,0,0,0,0
0.0,2003,0.0,0,0,0,0,0,0,0,0,0
0.0,2003,0.0,0,0,0,0,0,0,0,0,0
0.0,2003,0.0,0,0,0,0,4,0,4,0,4
0.0,2003,0.0,0,0,0,0,16,1,16,1,17
0.0,2004,0.0,0,0,0,0,0,0,0,0,0
0.0,2004,0.0,0,0,0,0,4,0,4,0,4
0.0,2004,0.0,0,0,0,0,1,0,1,0,1
0.0,2004,0.0,0,0,0,0,0,0,0,0,0
0.0,2004,0.0,0,0,0,0,0,0,0,0,0
0.0,2004,0.0,0,0,0,0,0,0,0,0,0
0.0,2004,0.0,0,0,0,0,0,0,0,0,0
0.0,2004,0.0,0,0,0,0,0,0,0,0,0
0.0,2004,0.0,0,0,0,0,0,0,0,0,0
0.0,2004,0.0,0,0,0,0,0,0,0,0,0
0.0,2004,0.0,0,0,0,0,0,0,0,0,0
0.0,2004,0.0,0,0,0,0,0,0,0,0,0
0.0,2004,0.0,0,0,1,0,0,0,1,0,1
0.0,2004,0.0,0,0,1,0,3,0,4,0,4
0.0,2004,0.0,0,0,0,0,0,0,0,0,0
0.0,2004,0.0,0,0,1,0,3,0,4,0,4
0.0,2004,0.0,0,0,0,0,0,0,0,0,0
0.0,2004,0.0,0,0,0,0,0,0,0,0,0
0.0,2004,0.0,0,0,0,0,0,0,0,0,0
0.0,2004,0.0,0,0,0,0,0,0,0,0,0
0.0,2004,0.0,0,0,0,0,0,0,0,0,0
0.0,2004,0.0,0,0,0,0,1,0,1,0,1
0.0,2004,0.0,0,0,0,0,0,0,0,0,0
0.0,2004,0.0,0,0,0,0,1,0,1,0,1
0.0,2004,0.0,0,0,0,0,0,0,0,0,0
0.0,2004,0.0,0,0,0,0,0,0,0,0,0
0.0,2004,0.0,0,0,0,0,0,0,0,0,0
0.0,2004,0.0,0,0,0,0,0,0,0,0,0
0.0,2004,0.0,0,0,1,0,0,0,1,0,1
0.0,2004,0.0,0,0,3,0,10,0,13,0,13
0.0,2005,0.0,0,0,2,0,0,0,2,0,2
0.0,2005,0.0,0,0,0,0,0,0,0,0,0
0.0,2005,0.0,0,0,0,0,0,0,0,0,0
0.0,2005,0.0,0,0,0,0,2,0,2,0,2
0.0,2005,0.0,0,0,0,0,0,0,0,0,0
0.0,2005,0.0,0,0,0,0,2,0,2,0,2
0.0,2005,0.0,0,0,0,0,0,0,0,0,0
0.0,2005,0.0,0,0,0,0,0,0,0,0,0
0.0,2005,0.0,0,0,0,0,0,0,0,0,0
0.0,2005,0.0,0,0,0,0,0,0,0,0,0
0.0,2005,0.0,0,0,0,0,0,0,0,0,0
0.0,2005,0.0,0,0,0,0,0,0,0,0,0
0.0,2005,0.0,1,0,3,0,4,0,8,0,8
0.0,2005,0.0,0,0,2,0,2,0,4,0,4
0.0,2005,0.0,0,0,0,0,0,0,0,0,0
0.0,2005,0.0,0,0,2,0,2,0,4,0,4
0.0,2005,0.0,0,0,1,0,0,0,1,0,1
0.0,2005,0.0,0,0,0,0,0,0,0,0,0
0.0,2005,0.0,0,0,0,0,0,0,0,0,0
0.0,2005,0.0,0,0,0,0,0,0,0,0,0
0.0,2005,0.0,0,0,0,0,0,0,0,0,0
0.0,2005,0.0,0,0,5,0,0,0,5,0,5
0.0,2005,0.0,0,0,0,0,0,0,0,0,0
0.0,2005,0.0,0,0,0,0,0,0,0,0,0
0.0,2005,0.0,0,0,0,0,0,0,0,0,0
0.0,2005,0.0,0,0,0,0,0,0,0,0,0
0.0,2005,0.0,0,0,0,0,0,0,0,0,0
0.0,2005,0.0,0,0,0,0,0,0,0,0,0
0.0,2005,0.0,0,0,1,0,0,0,1,0,1
0.0,2005,0.0,1,0,14,0,8,0,23,0,23
0.0,2006,0.0,0,0,0,0,0,0,0,0,0
0.0,2006,0.0,0,0,0,0,0,0,0,0,0
0.0,2006,0.0,0,0,0,0,0,0,0,0,0
0.0,2006,0.0,0,0,0,0,1,0,1,0,1
0.0,2006,0.0,0,0,0,0,0,0,0,0,0
0.0,2006,0.0,0,0,0,0,1,0,1,0,1
0.0,2006,0.0,0,0,0,0,0,0,0,0,0
0.0,2006,0.0,0,0,0,0,0,0,0,0,0
0.0,2006,0.0,0,0,0,0,0,0,0,0,0
0.0,2006,0.0,0,0,0,0,0,0,0,0,0
0.0,2006,0.0,0,0,0,0,0,0,0,0,0
0.0,2006,0.0,0,0,2,0,3,0,5,0,5
0.0,2006,0.0,0,0,2,0,2,0,4,0,4
0.0,2006,0.0,0,0,4,0,11,0,15,0,15
0.0,2006,0.0,0,0,0,0,0,0,0,0,0
0.0,2006,0.0,0,0,4,0,11,0,15,0,15
0.0,2006,0.0,0,0,0,0,0,0,0,0,0
0.0,2006,0.0,0,0,0,0,0,0,0,0,0
0.0,2006,0.0,0,0,0,0,0,0,0,0,0
0.0,2006,0.0,0,0,0,0,0,0,0,0,0
0.0,2006,0.0,0,0,0,0,0,0,0,0,0
0.0,2006,0.0,0,0,3,0,3,1,6,1,7
0.0,2006,0.0,0,0,0,0,0,0,0,0,0
0.0,2006,0.0,0,0,0,0,2,0,2,0,2
0.0,2006,0.0,0,0,0,0,0,0,0,0,0
0.0,2006,0.0,0,0,0,0,0,0,0,0,0
0.0,2006,0.0,0,0,0,0,0,0,0,0,0
0.0,2006,0.0,0,0,0,0,0,0,0,0,0
0.0,2006,0.0,0,0,1,0,0,0,1,0,1
0.0,2006,0.0,0,0,12,0,22,1,34,1,35
0.0,2007,0.0,0,0,0,0,2,0,2,0,2
0.0,2007,0.0,0,0,0,0,0,0,0,0,0
0.0,2007,0.0,0,0,0,0,1,0,1,0,1
0.0,2007,0.0,0,0,0,0,6,0,6,0,6
0.0,2007,0.0,0,0,0,0,0,0,0,0,0
0.0,2007,0.0,0,0,0,0,6,0,6,0,6
0.0,2007,0.0,0,0,0,0,0,0,0,0,0
0.0,2007,0.0,0,0,0,0,0,0,0,0,0
0.0,2007,0.0,0,0,0,0,0,0,0,0,0
0.0,2007,0.0,0,0,0,0,0,0,0,0,0
0.0,2007,0.0,0,0,0,0,0,0,0,0,0
0.0,2007,0.0,0,0,0,0,0,0,0,0,0
0.0,2007,0.0,0,0,0,0,6,0,6,0,6
0.0,2007,0.0,0,0,0,0,14,1,14,1,15
0.0,2007,0.0,0,0,0,0,0,0,0,0,0
0.0,2007,0.0,0,0,0,0,14,1,14,1,15
0.0,2007,0.0,0,0,0,0,23,0,23,0,23
0.0,2007,0.0,0,0,0,0,0,0,0,0,0
0.0,2007,0.0,0,0,0,0,2,0,2,0,2
0.0,2007,0.0,0,0,0,0,0,0,0,0,0
0.0,2007,0.0,0,0,0,0,0,0,0,0,0
0.0,2007,0.0,0,0,0,0,10,7,10,7,17
0.0,2007,0.0,0,0,0,0,0,0,0,0,0
0.0,2007,0.0,0,0,0,0,1,0,1,0,1
0.0,2007,0.0,0,0,0,0,0,0,0,0,0
0.0,2007,0.0,0,0,0,0,1,0,1,0,1
0.0,2007,0.0,0,0,0,0,0,0,0,0,0
0.0,2007,0.0,0,0,0,0,0,0,0,0,0
0.0,2007,0.0,0,0,0,0,15,1,15,1,16
0.0,2007,0.0,0,0,0,0,81,9,81,9,90
0.0,2008,0.0,0,0,0,0,0,0,0,0,0
0.0,2008,0.0,0,0,0,0,0,0,0,0,0
0.0,2008,0.0,0,0,0,0,0,0,0,0,0
0.0,2008,0.0,0,0,0,0,0,0,0,0,0
0.0,2008,0.0,0,0,0,0,0,0,0,0,0
0.0,2008,0.0,0,0,0,0,0,0,0,0,0
0.0,2008,0.0,0,0,0,0,0,0,0,0,0
0.0,2008,0.0,0,0,0,0,0,0,0,0,0
0.0,2008,0.0,0,0,0,0,0,0,0,0,0
0.0,2008,0.0,0,0,0,0,0,0,0,0,0
0.0,2008,0.0,0,0,0,0,0,0,0,0,0
0.0,2008,0.0,0,0,0,0,2,0,2,0,2
0.0,2008,0.0,0,0,8,0,4,0,12,0,12
0.0,2008,0.0,0,0,6,0,7,0,13,0,13
0.0,2008,0.0,0,0,0,0,0,0,0,0,0
0.0,2008,0.0,0,0,6,0,7,0,13,0,13
0.0,2008,0.0,0,0,0,0,0,2,0,2,2
0.0,2008,0.0,0,0,0,0,0,0,0,0,0
0.0,2008,0.0,0,0,0,0,0,0,0,0,0
0.0,2008,0.0,0,0,0,0,0,0,0,0,0
0.0,2008,0.0,0,0,1,0,1,0,2,0,2
0.0,2008,0.0,0,0,0,0,0,1,0,1,1
0.0,2008,0.0,0,0,0,0,0,0,0,0,0
0.0,2008,0.0,0,0,0,0,0,0,0,0,0
0.0,2008,0.0,0,0,0,0,0,0,0,0,0
0.0,2008,0.0,0,0,0,0,0,0,0,0,0
0.0,2008,0.0,0,0,0,0,0,0,0,0,0
0.0,2008,0.0,0,0,0,0,0,0,0,0,0
0.0,2008,0.0,0,0,0,0,1,0,1,0,1
0.0,2008,0.0,0,0,15,0,15,3,30,3,33
0.0,2009,0.0,0,0,0,0,2,0,2,0,2
0.0,2009,0.0,0,0,0,0,1,0,1,0,1
0.0,2009,0.0,0,0,0,0,0,0,0,0,0
0.0,2009,0.0,0,0,0,0,2,0,2,0,2
0.0,2009,0.0,0,0,0,0,0,0,0,0,0
0.0,2009,0.0,0,0,0,0,2,0,2,0,2
0.0,2009,0.0,0,0,0,0,0,0,0,0,0
0.0,2009,0.0,0,0,0,0,0,0,0,0,0
0.0,2009,0.0,0,0,0,0,0,0,0,0,0
0.0,2009,0.0,0,0,0,0,0,0,0,0,0
0.0,2009,0.0,0,0,0,0,0,0,0,0,0
0.0,2009,0.0,0,0,0,0,0,0,0,0,0
0.0,2009,0.0,0,0,3,0,3,0,6,0,6
0.0,2009,0.0,6,0,5,0,14,1,25,1,26
0.0,2009,0.0,0,0,0,0,0,0,0,0,0
0.0,2009,0.0,6,0,5,0,14,1,25,1,26
0.0,2009,0.0,0,0,1,0,12,1,13,1,14
0.0,2009,0.0,0,0,0,0,0,0,0,0,0
0.0,2009,0.0,0,0,0,0,0,0,0,0,0
0.0,2009,0.0,0,0,0,0,0,0,0,0,0
0.0,2009,0.0,0,0,0,0,0,0,0,0,0
0.0,2009,0.0,0,0,0,0,5,0,5,0,5
0.0,2009,0.0,0,0,0,0,0,0,0,0,0
0.0,2009,0.0,0,0,0,0,0,0,0,0,0
0.0,2009,0.0,0,0,0,0,0,0,0,0,0
0.0,2009,0.0,0,0,0,0,0,1,0,1,1
0.0,2009,0.0,0,0,0,0,0,0,0,0,0
0.0,2009,0.0,0,0,0,0,0,0,0,0,0
0.0,2009,0.0,0,0,3,0,0,0,3,0,3
0.0,2009,0.0,6,0,12,0,39,3,57,3,60
0.0,2010,0.0,0,0,0,0,0,0,0,0,0
0.0,2010,0.0,0,0,0,0,0,0,0,0,0
0.0,2010,0.0,0,0,0,0,0,0,0,0,0
0.0,2010,0.0,0,0,0,0,4,0,4,0,4
0.0,2010,0.0,0,0,0,0,0,0,0,0,0
0.0,2010,0.0,0,0,0,0,4,0,4,0,4
0.0,2010,0.0,0,0,0,0,0,0,0,0,0
0.0,2010,0.0,0,0,0,0,0,0,0,0,0
0.0,2010,0.0,0,0,0,0,0,0,0,0,0
0.0,2010,0.0,0,0,0,0,0,0,0,0,0
0.0,2010,0.0,0,0,0,0,0,0,0,0,0
0.0,2010,0.0,0,0,0,0,2,0,2,0,2
0.0,2010,0.0,0,0,3,0,22,0,25,0,25
0.0,2010,0.0,0,0,3,0,21,0,24,0,24
0.0,2010,0.0,0,0,0,0,0,0,0,0,0
0.0,2010,0.0,0,0,3,0,21,0,24,0,24
0.0,2010,0.0,0,0,0,0,1,0,1,0,1
0.0,2010,0.0,0,0,0,0,0,0,0,0,0
0.0,2010,0.0,0,0,0,0,0,0,0,0,0
0.0,2010,0.0,0,0,0,0,0,0,0,0,0
0.0,2010,0.0,0,0,0,0,0,0,0,0,0
0.0,2010,0.0,0,0,0,0,0,0,0,0,0
0.0,2010,0.0,0,0,0,0,0,0,0,0,0
0.0,2010,0.0,0,0,0,0,0,0,0,0,0
0.0,2010,0.0,0,0,0,0,0,0,0,0,0
0.0,2010,0.0,0,0,0,0,0,0,0,0,0
0.0,2010,0.0,0,0,0,0,0,0,0,0,0
0.0,2010,0.0,0,0,0,0,0,0,0,0,0
0.0,2010,0.0,0,0,3,0,7,0,10,0,10
0.0,2010,0.0,0,0,9,0,57,0,66,0,66
0.0,2001,0.0,0,0,3,2,5,1,8,3,11
0.0,2001,0.0,0,0,77,6,0,1,77,7,84
0.0,2001,0.0,0,0,0,0,0,0,0,0,0
0.0,2001,0.0,0,0,1,0,0,0,1,0,1
0.0,2001,0.0,0,0,0,0,0,0,0,0,0
0.0,2001,0.0,0,0,1,0,0,0,1,0,1
0.0,2001,0.0,0,0,0,0,0,0,0,0,0
0.0,2001,0.0,0,0,0,0,0,0,0,0,0
0.0,2001,0.0,0,0,0,0,0,0,0,0,0
0.0,2001,0.0,0,0,0,0,0,0,0,0,0
0.0,2001,0.0,0,0,0,0,0,0,0,0,0
0.0,2001,0.0,0,0,0,0,0,0,0,0,0
0.0,2001,0.0,8,0,68,0,23,0,99,0,99
0.0,2001,0.0,46,8,146,41,36,9,228,58,286
0.0,2001,0.0,6,0,4,0,5,0,15,0,15
0.0,2001,0.0,40,8,142,41,31,9,213,58,271
0.0,2001,0.0,0,0,10,3,4,0,14,3,17
0.0,2001,0.0,0,0,0,0,0,0,0,0,0
0.0,2001,0.0,0,0,0,0,0,0,0,0,0
0.0,2001,0.0,0,0,0,0,0,0,0,0,0
0.0,2001,0.0,0,0,0,0,0,0,0,0,0
0.0,2001,0.0,0,0,6,0,7,2,13,2,15
0.0,2001,0.0,0,0,0,0,0,0,0,0,0
0.0,2001,0.0,0,0,2,0,0,0,2,0,2
0.0,2001,0.0,0,0,3,0,2,0,5,0,5
0.0,2001,0.0,0,0,0,0,0,8,0,8,8
0.0,2001,0.0,0,0,0,0,0,0,0,0,0
0.0,2001,0.0,0,0,0,0,0,0,0,0,0
0.0,2001,0.0,0,0,40,2,41,15,81,17,98
0.0,2001,0.0,54,8,356,54,118,36,528,98,626
0.0,2002,0.0,2,0,8,0,13,0,23,0,23
0.0,2002,0.0,0,0,1,0,4,1,5,1,6
0.0,2002,0.0,0,0,0,0,1,0,1,0,1
0.0,2002,0.0,0,0,3,0,4,0,7,0,7
0.0,2002,0.0,0,0,0,0,0,0,0,0,0
0.0,2002,0.0,0,0,3,0,4,0,7,0,7
0.0,2002,0.0,0,0,0,0,15,2,15,2,17
0.0,2002,0.0,0,0,0,0,15,2,15,2,17
0.0,2002,0.0,0,0,0,0,0,0,0,0,0
0.0,2002,0.0,0,0,0,0,0,0,0,0,0
0.0,2002,0.0,0,0,0,0,0,0,0,0,0
0.0,2002,0.0,0,0,1,0,8,0,9,0,9
0.0,2002,0.0,2,0,82,2,26,0,110,2,112
0.0,2002,0.0,20,9,204,18,67,7,291,34,325
0.0,2002,0.0,1,0,11,0,6,0,18,0,18
0.0,2002,0.0,19,9,193,18,61,7,273,34,307
0.0,2002,0.0,1,0,3,3,11,0,15,3,18
0.0,2002,0.0,0,0,0,0,0,0,0,0,0
0.0,2002,0.0,0,0,0,0,0,0,0,0,0
0.0,2002,0.0,0,0,0,0,0,0,0,0,0
0.0,2002,0.0,0,0,4,0,0,0,4,0,4
0.0,2002,0.0,0,0,7,0,32,1,39,1,40
0.0,2002,0.0,0,0,0,0,0,0,0,0,0
0.0,2002,0.0,0,0,2,0,6,0,8,0,8
0.0,2002,0.0,0,0,1,0,2,0,3,0,3
0.0,2002,0.0,0,0,6,0,0,0,6,0,6
0.0,2002,0.0,0,0,0,0,0,0,0,0,0
0.0,2002,0.0,0,0,0,0,13,2,13,2,15
0.0,2002,0.0,2,0,18,0,17,1,37,1,38
0.0,2002,0.0,27,9,340,23,219,14,586,46,632
0.0,2003,0.0,3,0,8,3,12,0,23,3,26
0.0,2003,0.0,1,0,2,0,9,1,12,1,13
0.0,2003,0.0,0,0,0,0,0,0,0,0,0
0.0,2003,0.0,0,0,3,0,6,0,9,0,9
0.0,2003,0.0,0,0,0,0,0,0,0,0,0
0.0,2003,0.0,0,0,3,0,6,0,9,0,9
0.0,2003,0.0,0,0,1,0,5,0,6,0,6
0.0,2003,0.0,0,0,1,0,5,0,6,0,6
0.0,2003,0.0,0,0,0,0,0,0,0,0,0
0.0,2003,0.0,0,0,0,0,2,0,2,0,2
0.0,2003,0.0,0,0,1,0,0,0,1,0,1
0.0,2003,0.0,1,0,9,0,4,0,14,0,14
0.0,2003,0.0,20,0,75,0,34,0,129,0,129
0.0,2003,0.0,30,10,168,11,114,9,312,30,342
0.0,2003,0.0,1,0,15,0,8,0,24,0,24
0.0,2003,0.0,29,10,153,11,106,9,288,30,318
0.0,2003,0.0,0,0,1,2,9,1,10,3,13
0.0,2003,0.0,0,0,0,0,0,0,0,0,0
0.0,2003,0.0,0,0,0,1,0,1,0,2,2
0.0,2003,0.0,0,0,0,0,0,0,0,0,0
0.0,2003,0.0,0,0,0,0,0,0,0,0,0
0.0,2003,0.0,0,1,11,0,44,15,55,16,71
0.0,2003,0.0,0,0,0,0,0,0,0,0,0
0.0,2003,0.0,0,0,10,0,28,0,38,0,38
0.0,2003,0.0,0,0,15,0,21,0,36,0,36
0.0,2003,0.0,0,0,0,1,0,0,0,1,1
0.0,2003,0.0,0,0,0,0,0,0,0,0,0
0.0,2003,0.0,0,0,1,0,5,2,6,2,8
0.0,2003,0.0,2,0,6,4,55,35,63,39,102
0.0,2003,0.0,57,11,311,22,348,64,716,97,813
0.0,2004,0.0,1,0,14,0,10,1,25,1,26
0.0,2004,0.0,0,0,6,0,8,0,14,0,14
0.0,2004,0.0,0,0,0,0,0,0,0,0,0
0.0,2004,0.0,1,0,5,0,10,0,16,0,16
0.0,2004,0.0,0,0,0,0,0,0,0,0,0
0.0,2004,0.0,1,0,5,0,10,0,16,0,16
0.0,2004,0.0,0,0,1,1,5,0,6,1,7
0.0,2004,0.0,0,0,1,1,5,0,6,1,7
0.0,2004,0.0,0,0,0,0,0,0,0,0,0
0.0,2004,0.0,0,0,0,0,5,0,5,0,5
0.0,2004,0.0,0,0,0,0,0,0,0,0,0
0.0,2004,0.0,0,0,0,0,3,0,3,0,3
0.0,2004,0.0,9,0,69,0,54,0,132,0,132
0.0,2004,0.0,13,6,153,9,247,16,413,31,444
0.0,2004,0.0,0,0,4,0,35,1,39,1,40
0.0,2004,0.0,13,6,149,9,212,15,374,30,404
0.0,2004,0.0,0,0,8,0,8,1,16,1,17
0.0,2004,0.0,0,0,0,0,0,0,0,0,0
0.0,2004,0.0,0,0,0,0,1,1,1,1,2
0.0,2004,0.0,0,0,0,0,0,0,0,0,0
0.0,2004,0.0,0,0,1,0,2,0,3,0,3
0.0,2004,0.0,0,0,31,2,43,1,74,3,77
0.0,2004,0.0,0,0,0,0,0,0,0,0,0
0.0,2004,0.0,0,0,3,0,7,1,10,1,11
0.0,2004,0.0,0,0,0,0,5,0,5,0,5
0.0,2004,0.0,0,0,0,0,1,0,1,0,1
0.0,2004,0.0,0,0,0,0,0,0,0,0,0
0.0,2004,0.0,0,0,0,0,0,0,0,0,0
0.0,2004,0.0,0,0,10,0,19,5,29,5,34
0.0,2004,0.0,24,6,301,12,428,26,753,44,797
0.0,2005,0.0,0,0,9,1,25,1,34,2,36
0.0,2005,0.0,0,0,3,0,13,0,16,0,16
0.0,2005,0.0,0,0,2,0,0,0,2,0,2
0.0,2005,0.0,0,0,5,0,15,0,20,0,20
0.0,2005,0.0,0,0,0,0,0,0,0,0,0
0.0,2005,0.0,0,0,5,0,15,0,20,0,20
0.0,2005,0.0,0,0,0,0,1,0,1,0,1
0.0,2005,0.0,0,0,0,0,1,0,1,0,1
0.0,2005,0.0,0,0,0,0,0,0,0,0,0
0.0,2005,0.0,0,0,0,0,3,0,3,0,3
0.0,2005,0.0,0,0,0,0,0,0,0,0,0
0.0,2005,0.0,0,0,1,0,4,0,5,0,5
0.0,2005,0.0,2,0,43,1,55,0,100,1,101
0.0,2005,0.0,12,5,149,4,229,11,390,20,410
0.0,2005,0.0,0,0,10,0,40,0,50,0,50
0.0,2005,0.0,12,5,139,4,189,11,340,20,360
0.0,2005,0.0,0,0,2,0,80,0,82,0,82
0.0,2005,0.0,0,0,0,0,0,0,0,0,0
0.0,2005,0.0,0,0,0,0,0,0,0,0,0
0.0,2005,0.0,0,0,0,0,0,0,0,0,0
0.0,2005,0.0,0,0,0,0,3,0,3,0,3
0.0,2005,0.0,0,0,3,2,29,0,32,2,34
0.0,2005,0.0,0,0,0,0,1,0,1,0,1
0.0,2005,0.0,0,0,8,0,42,0,50,0,50
0.0,2005,0.0,0,0,0,0,4,0,4,0,4
0.0,2005,0.0,0,0,0,0,0,1,0,1,1
0.0,2005,0.0,0,0,0,0,0,0,0,0,0
0.0,2005,0.0,0,0,1,0,0,0,1,0,1
0.0,2005,0.0,0,0,32,0,55,1,87,1,88
0.0,2005,0.0,14,5,258,8,559,14,831,27,858
0.0,2006,0.0,5,0,9,0,11,0,25,0,25
0.0,2006,0.0,0,0,3,0,21,0,24,0,24
0.0,2006,0.0,0,0,0,0,0,0,0,0,0
0.0,2006,0.0,1,0,1,0,6,0,8,0,8
0.0,2006,0.0,0,0,0,0,0,0,0,0,0
0.0,2006,0.0,1,0,1,0,6,0,8,0,8
0.0,2006,0.0,0,0,0,0,0,0,0,0,0
0.0,2006,0.0,0,0,0,0,0,0,0,0,0
0.0,2006,0.0,0,0,0,0,0,0,0,0,0
0.0,2006,0.0,0,0,0,0,1,0,1,0,1
0.0,2006,0.0,0,0,0,0,0,0,0,0,0
0.0,2006,0.0,0,0,1,0,6,0,7,0,7
0.0,2006,0.0,11,1,49,1,87,0,147,2,149
0.0,2006,0.0,6,2,114,10,185,9,305,21,326
0.0,2006,0.0,0,0,10,0,30,0,40,0,40
0.0,2006,0.0,6,2,104,10,155,9,265,21,286
0.0,2006,0.0,0,0,0,0,14,0,14,0,14
0.0,2006,0.0,0,0,0,0,0,0,0,0,0
0.0,2006,0.0,0,0,0,0,0,0,0,0,0
0.0,2006,0.0,0,0,0,0,0,0,0,0,0
0.0,2006,0.0,0,0,2,0,0,0,2,0,2
0.0,2006,0.0,5,0,8,0,30,1,43,1,44
0.0,2006,0.0,0,0,0,0,0,0,0,0,0
0.0,2006,0.0,0,0,0,0,5,0,5,0,5
0.0,2006,0.0,0,0,0,0,5,0,5,0,5
0.0,2006,0.0,0,0,0,0,0,0,0,0,0
0.0,2006,0.0,0,0,0,0,0,0,0,0,0
0.0,2006,0.0,0,0,0,1,77,0,77,1,78
0.0,2006,0.0,4,0,17,0,33,1,54,1,55
0.0,2006,0.0,32,3,204,12,481,11,717,26,743
0.0,2007,0.0,1,0,9,0,33,2,43,2,45
0.0,2007,0.0,0,0,6,0,10,1,16,1,17
0.0,2007,0.0,0,0,1,0,0,0,1,0,1
0.0,2007,0.0,0,0,1,0,14,0,15,0,15
0.0,2007,0.0,0,0,0,0,0,0,0,0,0
0.0,2007,0.0,0,0,1,0,14,0,15,0,15
0.0,2007,0.0,0,0,0,0,4,0,4,0,4
0.0,2007,0.0,0,0,0,0,2,0,2,0,2
0.0,2007,0.0,0,0,0,0,2,0,2,0,2
0.0,2007,0.0,0,0,0,0,14,0,14,0,14
0.0,2007,0.0,0,0,0,0,0,0,0,0,0
0.0,2007,0.0,0,0,0,0,1,0,1,0,1
0.0,2007,0.0,2,0,76,0,85,1,163,1,164
0.0,2007,0.0,8,1,140,9,237,12,385,22,407
0.0,2007,0.0,0,0,12,0,47,0,59,0,59
0.0,2007,0.0,8,1,128,9,190,12,326,22,348
0.0,2007,0.0,0,0,7,1,31,0,38,1,39
0.0,2007,0.0,0,0,0,0,0,0,0,0,0
0.0,2007,0.0,0,0,2,2,0,0,2,2,4
0.0,2007,0.0,0,0,0,0,0,0,0,0,0
0.0,2007,0.0,0,0,0,0,0,0,0,0,0
0.0,2007,0.0,1,0,10,0,34,3,45,3,48
0.0,2007,0.0,0,0,0,0,0,0,0,0,0
0.0,2007,0.0,0,0,0,0,2,0,2,0,2
0.0,2007,0.0,0,0,0,0,0,0,0,0,0
0.0,2007,0.0,0,0,0,0,0,0,0,0,0
0.0,2007,0.0,0,0,0,0,0,0,0,0,0
0.0,2007,0.0,0,0,0,0,0,0,0,0,0
0.0,2007,0.0,1,2,13,0,62,1,76,3,79
0.0,2007,0.0,13,3,265,12,527,20,805,35,840
0.0,2008,0.0,0,0,12,0,24,1,36,1,37
0.0,2008,0.0,0,0,3,0,16,0,19,0,19
0.0,2008,0.0,0,0,0,0,0,0,0,0,0
0.0,2008,0.0,0,0,1,0,7,0,8,0,8
0.0,2008,0.0,0,0,0,0,0,0,0,0,0
0.0,2008,0.0,0,0,1,0,7,0,8,0,8
0.0,2008,0.0,0,0,1,0,2,0,3,0,3
0.0,2008,0.0,0,0,1,0,2,0,3,0,3
0.0,2008,0.0,0,0,0,0,0,0,0,0,0
0.0,2008,0.0,0,0,1,0,2,0,3,0,3
0.0,2008,0.0,0,0,0,0,0,0,0,0,0
0.0,2008,0.0,1,0,6,0,6,0,13,0,13
0.0,2008,0.0,2,0,49,0,79,1,130,1,131
0.0,2008,0.0,11,4,141,7,294,8,446,19,465
0.0,2008,0.0,2,0,12,0,43,0,57,0,57
0.0,2008,0.0,9,4,129,7,251,8,389,19,408
0.0,2008,0.0,0,0,5,0,21,3,26,3,29
0.0,2008,0.0,0,0,0,0,0,0,0,0,0
0.0,2008,0.0,0,0,0,0,0,0,0,0,0
0.0,2008,0.0,0,0,0,0,0,0,0,0,0
0.0,2008,0.0,0,0,1,0,2,0,3,0,3
0.0,2008,0.0,0,0,38,1,119,4,157,5,162
0.0,2008,0.0,0,0,0,0,0,1,0,1,1
0.0,2008,0.0,0,0,2,0,3,0,5,0,5
0.0,2008,0.0,0,0,0,0,0,0,0,0,0
0.0,2008,0.0,0,0,1,0,0,1,1,1,2
0.0,2008,0.0,0,0,0,0,0,0,0,0,0
0.0,2008,0.0,0,0,2,0,4,0,6,0,6
0.0,2008,0.0,4,0,24,0,64,5,92,5,97
0.0,2008,0.0,18,4,287,8,643,24,948,36,984
0.0,2009,0.0,0,0,7,2,42,2,49,4,53
0.0,2009,0.0,0,0,2,0,24,8,26,8,34
0.0,2009,0.0,0,0,0,0,0,0,0,0,0
0.0,2009,0.0,0,0,0,0,17,0,17,0,17
0.0,2009,0.0,0,0,0,0,0,0,0,0,0
0.0,2009,0.0,0,0,0,0,17,0,17,0,17
0.0,2009,0.0,0,0,0,0,4,0,4,0,4
0.0,2009,0.0,0,0,0,0,4,0,4,0,4
0.0,2009,0.0,0,0,0,0,0,0,0,0,0
0.0,2009,0.0,0,0,2,0,0,0,2,0,2
0.0,2009,0.0,0,0,0,0,0,0,0,0,0
0.0,2009,0.0,0,0,8,1,13,0,21,1,22
0.0,2009,0.0,3,0,45,3,99,0,147,3,150
0.0,2009,0.0,27,3,120,21,351,35,498,59,557
0.0,2009,0.0,2,0,17,0,67,0,86,0,86
0.0,2009,0.0,25,3,103,21,284,35,412,59,471
0.0,2009,0.0,0,0,1,0,18,0,19,0,19
0.0,2009,0.0,0,0,0,0,0,0,0,0,0
0.0,2009,0.0,0,0,1,0,7,0,8,0,8
0.0,2009,0.0,0,0,0,0,0,0,0,0,0
0.0,2009,0.0,0,0,1,0,1,0,2,0,2
0.0,2009,0.0,0,0,17,0,125,5,142,5,147
0.0,2009,0.0,0,0,0,0,0,0,0,0,0
0.0,2009,0.0,0,0,0,0,2,0,2,0,2
0.0,2009,0.0,0,0,0,0,5,0,5,0,5
0.0,2009,0.0,0,0,0,0,0,0,0,0,0
0.0,2009,0.0,0,0,0,0,0,0,0,0,0
0.0,2009,0.0,0,0,0,0,38,0,38,0,38
0.0,2009,0.0,2,0,95,11,213,49,310,60,370
0.0,2009,0.0,32,3,299,38,959,99,1290,140,1430
0.0,2010,0.0,0,0,9,0,33,1,42,1,43
0.0,2010,0.0,0,0,3,0,37,0,40,0,40
0.0,2010,0.0,0,0,0,0,1,0,1,0,1
0.0,2010,0.0,0,0,3,0,6,0,9,0,9
0.0,2010,0.0,0,0,0,0,0,0,0,0,0
0.0,2010,0.0,0,0,3,0,6,0,9,0,9
0.0,2010,0.0,0,0,0,0,2,0,2,0,2
0.0,2010,0.0,0,0,0,0,2,0,2,0,2
0.0,2010,0.0,0,0,0,0,0,0,0,0,0
0.0,2010,0.0,0,0,0,0,6,0,6,0,6
0.0,2010,0.0,0,0,0,0,0,0,0,0,0
0.0,2010,0.0,0,0,17,0,28,0,45,0,45
0.0,2010,0.0,3,0,49,4,106,0,158,4,162
0.0,2010,0.0,5,2,154,2,258,2,417,6,423
0.0,2010,0.0,0,0,16,1,69,0,85,1,86
0.0,2010,0.0,5,2,138,1,189,2,332,5,337
0.0,2010,0.0,0,0,1,0,33,0,34,0,34
0.0,2010,0.0,0,0,0,0,0,0,0,0,0
0.0,2010,0.0,0,0,2,0,5,0,7,0,7
0.0,2010,0.0,0,0,0,0,1,0,1,0,1
0.0,2010,0.0,0,0,0,0,1,0,1,0,1
0.0,2010,0.0,0,0,32,0,108,3,140,3,143
0.0,2010,0.0,0,0,0,0,1,0,1,0,1
0.0,2010,0.0,0,0,8,0,9,0,17,0,17
0.0,2010,0.0,0,0,0,0,6,0,6,0,6
0.0,2010,0.0,0,0,0,0,0,0,0,0,0
0.0,2010,0.0,0,0,0,0,0,0,0,0,0
0.0,2010,0.0,0,0,1,0,5,0,6,0,6
0.0,2010,0.0,0,0,32,0,112,0,144,0,144
0.0,2010,0.0,8,2,311,6,758,6,1077,14,1091
0.0,2001,0.0,0,0,0,0,2,0,2,0,2
0.0,2001,0.0,0,0,1,0,0,0,1,0,1
0.0,2001,0.0,0,0,0,0,0,0,0,0,0
0.0,2001,0.0,0,0,0,0,0,0,0,0,0
0.0,2001,0.0,0,0,0,0,0,0,0,0,0
0.0,2001,0.0,0,0,0,0,0,0,0,0,0
0.0,2001,0.0,0,0,0,0,0,0,0,0,0
0.0,2001,0.0,0,0,0,0,0,0,0,0,0
0.0,2001,0.0,0,0,0,0,0,0,0,0,0
0.0,2001,0.0,0,0,0,0,0,0,0,0,0
0.0,2001,0.0,0,0,0,0,0,0,0,0,0
0.0,2001,0.0,0,0,0,0,0,0,0,0,0
0.0,2001,0.0,1,0,1,0,0,0,2,0,2
0.0,2001,0.0,0,0,1,0,0,0,1,0,1
0.0,2001,0.0,0,0,0,0,0,0,0,0,0
0.0,2001,0.0,0,0,1,0,0,0,1,0,1
0.0,2001,0.0,0,0,0,0,4,0,4,0,4
0.0,2001,0.0,0,0,0,0,0,0,0,0,0
0.0,2001,0.0,0,0,0,0,0,0,0,0,0
0.0,2001,0.0,0,0,0,0,0,0,0,0,0
0.0,2001,0.0,0,0,0,0,2,0,2,0,2
0.0,2001,0.0,2,0,1,0,0,0,3,0,3
0.0,2001,0.0,0,0,0,0,0,0,0,0,0
0.0,2001,0.0,0,0,0,0,1,0,1,0,1
0.0,2001,0.0,0,0,0,0,0,0,0,0,0
0.0,2001,0.0,0,0,0,0,0,0,0,0,0
0.0,2001,0.0,0,0,0,0,0,0,0,0,0
0.0,2001,0.0,0,0,0,0,0,0,0,0,0
0.0,2001,0.0,1,0,3,0,0,0,4,0,4
0.0,2001,0.0,4,0,7,0,9,0,20,0,20
0.0,2002,0.0,0,0,0,0,0,0,0,0,0
0.0,2002,0.0,0,0,0,0,0,0,0,0,0
0.0,2002,0.0,0,0,0,0,0,0,0,0,0
0.0,2002,0.0,0,0,0,0,0,0,0,0,0
0.0,2002,0.0,0,0,0,0,0,0,0,0,0
0.0,2002,0.0,0,0,0,0,0,0,0,0,0
0.0,2002,0.0,0,0,0,0,0,0,0,0,0
0.0,2002,0.0,0,0,0,0,0,0,0,0,0
0.0,2002,0.0,0,0,0,0,0,0,0,0,0
0.0,2002,0.0,0,0,0,0,0,0,0,0,0
0.0,2002,0.0,0,0,0,0,0,0,0,0,0
0.0,2002,0.0,0,0,0,0,0,0,0,0,0
0.0,2002,0.0,0,0,0,0,0,0,0,0,0
0.0,2002,0.0,0,0,0,0,2,0,2,0,2
0.0,2002,0.0,0,0,0,0,0,0,0,0,0
0.0,2002,0.0,0,0,0,0,2,0,2,0,2
0.0,2002,0.0,0,0,0,0,0,0,0,0,0
0.0,2002,0.0,0,0,0,0,0,0,0,0,0
0.0,2002,0.0,0,0,0,0,0,0,0,0,0
0.0,2002,0.0,0,0,0,0,0,0,0,0,0
0.0,2002,0.0,0,0,0,0,0,0,0,0,0
0.0,2002,0.0,0,0,0,0,0,0,0,0,0
0.0,2002,0.0,0,0,0,0,0,0,0,0,0
0.0,2002,0.0,0,0,0,0,0,0,0,0,0
0.0,2002,0.0,0,0,0,0,0,0,0,0,0
0.0,2002,0.0,0,0,0,0,0,0,0,0,0
0.0,2002,0.0,0,0,0,0,0,0,0,0,0
0.0,2002,0.0,0,0,0,0,0,0,0,0,0
0.0,2002,0.0,0,0,0,0,5,0,5,0,5
0.0,2002,0.0,0,0,0,0,7,0,7,0,7
0.0,2003,0.0,0,0,0,0,0,0,0,0,0
0.0,2003,0.0,0,0,0,0,0,0,0,0,0
0.0,2003,0.0,0,0,0,0,0,0,0,0,0
0.0,2003,0.0,0,0,0,0,0,0,0,0,0
0.0,2003,0.0,0,0,0,0,0,0,0,0,0
0.0,2003,0.0,0,0,0,0,0,0,0,0,0
0.0,2003,0.0,0,0,0,0,0,0,0,0,0
0.0,2003,0.0,0,0,0,0,0,0,0,0,0
0.0,2003,0.0,0,0,0,0,0,0,0,0,0
0.0,2003,0.0,0,0,0,0,0,0,0,0,0
0.0,2003,0.0,0,0,0,0,0,0,0,0,0
0.0,2003,0.0,0,0,0,0,0,0,0,0,0
0.0,2003,0.0,0,0,0,0,0,0,0,0,0
0.0,2003,0.0,0,0,0,0,0,0,0,0,0
0.0,2003,0.0,0,0,0,0,0,0,0,0,0
0.0,2003,0.0,0,0,0,0,0,0,0,0,0
0.0,2003,0.0,0,0,0,0,0,0,0,0,0
0.0,2003,0.0,0,0,0,0,0,0,0,0,0
0.0,2003,0.0,0,0,0,0,0,0,0,0,0
0.0,2003,0.0,0,0,0,0,0,0,0,0,0
0.0,2003,0.0,0,0,0,0,0,0,0,0,0
0.0,2003,0.0,0,0,0,0,0,0,0,0,0
0.0,2003,0.0,0,0,0,0,0,0,0,0,0
0.0,2003,0.0,0,0,0,0,0,0,0,0,0
0.0,2003,0.0,0,0,0,0,0,0,0,0,0
0.0,2003,0.0,0,0,0,0,0,0,0,0,0
0.0,2003,0.0,0,0,0,0,0,0,0,0,0
0.0,2003,0.0,0,0,0,0,0,0,0,0,0
0.0,2003,0.0,0,0,0,0,0,0,0,0,0
0.0,2003,0.0,0,0,0,0,0,0,0,0,0
0.0,2004,0.0,0,0,0,0,0,0,0,0,0
0.0,2004,0.0,0,0,0,0,0,0,0,0,0
0.0,2004,0.0,0,0,0,0,0,0,0,0,0
0.0,2004,0.0,0,0,0,0,0,0,0,0,0
0.0,2004,0.0,0,0,0,0,0,0,0,0,0
0.0,2004,0.0,0,0,0,0,0,0,0,0,0
0.0,2004,0.0,0,0,0,0,0,0,0,0,0
0.0,2004,0.0,0,0,0,0,0,0,0,0,0
0.0,2004,0.0,0,0,0,0,0,0,0,0,0
0.0,2004,0.0,0,0,0,0,0,0,0,0,0
0.0,2004,0.0,0,0,0,0,0,0,0,0,0
0.0,2004,0.0,0,0,0,0,0,0,0,0,0
0.0,2004,0.0,0,0,0,0,0,0,0,0,0
0.0,2004,0.0,0,0,0,0,0,0,0,0,0
0.0,2004,0.0,0,0,0,0,0,0,0,0,0
0.0,2004,0.0,0,0,0,0,0,0,0,0,0
0.0,2004,0.0,0,0,0,0,0,0,0,0,0
0.0,2004,0.0,0,0,0,0,0,0,0,0,0
0.0,2004,0.0,0,0,0,0,0,0,0,0,0
0.0,2004,0.0,0,0,0,0,0,0,0,0,0
0.0,2004,0.0,0,0,0,0,0,0,0,0,0
0.0,2004,0.0,0,0,0,0,0,0,0,0,0
0.0,2004,0.0,0,0,0,0,0,0,0,0,0
0.0,2004,0.0,0,0,0,0,0,0,0,0,0
0.0,2004,0.0,0,0,0,0,0,0,0,0,0
0.0,2004,0.0,0,0,0,0,0,0,0,0,0
0.0,2004,0.0,0,0,0,0,0,0,0,0,0
0.0,2004,0.0,0,0,0,0,0,0,0,0,0
0.0,2004,0.0,0,0,0,0,0,0,0,0,0
0.0,2004,0.0,0,0,0,0,0,0,0,0,0
0.0,2005,0.0,0,0,0,0,0,0,0,0,0
0.0,2005,0.0,0,0,0,0,0,0,0,0,0
0.0,2005,0.0,0,0,0,0,0,0,0,0,0
0.0,2005,0.0,0,0,0,0,0,0,0,0,0
0.0,2005,0.0,0,0,0,0,0,0,0,0,0
0.0,2005,0.0,0,0,0,0,0,0,0,0,0
0.0,2005,0.0,0,0,0,0,0,0,0,0,0
0.0,2005,0.0,0,0,0,0,0,0,0,0,0
0.0,2005,0.0,0,0,0,0,0,0,0,0,0
0.0,2005,0.0,0,0,0,0,0,0,0,0,0
0.0,2005,0.0,0,0,0,0,0,0,0,0,0
0.0,2005,0.0,0,0,0,0,0,0,0,0,0
0.0,2005,0.0,0,0,0,0,0,0,0,0,0
0.0,2005,0.0,0,0,0,0,0,0,0,0,0
0.0,2005,0.0,0,0,0,0,0,0,0,0,0
0.0,2005,0.0,0,0,0,0,0,0,0,0,0
0.0,2005,0.0,0,0,0,0,0,0,0,0,0
0.0,2005,0.0,0,0,0,0,0,0,0,0,0
0.0,2005,0.0,0,0,0,0,0,0,0,0,0
0.0,2005,0.0,0,0,0,0,0,0,0,0,0
0.0,2005,0.0,0,0,0,0,0,0,0,0,0
0.0,2005,0.0,0,0,0,0,0,0,0,0,0
0.0,2005,0.0,0,0,0,0,0,0,0,0,0
0.0,2005,0.0,0,0,0,0,0,0,0,0,0
0.0,2005,0.0,0,0,0,0,0,0,0,0,0
0.0,2005,0.0,0,0,0,0,0,0,0,0,0
0.0,2005,0.0,0,0,0,0,0,0,0,0,0
0.0,2005,0.0,0,0,0,0,0,0,0,0,0
0.0,2005,0.0,0,0,0,0,0,0,0,0,0
0.0,2005,0.0,0,0,0,0,0,0,0,0,0
0.0,2006,0.0,0,0,0,0,0,0,0,0,0
0.0,2006,0.0,0,0,0,0,0,0,0,0,0
0.0,2006,0.0,0,0,0,0,0,0,0,0,0
0.0,2006,0.0,0,0,0,0,0,0,0,0,0
0.0,2006,0.0,0,0,0,0,0,0,0,0,0
0.0,2006,0.0,0,0,0,0,0,0,0,0,0
0.0,2006,0.0,0,0,0,0,0,0,0,0,0
0.0,2006,0.0,0,0,0,0,0,0,0,0,0
0.0,2006,0.0,0,0,0,0,0,0,0,0,0
0.0,2006,0.0,0,0,0,0,0,0,0,0,0
0.0,2006,0.0,0,0,0,0,0,0,0,0,0
0.0,2006,0.0,0,0,0,0,0,0,0,0,0
0.0,2006,0.0,0,0,0,0,0,0,0,0,0
0.0,2006,0.0,0,0,0,0,0,0,0,0,0
0.0,2006,0.0,0,0,0,0,0,0,0,0,0
0.0,2006,0.0,0,0,0,0,0,0,0,0,0
0.0,2006,0.0,0,0,0,0,0,0,0,0,0
0.0,2006,0.0,0,0,0,0,0,0,0,0,0
0.0,2006,0.0,0,0,0,0,0,0,0,0,0
0.0,2006,0.0,0,0,0,0,0,0,0,0,0
0.0,2006,0.0,0,0,0,0,0,0,0,0,0
0.0,2006,0.0,0,0,0,0,0,0,0,0,0
0.0,2006,0.0,0,0,0,0,0,0,0,0,0
0.0,2006,0.0,0,0,0,0,0,0,0,0,0
0.0,2006,0.0,0,0,0,0,0,0,0,0,0
0.0,2006,0.0,0,0,0,0,0,0,0,0,0
0.0,2006,0.0,0,0,0,0,0,0,0,0,0
0.0,2006,0.0,0,0,0,0,0,0,0,0,0
0.0,2006,0.0,0,0,0,0,0,0,0,0,0
0.0,2006,0.0,0,0,0,0,0,0,0,0,0
0.0,2007,0.0,0,0,0,0,1,0,1,0,1
0.0,2007,0.0,0,0,0,0,0,0,0,0,0
0.0,2007,0.0,0,0,0,0,0,0,0,0,0
0.0,2007,0.0,0,0,0,0,0,0,0,0,0
0.0,2007,0.0,0,0,0,0,0,0,0,0,0
0.0,2007,0.0,0,0,0,0,0,0,0,0,0
0.0,2007,0.0,0,0,0,0,0,0,0,0,0
0.0,2007,0.0,0,0,0,0,0,0,0,0,0
0.0,2007,0.0,0,0,0,0,0,0,0,0,0
0.0,2007,0.0,0,0,0,0,0,0,0,0,0
0.0,2007,0.0,0,0,0,0,0,0,0,0,0
0.0,2007,0.0,0,0,0,0,0,0,0,0,0
0.0,2007,0.0,0,0,0,0,0,0,0,0,0
0.0,2007,0.0,0,0,0,0,0,0,0,0,0
0.0,2007,0.0,0,0,0,0,0,0,0,0,0
0.0,2007,0.0,0,0,0,0,0,0,0,0,0
0.0,2007,0.0,0,0,0,0,0,0,0,0,0
0.0,2007,0.0,0,0,0,0,0,0,0,0,0
0.0,2007,0.0,0,0,0,0,0,0,0,0,0
0.0,2007,0.0,0,0,0,0,1,0,1,0,1
0.0,2007,0.0,0,0,0,0,0,0,0,0,0
0.0,2007,0.0,0,0,0,0,0,0,0,0,0
0.0,2007,0.0,0,0,0,0,0,0,0,0,0
0.0,2007,0.0,0,0,0,0,0,0,0,0,0
0.0,2007,0.0,0,0,0,0,0,0,0,0,0
0.0,2007,0.0,0,0,0,0,0,0,0,0,0
0.0,2007,0.0,0,0,0,0,0,0,0,0,0
0.0,2007,0.0,0,0,0,0,0,0,0,0,0
0.0,2007,0.0,0,0,0,0,0,0,0,0,0
0.0,2007,0.0,0,0,0,0,2,0,2,0,2
0.0,2008,0.0,0,0,1,0,0,0,1,0,1
0.0,2008,0.0,0,0,0,0,0,0,0,0,0
0.0,2008,0.0,0,0,0,0,0,0,0,0,0
0.0,2008,0.0,0,0,2,0,1,0,3,0,3
0.0,2008,0.0,0,0,0,0,0,0,0,0,0
0.0,2008,0.0,0,0,2,0,1,0,3,0,3
0.0,2008,0.0,0,0,0,0,1,0,1,0,1
0.0,2008,0.0,0,0,0,0,0,0,0,0,0
0.0,2008,0.0,0,0,0,0,1,0,1,0,1
0.0,2008,0.0,0,0,0,0,0,0,0,0,0
0.0,2008,0.0,0,0,0,0,0,0,0,0,0
0.0,2008,0.0,0,0,0,0,0,0,0,0,0
0.0,2008,0.0,3,0,2,0,0,0,5,0,5
0.0,2008,0.0,1,0,2,0,8,0,11,0,11
0.0,2008,0.0,0,0,1,0,6,0,7,0,7
0.0,2008,0.0,1,0,1,0,2,0,4,0,4
0.0,2008,0.0,0,0,1,0,6,0,7,0,7
0.0,2008,0.0,0,0,0,0,0,0,0,0,0
0.0,2008,0.0,0,0,0,0,0,0,0,0,0
0.0,2008,0.0,0,0,0,0,0,0,0,0,0
0.0,2008,0.0,0,0,1,0,0,0,1,0,1
0.0,2008,0.0,0,0,0,2,3,0,3,2,5
0.0,2008,0.0,0,0,0,0,0,0,0,0,0
0.0,2008,0.0,0,0,0,0,0,0,0,0,0
0.0,2008,0.0,0,0,0,0,0,0,0,0,0
0.0,2008,0.0,0,0,0,0,0,3,0,3,3
0.0,2008,0.0,0,0,0,0,0,0,0,0,0
0.0,2008,0.0,0,0,0,0,0,0,0,0,0
0.0,2008,0.0,0,0,1,4,1,0,2,4,6
0.0,2008,0.0,4,0,10,6,20,3,34,9,43
0.0,2009,0.0,1,0,0,0,1,0,2,0,2
0.0,2009,0.0,0,0,0,0,1,0,1,0,1
0.0,2009,0.0,0,0,0,0,0,0,0,0,0
0.0,2009,0.0,0,0,1,0,10,0,11,0,11
0.0,2009,0.0,0,0,0,0,0,0,0,0,0
0.0,2009,0.0,0,0,1,0,10,0,11,0,11
0.0,2009,0.0,0,0,0,0,0,0,0,0,0
0.0,2009,0.0,0,0,0,0,0,0,0,0,0
0.0,2009,0.0,0,0,0,0,0,0,0,0,0
0.0,2009,0.0,0,0,0,0,0,0,0,0,0
0.0,2009,0.0,0,0,0,0,0,0,0,0,0
0.0,2009,0.0,0,0,2,0,2,0,4,0,4
0.0,2009,0.0,0,0,3,0,4,0,7,0,7
0.0,2009,0.0,0,0,8,0,4,2,12,2,14
0.0,2009,0.0,0,0,3,0,0,0,3,0,3
0.0,2009,0.0,0,0,5,0,4,2,9,2,11
0.0,2009,0.0,0,0,1,0,9,1,10,1,11
0.0,2009,0.0,0,0,0,0,0,0,0,0,0
0.0,2009,0.0,0,0,0,0,0,0,0,0,0
0.0,2009,0.0,0,0,0,0,0,0,0,0,0
0.0,2009,0.0,0,0,0,0,1,0,1,0,1
0.0,2009,0.0,0,0,9,2,9,4,18,6,24
0.0,2009,0.0,0,0,0,0,0,0,0,0,0
0.0,2009,0.0,0,0,0,0,0,0,0,0,0
0.0,2009,0.0,0,0,0,0,0,0,0,0,0
0.0,2009,0.0,0,0,0,0,0,7,0,7,7
0.0,2009,0.0,0,0,0,0,0,0,0,0,0
0.0,2009,0.0,0,0,0,0,0,0,0,0,0
0.0,2009,0.0,0,0,2,0,1,2,3,2,5
0.0,2009,0.0,1,0,26,2,42,16,69,18,87
0.0,2010,0.0,0,0,0,0,1,0,1,0,1
0.0,2010,0.0,0,0,0,0,0,0,0,0,0
0.0,2010,0.0,0,0,0,0,0,0,0,0,0
0.0,2010,0.0,0,0,3,0,0,0,3,0,3
0.0,2010,0.0,0,0,0,0,0,0,0,0,0
0.0,2010,0.0,0,0,3,0,0,0,3,0,3
0.0,2010,0.0,0,0,0,0,0,0,0,0,0
0.0,2010,0.0,0,0,0,0,0,0,0,0,0
0.0,2010,0.0,0,0,0,0,0,0,0,0,0
0.0,2010,0.0,0,0,0,0,0,0,0,0,0
0.0,2010,0.0,0,0,0,0,0,0,0,0,0
0.0,2010,0.0,0,0,0,0,0,0,0,0,0
0.0,2010,0.0,0,0,0,0,0,0,0,0,0
0.0,2010,0.0,5,5,2,2,0,0,7,7,14
0.0,2010,0.0,0,0,0,0,0,0,0,0,0
0.0,2010,0.0,5,5,2,2,0,0,7,7,14
0.0,2010,0.0,6,0,0,0,0,0,6,0,6
0.0,2010,0.0,0,0,0,0,0,0,0,0,0
0.0,2010,0.0,0,0,0,0,0,0,0,0,0
0.0,2010,0.0,0,0,0,0,0,0,0,0,0
0.0,2010,0.0,0,0,0,0,0,0,0,0,0
0.0,2010,0.0,0,0,1,0,0,0,1,0,1
0.0,2010,0.0,0,0,8,0,0,0,8,0,8
0.0,2010,0.0,0,0,0,0,0,0,0,0,0
0.0,2010,0.0,2,0,0,0,0,0,2,0,2
0.0,2010,0.0,0,5,0,0,2,1,2,6,8
0.0,2010,0.0,0,0,0,0,0,0,0,0,0
0.0,2010,0.0,0,0,0,0,0,0,0,0,0
0.0,2010,0.0,0,2,0,0,0,0,0,2,2
0.0,2010,0.0,13,12,14,2,3,1,30,15,45
0.0,2001,0.0,0,0,2,0,12,1,14,1,15
0.0,2001,0.0,0,0,0,0,0,0,0,0,0
0.0,2001,0.0,2,0,1,1,0,0,3,1,4
0.0,2001,0.0,0,0,5,0,6,0,11,0,11
0.0,2001,0.0,0,0,0,0,0,0,0,0,0
0.0,2001,0.0,0,0,5,0,6,0,11,0,11
0.0,2001,0.0,0,0,1,0,0,0,1,0,1
0.0,2001,0.0,0,0,1,0,0,0,1,0,1
0.0,2001,0.0,0,0,0,0,0,0,0,0,0
0.0,2001,0.0,0,0,0,0,0,0,0,0,0
0.0,2001,0.0,0,0,0,0,0,0,0,0,0
0.0,2001,0.0,0,0,0,0,3,0,3,0,3
0.0,2001,0.0,0,0,1,0,0,0,1,0,1
0.0,2001,0.0,7,0,11,0,13,0,31,0,31
0.0,2001,0.0,0,0,2,0,2,0,4,0,4
0.0,2001,0.0,7,0,9,0,11,0,27,0,27
0.0,2001,0.0,0,0,0,0,2,0,2,0,2
0.0,2001,0.0,0,0,0,0,0,0,0,0,0
0.0,2001,0.0,0,0,1,0,0,0,1,0,1
0.0,2001,0.0,0,0,0,0,0,0,0,0,0
0.0,2001,0.0,0,0,0,0,0,0,0,0,0
0.0,2001,0.0,0,0,4,0,3,0,7,0,7
0.0,2001,0.0,0,1,1,2,3,4,4,7,11
0.0,2001,0.0,0,0,0,0,0,0,0,0,0
0.0,2001,0.0,0,0,1,1,0,0,1,1,2
0.0,2001,0.0,0,0,1,0,26,8,27,8,35
0.0,2001,0.0,0,0,0,0,0,0,0,0,0
0.0,2001,0.0,0,0,0,0,0,0,0,0,0
0.0,2001,0.0,0,0,6,0,19,1,25,1,26
0.0,2001,0.0,9,1,35,4,87,14,131,19,150
0.0,2002,0.0,0,0,5,0,7,2,12,2,14
0.0,2002,0.0,0,0,0,0,1,0,1,0,1
0.0,2002,0.0,0,0,0,0,0,0,0,0,0
0.0,2002,0.0,0,0,2,0,10,0,12,0,12
0.0,2002,0.0,0,0,0,0,0,0,0,0,0
0.0,2002,0.0,0,0,2,0,10,0,12,0,12
0.0,2002,0.0,0,0,2,0,16,0,18,0,18
0.0,2002,0.0,0,0,2,0,16,0,18,0,18
0.0,2002,0.0,0,0,0,0,0,0,0,0,0
0.0,2002,0.0,0,0,0,0,0,0,0,0,0
0.0,2002,0.0,0,0,0,0,0,0,0,0,0
0.0,2002,0.0,0,0,0,0,0,0,0,0,0
0.0,2002,0.0,0,0,0,0,0,0,0,0,0
0.0,2002,0.0,2,0,4,0,2,0,8,0,8
0.0,2002,0.0,0,0,0,0,1,0,1,0,1
0.0,2002,0.0,2,0,4,0,1,0,7,0,7
0.0,2002,0.0,0,0,0,0,5,0,5,0,5
0.0,2002,0.0,0,0,0,0,0,0,0,0,0
0.0,2002,0.0,0,0,0,0,0,0,0,0,0
0.0,2002,0.0,0,0,0,0,0,0,0,0,0
0.0,2002,0.0,0,0,0,0,0,0,0,0,0
0.0,2002,0.0,0,0,4,0,2,0,6,0,6
0.0,2002,0.0,0,0,1,1,0,3,1,4,5
0.0,2002,0.0,0,0,0,0,0,0,0,0,0
0.0,2002,0.0,0,0,0,0,1,0,1,0,1
0.0,2002,0.0,0,0,0,2,0,2,0,4,4
0.0,2002,0.0,0,0,0,0,0,0,0,0,0
0.0,2002,0.0,0,0,0,0,0,0,0,0,0
0.0,2002,0.0,0,0,2,0,2,0,4,0,4
0.0,2002,0.0,2,0,20,3,46,7,68,10,78
0.0,2003,0.0,0,0,4,0,0,0,4,0,4
0.0,2003,0.0,0,0,0,0,0,0,0,0,0
0.0,2003,0.0,0,0,0,0,0,0,0,0,0
0.0,2003,0.0,0,0,0,0,0,0,0,0,0
0.0,2003,0.0,0,0,0,0,0,0,0,0,0
0.0,2003,0.0,0,0,0,0,0,0,0,0,0
0.0,2003,0.0,0,0,7,1,3,0,10,1,11
0.0,2003,0.0,0,0,7,1,3,0,10,1,11
0.0,2003,0.0,0,0,0,0,0,0,0,0,0
0.0,2003,0.0,0,0,0,0,0,0,0,0,0
0.0,2003,0.0,0,0,0,0,0,0,0,0,0
0.0,2003,0.0,0,0,0,0,0,0,0,0,0
0.0,2003,0.0,0,0,2,0,0,0,2,0,2
0.0,2003,0.0,0,0,6,0,4,0,10,0,10
0.0,2003,0.0,0,0,0,0,0,0,0,0,0
0.0,2003,0.0,0,0,6,0,4,0,10,0,10
0.0,2003,0.0,0,0,1,0,6,0,7,0,7
0.0,2003,0.0,0,0,0,0,0,0,0,0,0
0.0,2003,0.0,0,0,0,0,0,0,0,0,0
0.0,2003,0.0,0,0,0,0,0,0,0,0,0
0.0,2003,0.0,0,0,0,0,0,0,0,0,0
0.0,2003,0.0,0,0,1,0,0,0,1,0,1
0.0,2003,0.0,0,0,0,0,0,0,0,0,0
0.0,2003,0.0,0,0,0,0,0,0,0,0,0
0.0,2003,0.0,0,0,1,0,4,0,5,0,5
0.0,2003,0.0,0,0,0,0,0,0,0,0,0
0.0,2003,0.0,0,0,0,0,0,0,0,0,0
0.0,2003,0.0,0,0,0,0,0,0,0,0,0
0.0,2003,0.0,0,0,8,2,8,0,16,2,18
0.0,2003,0.0,0,0,30,3,25,0,55,3,58
0.0,2004,0.0,1,0,11,0,5,0,17,0,17
0.0,2004,0.0,0,0,2,0,2,0,4,0,4
0.0,2004,0.0,0,1,1,1,0,0,1,2,3
0.0,2004,0.0,2,0,8,0,4,0,14,0,14
0.0,2004,0.0,0,0,0,0,0,0,0,0,0
0.0,2004,0.0,2,0,8,0,4,0,14,0,14
0.0,2004,0.0,1,0,17,1,5,0,23,1,24
0.0,2004,0.0,0,0,2,1,5,0,7,1,8
0.0,2004,0.0,1,0,15,0,0,0,16,0,16
0.0,2004,0.0,0,0,0,0,0,0,0,0,0
0.0,2004,0.0,0,0,0,0,0,0,0,0,0
0.0,2004,0.0,0,0,0,0,1,0,1,0,1
0.0,2004,0.0,2,0,2,0,4,0,8,0,8
0.0,2004,0.0,2,0,10,0,12,0,24,0,24
0.0,2004,0.0,0,0,2,0,4,0,6,0,6
0.0,2004,0.0,2,0,8,0,8,0,18,0,18
0.0,2004,0.0,0,0,1,0,1,0,2,0,2
0.0,2004,0.0,0,0,0,0,0,0,0,0,0
0.0,2004,0.0,0,0,0,0,0,0,0,0,0
0.0,2004,0.0,0,0,0,0,0,0,0,0,0
0.0,2004,0.0,0,0,0,0,0,0,0,0,0
0.0,2004,0.0,0,0,0,0,2,0,2,0,2
0.0,2004,0.0,0,0,0,1,0,0,0,1,1
0.0,2004,0.0,0,0,0,0,0,0,0,0,0
0.0,2004,0.0,0,0,2,0,1,0,3,0,3
0.0,2004,0.0,0,0,1,1,1,2,2,3,5
0.0,2004,0.0,0,0,0,0,0,0,0,0,0
0.0,2004,0.0,0,0,0,0,0,0,0,0,0
0.0,2004,0.0,0,0,7,0,14,0,21,0,21
0.0,2004,0.0,8,1,62,4,52,2,122,7,129
0.0,2005,0.0,0,0,5,0,8,0,13,0,13
0.0,2005,0.0,0,0,4,0,3,0,7,0,7
0.0,2005,0.0,1,0,0,0,1,2,2,2,4
0.0,2005,0.0,0,0,2,0,3,0,5,0,5
0.0,2005,0.0,0,0,0,0,0,0,0,0,0
0.0,2005,0.0,0,0,2,0,3,0,5,0,5
0.0,2005,0.0,0,0,0,0,3,0,3,0,3
0.0,2005,0.0,0,0,0,0,3,0,3,0,3
0.0,2005,0.0,0,0,0,0,0,0,0,0,0
0.0,2005,0.0,0,0,0,0,0,0,0,0,0
0.0,2005,0.0,0,0,0,0,0,0,0,0,0
0.0,2005,0.0,0,0,0,0,0,0,0,0,0
0.0,2005,0.0,2,0,6,0,4,0,12,0,12
0.0,2005,0.0,0,0,7,0,16,0,23,0,23
0.0,2005,0.0,0,0,0,0,0,0,0,0,0
0.0,2005,0.0,0,0,7,0,16,0,23,0,23
0.0,2005,0.0,0,0,0,0,6,0,6,0,6
0.0,2005,0.0,0,0,0,0,0,0,0,0,0
0.0,2005,0.0,0,0,0,0,0,0,0,0,0
0.0,2005,0.0,0,0,0,0,0,0,0,0,0
0.0,2005,0.0,0,0,0,0,0,0,0,0,0
0.0,2005,0.0,0,0,1,0,0,0,1,0,1
0.0,2005,0.0,0,0,1,0,0,1,1,1,2
0.0,2005,0.0,0,0,0,0,1,0,1,0,1
0.0,2005,0.0,0,0,0,0,3,0,3,0,3
0.0,2005,0.0,0,0,0,0,5,0,5,0,5
0.0,2005,0.0,0,0,0,0,0,0,0,0,0
0.0,2005,0.0,0,0,0,0,0,0,0,0,0
0.0,2005,0.0,0,0,13,0,7,0,20,0,20
0.0,2005,0.0,3,0,39,0,60,3,102,3,105
0.0,2006,0.0,0,0,5,0,17,0,22,0,22
0.0,2006,0.0,0,0,1,0,8,1,9,1,10
0.0,2006,0.0,0,0,1,0,5,0,6,0,6
0.0,2006,0.0,0,0,1,0,8,0,9,0,9
0.0,2006,0.0,0,0,0,0,0,0,0,0,0
0.0,2006,0.0,0,0,1,0,8,0,9,0,9
0.0,2006,0.0,0,0,0,0,1,0,1,0,1
0.0,2006,0.0,0,0,0,0,1,0,1,0,1
0.0,2006,0.0,0,0,0,0,0,0,0,0,0
0.0,2006,0.0,0,0,0,0,0,0,0,0,0
0.0,2006,0.0,0,0,0,0,0,0,0,0,0
0.0,2006,0.0,0,0,0,0,3,0,3,0,3
0.0,2006,0.0,0,0,4,0,1,0,5,0,5
0.0,2006,0.0,0,0,13,2,33,0,46,2,48
0.0,2006,0.0,0,0,2,0,4,0,6,0,6
0.0,2006,0.0,0,0,11,2,29,0,40,2,42
0.0,2006,0.0,0,0,0,0,0,0,0,0,0
0.0,2006,0.0,0,0,0,0,0,0,0,0,0
0.0,2006,0.0,0,0,0,0,0,0,0,0,0
0.0,2006,0.0,0,0,0,0,0,0,0,0,0
0.0,2006,0.0,0,0,0,0,0,0,0,0,0
0.0,2006,0.0,0,0,0,0,1,0,1,0,1
0.0,2006,0.0,0,0,0,0,0,5,0,5,5
0.0,2006,0.0,0,0,0,0,2,0,2,0,2
0.0,2006,0.0,0,0,0,0,0,0,0,0,0
0.0,2006,0.0,0,0,0,0,0,4,0,4,4
0.0,2006,0.0,0,0,0,0,0,0,0,0,0
0.0,2006,0.0,0,0,0,0,2,0,2,0,2
0.0,2006,0.0,0,0,9,1,25,0,34,1,35
0.0,2006,0.0,0,0,34,3,106,10,140,13,153
0.0,2007,0.0,1,0,3,0,33,0,37,0,37
0.0,2007,0.0,0,0,0,0,3,0,3,0,3
0.0,2007,0.0,0,0,2,0,1,0,3,0,3
0.0,2007,0.0,0,0,0,0,20,0,20,0,20
0.0,2007,0.0,0,0,0,0,0,0,0,0,0
0.0,2007,0.0,0,0,0,0,20,0,20,0,20
0.0,2007,0.0,0,0,1,0,44,2,45,2,47
0.0,2007,0.0,0,0,0,0,40,2,40,2,42
0.0,2007,0.0,0,0,1,0,4,0,5,0,5
0.0,2007,0.0,0,0,0,0,0,0,0,0,0
0.0,2007,0.0,0,0,0,0,0,0,0,0,0
0.0,2007,0.0,0,0,0,0,13,0,13,0,13
0.0,2007,0.0,0,0,2,0,5,0,7,0,7
0.0,2007,0.0,0,0,20,0,52,0,72,0,72
0.0,2007,0.0,0,0,1,0,11,0,12,0,12
0.0,2007,0.0,0,0,19,0,41,0,60,0,60
0.0,2007,0.0,0,0,5,0,19,0,24,0,24
0.0,2007,0.0,0,0,0,0,0,0,0,0,0
0.0,2007,0.0,0,0,0,0,0,0,0,0,0
0.0,2007,0.0,0,0,1,0,0,0,1,0,1
0.0,2007,0.0,0,0,0,0,0,0,0,0,0
0.0,2007,0.0,0,0,1,0,6,0,7,0,7
0.0,2007,0.0,0,0,0,1,2,10,2,11,13
0.0,2007,0.0,0,0,1,0,2,0,3,0,3
0.0,2007,0.0,0,0,2,0,6,0,8,0,8
0.0,2007,0.0,0,0,4,3,15,6,19,9,28
0.0,2007,0.0,0,0,0,0,0,0,0,0,0
0.0,2007,0.0,0,0,1,0,2,0,3,0,3
0.0,2007,0.0,0,0,21,2,97,5,118,7,125
0.0,2007,0.0,1,0,64,6,320,23,385,29,414
0.0,2008,0.0,0,0,6,0,38,0,44,0,44
0.0,2008,0.0,0,0,0,0,0,0,0,0,0
0.0,2008,0.0,0,0,1,0,1,0,2,0,2
0.0,2008,0.0,0,0,6,0,26,0,32,0,32
0.0,2008,0.0,0,0,0,0,0,0,0,0,0
0.0,2008,0.0,0,0,6,0,26,0,32,0,32
0.0,2008,0.0,0,0,2,0,19,5,21,5,26
0.0,2008,0.0,0,0,1,0,14,4,15,4,19
0.0,2008,0.0,0,0,1,0,5,1,6,1,7
0.0,2008,0.0,0,0,0,0,0,0,0,0,0
0.0,2008,0.0,0,0,0,0,0,0,0,0,0
0.0,2008,0.0,0,0,3,0,2,0,5,0,5
0.0,2008,0.0,0,0,0,0,10,0,10,0,10
0.0,2008,0.0,0,0,36,0,48,0,84,0,84
0.0,2008,0.0,0,0,5,0,6,0,11,0,11
0.0,2008,0.0,0,0,31,0,42,0,73,0,73
0.0,2008,0.0,0,0,2,0,1,0,3,0,3
0.0,2008,0.0,0,0,0,0,0,0,0,0,0
0.0,2008,0.0,0,0,0,0,0,0,0,0,0
0.0,2008,0.0,0,0,0,0,0,0,0,0,0
0.0,2008,0.0,0,0,0,0,0,0,0,0,0
0.0,2008,0.0,0,0,1,0,6,0,7,0,7
0.0,2008,0.0,0,0,2,5,5,4,7,9,16
0.0,2008,0.0,0,0,0,0,1,0,1,0,1
0.0,2008,0.0,0,0,1,0,3,0,4,0,4
0.0,2008,0.0,0,0,1,8,4,4,5,12,17
0.0,2008,0.0,0,0,0,0,0,0,0,0,0
0.0,2008,0.0,0,0,0,0,0,0,0,0,0
0.0,2008,0.0,0,0,30,0,47,0,77,0,77
0.0,2008,0.0,0,0,91,13,211,13,302,26,328
0.0,2009,0.0,0,0,10,1,42,1,52,2,54
0.0,2009,0.0,0,0,6,0,8,0,14,0,14
0.0,2009,0.0,0,0,1,0,4,0,5,0,5
0.0,2009,0.0,0,0,10,0,30,0,40,0,40
0.0,2009,0.0,0,0,0,0,0,0,0,0,0
0.0,2009,0.0,0,0,10,0,30,0,40,0,40
0.0,2009,0.0,0,0,7,0,31,2,38,2,40
0.0,2009,0.0,0,0,3,0,30,2,33,2,35
0.0,2009,0.0,0,0,4,0,1,0,5,0,5
0.0,2009,0.0,0,0,0,0,0,0,0,0,0
0.0,2009,0.0,0,0,0,0,0,0,0,0,0
0.0,2009,0.0,0,0,1,0,1,0,2,0,2
0.0,2009,0.0,0,0,6,0,10,0,16,0,16
0.0,2009,0.0,0,0,68,2,45,0,113,2,115
0.0,2009,0.0,0,0,9,0,7,0,16,0,16
0.0,2009,0.0,0,0,59,2,38,0,97,2,99
0.0,2009,0.0,0,0,2,0,2,0,4,0,4
0.0,2009,0.0,0,0,0,0,0,0,0,0,0
0.0,2009,0.0,0,0,0,0,0,0,0,0,0
0.0,2009,0.0,0,0,0,0,0,0,0,0,0
0.0,2009,0.0,0,0,0,0,0,0,0,0,0
0.0,2009,0.0,0,0,7,0,15,0,22,0,22
0.0,2009,0.0,0,0,3,9,9,6,12,15,27
0.0,2009,0.0,0,0,4,0,3,0,7,0,7
0.0,2009,0.0,0,0,3,0,4,0,7,0,7
0.0,2009,0.0,0,0,0,3,4,6,4,9,13
0.0,2009,0.0,0,0,0,0,0,0,0,0,0
0.0,2009,0.0,0,0,0,0,0,0,0,0,0
0.0,2009,0.0,0,0,19,2,51,0,70,2,72
0.0,2009,0.0,0,0,147,17,259,15,406,32,438
0.0,2010,0.0,0,0,15,5,66,1,81,6,87
0.0,2010,0.0,0,0,10,0,16,2,26,2,28
0.0,2010,0.0,0,0,4,0,12,0,16,0,16
0.0,2010,0.0,0,0,22,0,77,0,99,0,99
0.0,2010,0.0,0,0,0,0,0,0,0,0,0
0.0,2010,0.0,0,0,22,0,77,0,99,0,99
0.0,2010,0.0,0,0,14,0,41,0,55,0,55
0.0,2010,0.0,0,0,6,0,32,0,38,0,38
0.0,2010,0.0,0,0,8,0,9,0,17,0,17
0.0,2010,0.0,0,0,2,0,1,0,3,0,3
0.0,2010,0.0,0,0,0,0,0,0,0,0,0
0.0,2010,0.0,0,0,2,0,17,0,19,0,19
0.0,2010,0.0,0,0,25,0,20,0,45,0,45
0.0,2010,0.0,5,0,116,2,109,0,230,2,232
0.0,2010,0.0,0,0,7,0,25,0,32,0,32
0.0,2010,0.0,5,0,109,2,84,0,198,2,200
0.0,2010,0.0,0,0,7,0,3,0,10,0,10
0.0,2010,0.0,0,0,0,0,0,0,0,0,0
0.0,2010,0.0,0,0,6,0,6,0,12,0,12
0.0,2010,0.0,0,0,0,0,0,0,0,0,0
0.0,2010,0.0,0,0,0,0,0,0,0,0,0
0.0,2010,0.0,0,0,14,2,29,0,43,2,45
0.0,2010,0.0,0,0,2,0,6,1,8,1,9
0.0,2010,0.0,0,0,2,0,5,0,7,0,7
0.0,2010,0.0,0,0,0,0,0,0,0,0,0
0.0,2010,0.0,0,0,2,0,3,1,5,1,6
0.0,2010,0.0,0,0,0,0,0,0,0,0,0
0.0,2010,0.0,0,0,1,0,1,0,2,0,2
0.0,2010,0.0,0,0,49,0,57,0,106,0,106
0.0,2010,0.0,5,0,293,9,469,5,767,14,781
0.0,2001,0.0,0,0,0,0,0,0,0,0,0
0.0,2001,0.0,0,0,0,0,0,0,0,0,0
0.0,2001,0.0,0,0,0,0,0,0,0,0,0
0.0,2001,0.0,0,0,0,0,0,0,0,0,0
0.0,2001,0.0,0,0,0,0,0,0,0,0,0
0.0,2001,0.0,0,0,0,0,0,0,0,0,0
0.0,2001,0.0,0,0,0,0,0,0,0,0,0
0.0,2001,0.0,0,0,0,0,0,0,0,0,0
0.0,2001,0.0,0,0,0,0,0,0,0,0,0
0.0,2001,0.0,0,0,0,0,0,0,0,0,0
0.0,2001,0.0,0,0,0,0,0,0,0,0,0
0.0,2001,0.0,0,0,0,0,0,0,0,0,0
0.0,2001,0.0,0,0,4,0,0,0,4,0,4
0.0,2001,0.0,0,0,0,0,0,0,0,0,0
0.0,2001,0.0,0,0,0,0,0,0,0,0,0
0.0,2001,0.0,0,0,0,0,0,0,0,0,0
0.0,2001,0.0,0,0,0,0,0,0,0,0,0
0.0,2001,0.0,0,0,0,0,0,0,0,0,0
0.0,2001,0.0,0,0,0,0,0,0,0,0,0
0.0,2001,0.0,0,0,0,0,0,0,0,0,0
0.0,2001,0.0,0,0,0,0,0,0,0,0,0
0.0,2001,0.0,0,0,0,0,0,0,0,0,0
0.0,2001,0.0,0,0,0,1,0,0,0,1,1
0.0,2001,0.0,0,0,0,0,0,0,0,0,0
0.0,2001,0.0,0,0,0,0,0,0,0,0,0
0.0,2001,0.0,0,0,0,0,0,0,0,0,0
0.0,2001,0.0,0,0,0,0,0,0,0,0,0
0.0,2001,0.0,0,0,0,0,0,0,0,0,0
0.0,2001,0.0,0,0,0,0,0,0,0,0,0
0.0,2001,0.0,0,0,4,1,0,0,4,1,5
0.0,2002,0.0,0,0,2,0,0,0,2,0,2
0.0,2002,0.0,0,0,0,0,0,0,0,0,0
0.0,2002,0.0,0,0,0,0,0,0,0,0,0
0.0,2002,0.0,0,0,0,0,0,0,0,0,0
0.0,2002,0.0,0,0,0,0,0,0,0,0,0
0.0,2002,0.0,0,0,0,0,0,0,0,0,0
0.0,2002,0.0,0,0,0,0,0,0,0,0,0
0.0,2002,0.0,0,0,0,0,0,0,0,0,0
0.0,2002,0.0,0,0,0,0,0,0,0,0,0
0.0,2002,0.0,0,0,0,0,0,0,0,0,0
0.0,2002,0.0,0,0,0,0,0,0,0,0,0
0.0,2002,0.0,0,0,0,0,0,0,0,0,0
0.0,2002,0.0,0,0,4,0,0,0,4,0,4
0.0,2002,0.0,0,0,0,0,0,0,0,0,0
0.0,2002,0.0,0,0,0,0,0,0,0,0,0
0.0,2002,0.0,0,0,0,0,0,0,0,0,0
0.0,2002,0.0,0,0,0,0,0,0,0,0,0
0.0,2002,0.0,0,0,0,0,0,0,0,0,0
0.0,2002,0.0,0,0,0,0,0,0,0,0,0
0.0,2002,0.0,0,0,0,0,0,0,0,0,0
0.0,2002,0.0,0,0,0,0,0,0,0,0,0
0.0,2002,0.0,0,0,0,0,0,0,0,0,0
0.0,2002,0.0,0,0,0,0,0,0,0,0,0
0.0,2002,0.0,0,0,0,0,0,0,0,0,0
0.0,2002,0.0,0,0,0,0,0,0,0,0,0
0.0,2002,0.0,0,0,0,0,0,0,0,0,0
0.0,2002,0.0,0,0,0,0,0,0,0,0,0
0.0,2002,0.0,0,0,0,0,0,0,0,0,0
0.0,2002,0.0,1,0,0,0,0,0,1,0,1
0.0,2002,0.0,1,0,6,0,0,0,7,0,7
0.0,2003,0.0,0,0,0,0,0,0,0,0,0
0.0,2003,0.0,0,0,0,0,0,0,0,0,0
0.0,2003,0.0,0,0,0,0,0,0,0,0,0
0.0,2003,0.0,0,0,0,0,0,0,0,0,0
0.0,2003,0.0,0,0,0,0,0,0,0,0,0
0.0,2003,0.0,0,0,0,0,0,0,0,0,0
0.0,2003,0.0,0,0,0,0,0,0,0,0,0
0.0,2003,0.0,0,0,0,0,0,0,0,0,0
0.0,2003,0.0,0,0,0,0,0,0,0,0,0
0.0,2003,0.0,0,0,0,0,0,0,0,0,0
0.0,2003,0.0,0,0,0,0,0,0,0,0,0
0.0,2003,0.0,0,0,0,0,0,0,0,0,0
0.0,2003,0.0,0,0,0,0,0,0,0,0,0
0.0,2003,0.0,0,0,0,0,0,0,0,0,0
0.0,2003,0.0,0,0,0,0,0,0,0,0,0
0.0,2003,0.0,0,0,0,0,0,0,0,0,0
0.0,2003,0.0,0,0,0,0,0,0,0,0,0
0.0,2003,0.0,0,0,0,0,0,0,0,0,0
0.0,2003,0.0,0,0,0,0,0,0,0,0,0
0.0,2003,0.0,0,0,0,0,0,0,0,0,0
0.0,2003,0.0,0,0,0,0,0,0,0,0,0
0.0,2003,0.0,0,0,0,0,0,0,0,0,0
0.0,2003,0.0,0,0,0,0,0,0,0,0,0
0.0,2003,0.0,0,0,2,0,0,0,2,0,2
0.0,2003,0.0,0,0,2,0,0,0,2,0,2
0.0,2003,0.0,0,0,0,0,0,0,0,0,0
0.0,2003,0.0,0,0,0,0,0,0,0,0,0
0.0,2003,0.0,0,0,0,0,0,0,0,0,0
0.0,2003,0.0,0,0,0,0,0,0,0,0,0
0.0,2003,0.0,0,0,4,0,0,0,4,0,4
0.0,2004,0.0,0,0,0,0,0,0,0,0,0
0.0,2004,0.0,0,0,0,0,0,0,0,0,0
0.0,2004,0.0,0,0,0,0,0,0,0,0,0
0.0,2004,0.0,0,0,0,0,0,0,0,0,0
0.0,2004,0.0,0,0,0,0,0,0,0,0,0
0.0,2004,0.0,0,0,0,0,0,0,0,0,0
0.0,2004,0.0,0,0,0,0,0,0,0,0,0
0.0,2004,0.0,0,0,0,0,0,0,0,0,0
0.0,2004,0.0,0,0,0,0,0,0,0,0,0
0.0,2004,0.0,0,0,0,0,0,0,0,0,0
0.0,2004,0.0,0,0,0,0,0,0,0,0,0
0.0,2004,0.0,0,0,0,0,0,0,0,0,0
0.0,2004,0.0,0,0,0,0,0,0,0,0,0
0.0,2004,0.0,2,0,0,0,1,0,3,0,3
0.0,2004,0.0,0,0,0,0,0,0,0,0,0
0.0,2004,0.0,2,0,0,0,1,0,3,0,3
0.0,2004,0.0,0,0,0,0,0,0,0,0,0
0.0,2004,0.0,0,0,0,0,0,0,0,0,0
0.0,2004,0.0,0,0,0,0,0,0,0,0,0
0.0,2004,0.0,0,0,0,0,0,0,0,0,0
0.0,2004,0.0,0,0,0,0,0,0,0,0,0
0.0,2004,0.0,0,0,0,0,5,0,5,0,5
0.0,2004,0.0,0,0,0,0,0,0,0,0,0
0.0,2004,0.0,0,0,0,0,0,0,0,0,0
0.0,2004,0.0,0,0,0,0,0,0,0,0,0
0.0,2004,0.0,0,0,0,0,0,0,0,0,0
0.0,2004,0.0,0,0,0,0,0,0,0,0,0
0.0,2004,0.0,0,0,0,0,0,0,0,0,0
0.0,2004,0.0,0,0,0,0,8,0,8,0,8
0.0,2004,0.0,2,0,0,0,14,0,16,0,16
0.0,2005,0.0,0,0,0,0,0,0,0,0,0
0.0,2005,0.0,0,0,0,0,0,0,0,0,0
0.0,2005,0.0,0,0,0,0,0,0,0,0,0
0.0,2005,0.0,0,0,0,0,0,0,0,0,0
0.0,2005,0.0,0,0,0,0,0,0,0,0,0
0.0,2005,0.0,0,0,0,0,0,0,0,0,0
0.0,2005,0.0,0,0,0,0,0,0,0,0,0
0.0,2005,0.0,0,0,0,0,0,0,0,0,0
0.0,2005,0.0,0,0,0,0,0,0,0,0,0
0.0,2005,0.0,0,0,0,0,0,0,0,0,0
0.0,2005,0.0,0,0,0,0,0,0,0,0,0
0.0,2005,0.0,0,0,0,0,0,0,0,0,0
0.0,2005,0.0,1,0,2,0,3,0,6,0,6
0.0,2005,0.0,3,0,11,0,2,0,16,0,16
0.0,2005,0.0,3,0,4,0,0,0,7,0,7
0.0,2005,0.0,0,0,7,0,2,0,9,0,9
0.0,2005,0.0,0,0,5,0,0,0,5,0,5
0.0,2005,0.0,0,0,0,0,0,0,0,0,0
0.0,2005,0.0,0,0,0,0,2,0,2,0,2
0.0,2005,0.0,0,0,0,0,0,0,0,0,0
0.0,2005,0.0,0,0,0,0,0,0,0,0,0
0.0,2005,0.0,0,0,3,0,0,0,3,0,3
0.0,2005,0.0,0,0,0,0,0,0,0,0,0
0.0,2005,0.0,0,0,0,0,0,0,0,0,0
0.0,2005,0.0,0,0,0,0,0,0,0,0,0
0.0,2005,0.0,0,0,0,0,0,0,0,0,0
0.0,2005,0.0,0,0,0,0,0,0,0,0,0
0.0,2005,0.0,0,0,0,0,0,0,0,0,0
0.0,2005,0.0,0,0,0,0,0,0,0,0,0
0.0,2005,0.0,4,0,21,0,7,0,32,0,32
0.0,2006,0.0,0,0,2,0,3,0,5,0,5
0.0,2006,0.0,0,0,1,0,2,0,3,0,3
0.0,2006,0.0,0,0,0,0,0,0,0,0,0
0.0,2006,0.0,0,0,9,0,4,0,13,0,13
0.0,2006,0.0,0,0,0,0,0,0,0,0,0
0.0,2006,0.0,0,0,9,0,4,0,13,0,13
0.0,2006,0.0,0,0,4,0,0,0,4,0,4
0.0,2006,0.0,0,0,3,0,0,0,3,0,3
0.0,2006,0.0,0,0,1,0,0,0,1,0,1
0.0,2006,0.0,0,0,0,0,0,0,0,0,0
0.0,2006,0.0,0,0,0,0,0,0,0,0,0
0.0,2006,0.0,0,0,1,0,0,0,1,0,1
0.0,2006,0.0,0,0,0,0,0,0,0,0,0
0.0,2006,0.0,11,0,24,0,26,0,61,0,61
0.0,2006,0.0,0,0,0,0,0,0,0,0,0
0.0,2006,0.0,11,0,24,0,26,0,61,0,61
0.0,2006,0.0,0,0,1,0,0,0,1,0,1
0.0,2006,0.0,0,0,0,0,0,0,0,0,0
0.0,2006,0.0,0,0,0,0,2,0,2,0,2
0.0,2006,0.0,0,0,0,0,1,0,1,0,1
0.0,2006,0.0,0,0,0,0,0,0,0,0,0
0.0,2006,0.0,0,0,0,0,4,0,4,0,4
0.0,2006,0.0,0,0,0,0,1,0,1,0,1
0.0,2006,0.0,0,0,0,0,1,0,1,0,1
0.0,2006,0.0,0,0,0,0,0,0,0,0,0
0.0,2006,0.0,0,0,0,0,0,0,0,0,0
0.0,2006,0.0,0,0,0,0,0,0,0,0,0
0.0,2006,0.0,0,0,0,0,0,0,0,0,0
0.0,2006,0.0,0,0,0,0,4,0,4,0,4
0.0,2006,0.0,11,0,42,0,48,0,101,0,101
0.0,2007,0.0,0,0,2,0,4,0,6,0,6
0.0,2007,0.0,0,0,0,0,1,0,1,0,1
0.0,2007,0.0,0,0,2,0,0,0,2,0,2
0.0,2007,0.0,0,0,4,0,1,0,5,0,5
0.0,2007,0.0,0,0,0,0,0,0,0,0,0
0.0,2007,0.0,0,0,4,0,1,0,5,0,5
0.0,2007,0.0,0,0,0,0,3,0,3,0,3
0.0,2007,0.0,0,0,0,0,3,0,3,0,3
0.0,2007,0.0,0,0,0,0,0,0,0,0,0
0.0,2007,0.0,0,0,0,0,0,0,0,0,0
0.0,2007,0.0,0,0,0,0,3,0,3,0,3
0.0,2007,0.0,0,0,0,0,1,0,1,0,1
0.0,2007,0.0,5,0,23,0,7,0,35,0,35
0.0,2007,0.0,3,0,26,0,14,0,43,0,43
0.0,2007,0.0,0,0,1,0,3,0,4,0,4
0.0,2007,0.0,3,0,25,0,11,0,39,0,39
0.0,2007,0.0,0,0,0,0,3,0,3,0,3
0.0,2007,0.0,0,0,0,0,2,0,2,0,2
0.0,2007,0.0,0,0,0,0,0,0,0,0,0
0.0,2007,0.0,0,0,0,0,0,0,0,0,0
0.0,2007,0.0,0,0,0,0,0,0,0,0,0
0.0,2007,0.0,0,0,3,0,2,0,5,0,5
0.0,2007,0.0,0,0,0,0,0,0,0,0,0
0.0,2007,0.0,0,0,0,0,0,0,0,0,0
0.0,2007,0.0,0,0,0,0,0,0,0,0,0
0.0,2007,0.0,0,0,0,0,0,0,0,0,0
0.0,2007,0.0,0,0,0,0,0,0,0,0,0
0.0,2007,0.0,0,0,0,0,0,0,0,0,0
0.0,2007,0.0,0,0,4,0,3,0,7,0,7
0.0,2007,0.0,8,0,64,0,44,0,116,0,116
0.0,2008,0.0,0,0,4,1,2,0,6,1,7
0.0,2008,0.0,0,0,2,0,0,0,2,0,2
0.0,2008,0.0,0,0,1,0,0,0,1,0,1
0.0,2008,0.0,0,0,3,0,1,0,4,0,4
0.0,2008,0.0,0,0,0,0,0,0,0,0,0
0.0,2008,0.0,0,0,3,0,1,0,4,0,4
0.0,2008,0.0,0,0,0,0,0,0,0,0,0
0.0,2008,0.0,0,0,0,0,0,0,0,0,0
0.0,2008,0.0,0,0,0,0,0,0,0,0,0
0.0,2008,0.0,0,0,0,0,0,0,0,0,0
0.0,2008,0.0,0,0,0,0,0,0,0,0,0
0.0,2008,0.0,0,0,1,0,1,0,2,0,2
0.0,2008,0.0,5,0,11,0,8,0,24,0,24
0.0,2008,0.0,12,0,21,0,27,0,60,0,60
0.0,2008,0.0,0,0,0,0,7,0,7,0,7
0.0,2008,0.0,12,0,21,0,20,0,53,0,53
0.0,2008,0.0,0,0,0,0,0,0,0,0,0
0.0,2008,0.0,0,0,0,0,0,0,0,0,0
0.0,2008,0.0,0,0,1,0,2,0,3,0,3
0.0,2008,0.0,0,0,0,0,0,0,0,0,0
0.0,2008,0.0,0,0,0,0,0,0,0,0,0
0.0,2008,0.0,2,0,6,0,4,0,12,0,12
0.0,2008,0.0,0,0,1,0,0,0,1,0,1
0.0,2008,0.0,0,0,0,0,0,0,0,0,0
0.0,2008,0.0,0,0,0,0,0,0,0,0,0
0.0,2008,0.0,0,0,0,0,0,0,0,0,0
0.0,2008,0.0,0,0,0,0,0,0,0,0,0
0.0,2008,0.0,0,0,0,0,0,0,0,0,0
0.0,2008,0.0,0,0,3,0,3,0,6,0,6
0.0,2008,0.0,19,0,54,1,48,0,121,1,122
0.0,2009,0.0,0,0,0,0,4,0,4,0,4
0.0,2009,0.0,0,0,0,0,1,0,1,0,1
0.0,2009,0.0,0,0,1,0,0,0,1,0,1
0.0,2009,0.0,0,0,2,0,4,0,6,0,6
0.0,2009,0.0,0,0,0,0,0,0,0,0,0
0.0,2009,0.0,0,0,2,0,4,0,6,0,6
0.0,2009,0.0,0,0,0,0,3,0,3,0,3
0.0,2009,0.0,0,0,0,0,3,0,3,0,3
0.0,2009,0.0,0,0,0,0,0,0,0,0,0
0.0,2009,0.0,0,0,0,0,0,0,0,0,0
0.0,2009,0.0,0,0,0,0,0,0,0,0,0
0.0,2009,0.0,0,0,0,0,5,0,5,0,5
0.0,2009,0.0,2,0,1,0,25,0,28,0,28
0.0,2009,0.0,1,0,23,0,40,0,64,0,64
0.0,2009,0.0,0,0,7,0,14,0,21,0,21
0.0,2009,0.0,1,0,16,0,26,0,43,0,43
0.0,2009,0.0,0,0,4,0,1,0,5,0,5
0.0,2009,0.0,0,0,0,0,0,0,0,0,0
0.0,2009,0.0,0,0,0,0,2,0,2,0,2
0.0,2009,0.0,0,0,0,0,0,0,0,0,0
0.0,2009,0.0,0,0,0,0,0,0,0,0,0
0.0,2009,0.0,0,0,2,0,10,0,12,0,12
0.0,2009,0.0,0,0,0,0,1,0,1,0,1
0.0,2009,0.0,0,0,0,0,2,0,2,0,2
0.0,2009,0.0,0,0,0,0,0,0,0,0,0
0.0,2009,0.0,0,0,0,0,0,0,0,0,0
0.0,2009,0.0,0,0,0,0,0,0,0,0,0
0.0,2009,0.0,0,0,0,0,0,0,0,0,0
0.0,2009,0.0,0,0,17,1,26,2,43,3,46
0.0,2009,0.0,3,0,50,1,124,2,177,3,180
0.0,2010,0.0,0,0,0,0,0,0,0,0,0
0.0,2010,0.0,0,0,2,0,5,0,7,0,7
0.0,2010,0.0,0,0,0,0,0,0,0,0,0
0.0,2010,0.0,0,0,1,0,0,0,1,0,1
0.0,2010,0.0,0,0,0,0,0,0,0,0,0
0.0,2010,0.0,0,0,1,0,0,0,1,0,1
0.0,2010,0.0,0,0,0,0,7,0,7,0,7
0.0,2010,0.0,0,0,0,0,7,0,7,0,7
0.0,2010,0.0,0,0,0,0,0,0,0,0,0
0.0,2010,0.0,0,0,0,0,0,0,0,0,0
0.0,2010,0.0,0,0,0,0,0,0,0,0,0
0.0,2010,0.0,0,0,1,0,1,0,2,0,2
0.0,2010,0.0,0,0,21,0,10,0,31,0,31
0.0,2010,0.0,2,0,24,0,26,0,52,0,52
0.0,2010,0.0,0,0,6,0,8,0,14,0,14
0.0,2010,0.0,2,0,18,0,18,0,38,0,38
0.0,2010,0.0,0,0,0,0,3,0,3,0,3
0.0,2010,0.0,0,0,0,0,0,0,0,0,0
0.0,2010,0.0,0,0,0,0,0,0,0,0,0
0.0,2010,0.0,0,0,0,0,0,0,0,0,0
0.0,2010,0.0,0,0,0,0,0,0,0,0,0
0.0,2010,0.0,0,0,2,0,2,0,4,0,4
0.0,2010,0.0,0,0,0,0,0,0,0,0,0
0.0,2010,0.0,0,0,0,0,3,0,3,0,3
0.0,2010,0.0,0,0,0,0,0,0,0,0,0
0.0,2010,0.0,0,0,0,0,0,0,0,0,0
0.0,2010,0.0,0,0,0,0,0,0,0,0,0
0.0,2010,0.0,0,0,0,0,0,0,0,0,0
0.0,2010,0.0,2,0,12,0,24,0,38,0,38
0.0,2010,0.0,4,0,63,0,81,0,148,0,148
0.0,2001,0.0,0,0,1,0,0,0,1,0,1
0.0,2001,0.0,0,0,0,0,0,0,0,0,0
0.0,2001,0.0,0,0,0,0,0,0,0,0,0
0.0,2001,0.0,0,0,0,0,0,0,0,0,0
0.0,2001,0.0,0,0,0,0,0,0,0,0,0
0.0,2001,0.0,0,0,0,0,0,0,0,0,0
0.0,2001,0.0,0,0,0,0,0,0,0,0,0
0.0,2001,0.0,0,0,0,0,0,0,0,0,0
0.0,2001,0.0,0,0,0,0,0,0,0,0,0
0.0,2001,0.0,0,0,0,0,0,0,0,0,0
0.0,2001,0.0,0,0,0,0,0,0,0,0,0
0.0,2001,0.0,0,0,2,0,0,0,2,0,2
0.0,2001,0.0,0,0,0,0,0,0,0,0,0
0.0,2001,0.0,5,2,5,0,0,0,10,2,12
0.0,2001,0.0,0,0,0,0,0,0,0,0,0
0.0,2001,0.0,5,2,5,0,0,0,10,2,12
0.0,2001,0.0,0,0,0,0,0,0,0,0,0
0.0,2001,0.0,0,0,0,0,0,0,0,0,0
0.0,2001,0.0,0,0,0,0,0,0,0,0,0
0.0,2001,0.0,0,0,0,0,0,0,0,0,0
0.0,2001,0.0,0,0,0,0,0,0,0,0,0
0.0,2001,0.0,0,0,0,0,0,0,0,0,0
0.0,2001,0.0,0,0,0,0,0,0,0,0,0
0.0,2001,0.0,0,0,0,0,0,0,0,0,0
0.0,2001,0.0,0,0,0,0,0,0,0,0,0
0.0,2001,0.0,0,0,0,0,0,0,0,0,0
0.0,2001,0.0,0,0,0,0,0,0,0,0,0
0.0,2001,0.0,0,0,0,0,0,0,0,0,0
0.0,2001,0.0,6,0,4,0,0,0,10,0,10
0.0,2001,0.0,11,2,12,0,0,0,23,2,25
0.0,2002,0.0,0,0,2,0,0,0,2,0,2
0.0,2002,0.0,0,0,0,0,0,0,0,0,0
0.0,2002,0.0,0,0,0,0,0,0,0,0,0
0.0,2002,0.0,0,0,1,0,1,0,2,0,2
0.0,2002,0.0,0,0,0,0,0,0,0,0,0
0.0,2002,0.0,0,0,1,0,1,0,2,0,2
0.0,2002,0.0,0,0,1,0,0,0,1,0,1
0.0,2002,0.0,0,0,1,0,0,0,1,0,1
0.0,2002,0.0,0,0,0,0,0,0,0,0,0
0.0,2002,0.0,0,0,0,0,0,0,0,0,0
0.0,2002,0.0,0,0,0,0,0,0,0,0,0
0.0,2002,0.0,0,0,0,0,0,0,0,0,0
0.0,2002,0.0,0,0,0,0,0,0,0,0,0
0.0,2002,0.0,2,0,2,0,0,1,4,1,5
0.0,2002,0.0,0,0,1,0,0,0,1,0,1
0.0,2002,0.0,2,0,1,0,0,1,3,1,4
0.0,2002,0.0,0,0,0,0,0,0,0,0,0
0.0,2002,0.0,0,0,0,0,0,0,0,0,0
0.0,2002,0.0,0,0,0,0,0,0,0,0,0
0.0,2002,0.0,0,0,0,0,0,0,0,0,0
0.0,2002,0.0,0,0,0,0,0,0,0,0,0
0.0,2002,0.0,0,0,0,0,0,0,0,0,0
0.0,2002,0.0,0,0,0,0,0,0,0,0,0
0.0,2002,0.0,0,0,1,0,0,0,1,0,1
0.0,2002,0.0,0,0,0,0,0,0,0,0,0
0.0,2002,0.0,0,0,0,0,0,0,0,0,0
0.0,2002,0.0,0,0,0,0,0,0,0,0,0
0.0,2002,0.0,0,0,0,0,0,0,0,0,0
0.0,2002,0.0,1,0,2,0,0,0,3,0,3
0.0,2002,0.0,3,0,9,0,1,1,13,1,14
0.0,2003,0.0,0,0,0,0,1,0,1,0,1
0.0,2003,0.0,0,0,0,0,0,0,0,0,0
0.0,2003,0.0,0,0,0,0,1,0,1,0,1
0.0,2003,0.0,0,0,1,0,3,0,4,0,4
0.0,2003,0.0,0,0,0,0,0,0,0,0,0
0.0,2003,0.0,0,0,1,0,3,0,4,0,4
0.0,2003,0.0,0,0,0,0,0,0,0,0,0
0.0,2003,0.0,0,0,0,0,0,0,0,0,0
0.0,2003,0.0,0,0,0,0,0,0,0,0,0
0.0,2003,0.0,0,0,0,0,9,0,9,0,9
0.0,2003,0.0,0,0,0,0,0,0,0,0,0
0.0,2003,0.0,1,0,0,0,0,0,1,0,1
0.0,2003,0.0,0,0,1,0,0,0,1,0,1
0.0,2003,0.0,1,0,8,1,4,0,13,1,14
0.0,2003,0.0,0,0,0,0,0,0,0,0,0
0.0,2003,0.0,1,0,8,1,4,0,13,1,14
0.0,2003,0.0,0,0,0,0,1,0,1,0,1
0.0,2003,0.0,0,0,0,0,0,0,0,0,0
0.0,2003,0.0,0,0,0,0,0,0,0,0,0
0.0,2003,0.0,0,0,0,0,0,0,0,0,0
0.0,2003,0.0,0,0,0,0,0,0,0,0,0
0.0,2003,0.0,0,0,0,0,0,0,0,0,0
0.0,2003,0.0,0,0,0,0,0,0,0,0,0
0.0,2003,0.0,0,0,2,0,1,0,3,0,3
0.0,2003,0.0,0,0,0,0,0,0,0,0,0
0.0,2003,0.0,0,0,0,0,0,0,0,0,0
0.0,2003,0.0,0,0,0,0,0,0,0,0,0
0.0,2003,0.0,0,0,0,0,0,0,0,0,0
0.0,2003,0.0,1,0,3,0,1,0,5,0,5
0.0,2003,0.0,3,0,15,1,21,0,39,1,40
0.0,2004,0.0,0,0,0,0,0,0,0,0,0
0.0,2004,0.0,0,0,0,0,0,0,0,0,0
0.0,2004,0.0,2,0,1,0,0,0,3,0,3
0.0,2004,0.0,0,0,0,0,3,0,3,0,3
0.0,2004,0.0,0,0,0,0,0,0,0,0,0
0.0,2004,0.0,0,0,0,0,3,0,3,0,3
0.0,2004,0.0,0,0,0,0,0,0,0,0,0
0.0,2004,0.0,0,0,0,0,0,0,0,0,0
0.0,2004,0.0,0,0,0,0,0,0,0,0,0
0.0,2004,0.0,0,0,0,0,0,0,0,0,0
0.0,2004,0.0,0,0,0,0,0,0,0,0,0
0.0,2004,0.0,0,0,1,0,1,0,2,0,2
0.0,2004,0.0,0,0,1,0,0,0,1,0,1
0.0,2004,0.0,19,2,30,2,3,0,52,4,56
0.0,2004,0.0,0,0,0,0,0,0,0,0,0
0.0,2004,0.0,19,2,30,2,3,0,52,4,56
0.0,2004,0.0,0,0,1,0,8,0,9,0,9
0.0,2004,0.0,0,0,1,0,0,0,1,0,1
0.0,2004,0.0,0,0,0,0,0,0,0,0,0
0.0,2004,0.0,0,0,0,0,0,0,0,0,0
0.0,2004,0.0,0,0,0,0,0,0,0,0,0
0.0,2004,0.0,0,0,1,0,0,0,1,0,1
0.0,2004,0.0,0,0,0,0,0,0,0,0,0
0.0,2004,0.0,0,0,0,0,6,0,6,0,6
0.0,2004,0.0,0,0,0,0,0,0,0,0,0
0.0,2004,0.0,0,0,0,0,0,0,0,0,0
0.0,2004,0.0,0,0,0,0,0,0,0,0,0
0.0,2004,0.0,0,0,0,0,0,0,0,0,0
0.0,2004,0.0,0,0,6,0,0,0,6,0,6
0.0,2004,0.0,21,2,42,2,21,0,84,4,88
0.0,2005,0.0,0,0,1,0,2,0,3,0,3
0.0,2005,0.0,0,0,0,0,0,0,0,0,0
0.0,2005,0.0,0,0,0,0,1,0,1,0,1
0.0,2005,0.0,0,0,1,0,9,0,10,0,10
0.0,2005,0.0,0,0,0,0,0,0,0,0,0
0.0,2005,0.0,0,0,1,0,9,0,10,0,10
0.0,2005,0.0,0,0,0,0,1,0,1,0,1
0.0,2005,0.0,0,0,0,0,0,0,0,0,0
0.0,2005,0.0,0,0,0,0,1,0,1,0,1
0.0,2005,0.0,0,0,0,0,1,0,1,0,1
0.0,2005,0.0,0,0,1,0,3,0,4,0,4
0.0,2005,0.0,0,0,2,0,0,0,2,0,2
0.0,2005,0.0,1,0,2,0,1,0,4,0,4
0.0,2005,0.0,2,0,33,0,14,2,49,2,51
0.0,2005,0.0,0,0,0,0,2,0,2,0,2
0.0,2005,0.0,2,0,33,0,12,2,47,2,49
0.0,2005,0.0,0,0,0,0,1,5,1,5,6
0.0,2005,0.0,0,0,0,0,0,0,0,0,0
0.0,2005,0.0,0,0,0,0,0,0,0,0,0
0.0,2005,0.0,0,0,0,0,0,0,0,0,0
0.0,2005,0.0,0,0,0,0,0,0,0,0,0
0.0,2005,0.0,1,0,3,5,3,0,7,5,12
0.0,2005,0.0,0,0,0,0,1,0,1,0,1
0.0,2005,0.0,0,0,1,0,0,0,1,0,1
0.0,2005,0.0,0,0,0,0,0,0,0,0,0
0.0,2005,0.0,0,0,0,0,0,0,0,0,0
0.0,2005,0.0,0,0,0,0,0,0,0,0,0
0.0,2005,0.0,0,0,0,0,0,0,0,0,0
0.0,2005,0.0,1,0,0,1,0,0,1,1,2
0.0,2005,0.0,5,0,44,6,37,7,86,13,99
0.0,2006,0.0,0,0,2,0,2,0,4,0,4
0.0,2006,0.0,0,0,0,0,4,0,4,0,4
0.0,2006,0.0,0,0,1,0,1,0,2,0,2
0.0,2006,0.0,0,0,3,0,10,0,13,0,13
0.0,2006,0.0,0,0,0,0,0,0,0,0,0
0.0,2006,0.0,0,0,3,0,10,0,13,0,13
0.0,2006,0.0,0,0,0,0,2,2,2,2,4
0.0,2006,0.0,0,0,0,0,1,1,1,1,2
0.0,2006,0.0,0,0,0,0,1,1,1,1,2
0.0,2006,0.0,0,0,0,0,0,0,0,0,0
0.0,2006,0.0,0,0,2,0,7,0,9,0,9
0.0,2006,0.0,0,0,0,0,0,0,0,0,0
0.0,2006,0.0,0,0,8,0,0,0,8,0,8
0.0,2006,0.0,2,0,21,3,20,1,43,4,47
0.0,2006,0.0,0,0,0,0,0,0,0,0,0
0.0,2006,0.0,2,0,21,3,20,1,43,4,47
0.0,2006,0.0,0,0,2,0,10,0,12,0,12
0.0,2006,0.0,0,0,0,0,0,0,0,0,0
0.0,2006,0.0,0,0,0,0,0,0,0,0,0
0.0,2006,0.0,0,0,0,0,0,0,0,0,0
0.0,2006,0.0,0,0,0,0,0,0,0,0,0
0.0,2006,0.0,0,0,1,0,2,0,3,0,3
0.0,2006,0.0,0,0,0,0,0,0,0,0,0
0.0,2006,0.0,0,0,2,0,0,0,2,0,2
0.0,2006,0.0,0,0,0,0,0,0,0,0,0
0.0,2006,0.0,0,0,0,0,0,0,0,0,0
0.0,2006,0.0,0,0,0,0,0,0,0,0,0
0.0,2006,0.0,0,0,0,0,0,0,0,0,0
0.0,2006,0.0,0,0,2,0,2,0,4,0,4
0.0,2006,0.0,2,0,44,3,60,3,106,6,112
0.0,2007,0.0,1,0,5,0,1,0,7,0,7
0.0,2007,0.0,0,0,1,1,1,0,2,1,3
0.0,2007,0.0,0,0,4,0,1,0,5,0,5
0.0,2007,0.0,0,0,11,0,12,0,23,0,23
0.0,2007,0.0,0,0,0,0,0,0,0,0,0
0.0,2007,0.0,0,0,11,0,12,0,23,0,23
0.0,2007,0.0,0,0,4,1,3,0,7,1,8
0.0,2007,0.0,0,0,0,1,0,0,0,1,1
0.0,2007,0.0,0,0,4,0,3,0,7,0,7
0.0,2007,0.0,0,0,0,0,0,0,0,0,0
0.0,2007,0.0,0,0,3,0,0,0,3,0,3
0.0,2007,0.0,0,0,0,0,0,0,0,0,0
0.0,2007,0.0,0,0,1,0,1,0,2,0,2
0.0,2007,0.0,3,0,12,2,10,0,25,2,27
0.0,2007,0.0,0,0,0,0,0,0,0,0,0
0.0,2007,0.0,3,0,12,2,10,0,25,2,27
0.0,2007,0.0,0,0,1,0,1,0,2,0,2
0.0,2007,0.0,0,0,0,0,0,0,0,0,0
0.0,2007,0.0,0,0,0,0,0,1,0,1,1
0.0,2007,0.0,0,0,0,0,0,0,0,0,0
0.0,2007,0.0,0,0,0,0,0,0,0,0,0
0.0,2007,0.0,0,0,1,0,0,0,1,0,1
0.0,2007,0.0,0,0,0,0,0,0,0,0,0
0.0,2007,0.0,0,0,1,0,0,0,1,0,1
0.0,2007,0.0,0,0,0,0,1,0,1,0,1
0.0,2007,0.0,0,0,0,0,1,0,1,0,1
0.0,2007,0.0,0,0,0,0,0,0,0,0,0
0.0,2007,0.0,0,0,0,0,0,0,0,0,0
0.0,2007,0.0,2,0,12,1,0,0,14,1,15
0.0,2007,0.0,6,0,56,5,32,1,94,6,100
0.0,2008,0.0,0,0,5,1,11,0,16,1,17
0.0,2008,0.0,0,0,1,0,1,0,2,0,2
0.0,2008,0.0,0,0,0,0,0,0,0,0,0
0.0,2008,0.0,0,0,1,0,33,0,34,0,34
0.0,2008,0.0,0,0,0,0,0,0,0,0,0
0.0,2008,0.0,0,0,1,0,33,0,34,0,34
0.0,2008,0.0,0,0,1,1,8,0,9,1,10
0.0,2008,0.0,0,0,0,1,5,0,5,1,6
0.0,2008,0.0,0,0,1,0,3,0,4,0,4
0.0,2008,0.0,0,0,0,0,1,0,1,0,1
0.0,2008,0.0,0,0,0,0,4,0,4,0,4
0.0,2008,0.0,0,0,1,0,2,0,3,0,3
0.0,2008,0.0,1,0,0,0,2,0,3,0,3
0.0,2008,0.0,12,0,30,0,40,1,82,1,83
0.0,2008,0.0,0,0,4,0,0,0,4,0,4
0.0,2008,0.0,12,0,26,0,40,1,78,1,79
0.0,2008,0.0,0,0,2,0,211,3,213,3,216
0.0,2008,0.0,0,0,0,0,0,0,0,0,0
0.0,2008,0.0,0,0,0,0,0,0,0,0,0
0.0,2008,0.0,0,0,0,0,0,0,0,0,0
0.0,2008,0.0,0,0,0,0,0,0,0,0,0
0.0,2008,0.0,0,0,1,0,205,0,206,0,206
0.0,2008,0.0,0,0,0,0,1,0,1,0,1
0.0,2008,0.0,0,0,4,0,41,0,45,0,45
0.0,2008,0.0,0,0,0,0,0,0,0,0,0
0.0,2008,0.0,0,0,3,0,2,0,5,0,5
0.0,2008,0.0,0,0,0,0,0,0,0,0,0
0.0,2008,0.0,0,0,0,0,0,0,0,0,0
0.0,2008,0.0,0,0,12,0,15,3,27,3,30
0.0,2008,0.0,13,0,61,2,577,7,651,9,660
0.0,2009,0.0,0,0,0,2,7,0,7,2,9
0.0,2009,0.0,0,0,1,0,0,0,1,0,1
0.0,2009,0.0,0,0,0,0,0,0,0,0,0
0.0,2009,0.0,0,0,4,0,18,0,22,0,22
0.0,2009,0.0,0,0,0,0,0,0,0,0,0
0.0,2009,0.0,0,0,4,0,18,0,22,0,22
0.0,2009,0.0,0,0,1,2,7,1,8,3,11
0.0,2009,0.0,0,0,1,2,7,1,8,3,11
0.0,2009,0.0,0,0,0,0,0,0,0,0,0
0.0,2009,0.0,0,0,0,0,0,0,0,0,0
0.0,2009,0.0,0,0,0,0,2,0,2,0,2
0.0,2009,0.0,0,0,0,0,0,0,0,0,0
0.0,2009,0.0,0,0,5,0,2,0,7,0,7
0.0,2009,0.0,7,0,13,2,26,0,46,2,48
0.0,2009,0.0,0,0,0,0,3,0,3,0,3
0.0,2009,0.0,7,0,13,2,23,0,43,2,45
0.0,2009,0.0,0,1,3,2,4,0,7,3,10
0.0,2009,0.0,0,0,0,0,0,0,0,0,0
0.0,2009,0.0,0,0,0,0,0,0,0,0,0
0.0,2009,0.0,0,0,0,0,0,0,0,0,0
0.0,2009,0.0,0,0,0,0,0,0,0,0,0
0.0,2009,0.0,2,0,4,0,8,0,14,0,14
0.0,2009,0.0,0,0,0,0,0,0,0,0,0
0.0,2009,0.0,0,0,3,0,0,0,3,0,3
0.0,2009,0.0,0,0,0,0,0,0,0,0,0
0.0,2009,0.0,0,0,0,0,2,0,2,0,2
0.0,2009,0.0,0,0,0,0,0,0,0,0,0
0.0,2009,0.0,0,0,0,0,0,0,0,0,0
0.0,2009,0.0,0,0,5,2,18,6,23,8,31
0.0,2009,0.0,9,1,39,10,94,7,142,18,160
0.0,2010,0.0,1,1,3,0,7,1,11,2,13
0.0,2010,0.0,0,0,1,0,4,2,5,2,7
0.0,2010,0.0,0,0,0,0,3,2,3,2,5
0.0,2010,0.0,1,0,7,0,37,0,45,0,45
0.0,2010,0.0,0,0,0,0,0,0,0,0,0
0.0,2010,0.0,1,0,7,0,37,0,45,0,45
0.0,2010,0.0,1,0,7,2,25,5,33,7,40
0.0,2010,0.0,1,0,4,1,14,5,19,6,25
0.0,2010,0.0,0,0,3,1,11,0,14,1,15
0.0,2010,0.0,0,0,0,0,0,0,0,0,0
0.0,2010,0.0,1,0,0,0,4,0,5,0,5
0.0,2010,0.0,0,0,1,0,4,0,5,0,5
0.0,2010,0.0,1,0,0,0,2,0,3,0,3
0.0,2010,0.0,4,2,18,3,24,6,46,11,57
0.0,2010,0.0,0,0,1,0,1,0,2,0,2
0.0,2010,0.0,4,2,17,3,23,6,44,11,55
0.0,2010,0.0,0,0,0,0,2,0,2,0,2
0.0,2010,0.0,0,0,0,0,0,0,0,0,0
0.0,2010,0.0,0,0,0,0,2,0,2,0,2
0.0,2010,0.0,0,0,0,0,0,0,0,0,0
0.0,2010,0.0,0,0,0,0,0,0,0,0,0
0.0,2010,0.0,2,0,11,2,16,5,29,7,36
0.0,2010,0.0,0,0,0,0,1,0,1,0,1
0.0,2010,0.0,0,0,2,0,4,0,6,0,6
0.0,2010,0.0,0,0,0,0,0,0,0,0,0
0.0,2010,0.0,0,0,1,0,6,3,7,3,10
0.0,2010,0.0,0,0,0,0,0,0,0,0,0
0.0,2010,0.0,0,0,0,0,1,0,1,0,1
0.0,2010,0.0,0,0,15,0,23,1,38,1,39
0.0,2010,0.0,11,3,66,7,165,25,242,35,277
0.0,2001,0.0,0,0,2,0,0,0,2,0,2
0.0,2001,0.0,0,0,0,0,0,0,0,0,0
0.0,2001,0.0,0,0,0,0,0,0,0,0,0
0.0,2001,0.0,0,0,0,0,0,0,0,0,0
0.0,2001,0.0,0,0,0,0,0,0,0,0,0
0.0,2001,0.0,0,0,0,0,0,0,0,0,0
0.0,2001,0.0,0,0,0,0,0,0,0,0,0
0.0,2001,0.0,0,0,0,0,0,0,0,0,0
0.0,2001,0.0,0,0,0,0,0,0,0,0,0
0.0,2001,0.0,0,0,0,0,0,0,0,0,0
0.0,2001,0.0,0,0,0,0,0,0,0,0,0
0.0,2001,0.0,0,0,0,0,0,0,0,0,0
0.0,2001,0.0,0,0,2,0,2,0,4,0,4
0.0,2001,0.0,0,0,0,0,0,0,0,0,0
0.0,2001,0.0,0,0,0,0,0,0,0,0,0
0.0,2001,0.0,0,0,0,0,0,0,0,0,0
0.0,2001,0.0,0,0,1,0,1,0,2,0,2
0.0,2001,0.0,0,0,0,0,0,0,0,0,0
0.0,2001,0.0,0,0,0,0,0,0,0,0,0
0.0,2001,0.0,0,0,0,0,0,0,0,0,0
0.0,2001,0.0,0,0,0,0,0,0,0,0,0
0.0,2001,0.0,0,0,0,0,2,0,2,0,2
0.0,2001,0.0,0,0,0,0,0,0,0,0,0
0.0,2001,0.0,0,0,0,0,0,0,0,0,0
0.0,2001,0.0,0,0,0,0,0,0,0,0,0
0.0,2001,0.0,0,0,0,0,0,0,0,0,0
0.0,2001,0.0,0,0,0,0,0,0,0,0,0
0.0,2001,0.0,0,0,0,0,0,0,0,0,0
0.0,2001,0.0,0,0,3,3,0,0,3,3,6
0.0,2001,0.0,0,0,8,3,5,0,13,3,16
0.0,2002,0.0,0,0,0,0,0,0,0,0,0
0.0,2002,0.0,0,0,0,0,0,0,0,0,0
0.0,2002,0.0,0,0,0,0,0,0,0,0,0
0.0,2002,0.0,0,0,0,0,0,0,0,0,0
0.0,2002,0.0,0,0,0,0,0,0,0,0,0
0.0,2002,0.0,0,0,0,0,0,0,0,0,0
0.0,2002,0.0,0,0,0,0,0,0,0,0,0
0.0,2002,0.0,0,0,0,0,0,0,0,0,0
0.0,2002,0.0,0,0,0,0,0,0,0,0,0
0.0,2002,0.0,0,0,0,0,0,0,0,0,0
0.0,2002,0.0,0,0,0,0,0,0,0,0,0
0.0,2002,0.0,0,0,0,0,0,0,0,0,0
0.0,2002,0.0,0,0,2,0,0,0,2,0,2
0.0,2002,0.0,0,0,0,0,1,0,1,0,1
0.0,2002,0.0,0,0,0,0,0,0,0,0,0
0.0,2002,0.0,0,0,0,0,1,0,1,0,1
0.0,2002,0.0,0,0,0,0,0,0,0,0,0
0.0,2002,0.0,0,0,0,0,0,0,0,0,0
0.0,2002,0.0,0,0,0,0,0,0,0,0,0
0.0,2002,0.0,0,0,0,0,0,0,0,0,0
0.0,2002,0.0,0,0,0,0,0,0,0,0,0
0.0,2002,0.0,0,0,0,0,0,0,0,0,0
0.0,2002,0.0,0,0,0,0,0,0,0,0,0
0.0,2002,0.0,0,0,0,0,0,0,0,0,0
0.0,2002,0.0,0,0,0,0,0,0,0,0,0
0.0,2002,0.0,0,0,0,0,0,0,0,0,0
0.0,2002,0.0,0,0,0,0,0,0,0,0,0
0.0,2002,0.0,0,0,0,0,0,0,0,0,0
0.0,2002,0.0,0,0,2,0,1,0,3,0,3
0.0,2002,0.0,0,0,4,0,2,0,6,0,6
0.0,2003,0.0,0,0,0,0,0,0,0,0,0
0.0,2003,0.0,0,0,0,0,0,0,0,0,0
0.0,2003,0.0,0,0,0,0,0,0,0,0,0
0.0,2003,0.0,0,0,0,0,0,0,0,0,0
0.0,2003,0.0,0,0,0,0,0,0,0,0,0
0.0,2003,0.0,0,0,0,0,0,0,0,0,0
0.0,2003,0.0,0,0,0,0,0,0,0,0,0
0.0,2003,0.0,0,0,0,0,0,0,0,0,0
0.0,2003,0.0,0,0,0,0,0,0,0,0,0
0.0,2003,0.0,0,0,0,0,0,0,0,0,0
0.0,2003,0.0,0,0,0,0,0,0,0,0,0
0.0,2003,0.0,0,0,0,0,0,0,0,0,0
0.0,2003,0.0,0,0,0,0,0,0,0,0,0
0.0,2003,0.0,0,0,0,0,0,0,0,0,0
0.0,2003,0.0,0,0,0,0,0,0,0,0,0
0.0,2003,0.0,0,0,0,0,0,0,0,0,0
0.0,2003,0.0,0,0,0,0,0,0,0,0,0
0.0,2003,0.0,0,0,0,0,0,0,0,0,0
0.0,2003,0.0,0,0,0,0,0,0,0,0,0
0.0,2003,0.0,0,0,0,0,0,0,0,0,0
0.0,2003,0.0,0,0,0,0,0,0,0,0,0
0.0,2003,0.0,0,0,0,0,0,0,0,0,0
0.0,2003,0.0,0,0,0,0,0,0,0,0,0
0.0,2003,0.0,0,0,0,0,0,0,0,0,0
0.0,2003,0.0,0,0,0,0,0,0,0,0,0
0.0,2003,0.0,0,0,0,0,0,0,0,0,0
0.0,2003,0.0,0,0,0,0,0,0,0,0,0
0.0,2003,0.0,0,0,0,0,0,0,0,0,0
0.0,2003,0.0,0,0,0,0,3,6,3,6,9
0.0,2003,0.0,0,0,0,0,3,6,3,6,9
0.0,2004,0.0,0,0,0,0,0,0,0,0,0
0.0,2004,0.0,0,0,0,0,0,0,0,0,0
0.0,2004,0.0,0,0,0,0,0,0,0,0,0
0.0,2004,0.0,0,0,0,0,0,0,0,0,0
0.0,2004,0.0,0,0,0,0,0,0,0,0,0
0.0,2004,0.0,0,0,0,0,0,0,0,0,0
0.0,2004,0.0,0,0,0,0,0,0,0,0,0
0.0,2004,0.0,0,0,0,0,0,0,0,0,0
0.0,2004,0.0,0,0,0,0,0,0,0,0,0
0.0,2004,0.0,0,0,0,0,0,0,0,0,0
0.0,2004,0.0,0,0,0,0,0,0,0,0,0
0.0,2004,0.0,0,0,0,0,0,0,0,0,0
0.0,2004,0.0,0,0,0,0,8,0,8,0,8
0.0,2004,0.0,0,0,0,0,1,0,1,0,1
0.0,2004,0.0,0,0,0,0,0,0,0,0,0
0.0,2004,0.0,0,0,0,0,1,0,1,0,1
0.0,2004,0.0,0,0,0,0,0,0,0,0,0
0.0,2004,0.0,0,0,0,0,0,0,0,0,0
0.0,2004,0.0,0,0,0,0,0,0,0,0,0
0.0,2004,0.0,0,0,0,0,0,0,0,0,0
0.0,2004,0.0,0,0,0,0,0,0,0,0,0
0.0,2004,0.0,0,0,0,1,2,0,2,1,3
0.0,2004,0.0,0,0,0,0,0,0,0,0,0
0.0,2004,0.0,0,0,0,0,0,0,0,0,0
0.0,2004,0.0,0,0,0,0,0,0,0,0,0
0.0,2004,0.0,0,0,0,0,0,0,0,0,0
0.0,2004,0.0,0,0,0,0,0,0,0,0,0
0.0,2004,0.0,0,0,0,0,0,0,0,0,0
0.0,2004,0.0,0,0,0,0,1,0,1,0,1
0.0,2004,0.0,0,0,0,1,12,0,12,1,13
0.0,2005,0.0,0,0,0,0,0,0,0,0,0
0.0,2005,0.0,0,0,1,0,0,0,1,0,1
0.0,2005,0.0,0,0,0,0,0,0,0,0,0
0.0,2005,0.0,0,0,0,0,0,0,0,0,0
0.0,2005,0.0,0,0,0,0,0,0,0,0,0
0.0,2005,0.0,0,0,0,0,0,0,0,0,0
0.0,2005,0.0,0,0,0,0,0,0,0,0,0
0.0,2005,0.0,0,0,0,0,0,0,0,0,0
0.0,2005,0.0,0,0,0,0,0,0,0,0,0
0.0,2005,0.0,0,0,0,0,0,0,0,0,0
0.0,2005,0.0,0,0,0,0,0,0,0,0,0
0.0,2005,0.0,0,0,0,0,0,0,0,0,0
0.0,2005,0.0,2,0,1,0,0,0,3,0,3
0.0,2005,0.0,0,0,3,0,1,0,4,0,4
0.0,2005,0.0,0,0,2,0,1,0,3,0,3
0.0,2005,0.0,0,0,1,0,0,0,1,0,1
0.0,2005,0.0,0,0,0,0,0,0,0,0,0
0.0,2005,0.0,0,0,0,0,0,0,0,0,0
0.0,2005,0.0,0,0,0,0,0,0,0,0,0
0.0,2005,0.0,0,0,0,0,0,0,0,0,0
0.0,2005,0.0,0,0,0,0,0,0,0,0,0
0.0,2005,0.0,0,0,0,0,0,0,0,0,0
0.0,2005,0.0,0,0,0,0,0,0,0,0,0
0.0,2005,0.0,0,0,0,0,0,0,0,0,0
0.0,2005,0.0,0,0,0,0,0,0,0,0,0
0.0,2005,0.0,0,0,0,0,0,0,0,0,0
0.0,2005,0.0,0,0,0,0,0,0,0,0,0
0.0,2005,0.0,0,0,0,0,0,0,0,0,0
0.0,2005,0.0,0,0,2,0,0,0,2,0,2
0.0,2005,0.0,2,0,7,0,1,0,10,0,10
0.0,2006,0.0,0,0,0,0,0,0,0,0,0
0.0,2006,0.0,0,0,0,0,0,0,0,0,0
0.0,2006,0.0,0,0,0,0,0,0,0,0,0
0.0,2006,0.0,0,0,0,0,0,0,0,0,0
0.0,2006,0.0,0,0,0,0,0,0,0,0,0
0.0,2006,0.0,0,0,0,0,0,0,0,0,0
0.0,2006,0.0,0,0,0,0,0,0,0,0,0
0.0,2006,0.0,0,0,0,0,0,0,0,0,0
0.0,2006,0.0,0,0,0,0,0,0,0,0,0
0.0,2006,0.0,0,0,0,0,0,0,0,0,0
0.0,2006,0.0,0,0,0,0,0,0,0,0,0
0.0,2006,0.0,0,0,0,0,1,0,1,0,1
0.0,2006,0.0,0,0,0,0,12,0,12,0,12
0.0,2006,0.0,0,0,0,0,7,0,7,0,7
0.0,2006,0.0,0,0,0,0,1,0,1,0,1
0.0,2006,0.0,0,0,0,0,6,0,6,0,6
0.0,2006,0.0,0,0,0,0,1,0,1,0,1
0.0,2006,0.0,0,0,0,0,0,0,0,0,0
0.0,2006,0.0,0,0,0,0,2,0,2,0,2
0.0,2006,0.0,0,0,0,0,0,0,0,0,0
0.0,2006,0.0,0,0,0,0,0,0,0,0,0
0.0,2006,0.0,0,0,0,0,2,1,2,1,3
0.0,2006,0.0,0,0,0,0,0,0,0,0,0
0.0,2006,0.0,0,0,0,0,2,0,2,0,2
0.0,2006,0.0,0,0,0,0,0,0,0,0,0
0.0,2006,0.0,0,0,0,0,0,0,0,0,0
0.0,2006,0.0,0,0,0,0,0,0,0,0,0
0.0,2006,0.0,0,0,0,0,0,0,0,0,0
0.0,2006,0.0,0,0,1,2,9,2,10,4,14
0.0,2006,0.0,0,0,1,2,36,3,37,5,42
0.0,2007,0.0,0,0,0,0,0,0,0,0,0
0.0,2007,0.0,0,0,0,0,0,0,0,0,0
0.0,2007,0.0,0,0,0,0,0,0,0,0,0
0.0,2007,0.0,0,0,0,0,0,0,0,0,0
0.0,2007,0.0,0,0,0,0,0,0,0,0,0
0.0,2007,0.0,0,0,0,0,0,0,0,0,0
0.0,2007,0.0,0,0,0,0,0,0,0,0,0
0.0,2007,0.0,0,0,0,0,0,0,0,0,0
0.0,2007,0.0,0,0,0,0,0,0,0,0,0
0.0,2007,0.0,0,0,0,0,0,0,0,0,0
0.0,2007,0.0,0,0,0,0,0,0,0,0,0
0.0,2007,0.0,0,0,0,0,0,0,0,0,0
0.0,2007,0.0,0,0,4,0,6,0,10,0,10
0.0,2007,0.0,0,0,2,0,2,0,4,0,4
0.0,2007,0.0,0,0,0,0,0,0,0,0,0
0.0,2007,0.0,0,0,2,0,2,0,4,0,4
0.0,2007,0.0,0,0,0,0,0,0,0,0,0
0.0,2007,0.0,0,0,0,0,0,0,0,0,0
0.0,2007,0.0,0,0,0,0,0,0,0,0,0
0.0,2007,0.0,0,0,0,0,0,0,0,0,0
0.0,2007,0.0,0,0,0,0,0,0,0,0,0
0.0,2007,0.0,0,0,0,0,1,2,1,2,3
0.0,2007,0.0,0,0,0,0,0,0,0,0,0
0.0,2007,0.0,0,0,0,0,0,0,0,0,0
0.0,2007,0.0,0,0,0,0,0,0,0,0,0
0.0,2007,0.0,0,0,0,0,0,0,0,0,0
0.0,2007,0.0,0,0,0,0,0,0,0,0,0
0.0,2007,0.0,0,0,0,0,0,0,0,0,0
0.0,2007,0.0,0,0,0,0,5,7,5,7,12
0.0,2007,0.0,0,0,6,0,14,9,20,9,29
0.0,2008,0.0,0,0,4,0,2,0,6,0,6
0.0,2008,0.0,0,0,0,0,0,0,0,0,0
0.0,2008,0.0,0,0,0,0,0,0,0,0,0
0.0,2008,0.0,0,0,0,0,0,0,0,0,0
0.0,2008,0.0,0,0,0,0,0,0,0,0,0
0.0,2008,0.0,0,0,0,0,0,0,0,0,0
0.0,2008,0.0,0,0,0,0,0,0,0,0,0
0.0,2008,0.0,0,0,0,0,0,0,0,0,0
0.0,2008,0.0,0,0,0,0,0,0,0,0,0
0.0,2008,0.0,0,0,0,0,0,0,0,0,0
0.0,2008,0.0,0,0,0,0,0,0,0,0,0
0.0,2008,0.0,0,0,0,0,0,0,0,0,0
0.0,2008,0.0,0,0,5,0,9,0,14,0,14
0.0,2008,0.0,0,0,4,0,11,0,15,0,15
0.0,2008,0.0,0,0,0,0,1,0,1,0,1
0.0,2008,0.0,0,0,4,0,10,0,14,0,14
0.0,2008,0.0,0,0,0,0,1,1,1,1,2
0.0,2008,0.0,0,0,0,0,0,0,0,0,0
0.0,2008,0.0,0,0,0,0,0,0,0,0,0
0.0,2008,0.0,0,0,0,0,0,0,0,0,0
0.0,2008,0.0,0,0,1,0,0,0,1,0,1
0.0,2008,0.0,0,0,0,0,2,0,2,0,2
0.0,2008,0.0,0,0,0,0,0,0,0,0,0
0.0,2008,0.0,0,0,0,0,0,0,0,0,0
0.0,2008,0.0,0,0,0,0,0,0,0,0,0
0.0,2008,0.0,0,0,0,0,0,0,0,0,0
0.0,2008,0.0,0,0,0,0,0,0,0,0,0
0.0,2008,0.0,0,0,0,0,0,0,0,0,0
0.0,2008,0.0,1,0,2,1,5,3,8,4,12
0.0,2008,0.0,1,0,16,1,30,4,47,5,52
0.0,2009,0.0,0,0,0,0,2,0,2,0,2
0.0,2009,0.0,0,0,0,0,2,0,2,0,2
0.0,2009,0.0,0,0,0,0,0,0,0,0,0
0.0,2009,0.0,0,0,0,0,0,0,0,0,0
0.0,2009,0.0,0,0,0,0,0,0,0,0,0
0.0,2009,0.0,0,0,0,0,0,0,0,0,0
0.0,2009,0.0,0,0,0,0,0,0,0,0,0
0.0,2009,0.0,0,0,0,0,0,0,0,0,0
0.0,2009,0.0,0,0,0,0,0,0,0,0,0
0.0,2009,0.0,0,0,0,0,0,0,0,0,0
0.0,2009,0.0,0,0,0,0,0,0,0,0,0
0.0,2009,0.0,0,0,0,0,0,0,0,0,0
0.0,2009,0.0,0,0,5,0,6,0,11,0,11
0.0,2009,0.0,0,0,0,0,2,0,2,0,2
0.0,2009,0.0,0,0,0,0,0,0,0,0,0
0.0,2009,0.0,0,0,0,0,2,0,2,0,2
0.0,2009,0.0,0,0,3,0,2,0,5,0,5
0.0,2009,0.0,0,0,0,0,0,0,0,0,0
0.0,2009,0.0,0,0,0,0,0,0,0,0,0
0.0,2009,0.0,0,0,0,0,0,0,0,0,0
0.0,2009,0.0,0,0,0,0,0,0,0,0,0
0.0,2009,0.0,0,0,0,0,0,0,0,0,0
0.0,2009,0.0,0,0,0,0,0,0,0,0,0
0.0,2009,0.0,0,0,0,0,1,0,1,0,1
0.0,2009,0.0,0,0,0,0,1,0,1,0,1
0.0,2009,0.0,0,0,0,0,0,0,0,0,0
0.0,2009,0.0,0,0,0,0,0,0,0,0,0
0.0,2009,0.0,0,0,0,0,0,0,0,0,0
0.0,2009,0.0,0,0,3,2,4,4,7,6,13
0.0,2009,0.0,0,0,11,2,20,4,31,6,37
0.0,2010,0.0,0,0,0,0,0,0,0,0,0
0.0,2010,0.0,0,0,0,0,0,0,0,0,0
0.0,2010,0.0,0,0,0,0,0,0,0,0,0
0.0,2010,0.0,0,0,1,0,2,0,3,0,3
0.0,2010,0.0,0,0,0,0,0,0,0,0,0
0.0,2010,0.0,0,0,1,0,2,0,3,0,3
0.0,2010,0.0,0,0,0,0,0,0,0,0,0
0.0,2010,0.0,0,0,0,0,0,0,0,0,0
0.0,2010,0.0,0,0,0,0,0,0,0,0,0
0.0,2010,0.0,0,0,0,0,0,0,0,0,0
0.0,2010,0.0,0,0,0,0,0,0,0,0,0
0.0,2010,0.0,0,0,0,0,0,0,0,0,0
0.0,2010,0.0,1,0,3,0,4,0,8,0,8
0.0,2010,0.0,0,0,2,0,0,0,2,0,2
0.0,2010,0.0,0,0,0,0,0,0,0,0,0
0.0,2010,0.0,0,0,2,0,0,0,2,0,2
0.0,2010,0.0,0,0,0,0,1,0,1,0,1
0.0,2010,0.0,0,0,0,0,0,0,0,0,0
0.0,2010,0.0,0,0,0,0,0,0,0,0,0
0.0,2010,0.0,0,0,0,0,0,0,0,0,0
0.0,2010,0.0,0,0,0,0,0,0,0,0,0
0.0,2010,0.0,0,0,0,0,2,0,2,0,2
0.0,2010,0.0,0,0,0,0,0,0,0,0,0
0.0,2010,0.0,0,0,0,0,0,0,0,0,0
0.0,2010,0.0,0,0,0,0,1,0,1,0,1
0.0,2010,0.0,0,0,0,0,0,0,0,0,0
0.0,2010,0.0,0,0,0,0,0,0,0,0,0
0.0,2010,0.0,0,0,0,0,0,0,0,0,0
0.0,2010,0.0,1,0,1,2,2,2,4,4,8
0.0,2010,0.0,2,0,7,2,12,2,21,4,25
0.0,2001,0.0,0,0,0,0,0,0,0,0,0
0.0,2001,0.0,0,0,0,0,0,0,0,0,0
0.0,2001,0.0,0,0,0,0,0,0,0,0,0
0.0,2001,0.0,0,0,0,0,0,0,0,0,0
0.0,2001,0.0,0,0,0,0,0,0,0,0,0
0.0,2001,0.0,0,0,0,0,0,0,0,0,0
0.0,2001,0.0,0,0,1,0,0,0,1,0,1
0.0,2001,0.0,0,0,1,0,0,0,1,0,1
0.0,2001,0.0,0,0,0,0,0,0,0,0,0
0.0,2001,0.0,0,0,0,0,0,0,0,0,0
0.0,2001,0.0,0,0,0,0,0,0,0,0,0
0.0,2001,0.0,1,0,2,0,2,0,5,0,5
0.0,2001,0.0,1,0,2,0,0,0,3,0,3
0.0,2001,0.0,7,1,19,6,1,1,27,8,35
0.0,2001,0.0,0,0,0,0,1,0,1,0,1
0.0,2001,0.0,7,1,19,6,0,1,26,8,34
0.0,2001,0.0,0,0,1,0,0,0,1,0,1
0.0,2001,0.0,0,0,0,0,0,0,0,0,0
0.0,2001,0.0,0,0,0,0,0,0,0,0,0
0.0,2001,0.0,0,0,0,0,0,0,0,0,0
0.0,2001,0.0,0,0,0,0,0,0,0,0,0
0.0,2001,0.0,0,0,9,3,1,0,10,3,13
0.0,2001,0.0,0,0,0,0,0,0,0,0,0
0.0,2001,0.0,0,0,1,0,0,0,1,0,1
0.0,2001,0.0,0,0,0,0,0,0,0,0,0
0.0,2001,0.0,0,0,0,0,0,0,0,0,0
0.0,2001,0.0,0,0,0,0,0,0,0,0,0
0.0,2001,0.0,0,0,0,0,0,0,0,0,0
0.0,2001,0.0,0,0,7,0,0,0,7,0,7
0.0,2001,0.0,9,1,42,9,4,1,55,11,66
0.0,2002,0.0,0,0,0,0,2,0,2,0,2
0.0,2002,0.0,0,0,2,0,1,0,3,0,3
0.0,2002,0.0,0,0,0,0,0,0,0,0,0
0.0,2002,0.0,0,0,3,0,1,0,4,0,4
0.0,2002,0.0,0,0,0,0,0,0,0,0,0
0.0,2002,0.0,0,0,3,0,1,0,4,0,4
0.0,2002,0.0,0,0,1,0,0,1,1,1,2
0.0,2002,0.0,0,0,1,0,0,0,1,0,1
0.0,2002,0.0,0,0,0,0,0,1,0,1,1
0.0,2002,0.0,0,0,0,0,0,0,0,0,0
0.0,2002,0.0,0,0,0,0,0,0,0,0,0
0.0,2002,0.0,4,0,0,0,0,0,4,0,4
0.0,2002,0.0,1,0,6,0,0,0,7,0,7
0.0,2002,0.0,3,0,18,0,1,2,22,2,24
0.0,2002,0.0,1,0,5,0,0,0,6,0,6
0.0,2002,0.0,2,0,13,0,1,2,16,2,18
0.0,2002,0.0,1,0,1,1,1,0,3,1,4
0.0,2002,0.0,0,0,0,0,0,0,0,0,0
0.0,2002,0.0,0,0,0,0,0,0,0,0,0
0.0,2002,0.0,0,0,0,0,0,0,0,0,0
0.0,2002,0.0,0,0,0,0,0,0,0,0,0
0.0,2002,0.0,1,0,6,1,0,0,7,1,8
0.0,2002,0.0,0,0,0,0,0,0,0,0,0
0.0,2002,0.0,0,0,1,0,0,0,1,0,1
0.0,2002,0.0,0,0,0,0,1,0,1,0,1
0.0,2002,0.0,0,0,0,0,0,0,0,0,0
0.0,2002,0.0,0,0,0,0,0,0,0,0,0
0.0,2002,0.0,0,0,0,0,0,0,0,0,0
0.0,2002,0.0,0,0,7,1,0,2,7,3,10
0.0,2002,0.0,10,0,45,3,7,5,62,8,70
0.0,2003,0.0,0,0,1,0,0,0,1,0,1
0.0,2003,0.0,0,0,0,0,1,0,1,0,1
0.0,2003,0.0,0,0,0,0,0,0,0,0,0
0.0,2003,0.0,0,0,2,0,0,0,2,0,2
0.0,2003,0.0,0,0,0,0,0,0,0,0,0
0.0,2003,0.0,0,0,2,0,0,0,2,0,2
0.0,2003,0.0,0,0,0,0,0,0,0,0,0
0.0,2003,0.0,0,0,0,0,0,0,0,0,0
0.0,2003,0.0,0,0,0,0,0,0,0,0,0
0.0,2003,0.0,0,0,3,0,0,0,3,0,3
0.0,2003,0.0,0,0,0,0,0,0,0,0,0
0.0,2003,0.0,0,0,0,0,1,0,1,0,1
0.0,2003,0.0,0,0,7,0,1,0,8,0,8
0.0,2003,0.0,0,4,43,3,10,0,53,7,60
0.0,2003,0.0,0,0,18,0,4,0,22,0,22
0.0,2003,0.0,0,4,25,3,6,0,31,7,38
0.0,2003,0.0,0,2,9,0,5,0,14,2,16
0.0,2003,0.0,0,0,0,0,0,0,0,0,0
0.0,2003,0.0,0,0,0,0,0,0,0,0,0
0.0,2003,0.0,0,0,0,0,0,0,0,0,0
0.0,2003,0.0,0,0,0,0,0,0,0,0,0
0.0,2003,0.0,0,0,6,0,3,0,9,0,9
0.0,2003,0.0,0,0,0,0,0,0,0,0,0
0.0,2003,0.0,0,0,0,0,0,0,0,0,0
0.0,2003,0.0,0,0,0,0,0,0,0,0,0
0.0,2003,0.0,0,0,0,0,0,0,0,0,0
0.0,2003,0.0,0,0,0,0,0,0,0,0,0
0.0,2003,0.0,0,0,0,0,0,0,0,0,0
0.0,2003,0.0,0,0,5,1,4,0,9,1,10
0.0,2003,0.0,0,6,76,4,25,0,101,10,111
0.0,2004,0.0,0,0,0,0,1,0,1,0,1
0.0,2004,0.0,0,0,1,0,1,0,2,0,2
0.0,2004,0.0,0,0,0,0,0,0,0,0,0
0.0,2004,0.0,0,0,2,0,0,0,2,0,2
0.0,2004,0.0,0,0,0,0,0,0,0,0,0
0.0,2004,0.0,0,0,2,0,0,0,2,0,2
0.0,2004,0.0,0,0,0,0,0,0,0,0,0
0.0,2004,0.0,0,0,0,0,0,0,0,0,0
0.0,2004,0.0,0,0,0,0,0,0,0,0,0
0.0,2004,0.0,0,0,0,0,0,0,0,0,0
0.0,2004,0.0,0,0,0,0,1,0,1,0,1
0.0,2004,0.0,0,0,1,0,0,0,1,0,1
0.0,2004,0.0,0,0,3,0,1,0,4,0,4
0.0,2004,0.0,0,2,6,0,21,2,27,4,31
0.0,2004,0.0,0,0,3,0,5,0,8,0,8
0.0,2004,0.0,0,2,3,0,16,2,19,4,23
0.0,2004,0.0,0,0,10,0,6,0,16,0,16
0.0,2004,0.0,0,0,0,0,0,0,0,0,0
0.0,2004,0.0,0,0,0,0,0,0,0,0,0
0.0,2004,0.0,0,0,0,0,0,0,0,0,0
0.0,2004,0.0,0,0,0,0,0,0,0,0,0
0.0,2004,0.0,0,0,0,0,6,0,6,0,6
0.0,2004,0.0,0,0,0,0,0,0,0,0,0
0.0,2004,0.0,0,0,0,0,0,0,0,0,0
0.0,2004,0.0,0,0,0,0,0,0,0,0,0
0.0,2004,0.0,0,0,0,0,0,0,0,0,0
0.0,2004,0.0,0,0,0,0,0,0,0,0,0
0.0,2004,0.0,0,0,0,0,0,0,0,0,0
0.0,2004,0.0,0,0,7,0,30,4,37,4,41
0.0,2004,0.0,0,2,30,0,67,6,97,8,105
0.0,2005,0.0,0,0,0,0,1,0,1,0,1
0.0,2005,0.0,0,0,0,0,0,0,0,0,0
0.0,2005,0.0,0,0,0,0,0,0,0,0,0
0.0,2005,0.0,0,0,0,0,1,0,1,0,1
0.0,2005,0.0,0,0,0,0,0,0,0,0,0
0.0,2005,0.0,0,0,0,0,1,0,1,0,1
0.0,2005,0.0,0,0,0,0,1,0,1,0,1
0.0,2005,0.0,0,0,0,0,1,0,1,0,1
0.0,2005,0.0,0,0,0,0,0,0,0,0,0
0.0,2005,0.0,0,0,0,0,0,0,0,0,0
0.0,2005,0.0,0,0,0,0,0,0,0,0,0
0.0,2005,0.0,0,0,0,0,0,0,0,0,0
0.0,2005,0.0,2,1,15,1,10,0,27,2,29
0.0,2005,0.0,0,0,34,1,15,0,49,1,50
0.0,2005,0.0,0,0,3,0,5,0,8,0,8
0.0,2005,0.0,0,0,31,1,10,0,41,1,42
0.0,2005,0.0,0,0,2,0,2,1,4,1,5
0.0,2005,0.0,0,0,0,0,0,0,0,0,0
0.0,2005,0.0,0,0,0,0,0,0,0,0,0
0.0,2005,0.0,0,0,0,0,0,0,0,0,0
0.0,2005,0.0,0,0,0,0,0,0,0,0,0
0.0,2005,0.0,0,0,1,0,2,0,3,0,3
0.0,2005,0.0,0,0,0,0,0,0,0,0,0
0.0,2005,0.0,0,0,0,0,1,0,1,0,1
0.0,2005,0.0,0,0,0,0,0,0,0,0,0
0.0,2005,0.0,0,0,0,0,0,0,0,0,0
0.0,2005,0.0,0,0,0,0,0,0,0,0,0
0.0,2005,0.0,0,0,0,0,0,0,0,0,0
0.0,2005,0.0,0,0,10,0,13,0,23,0,23
0.0,2005,0.0,2,1,62,2,46,1,110,4,114
0.0,2006,0.0,1,0,0,0,1,0,2,0,2
0.0,2006,0.0,0,0,0,0,1,0,1,0,1
0.0,2006,0.0,0,0,0,0,0,0,0,0,0
0.0,2006,0.0,0,0,0,0,1,0,1,0,1
0.0,2006,0.0,0,0,0,0,0,0,0,0,0
0.0,2006,0.0,0,0,0,0,1,0,1,0,1
0.0,2006,0.0,0,0,0,0,0,0,0,0,0
0.0,2006,0.0,0,0,0,0,0,0,0,0,0
0.0,2006,0.0,0,0,0,0,0,0,0,0,0
0.0,2006,0.0,0,0,0,0,0,0,0,0,0
0.0,2006,0.0,0,0,0,0,0,0,0,0,0
0.0,2006,0.0,0,0,0,0,0,0,0,0,0
0.0,2006,0.0,6,0,7,0,8,0,21,0,21
0.0,2006,0.0,4,0,41,3,1,0,46,3,49
0.0,2006,0.0,0,0,12,0,0,0,12,0,12
0.0,2006,0.0,4,0,29,3,1,0,34,3,37
0.0,2006,0.0,0,0,0,0,1,0,1,0,1
0.0,2006,0.0,0,0,0,0,1,0,1,0,1
0.0,2006,0.0,0,0,0,0,0,0,0,0,0
0.0,2006,0.0,0,0,0,0,0,0,0,0,0
0.0,2006,0.0,0,0,0,0,0,0,0,0,0
0.0,2006,0.0,0,0,5,0,2,0,7,0,7
0.0,2006,0.0,0,0,0,0,0,0,0,0,0
0.0,2006,0.0,0,0,4,0,1,0,5,0,5
0.0,2006,0.0,0,0,0,0,0,0,0,0,0
0.0,2006,0.0,0,0,0,0,0,0,0,0,0
0.0,2006,0.0,0,0,0,0,0,0,0,0,0
0.0,2006,0.0,0,0,0,0,0,0,0,0,0
0.0,2006,0.0,0,0,8,1,6,1,14,2,16
0.0,2006,0.0,11,0,65,4,23,1,99,5,104
0.0,2007,0.0,0,0,0,0,1,0,1,0,1
0.0,2007,0.0,0,0,1,0,1,0,2,0,2
0.0,2007,0.0,0,0,0,0,1,0,1,0,1
0.0,2007,0.0,0,0,1,0,2,0,3,0,3
0.0,2007,0.0,0,0,0,0,0,0,0,0,0
0.0,2007,0.0,0,0,1,0,2,0,3,0,3
0.0,2007,0.0,0,0,0,0,0,0,0,0,0
0.0,2007,0.0,0,0,0,0,0,0,0,0,0
0.0,2007,0.0,0,0,0,0,0,0,0,0,0
0.0,2007,0.0,0,0,0,0,0,0,0,0,0
0.0,2007,0.0,0,0,0,0,0,0,0,0,0
0.0,2007,0.0,0,0,0,0,4,0,4,0,4
0.0,2007,0.0,0,0,0,0,3,0,3,0,3
0.0,2007,0.0,3,1,32,1,25,0,60,2,62
0.0,2007,0.0,0,0,4,0,7,0,11,0,11
0.0,2007,0.0,3,1,28,1,18,0,49,2,51
0.0,2007,0.0,0,0,1,0,6,0,7,0,7
0.0,2007,0.0,0,0,0,0,0,0,0,0,0
0.0,2007,0.0,0,0,0,0,0,0,0,0,0
0.0,2007,0.0,0,0,0,0,0,0,0,0,0
0.0,2007,0.0,0,0,0,0,0,0,0,0,0
0.0,2007,0.0,0,0,1,0,3,0,4,0,4
0.0,2007,0.0,0,0,0,0,0,0,0,0,0
0.0,2007,0.0,0,0,0,0,0,0,0,0,0
0.0,2007,0.0,0,0,0,0,0,0,0,0,0
0.0,2007,0.0,0,0,0,0,0,0,0,0,0
0.0,2007,0.0,0,0,0,0,0,0,0,0,0
0.0,2007,0.0,0,0,0,0,0,0,0,0,0
0.0,2007,0.0,0,0,10,0,18,0,28,0,28
0.0,2007,0.0,3,1,46,1,64,0,113,2,115
0.0,2008,0.0,0,0,0,0,0,0,0,0,0
0.0,2008,0.0,0,0,0,0,1,0,1,0,1
0.0,2008,0.0,0,0,0,0,0,0,0,0,0
0.0,2008,0.0,0,0,0,0,0,0,0,0,0
0.0,2008,0.0,0,0,0,0,0,0,0,0,0
0.0,2008,0.0,0,0,0,0,0,0,0,0,0
0.0,2008,0.0,0,0,2,0,0,0,2,0,2
0.0,2008,0.0,0,0,2,0,0,0,2,0,2
0.0,2008,0.0,0,0,0,0,0,0,0,0,0
0.0,2008,0.0,0,0,3,0,3,0,6,0,6
0.0,2008,0.0,0,0,0,0,0,0,0,0,0
0.0,2008,0.0,0,0,2,0,2,0,4,0,4
0.0,2008,0.0,3,0,9,0,9,0,21,0,21
0.0,2008,0.0,12,0,42,0,21,0,75,0,75
0.0,2008,0.0,1,0,15,0,7,0,23,0,23
0.0,2008,0.0,11,0,27,0,14,0,52,0,52
0.0,2008,0.0,0,0,10,0,8,0,18,0,18
0.0,2008,0.0,0,0,0,0,0,0,0,0,0
0.0,2008,0.0,0,0,0,0,0,0,0,0,0
0.0,2008,0.0,0,0,0,0,0,0,0,0,0
0.0,2008,0.0,0,0,0,0,0,0,0,0,0
0.0,2008,0.0,0,0,2,0,4,0,6,0,6
0.0,2008,0.0,0,0,0,0,0,0,0,0,0
0.0,2008,0.0,0,0,0,0,0,0,0,0,0
0.0,2008,0.0,0,0,0,0,0,0,0,0,0
0.0,2008,0.0,0,0,0,0,0,0,0,0,0
0.0,2008,0.0,0,0,0,0,0,0,0,0,0
0.0,2008,0.0,0,0,0,0,0,0,0,0,0
0.0,2008,0.0,1,0,7,0,16,0,24,0,24
0.0,2008,0.0,16,0,77,0,64,0,157,0,157
0.0,2009,0.0,0,0,1,0,1,0,2,0,2
0.0,2009,0.0,0,0,0,0,0,0,0,0,0
0.0,2009,0.0,1,0,0,0,0,0,1,0,1
0.0,2009,0.0,0,0,1,0,3,0,4,0,4
0.0,2009,0.0,0,0,0,0,0,0,0,0,0
0.0,2009,0.0,0,0,1,0,3,0,4,0,4
0.0,2009,0.0,0,0,0,0,0,0,0,0,0
0.0,2009,0.0,0,0,0,0,0,0,0,0,0
0.0,2009,0.0,0,0,0,0,0,0,0,0,0
0.0,2009,0.0,0,0,0,0,0,0,0,0,0
0.0,2009,0.0,0,0,0,0,0,0,0,0,0
0.0,2009,0.0,0,0,1,0,0,0,1,0,1
0.0,2009,0.0,1,0,3,0,7,0,11,0,11
0.0,2009,0.0,4,0,21,1,27,0,52,1,53
0.0,2009,0.0,0,0,2,0,7,0,9,0,9
0.0,2009,0.0,4,0,19,1,20,0,43,1,44
0.0,2009,0.0,0,0,11,0,6,0,17,0,17
0.0,2009,0.0,0,0,0,0,0,0,0,0,0
0.0,2009,0.0,2,0,0,0,0,0,2,0,2
0.0,2009,0.0,0,0,2,0,0,0,2,0,2
0.0,2009,0.0,0,0,0,0,0,0,0,0,0
0.0,2009,0.0,0,0,2,0,3,0,5,0,5
0.0,2009,0.0,0,0,0,0,0,0,0,0,0
0.0,2009,0.0,0,0,0,0,0,0,0,0,0
0.0,2009,0.0,0,0,0,0,0,0,0,0,0
0.0,2009,0.0,0,0,0,0,0,0,0,0,0
0.0,2009,0.0,0,0,0,0,0,0,0,0,0
0.0,2009,0.0,0,0,0,0,0,0,0,0,0
0.0,2009,0.0,2,0,11,0,23,0,36,0,36
0.0,2009,0.0,10,0,53,1,70,0,133,1,134
0.0,2010,0.0,0,0,4,0,5,0,9,0,9
0.0,2010,0.0,0,0,3,0,3,0,6,0,6
0.0,2010,0.0,0,0,0,0,1,0,1,0,1
0.0,2010,0.0,0,0,5,0,2,0,7,0,7
0.0,2010,0.0,0,0,0,0,0,0,0,0,0
0.0,2010,0.0,0,0,5,0,2,0,7,0,7
0.0,2010,0.0,0,0,0,0,0,0,0,0,0
0.0,2010,0.0,0,0,0,0,0,0,0,0,0
0.0,2010,0.0,0,0,0,0,0,0,0,0,0
0.0,2010,0.0,0,0,0,0,3,0,3,0,3
0.0,2010,0.0,0,0,1,0,3,0,4,0,4
0.0,2010,0.0,0,0,7,0,6,0,13,0,13
0.0,2010,0.0,2,0,18,0,10,0,30,0,30
0.0,2010,0.0,4,0,12,0,15,0,31,0,31
0.0,2010,0.0,1,0,1,0,2,0,4,0,4
0.0,2010,0.0,3,0,11,0,13,0,27,0,27
0.0,2010,0.0,0,0,6,0,8,0,14,0,14
0.0,2010,0.0,0,0,0,0,0,0,0,0,0
0.0,2010,0.0,0,0,2,0,0,0,2,0,2
0.0,2010,0.0,0,0,0,0,0,0,0,0,0
0.0,2010,0.0,0,0,0,0,0,0,0,0,0
0.0,2010,0.0,0,0,7,0,6,0,13,0,13
0.0,2010,0.0,0,0,0,0,0,0,0,0,0
0.0,2010,0.0,0,0,0,0,0,0,0,0,0
0.0,2010,0.0,0,0,0,0,0,0,0,0,0
0.0,2010,0.0,0,0,0,0,0,0,0,0,0
0.0,2010,0.0,0,0,0,0,0,0,0,0,0
0.0,2010,0.0,0,0,0,0,0,0,0,0,0
0.0,2010,0.0,1,0,13,0,19,0,33,0,33
0.0,2010,0.0,7,0,78,0,81,0,166,0,166
0.0,2001,0.0,0,0,0,0,0,0,0,0,0
0.0,2001,0.0,0,0,0,0,0,0,0,0,0
0.0,2001,0.0,0,0,0,0,0,0,0,0,0
0.0,2001,0.0,0,0,0,0,0,0,0,0,0
0.0,2001,0.0,0,0,0,0,0,0,0,0,0
0.0,2001,0.0,0,0,0,0,0,0,0,0,0
0.0,2001,0.0,0,0,0,0,0,0,0,0,0
0.0,2001,0.0,0,0,0,0,0,0,0,0,0
0.0,2001,0.0,0,0,0,0,0,0,0,0,0
0.0,2001,0.0,0,0,0,0,0,0,0,0,0
0.0,2001,0.0,0,0,0,0,0,0,0,0,0
0.0,2001,0.0,0,0,0,0,0,0,0,0,0
0.0,2001,0.0,0,0,0,0,0,0,0,0,0
0.0,2001,0.0,0,0,2,0,0,0,2,0,2
0.0,2001,0.0,0,0,2,0,0,0,2,0,2
0.0,2001,0.0,0,0,0,0,0,0,0,0,0
0.0,2001,0.0,0,0,0,0,0,0,0,0,0
0.0,2001,0.0,0,0,0,0,0,0,0,0,0
0.0,2001,0.0,0,0,0,0,0,0,0,0,0
0.0,2001,0.0,0,0,0,0,0,0,0,0,0
0.0,2001,0.0,0,0,0,0,0,0,0,0,0
0.0,2001,0.0,0,0,0,0,0,0,0,0,0
0.0,2001,0.0,0,0,0,0,0,0,0,0,0
0.0,2001,0.0,0,0,0,0,0,0,0,0,0
0.0,2001,0.0,0,0,0,0,0,0,0,0,0
0.0,2001,0.0,0,0,0,0,0,0,0,0,0
0.0,2001,0.0,0,0,0,0,0,0,0,0,0
0.0,2001,0.0,0,0,0,0,0,0,0,0,0
0.0,2001,0.0,0,0,0,0,0,0,0,0,0
0.0,2001,0.0,0,0,2,0,0,0,2,0,2
0.0,2002,0.0,0,0,0,0,0,0,0,0,0
0.0,2002,0.0,0,0,0,0,0,0,0,0,0
0.0,2002,0.0,0,0,0,0,0,0,0,0,0
0.0,2002,0.0,0,0,0,0,0,0,0,0,0
0.0,2002,0.0,0,0,0,0,0,0,0,0,0
0.0,2002,0.0,0,0,0,0,0,0,0,0,0
0.0,2002,0.0,0,0,0,0,0,0,0,0,0
0.0,2002,0.0,0,0,0,0,0,0,0,0,0
0.0,2002,0.0,0,0,0,0,0,0,0,0,0
0.0,2002,0.0,0,0,0,0,0,0,0,0,0
0.0,2002,0.0,0,0,0,0,0,0,0,0,0
0.0,2002,0.0,0,0,0,0,0,0,0,0,0
0.0,2002,0.0,0,0,0,0,0,0,0,0,0
0.0,2002,0.0,0,0,0,0,0,0,0,0,0
0.0,2002,0.0,0,0,0,0,0,0,0,0,0
0.0,2002,0.0,0,0,0,0,0,0,0,0,0
0.0,2002,0.0,0,0,0,0,0,0,0,0,0
0.0,2002,0.0,0,0,0,0,0,0,0,0,0
0.0,2002,0.0,0,0,0,0,0,0,0,0,0
0.0,2002,0.0,0,0,0,0,0,0,0,0,0
0.0,2002,0.0,0,0,0,0,0,0,0,0,0
0.0,2002,0.0,0,0,0,0,0,0,0,0,0
0.0,2002,0.0,0,0,0,0,0,0,0,0,0
0.0,2002,0.0,0,0,0,0,0,0,0,0,0
0.0,2002,0.0,0,0,0,0,0,0,0,0,0
0.0,2002,0.0,0,0,0,0,0,0,0,0,0
0.0,2002,0.0,0,0,0,0,0,0,0,0,0
0.0,2002,0.0,0,0,0,0,0,0,0,0,0
0.0,2002,0.0,0,0,0,0,0,0,0,0,0
0.0,2002,0.0,0,0,0,0,0,0,0,0,0
0.0,2003,0.0,0,0,0,0,0,0,0,0,0
0.0,2003,0.0,0,0,0,0,0,0,0,0,0
0.0,2003,0.0,0,0,0,0,0,0,0,0,0
0.0,2003,0.0,0,0,0,0,0,0,0,0,0
0.0,2003,0.0,0,0,0,0,0,0,0,0,0
0.0,2003,0.0,0,0,0,0,0,0,0,0,0
0.0,2003,0.0,0,0,0,0,0,0,0,0,0
0.0,2003,0.0,0,0,0,0,0,0,0,0,0
0.0,2003,0.0,0,0,0,0,0,0,0,0,0
0.0,2003,0.0,0,0,0,0,0,0,0,0,0
0.0,2003,0.0,0,0,0,0,0,0,0,0,0
0.0,2003,0.0,0,0,0,0,0,0,0,0,0
0.0,2003,0.0,0,0,0,0,0,0,0,0,0
0.0,2003,0.0,0,0,0,0,0,0,0,0,0
0.0,2003,0.0,0,0,0,0,0,0,0,0,0
0.0,2003,0.0,0,0,0,0,0,0,0,0,0
0.0,2003,0.0,0,0,0,0,0,0,0,0,0
0.0,2003,0.0,0,0,0,0,0,0,0,0,0
0.0,2003,0.0,0,0,1,0,0,0,1,0,1
0.0,2003,0.0,0,0,0,0,0,0,0,0,0
0.0,2003,0.0,0,0,0,0,0,0,0,0,0
0.0,2003,0.0,0,0,0,0,0,0,0,0,0
0.0,2003,0.0,0,0,0,0,0,0,0,0,0
0.0,2003,0.0,0,0,0,0,0,0,0,0,0
0.0,2003,0.0,0,0,0,0,0,0,0,0,0
0.0,2003,0.0,0,0,0,0,0,0,0,0,0
0.0,2003,0.0,0,0,0,0,0,0,0,0,0
0.0,2003,0.0,0,0,0,0,0,0,0,0,0
0.0,2003,0.0,0,0,0,0,1,0,1,0,1
0.0,2003,0.0,0,0,1,0,1,0,2,0,2
0.0,2004,0.0,0,0,0,0,0,0,0,0,0
0.0,2004,0.0,0,0,0,0,0,0,0,0,0
0.0,2004,0.0,0,0,0,0,0,0,0,0,0
0.0,2004,0.0,0,0,0,0,0,0,0,0,0
0.0,2004,0.0,0,0,0,0,0,0,0,0,0
0.0,2004,0.0,0,0,0,0,0,0,0,0,0
0.0,2004,0.0,0,0,0,0,0,0,0,0,0
0.0,2004,0.0,0,0,0,0,0,0,0,0,0
0.0,2004,0.0,0,0,0,0,0,0,0,0,0
0.0,2004,0.0,0,0,0,0,0,0,0,0,0
0.0,2004,0.0,0,0,0,0,0,0,0,0,0
0.0,2004,0.0,0,0,0,0,0,0,0,0,0
0.0,2004,0.0,0,0,0,0,0,0,0,0,0
0.0,2004,0.0,0,0,0,0,0,0,0,0,0
0.0,2004,0.0,0,0,0,0,0,0,0,0,0
0.0,2004,0.0,0,0,0,0,0,0,0,0,0
0.0,2004,0.0,0,0,0,0,0,0,0,0,0
0.0,2004,0.0,0,0,0,0,0,0,0,0,0
0.0,2004,0.0,0,0,0,0,0,0,0,0,0
0.0,2004,0.0,0,0,0,0,0,0,0,0,0
0.0,2004,0.0,0,0,0,0,0,0,0,0,0
0.0,2004,0.0,0,0,0,0,1,0,1,0,1
0.0,2004,0.0,0,0,0,0,0,0,0,0,0
0.0,2004,0.0,0,0,0,0,0,0,0,0,0
0.0,2004,0.0,0,0,0,0,0,0,0,0,0
0.0,2004,0.0,0,0,0,0,0,0,0,0,0
0.0,2004,0.0,0,0,0,0,0,0,0,0,0
0.0,2004,0.0,0,0,0,0,0,0,0,0,0
0.0,2004,0.0,0,0,0,1,1,1,1,2,3
0.0,2004,0.0,0,0,0,1,2,1,2,2,4
0.0,2005,0.0,0,0,0,0,0,0,0,0,0
0.0,2005,0.0,0,0,0,0,0,0,0,0,0
0.0,2005,0.0,0,0,0,0,0,0,0,0,0
0.0,2005,0.0,0,0,0,0,0,0,0,0,0
0.0,2005,0.0,0,0,0,0,0,0,0,0,0
0.0,2005,0.0,0,0,0,0,0,0,0,0,0
0.0,2005,0.0,0,0,0,0,0,0,0,0,0
0.0,2005,0.0,0,0,0,0,0,0,0,0,0
0.0,2005,0.0,0,0,0,0,0,0,0,0,0
0.0,2005,0.0,0,0,0,0,0,0,0,0,0
0.0,2005,0.0,0,0,0,0,0,0,0,0,0
0.0,2005,0.0,0,0,0,0,0,0,0,0,0
0.0,2005,0.0,0,0,0,0,0,0,0,0,0
0.0,2005,0.0,0,0,0,0,3,0,3,0,3
0.0,2005,0.0,0,0,0,0,2,0,2,0,2
0.0,2005,0.0,0,0,0,0,1,0,1,0,1
0.0,2005,0.0,0,0,0,0,3,0,3,0,3
0.0,2005,0.0,0,0,0,0,0,0,0,0,0
0.0,2005,0.0,0,0,0,0,0,0,0,0,0
0.0,2005,0.0,0,0,0,0,0,0,0,0,0
0.0,2005,0.0,0,0,0,0,0,0,0,0,0
0.0,2005,0.0,1,0,2,0,5,0,8,0,8
0.0,2005,0.0,0,0,0,0,0,0,0,0,0
0.0,2005,0.0,0,0,0,0,0,0,0,0,0
0.0,2005,0.0,0,0,0,0,0,0,0,0,0
0.0,2005,0.0,0,0,0,0,0,0,0,0,0
0.0,2005,0.0,0,0,0,0,0,0,0,0,0
0.0,2005,0.0,0,0,0,0,0,0,0,0,0
0.0,2005,0.0,0,0,3,0,2,0,5,0,5
0.0,2005,0.0,1,0,5,0,13,0,19,0,19
0.0,2006,0.0,0,0,2,0,1,0,3,0,3
0.0,2006,0.0,0,0,0,0,0,0,0,0,0
0.0,2006,0.0,0,0,0,0,0,0,0,0,0
0.0,2006,0.0,0,0,0,0,0,0,0,0,0
0.0,2006,0.0,0,0,0,0,0,0,0,0,0
0.0,2006,0.0,0,0,0,0,0,0,0,0,0
0.0,2006,0.0,0,0,0,0,0,0,0,0,0
0.0,2006,0.0,0,0,0,0,0,0,0,0,0
0.0,2006,0.0,0,0,0,0,0,0,0,0,0
0.0,2006,0.0,0,0,0,0,0,0,0,0,0
0.0,2006,0.0,0,0,0,0,0,0,0,0,0
0.0,2006,0.0,0,0,0,0,0,0,0,0,0
0.0,2006,0.0,0,0,0,0,0,0,0,0,0
0.0,2006,0.0,0,0,0,0,4,0,4,0,4
0.0,2006,0.0,0,0,0,0,0,0,0,0,0
0.0,2006,0.0,0,0,0,0,4,0,4,0,4
0.0,2006,0.0,0,0,0,0,0,0,0,0,0
0.0,2006,0.0,0,0,0,0,0,0,0,0,0
0.0,2006,0.0,0,0,0,0,0,0,0,0,0
0.0,2006,0.0,0,0,0,0,0,0,0,0,0
0.0,2006,0.0,0,0,0,0,0,0,0,0,0
0.0,2006,0.0,0,0,0,0,0,0,0,0,0
0.0,2006,0.0,0,0,0,0,0,0,0,0,0
0.0,2006,0.0,0,0,0,0,0,0,0,0,0
0.0,2006,0.0,0,0,0,0,0,0,0,0,0
0.0,2006,0.0,0,0,0,0,0,0,0,0,0
0.0,2006,0.0,0,0,0,0,0,0,0,0,0
0.0,2006,0.0,0,0,0,0,0,0,0,0,0
0.0,2006,0.0,0,0,2,0,0,0,2,0,2
0.0,2006,0.0,0,0,4,0,5,0,9,0,9
0.0,2007,0.0,0,0,0,0,0,0,0,0,0
0.0,2007,0.0,0,0,0,0,0,0,0,0,0
0.0,2007,0.0,0,0,0,0,0,0,0,0,0
0.0,2007,0.0,0,0,0,0,0,0,0,0,0
0.0,2007,0.0,0,0,0,0,0,0,0,0,0
0.0,2007,0.0,0,0,0,0,0,0,0,0,0
0.0,2007,0.0,0,0,0,0,0,0,0,0,0
0.0,2007,0.0,0,0,0,0,0,0,0,0,0
0.0,2007,0.0,0,0,0,0,0,0,0,0,0
0.0,2007,0.0,0,0,0,0,0,0,0,0,0
0.0,2007,0.0,0,0,0,0,0,0,0,0,0
0.0,2007,0.0,0,0,0,0,0,0,0,0,0
0.0,2007,0.0,0,0,3,0,2,0,5,0,5
0.0,2007,0.0,1,0,2,0,1,0,4,0,4
0.0,2007,0.0,0,0,0,0,0,0,0,0,0
0.0,2007,0.0,1,0,2,0,1,0,4,0,4
0.0,2007,0.0,0,0,0,0,2,0,2,0,2
0.0,2007,0.0,0,0,0,0,0,0,0,0,0
0.0,2007,0.0,0,0,0,0,0,0,0,0,0
0.0,2007,0.0,0,0,0,0,0,0,0,0,0
0.0,2007,0.0,0,0,0,0,0,0,0,0,0
0.0,2007,0.0,0,0,0,0,0,0,0,0,0
0.0,2007,0.0,0,0,0,0,0,0,0,0,0
0.0,2007,0.0,0,0,0,0,0,0,0,0,0
0.0,2007,0.0,0,0,0,0,0,0,0,0,0
0.0,2007,0.0,0,0,0,0,0,0,0,0,0
0.0,2007,0.0,0,0,0,0,0,0,0,0,0
0.0,2007,0.0,0,0,0,0,0,0,0,0,0
0.0,2007,0.0,0,0,0,0,0,0,0,0,0
0.0,2007,0.0,1,0,5,0,5,0,11,0,11
0.0,2008,0.0,0,0,0,0,0,0,0,0,0
0.0,2008,0.0,0,0,0,0,0,0,0,0,0
0.0,2008,0.0,0,0,0,0,0,0,0,0,0
0.0,2008,0.0,0,0,0,0,0,0,0,0,0
0.0,2008,0.0,0,0,0,0,0,0,0,0,0
0.0,2008,0.0,0,0,0,0,0,0,0,0,0
0.0,2008,0.0,0,0,0,0,1,0,1,0,1
0.0,2008,0.0,0,0,0,0,1,0,1,0,1
0.0,2008,0.0,0,0,0,0,0,0,0,0,0
0.0,2008,0.0,0,0,0,0,0,0,0,0,0
0.0,2008,0.0,0,0,0,0,0,0,0,0,0
0.0,2008,0.0,0,0,0,0,0,0,0,0,0
0.0,2008,0.0,0,0,0,0,1,0,1,0,1
0.0,2008,0.0,0,0,7,0,7,0,14,0,14
0.0,2008,0.0,0,0,0,0,1,0,1,0,1
0.0,2008,0.0,0,0,7,0,6,0,13,0,13
0.0,2008,0.0,0,0,0,0,0,0,0,0,0
0.0,2008,0.0,0,0,0,0,0,0,0,0,0
0.0,2008,0.0,0,0,0,0,0,0,0,0,0
0.0,2008,0.0,0,0,0,0,0,0,0,0,0
0.0,2008,0.0,0,0,0,0,0,0,0,0,0
0.0,2008,0.0,0,0,0,0,0,0,0,0,0
0.0,2008,0.0,0,0,0,0,0,0,0,0,0
0.0,2008,0.0,0,0,0,0,4,0,4,0,4
0.0,2008,0.0,0,0,0,0,0,0,0,0,0
0.0,2008,0.0,0,0,0,0,0,0,0,0,0
0.0,2008,0.0,0,0,0,0,0,0,0,0,0
0.0,2008,0.0,0,0,0,0,0,0,0,0,0
0.0,2008,0.0,0,0,0,0,2,0,2,0,2
0.0,2008,0.0,0,0,7,0,15,0,22,0,22
0.0,2009,0.0,0,0,0,0,0,0,0,0,0
0.0,2009,0.0,0,0,0,0,1,0,1,0,1
0.0,2009,0.0,0,0,0,0,0,0,0,0,0
0.0,2009,0.0,0,0,1,0,1,0,2,0,2
0.0,2009,0.0,0,0,0,0,0,0,0,0,0
0.0,2009,0.0,0,0,1,0,1,0,2,0,2
0.0,2009,0.0,0,0,0,0,0,0,0,0,0
0.0,2009,0.0,0,0,0,0,0,0,0,0,0
0.0,2009,0.0,0,0,0,0,0,0,0,0,0
0.0,2009,0.0,0,0,0,0,0,0,0,0,0
0.0,2009,0.0,0,0,0,0,0,0,0,0,0
0.0,2009,0.0,0,0,0,0,0,0,0,0,0
0.0,2009,0.0,0,0,1,0,0,0,1,0,1
0.0,2009,0.0,0,0,8,0,8,0,16,0,16
0.0,2009,0.0,0,0,0,0,0,0,0,0,0
0.0,2009,0.0,0,0,8,0,8,0,16,0,16
0.0,2009,0.0,0,0,0,0,2,0,2,0,2
0.0,2009,0.0,0,0,0,0,0,0,0,0,0
0.0,2009,0.0,0,0,0,0,0,0,0,0,0
0.0,2009,0.0,0,0,0,0,0,0,0,0,0
0.0,2009,0.0,0,0,0,0,0,0,0,0,0
0.0,2009,0.0,0,0,0,0,0,0,0,0,0
0.0,2009,0.0,0,0,0,0,0,0,0,0,0
0.0,2009,0.0,0,0,0,0,0,0,0,0,0
0.0,2009,0.0,0,0,0,0,0,0,0,0,0
0.0,2009,0.0,0,0,0,0,0,0,0,0,0
0.0,2009,0.0,0,0,0,0,0,0,0,0,0
0.0,2009,0.0,0,0,0,0,0,0,0,0,0
0.0,2009,0.0,0,0,0,0,4,0,4,0,4
0.0,2009,0.0,0,0,10,0,16,0,26,0,26
0.0,2010,0.0,0,0,0,0,0,0,0,0,0
0.0,2010,0.0,0,0,0,0,0,0,0,0,0
0.0,2010,0.0,0,0,0,0,0,0,0,0,0
0.0,2010,0.0,0,0,0,0,0,0,0,0,0
0.0,2010,0.0,0,0,0,0,0,0,0,0,0
0.0,2010,0.0,0,0,0,0,0,0,0,0,0
0.0,2010,0.0,0,0,0,0,2,0,2,0,2
0.0,2010,0.0,0,0,0,0,2,0,2,0,2
0.0,2010,0.0,0,0,0,0,0,0,0,0,0
0.0,2010,0.0,0,0,0,0,0,0,0,0,0
0.0,2010,0.0,0,0,0,0,0,0,0,0,0
0.0,2010,0.0,0,0,0,0,0,0,0,0,0
0.0,2010,0.0,0,0,4,0,4,0,8,0,8
0.0,2010,0.0,0,0,1,0,4,0,5,0,5
0.0,2010,0.0,0,0,0,0,4,0,4,0,4
0.0,2010,0.0,0,0,1,0,0,0,1,0,1
0.0,2010,0.0,0,0,0,0,0,0,0,0,0
0.0,2010,0.0,0,0,0,0,0,0,0,0,0
0.0,2010,0.0,0,0,0,0,0,0,0,0,0
0.0,2010,0.0,0,0,0,0,0,0,0,0,0
0.0,2010,0.0,0,0,0,0,0,0,0,0,0
0.0,2010,0.0,0,0,0,0,1,0,1,0,1
0.0,2010,0.0,0,0,0,0,0,0,0,0,0
0.0,2010,0.0,0,0,1,0,1,0,2,0,2
0.0,2010,0.0,0,0,0,0,0,0,0,0,0
0.0,2010,0.0,0,0,0,0,0,0,0,0,0
0.0,2010,0.0,0,0,0,0,0,0,0,0,0
0.0,2010,0.0,0,0,0,0,0,0,0,0,0
0.0,2010,0.0,0,0,0,0,1,0,1,0,1
0.0,2010,0.0,0,0,6,0,13,0,19,0,19
0.0,2001,0.0,0,0,0,0,0,0,0,0,0
0.0,2001,0.0,0,0,0,0,0,0,0,0,0
0.0,2001,0.0,0,0,0,0,0,0,0,0,0
0.0,2001,0.0,0,0,0,0,0,0,0,0,0
0.0,2001,0.0,0,0,0,0,0,0,0,0,0
0.0,2001,0.0,0,0,0,0,0,0,0,0,0
0.0,2001,0.0,0,0,0,0,0,0,0,0,0
0.0,2001,0.0,0,0,0,0,0,0,0,0,0
0.0,2001,0.0,0,0,0,0,0,0,0,0,0
0.0,2001,0.0,0,0,0,0,0,0,0,0,0
0.0,2001,0.0,0,0,0,0,0,0,0,0,0
0.0,2001,0.0,0,0,0,0,0,0,0,0,0
0.0,2001,0.0,0,0,2,0,0,0,2,0,2
0.0,2001,0.0,0,0,0,0,0,0,0,0,0
0.0,2001,0.0,0,0,0,0,0,0,0,0,0
0.0,2001,0.0,0,0,0,0,0,0,0,0,0
0.0,2001,0.0,0,0,0,0,0,0,0,0,0
0.0,2001,0.0,0,0,0,0,0,0,0,0,0
0.0,2001,0.0,0,0,0,0,0,0,0,0,0
0.0,2001,0.0,0,0,0,0,0,0,0,0,0
0.0,2001,0.0,0,0,0,0,0,0,0,0,0
0.0,2001,0.0,0,0,0,0,0,0,0,0,0
0.0,2001,0.0,0,0,0,0,0,0,0,0,0
0.0,2001,0.0,0,0,0,0,0,0,0,0,0
0.0,2001,0.0,0,0,0,0,0,0,0,0,0
0.0,2001,0.0,0,0,0,0,0,0,0,0,0
0.0,2001,0.0,0,0,0,0,0,0,0,0,0
0.0,2001,0.0,0,0,0,0,0,0,0,0,0
0.0,2001,0.0,0,0,0,0,0,0,0,0,0
0.0,2001,0.0,0,0,2,0,0,0,2,0,2
0.0,2002,0.0,0,0,0,0,0,0,0,0,0
0.0,2002,0.0,0,0,0,0,0,0,0,0,0
0.0,2002,0.0,0,0,0,0,0,0,0,0,0
0.0,2002,0.0,0,0,0,0,0,0,0,0,0
0.0,2002,0.0,0,0,0,0,0,0,0,0,0
0.0,2002,0.0,0,0,0,0,0,0,0,0,0
0.0,2002,0.0,0,0,0,0,0,0,0,0,0
0.0,2002,0.0,0,0,0,0,0,0,0,0,0
0.0,2002,0.0,0,0,0,0,0,0,0,0,0
0.0,2002,0.0,0,0,0,0,0,0,0,0,0
0.0,2002,0.0,0,0,0,0,0,0,0,0,0
0.0,2002,0.0,0,0,0,0,0,0,0,0,0
0.0,2002,0.0,0,0,0,0,0,0,0,0,0
0.0,2002,0.0,0,0,0,0,0,0,0,0,0
0.0,2002,0.0,0,0,0,0,0,0,0,0,0
0.0,2002,0.0,0,0,0,0,0,0,0,0,0
0.0,2002,0.0,0,0,0,0,0,0,0,0,0
0.0,2002,0.0,0,0,0,0,0,0,0,0,0
0.0,2002,0.0,0,0,0,0,0,0,0,0,0
0.0,2002,0.0,0,0,0,0,0,0,0,0,0
0.0,2002,0.0,0,0,0,0,0,0,0,0,0
0.0,2002,0.0,0,0,0,0,0,0,0,0,0
0.0,2002,0.0,0,0,0,0,0,0,0,0,0
0.0,2002,0.0,0,0,0,0,0,0,0,0,0
0.0,2002,0.0,0,0,0,0,0,0,0,0,0
0.0,2002,0.0,0,0,0,0,0,0,0,0,0
0.0,2002,0.0,0,0,0,0,0,0,0,0,0
0.0,2002,0.0,0,0,0,0,0,0,0,0,0
0.0,2002,0.0,0,0,0,0,0,0,0,0,0
0.0,2002,0.0,0,0,0,0,0,0,0,0,0
0.0,2003,0.0,0,0,0,0,0,0,0,0,0
0.0,2003,0.0,0,0,0,0,0,0,0,0,0
0.0,2003,0.0,0,0,0,0,0,0,0,0,0
0.0,2003,0.0,0,0,0,0,0,0,0,0,0
0.0,2003,0.0,0,0,0,0,0,0,0,0,0
0.0,2003,0.0,0,0,0,0,0,0,0,0,0
0.0,2003,0.0,0,0,0,0,0,0,0,0,0
0.0,2003,0.0,0,0,0,0,0,0,0,0,0
0.0,2003,0.0,0,0,0,0,0,0,0,0,0
0.0,2003,0.0,0,0,0,0,0,0,0,0,0
0.0,2003,0.0,0,0,0,0,0,0,0,0,0
0.0,2003,0.0,0,0,0,0,0,0,0,0,0
0.0,2003,0.0,0,0,0,0,0,0,0,0,0
0.0,2003,0.0,0,0,0,0,0,0,0,0,0
0.0,2003,0.0,0,0,0,0,0,0,0,0,0
0.0,2003,0.0,0,0,0,0,0,0,0,0,0
0.0,2003,0.0,0,0,2,0,0,0,2,0,2
0.0,2003,0.0,0,0,0,0,0,0,0,0,0
0.0,2003,0.0,0,0,0,0,0,0,0,0,0
0.0,2003,0.0,0,0,0,0,0,0,0,0,0
0.0,2003,0.0,0,0,0,0,0,0,0,0,0
0.0,2003,0.0,0,0,0,0,0,0,0,0,0
0.0,2003,0.0,0,0,0,0,0,0,0,0,0
0.0,2003,0.0,0,0,0,0,0,0,0,0,0
0.0,2003,0.0,0,0,0,0,0,0,0,0,0
0.0,2003,0.0,0,0,0,0,0,0,0,0,0
0.0,2003,0.0,0,0,0,0,0,0,0,0,0
0.0,2003,0.0,0,0,0,0,0,0,0,0,0
0.0,2003,0.0,0,0,0,0,0,0,0,0,0
0.0,2003,0.0,0,0,2,0,0,0,2,0,2
0.0,2004,0.0,0,0,0,0,0,0,0,0,0
0.0,2004,0.0,0,0,0,0,0,0,0,0,0
0.0,2004,0.0,0,0,0,0,0,0,0,0,0
0.0,2004,0.0,0,0,0,0,0,0,0,0,0
0.0,2004,0.0,0,0,0,0,0,0,0,0,0
0.0,2004,0.0,0,0,0,0,0,0,0,0,0
0.0,2004,0.0,0,0,0,0,0,0,0,0,0
0.0,2004,0.0,0,0,0,0,0,0,0,0,0
0.0,2004,0.0,0,0,0,0,0,0,0,0,0
0.0,2004,0.0,0,0,0,0,0,0,0,0,0
0.0,2004,0.0,0,0,0,0,0,0,0,0,0
0.0,2004,0.0,0,0,0,0,0,0,0,0,0
0.0,2004,0.0,0,0,0,0,0,0,0,0,0
0.0,2004,0.0,0,0,0,0,0,0,0,0,0
0.0,2004,0.0,0,0,0,0,0,0,0,0,0
0.0,2004,0.0,0,0,0,0,0,0,0,0,0
0.0,2004,0.0,0,0,0,0,0,0,0,0,0
0.0,2004,0.0,0,0,0,0,0,0,0,0,0
0.0,2004,0.0,0,0,0,0,0,0,0,0,0
0.0,2004,0.0,0,0,0,0,0,0,0,0,0
0.0,2004,0.0,0,0,0,0,0,0,0,0,0
0.0,2004,0.0,0,0,0,0,0,0,0,0,0
0.0,2004,0.0,0,0,0,0,0,0,0,0,0
0.0,2004,0.0,0,0,0,0,0,0,0,0,0
0.0,2004,0.0,0,0,0,0,0,0,0,0,0
0.0,2004,0.0,0,0,0,0,0,0,0,0,0
0.0,2004,0.0,0,0,0,0,0,0,0,0,0
0.0,2004,0.0,0,0,0,0,0,0,0,0,0
0.0,2004,0.0,0,0,0,0,0,0,0,0,0
0.0,2004,0.0,0,0,0,0,0,0,0,0,0
0.0,2005,0.0,0,0,1,0,0,0,1,0,1
0.0,2005,0.0,0,0,0,0,0,0,0,0,0
0.0,2005,0.0,0,0,0,0,0,0,0,0,0
0.0,2005,0.0,0,0,0,0,0,0,0,0,0
0.0,2005,0.0,0,0,0,0,0,0,0,0,0
0.0,2005,0.0,0,0,0,0,0,0,0,0,0
0.0,2005,0.0,0,0,0,0,0,0,0,0,0
0.0,2005,0.0,0,0,0,0,0,0,0,0,0
0.0,2005,0.0,0,0,0,0,0,0,0,0,0
0.0,2005,0.0,0,0,0,0,0,0,0,0,0
0.0,2005,0.0,0,0,0,0,0,0,0,0,0
0.0,2005,0.0,0,0,0,0,0,0,0,0,0
0.0,2005,0.0,0,0,0,0,0,0,0,0,0
0.0,2005,0.0,0,0,0,0,0,0,0,0,0
0.0,2005,0.0,0,0,0,0,0,0,0,0,0
0.0,2005,0.0,0,0,0,0,0,0,0,0,0
0.0,2005,0.0,0,0,0,0,0,0,0,0,0
0.0,2005,0.0,0,0,0,0,0,0,0,0,0
0.0,2005,0.0,0,0,0,0,0,0,0,0,0
0.0,2005,0.0,0,0,0,0,0,0,0,0,0
0.0,2005,0.0,0,0,0,0,0,0,0,0,0
0.0,2005,0.0,0,0,0,0,0,0,0,0,0
0.0,2005,0.0,0,0,0,0,0,0,0,0,0
0.0,2005,0.0,0,0,0,0,0,0,0,0,0
0.0,2005,0.0,0,0,0,0,0,0,0,0,0
0.0,2005,0.0,0,0,0,0,0,0,0,0,0
0.0,2005,0.0,0,0,0,0,0,0,0,0,0
0.0,2005,0.0,0,0,0,0,0,0,0,0,0
0.0,2005,0.0,0,0,0,0,0,0,0,0,0
0.0,2005,0.0,0,0,1,0,0,0,1,0,1
0.0,2006,0.0,0,0,0,0,0,0,0,0,0
0.0,2006,0.0,0,0,0,0,0,0,0,0,0
0.0,2006,0.0,0,0,0,0,0,0,0,0,0
0.0,2006,0.0,0,0,0,0,0,0,0,0,0
0.0,2006,0.0,0,0,0,0,0,0,0,0,0
0.0,2006,0.0,0,0,0,0,0,0,0,0,0
0.0,2006,0.0,0,0,0,0,0,0,0,0,0
0.0,2006,0.0,0,0,0,0,0,0,0,0,0
0.0,2006,0.0,0,0,0,0,0,0,0,0,0
0.0,2006,0.0,0,0,0,0,0,0,0,0,0
0.0,2006,0.0,0,0,0,0,0,0,0,0,0
0.0,2006,0.0,0,0,0,0,0,0,0,0,0
0.0,2006,0.0,0,0,0,0,1,0,1,0,1
0.0,2006,0.0,0,0,0,0,0,0,0,0,0
0.0,2006,0.0,0,0,0,0,0,0,0,0,0
0.0,2006,0.0,0,0,0,0,0,0,0,0,0
0.0,2006,0.0,0,0,0,0,3,0,3,0,3
0.0,2006,0.0,0,0,0,0,0,0,0,0,0
0.0,2006,0.0,0,0,0,0,0,0,0,0,0
0.0,2006,0.0,0,0,0,0,0,0,0,0,0
0.0,2006,0.0,0,0,0,0,0,0,0,0,0
0.0,2006,0.0,0,0,0,0,1,0,1,0,1
0.0,2006,0.0,0,0,0,0,0,0,0,0,0
0.0,2006,0.0,0,0,0,0,0,0,0,0,0
0.0,2006,0.0,0,0,0,0,0,0,0,0,0
0.0,2006,0.0,0,0,0,0,0,0,0,0,0
0.0,2006,0.0,0,0,0,0,0,0,0,0,0
0.0,2006,0.0,0,0,0,0,0,0,0,0,0
0.0,2006,0.0,0,0,0,0,0,0,0,0,0
0.0,2006,0.0,0,0,0,0,5,0,5,0,5
0.0,2007,0.0,0,0,0,0,0,0,0,0,0
0.0,2007,0.0,0,0,1,0,0,0,1,0,1
0.0,2007,0.0,0,0,0,0,0,0,0,0,0
0.0,2007,0.0,0,0,0,0,0,0,0,0,0
0.0,2007,0.0,0,0,0,0,0,0,0,0,0
0.0,2007,0.0,0,0,0,0,0,0,0,0,0
0.0,2007,0.0,0,0,0,0,0,0,0,0,0
0.0,2007,0.0,0,0,0,0,0,0,0,0,0
0.0,2007,0.0,0,0,0,0,0,0,0,0,0
0.0,2007,0.0,0,0,0,0,0,0,0,0,0
0.0,2007,0.0,0,0,0,0,0,0,0,0,0
0.0,2007,0.0,0,0,0,0,0,0,0,0,0
0.0,2007,0.0,0,0,0,0,3,0,3,0,3
0.0,2007,0.0,0,0,2,0,0,0,2,0,2
0.0,2007,0.0,0,0,0,0,0,0,0,0,0
0.0,2007,0.0,0,0,2,0,0,0,2,0,2
0.0,2007,0.0,0,0,0,0,7,0,7,0,7
0.0,2007,0.0,0,0,0,0,0,0,0,0,0
0.0,2007,0.0,0,0,0,0,0,0,0,0,0
0.0,2007,0.0,0,0,0,0,0,0,0,0,0
0.0,2007,0.0,0,0,0,0,1,0,1,0,1
0.0,2007,0.0,0,0,0,0,0,0,0,0,0
0.0,2007,0.0,0,0,0,0,0,0,0,0,0
0.0,2007,0.0,0,0,0,0,0,0,0,0,0
0.0,2007,0.0,0,0,0,0,0,0,0,0,0
0.0,2007,0.0,0,0,0,0,0,0,0,0,0
0.0,2007,0.0,0,0,0,0,0,0,0,0,0
0.0,2007,0.0,0,0,0,0,0,0,0,0,0
0.0,2007,0.0,0,0,0,0,0,0,0,0,0
0.0,2007,0.0,0,0,3,0,11,0,14,0,14
0.0,2008,0.0,0,0,0,0,0,0,0,0,0
0.0,2008,0.0,0,0,0,0,0,0,0,0,0
0.0,2008,0.0,0,0,0,0,0,0,0,0,0
0.0,2008,0.0,0,0,0,0,0,0,0,0,0
0.0,2008,0.0,0,0,0,0,0,0,0,0,0
0.0,2008,0.0,0,0,0,0,0,0,0,0,0
0.0,2008,0.0,0,0,0,0,0,0,0,0,0
0.0,2008,0.0,0,0,0,0,0,0,0,0,0
0.0,2008,0.0,0,0,0,0,0,0,0,0,0
0.0,2008,0.0,0,0,0,0,0,0,0,0,0
0.0,2008,0.0,0,0,0,0,0,0,0,0,0
0.0,2008,0.0,0,0,0,0,0,0,0,0,0
0.0,2008,0.0,0,0,0,0,2,0,2,0,2
0.0,2008,0.0,0,0,1,0,3,0,4,0,4
0.0,2008,0.0,0,0,0,0,0,0,0,0,0
0.0,2008,0.0,0,0,1,0,3,0,4,0,4
0.0,2008,0.0,0,0,0,0,2,0,2,0,2
0.0,2008,0.0,0,0,0,0,0,0,0,0,0
0.0,2008,0.0,0,0,0,0,0,0,0,0,0
0.0,2008,0.0,0,0,0,0,0,0,0,0,0
0.0,2008,0.0,0,0,0,0,0,0,0,0,0
0.0,2008,0.0,0,0,0,0,3,0,3,0,3
0.0,2008,0.0,0,0,0,0,0,0,0,0,0
0.0,2008,0.0,0,0,0,0,0,0,0,0,0
0.0,2008,0.0,0,0,0,0,0,0,0,0,0
0.0,2008,0.0,0,0,0,0,0,0,0,0,0
0.0,2008,0.0,0,0,0,0,0,0,0,0,0
0.0,2008,0.0,0,0,0,0,0,0,0,0,0
0.0,2008,0.0,0,0,0,0,0,0,0,0,0
0.0,2008,0.0,0,0,1,0,10,0,11,0,11
0.0,2009,0.0,0,0,0,0,0,0,0,0,0
0.0,2009,0.0,0,0,0,0,0,0,0,0,0
0.0,2009,0.0,0,0,0,0,0,0,0,0,0
0.0,2009,0.0,0,0,0,0,0,0,0,0,0
0.0,2009,0.0,0,0,0,0,0,0,0,0,0
0.0,2009,0.0,0,0,0,0,0,0,0,0,0
0.0,2009,0.0,0,0,0,0,0,0,0,0,0
0.0,2009,0.0,0,0,0,0,0,0,0,0,0
0.0,2009,0.0,0,0,0,0,0,0,0,0,0
0.0,2009,0.0,0,0,0,0,0,0,0,0,0
0.0,2009,0.0,0,0,0,0,0,0,0,0,0
0.0,2009,0.0,0,0,0,0,0,0,0,0,0
0.0,2009,0.0,0,0,0,0,0,0,0,0,0
0.0,2009,0.0,0,0,0,0,0,0,0,0,0
0.0,2009,0.0,0,0,0,0,0,0,0,0,0
0.0,2009,0.0,0,0,0,0,0,0,0,0,0
0.0,2009,0.0,0,0,0,0,1,0,1,0,1
0.0,2009,0.0,0,0,0,0,0,0,0,0,0
0.0,2009,0.0,0,0,0,0,0,0,0,0,0
0.0,2009,0.0,0,0,0,0,0,0,0,0,0
0.0,2009,0.0,0,0,0,0,0,0,0,0,0
0.0,2009,0.0,0,0,0,0,0,0,0,0,0
0.0,2009,0.0,0,0,0,0,0,0,0,0,0
0.0,2009,0.0,0,0,0,0,1,0,1,0,1
0.0,2009,0.0,0,0,0,0,0,0,0,0,0
0.0,2009,0.0,0,0,0,0,0,0,0,0,0
0.0,2009,0.0,0,0,0,0,0,0,0,0,0
0.0,2009,0.0,0,0,0,0,0,0,0,0,0
0.0,2009,0.0,0,0,0,0,0,0,0,0,0
0.0,2009,0.0,0,0,0,0,2,0,2,0,2
0.0,2010,0.0,0,0,0,0,0,0,0,0,0
0.0,2010,0.0,0,0,0,0,3,0,3,0,3
0.0,2010,0.0,0,0,0,0,0,0,0,0,0
0.0,2010,0.0,0,0,0,0,0,0,0,0,0
0.0,2010,0.0,0,0,0,0,0,0,0,0,0
0.0,2010,0.0,0,0,0,0,0,0,0,0,0
0.0,2010,0.0,0,0,0,0,0,0,0,0,0
0.0,2010,0.0,0,0,0,0,0,0,0,0,0
0.0,2010,0.0,0,0,0,0,0,0,0,0,0
0.0,2010,0.0,0,0,0,0,1,0,1,0,1
0.0,2010,0.0,0,0,0,0,0,0,0,0,0
0.0,2010,0.0,0,0,0,0,0,0,0,0,0
0.0,2010,0.0,0,0,0,0,1,0,1,0,1
0.0,2010,0.0,0,0,0,0,1,0,1,0,1
0.0,2010,0.0,0,0,0,0,1,0,1,0,1
0.0,2010,0.0,0,0,0,0,0,0,0,0,0
0.0,2010,0.0,0,0,0,0,0,0,0,0,0
0.0,2010,0.0,0,0,0,0,0,0,0,0,0
0.0,2010,0.0,0,0,0,0,0,0,0,0,0
0.0,2010,0.0,0,0,0,0,0,0,0,0,0
0.0,2010,0.0,0,0,0,0,0,0,0,0,0
0.0,2010,0.0,0,0,0,0,1,0,1,0,1
0.0,2010,0.0,0,0,0,0,0,0,0,0,0
0.0,2010,0.0,0,0,0,0,0,0,0,0,0
0.0,2010,0.0,0,0,0,0,0,0,0,0,0
0.0,2010,0.0,0,0,0,0,0,0,0,0,0
0.0,2010,0.0,0,0,0,0,0,0,0,0,0
0.0,2010,0.0,0,0,0,0,1,0,1,0,1
0.0,2010,0.0,0,0,0,0,1,0,1,0,1
0.0,2010,0.0,0,0,0,0,9,0,9,0,9
0.0,2001,0.0,1,0,2,0,38,1,41,1,42
0.0,2001,0.0,0,0,4,0,10,1,14,1,15
0.0,2001,0.0,1,0,0,0,2,0,3,0,3
0.0,2001,0.0,2,0,7,0,16,0,25,0,25
0.0,2001,0.0,0,0,0,0,0,0,0,0,0
0.0,2001,0.0,2,0,7,0,16,0,25,0,25
0.0,2001,0.0,0,0,1,0,10,2,11,2,13
0.0,2001,0.0,0,0,1,0,4,2,5,2,7
0.0,2001,0.0,0,0,0,0,6,0,6,0,6
0.0,2001,0.0,0,0,0,0,1,0,1,0,1
0.0,2001,0.0,0,0,0,0,4,0,4,0,4
0.0,2001,0.0,3,0,3,0,13,0,19,0,19
0.0,2001,0.0,2,0,33,0,50,1,85,1,86
0.0,2001,0.0,14,3,76,3,227,3,317,9,326
0.0,2001,0.0,0,0,17,0,42,0,59,0,59
0.0,2001,0.0,14,3,59,3,185,3,258,9,267
0.0,2001,0.0,0,0,3,2,15,1,18,3,21
0.0,2001,0.0,1,0,0,0,0,0,1,0,1
0.0,2001,0.0,0,0,0,0,7,3,7,3,10
0.0,2001,0.0,0,0,0,0,0,0,0,0,0
0.0,2001,0.0,0,0,0,0,0,0,0,0,0
0.0,2001,0.0,0,0,11,0,45,0,56,0,56
0.0,2001,0.0,0,0,0,1,2,0,2,1,3
0.0,2001,0.0,0,0,11,0,13,0,24,0,24
0.0,2001,0.0,0,0,0,0,1,0,1,0,1
0.0,2001,0.0,0,0,0,0,1,3,1,3,4
0.0,2001,0.0,0,0,0,0,0,0,0,0,0
0.0,2001,0.0,0,0,1,0,1,0,2,0,2
0.0,2001,0.0,30,0,122,4,0,4,152,8,160
0.0,2001,0.0,54,3,274,10,456,19,784,32,816
0.0,2002,0.0,4,0,11,0,19,1,34,1,35
0.0,2002,0.0,0,0,6,0,6,0,12,0,12
0.0,2002,0.0,0,0,0,0,4,0,4,0,4
0.0,2002,0.0,0,0,14,0,16,0,30,0,30
0.0,2002,0.0,0,0,0,0,0,0,0,0,0
0.0,2002,0.0,0,0,14,0,16,0,30,0,30
0.0,2002,0.0,0,0,2,1,4,2,6,3,9
0.0,2002,0.0,0,0,2,0,1,1,3,1,4
0.0,2002,0.0,0,0,0,1,3,1,3,2,5
0.0,2002,0.0,0,0,0,0,1,0,1,0,1
0.0,2002,0.0,0,0,0,0,3,0,3,0,3
0.0,2002,0.0,0,0,12,0,25,0,37,0,37
0.0,2002,0.0,4,0,90,0,29,0,123,0,123
0.0,2002,0.0,25,2,175,0,327,3,527,5,532
0.0,2002,0.0,3,0,32,0,36,0,71,0,71
0.0,2002,0.0,22,2,143,0,291,3,456,5,461
0.0,2002,0.0,0,0,27,0,4,0,31,0,31
0.0,2002,0.0,0,0,0,0,4,0,4,0,4
0.0,2002,0.0,1,1,9,0,11,0,21,1,22
0.0,2002,0.0,0,0,0,0,0,0,0,0,0
0.0,2002,0.0,0,0,0,0,1,0,1,0,1
0.0,2002,0.0,0,0,24,0,38,2,62,2,64
0.0,2002,0.0,0,0,2,1,0,0,2,1,3
0.0,2002,0.0,0,0,7,0,10,1,17,1,18
0.0,2002,0.0,0,0,2,0,2,0,4,0,4
0.0,2002,0.0,0,0,0,0,1,3,1,3,4
0.0,2002,0.0,0,0,0,0,0,0,0,0,0
0.0,2002,0.0,0,0,0,0,0,0,0,0,0
0.0,2002,0.0,2,2,82,4,69,8,153,14,167
0.0,2002,0.0,36,5,463,6,574,20,1073,31,1104
0.0,2003,0.0,0,0,23,3,22,0,45,3,48
0.0,2003,0.0,0,0,9,0,9,0,18,0,18
0.0,2003,0.0,0,0,1,0,0,0,1,0,1
0.0,2003,0.0,0,0,18,0,6,0,24,0,24
0.0,2003,0.0,0,0,0,0,0,0,0,0,0
0.0,2003,0.0,0,0,18,0,6,0,24,0,24
0.0,2003,0.0,0,0,0,1,10,0,10,1,11
0.0,2003,0.0,0,0,0,1,8,0,8,1,9
0.0,2003,0.0,0,0,0,0,2,0,2,0,2
0.0,2003,0.0,0,0,0,0,5,0,5,0,5
0.0,2003,0.0,0,0,0,0,0,0,0,0,0
0.0,2003,0.0,0,0,3,0,21,0,24,0,24
0.0,2003,0.0,0,0,57,0,50,0,107,0,107
0.0,2003,0.0,16,1,113,1,136,2,265,4,269
0.0,2003,0.0,0,0,20,0,21,0,41,0,41
0.0,2003,0.0,16,1,93,1,115,2,224,4,228
0.0,2003,0.0,0,0,0,0,0,0,0,0,0
0.0,2003,0.0,0,0,2,0,1,0,3,0,3
0.0,2003,0.0,0,0,4,0,9,0,13,0,13
0.0,2003,0.0,0,0,0,0,0,0,0,0,0
0.0,2003,0.0,0,0,0,0,0,0,0,0,0
0.0,2003,0.0,0,0,14,0,39,0,53,0,53
0.0,2003,0.0,0,0,0,0,0,0,0,0,0
0.0,2003,0.0,0,0,6,0,5,0,11,0,11
0.0,2003,0.0,0,0,0,0,1,0,1,0,1
0.0,2003,0.0,0,0,0,0,0,0,0,0,0
0.0,2003,0.0,0,0,0,0,0,0,0,0,0
0.0,2003,0.0,0,0,0,0,0,0,0,0,0
0.0,2003,0.0,0,0,49,1,95,12,144,13,157
0.0,2003,0.0,16,1,299,6,409,14,724,21,745
0.0,2004,0.0,0,0,12,0,24,0,36,0,36
0.0,2004,0.0,0,0,4,0,11,0,15,0,15
0.0,2004,0.0,0,0,0,0,0,0,0,0,0
0.0,2004,0.0,0,0,29,0,43,0,72,0,72
0.0,2004,0.0,0,0,0,0,0,0,0,0,0
0.0,2004,0.0,0,0,29,0,43,0,72,0,72
0.0,2004,0.0,0,0,0,0,29,1,29,1,30
0.0,2004,0.0,0,0,0,0,27,0,27,0,27
0.0,2004,0.0,0,0,0,0,2,1,2,1,3
0.0,2004,0.0,0,0,0,0,3,0,3,0,3
0.0,2004,0.0,0,0,0,0,2,0,2,0,2
0.0,2004,0.0,0,0,0,0,24,0,24,0,24
0.0,2004,0.0,19,0,18,0,72,2,109,2,111
0.0,2004,0.0,19,2,98,0,154,0,271,2,273
0.0,2004,0.0,0,0,40,0,55,0,95,0,95
0.0,2004,0.0,19,2,58,0,99,0,176,2,178
0.0,2004,0.0,0,0,0,0,4,0,4,0,4
0.0,2004,0.0,0,0,0,0,0,0,0,0,0
0.0,2004,0.0,0,0,0,0,11,0,11,0,11
0.0,2004,0.0,0,0,0,0,0,0,0,0,0
0.0,2004,0.0,0,0,0,0,0,0,0,0,0
0.0,2004,0.0,0,0,14,0,29,2,43,2,45
0.0,2004,0.0,0,0,0,0,0,1,0,1,1
0.0,2004,0.0,0,0,6,0,19,0,25,0,25
0.0,2004,0.0,0,0,0,0,4,0,4,0,4
0.0,2004,0.0,0,0,0,0,0,5,0,5,5
0.0,2004,0.0,0,0,0,0,0,0,0,0,0
0.0,2004,0.0,0,0,0,0,2,0,2,0,2
0.0,2004,0.0,0,0,78,0,123,3,201,3,204
0.0,2004,0.0,38,2,259,0,554,14,851,16,867
0.0,2005,0.0,0,0,12,0,24,0,36,0,36
0.0,2005,0.0,0,0,12,0,11,0,23,0,23
0.0,2005,0.0,0,0,1,0,4,0,5,0,5
0.0,2005,0.0,3,0,28,0,35,0,66,0,66
0.0,2005,0.0,0,0,0,0,0,0,0,0,0
0.0,2005,0.0,3,0,28,0,35,0,66,0,66
0.0,2005,0.0,0,0,7,0,21,0,28,0,28
0.0,2005,0.0,0,0,5,0,7,0,12,0,12
0.0,2005,0.0,0,0,2,0,14,0,16,0,16
0.0,2005,0.0,0,0,0,0,0,0,0,0,0
0.0,2005,0.0,0,0,0,0,6,0,6,0,6
0.0,2005,0.0,1,0,23,0,19,0,43,0,43
0.0,2005,0.0,2,0,19,0,53,0,74,0,74
0.0,2005,0.0,7,3,105,4,95,0,207,7,214
0.0,2005,0.0,2,0,34,0,34,0,70,0,70
0.0,2005,0.0,5,3,71,4,61,0,137,7,144
0.0,2005,0.0,0,0,0,0,9,0,9,0,9
0.0,2005,0.0,0,0,0,0,2,0,2,0,2
0.0,2005,0.0,0,0,1,0,3,0,4,0,4
0.0,2005,0.0,0,0,0,0,0,0,0,0,0
0.0,2005,0.0,0,0,0,0,0,0,0,0,0
0.0,2005,0.0,0,0,14,0,43,1,57,1,58
0.0,2005,0.0,0,2,4,2,4,0,8,4,12
0.0,2005,0.0,1,2,29,2,54,0,84,4,88
0.0,2005,0.0,0,0,1,0,12,0,13,0,13
0.0,2005,0.0,0,0,0,0,1,1,1,1,2
0.0,2005,0.0,0,0,0,0,0,0,0,0,0
0.0,2005,0.0,0,0,0,0,0,0,0,0,0
0.0,2005,0.0,9,0,57,4,346,20,412,24,436
0.0,2005,0.0,23,7,313,12,742,22,1078,41,1119
0.0,2006,0.0,0,0,8,0,12,0,20,0,20
0.0,2006,0.0,0,0,9,0,17,0,26,0,26
0.0,2006,0.0,0,0,1,0,5,0,6,0,6
0.0,2006,0.0,2,0,19,0,29,0,50,0,50
0.0,2006,0.0,0,0,0,0,0,0,0,0,0
0.0,2006,0.0,2,0,19,0,29,0,50,0,50
0.0,2006,0.0,0,0,9,4,21,6,30,10,40
0.0,2006,0.0,0,0,2,2,12,4,14,6,20
0.0,2006,0.0,0,0,7,2,9,2,16,4,20
0.0,2006,0.0,0,0,0,0,0,0,0,0,0
0.0,2006,0.0,0,0,0,0,12,0,12,0,12
0.0,2006,0.0,0,0,15,0,50,0,65,0,65
0.0,2006,0.0,4,0,68,0,33,0,105,0,105
0.0,2006,0.0,11,0,101,0,142,2,254,2,256
0.0,2006,0.0,0,0,30,0,57,0,87,0,87
0.0,2006,0.0,11,0,71,0,85,2,167,2,169
0.0,2006,0.0,0,0,4,0,62,0,66,0,66
0.0,2006,0.0,0,0,0,0,0,0,0,0,0
0.0,2006,0.0,0,0,1,0,3,0,4,0,4
0.0,2006,0.0,0,0,0,0,0,0,0,0,0
0.0,2006,0.0,0,0,0,0,0,0,0,0,0
0.0,2006,0.0,0,0,35,0,74,2,109,2,111
0.0,2006,0.0,0,0,0,0,2,1,2,1,3
0.0,2006,0.0,0,0,7,1,37,0,44,1,45
0.0,2006,0.0,0,0,3,0,9,0,12,0,12
0.0,2006,0.0,0,0,0,0,1,5,1,5,6
0.0,2006,0.0,0,0,0,0,0,0,0,0,0
0.0,2006,0.0,0,0,0,0,0,0,0,0,0
0.0,2006,0.0,9,0,113,24,304,20,426,44,470
0.0,2006,0.0,26,0,393,29,813,36,1232,65,1297
0.0,2007,0.0,0,0,8,1,15,1,23,2,25
0.0,2007,0.0,0,0,4,2,12,2,16,4,20
0.0,2007,0.0,0,0,0,0,0,0,0,0,0
0.0,2007,0.0,2,0,9,1,18,1,29,2,31
0.0,2007,0.0,0,0,0,0,0,0,0,0,0
0.0,2007,0.0,2,0,9,1,18,1,29,2,31
0.0,2007,0.0,1,0,2,0,3,0,6,0,6
0.0,2007,0.0,1,0,1,0,3,0,5,0,5
0.0,2007,0.0,0,0,1,0,0,0,1,0,1
0.0,2007,0.0,0,0,0,0,2,0,2,0,2
0.0,2007,0.0,0,0,0,0,6,0,6,0,6
0.0,2007,0.0,1,0,8,0,24,0,33,0,33
0.0,2007,0.0,2,0,33,0,56,6,91,6,97
0.0,2007,0.0,15,0,123,0,192,4,330,4,334
0.0,2007,0.0,0,0,19,0,30,0,49,0,49
0.0,2007,0.0,15,0,104,0,162,4,281,4,285
0.0,2007,0.0,0,0,2,0,21,0,23,0,23
0.0,2007,0.0,0,0,0,0,0,0,0,0,0
0.0,2007,0.0,0,0,3,0,8,2,11,2,13
0.0,2007,0.0,0,0,0,0,0,0,0,0,0
0.0,2007,0.0,0,0,0,0,0,0,0,0,0
0.0,2007,0.0,0,0,18,0,28,1,46,1,47
0.0,2007,0.0,0,0,0,0,0,0,0,0,0
0.0,2007,0.0,0,0,5,0,12,0,17,0,17
0.0,2007,0.0,0,0,0,0,2,0,2,0,2
0.0,2007,0.0,0,0,0,0,6,8,6,8,14
0.0,2007,0.0,0,0,0,0,0,0,0,0,0
0.0,2007,0.0,0,0,2,0,0,0,2,0,2
0.0,2007,0.0,4,0,56,2,98,4,158,6,164
0.0,2007,0.0,25,0,273,6,503,29,801,35,836
0.0,2008,0.0,2,0,15,0,18,0,35,0,35
0.0,2008,0.0,1,0,13,0,13,0,27,0,27
0.0,2008,0.0,0,0,1,0,2,0,3,0,3
0.0,2008,0.0,1,0,11,1,11,0,23,1,24
0.0,2008,0.0,0,0,0,0,0,0,0,0,0
0.0,2008,0.0,1,0,11,1,11,0,23,1,24
0.0,2008,0.0,0,0,5,1,7,2,12,3,15
0.0,2008,0.0,0,0,5,1,7,2,12,3,15
0.0,2008,0.0,0,0,0,0,0,0,0,0,0
0.0,2008,0.0,0,0,2,0,2,0,4,0,4
0.0,2008,0.0,0,0,0,0,7,0,7,0,7
0.0,2008,0.0,2,0,21,0,27,0,50,0,50
0.0,2008,0.0,1,0,38,0,20,0,59,0,59
0.0,2008,0.0,1,0,68,1,74,0,143,1,144
0.0,2008,0.0,0,0,24,0,40,0,64,0,64
0.0,2008,0.0,1,0,44,1,34,0,79,1,80
0.0,2008,0.0,0,0,2,0,1,0,3,0,3
0.0,2008,0.0,0,0,0,0,1,0,1,0,1
0.0,2008,0.0,0,0,1,0,4,2,5,2,7
0.0,2008,0.0,0,0,0,0,0,0,0,0,0
0.0,2008,0.0,0,0,1,0,1,0,2,0,2
0.0,2008,0.0,0,0,9,0,17,0,26,0,26
0.0,2008,0.0,0,0,0,0,3,1,3,1,4
0.0,2008,0.0,0,0,1,0,4,0,5,0,5
0.0,2008,0.0,0,0,0,0,1,0,1,0,1
0.0,2008,0.0,0,0,0,0,0,0,0,0,0
0.0,2008,0.0,0,0,0,0,0,0,0,0,0
0.0,2008,0.0,0,0,1,0,0,0,1,0,1
0.0,2008,0.0,1,0,50,0,51,0,102,0,102
0.0,2008,0.0,9,0,239,3,264,5,512,8,520
0.0,2009,0.0,4,0,15,0,53,0,72,0,72
0.0,2009,0.0,0,0,9,0,27,0,36,0,36
0.0,2009,0.0,0,0,3,0,4,0,7,0,7
0.0,2009,0.0,0,0,13,0,18,0,31,0,31
0.0,2009,0.0,0,0,0,0,0,0,0,0,0
0.0,2009,0.0,0,0,13,0,18,0,31,0,31
0.0,2009,0.0,0,0,1,1,12,0,13,1,14
0.0,2009,0.0,0,0,1,1,12,0,13,1,14
0.0,2009,0.0,0,0,0,0,0,0,0,0,0
0.0,2009,0.0,0,0,2,0,4,0,6,0,6
0.0,2009,0.0,0,0,0,0,1,0,1,0,1
0.0,2009,0.0,0,0,13,0,35,0,48,0,48
0.0,2009,0.0,3,0,17,0,22,0,42,0,42
0.0,2009,0.0,14,2,46,1,102,0,162,3,165
0.0,2009,0.0,1,0,17,0,43,0,61,0,61
0.0,2009,0.0,13,2,29,1,59,0,101,3,104
0.0,2009,0.0,0,0,2,0,3,0,5,0,5
0.0,2009,0.0,0,0,0,0,0,0,0,0,0
0.0,2009,0.0,0,0,2,0,2,0,4,0,4
0.0,2009,0.0,0,0,0,0,1,0,1,0,1
0.0,2009,0.0,0,0,0,0,0,0,0,0,0
0.0,2009,0.0,1,0,20,1,42,0,63,1,64
0.0,2009,0.0,0,0,0,0,0,0,0,0,0
0.0,2009,0.0,0,0,2,0,5,0,7,0,7
0.0,2009,0.0,0,0,0,0,0,0,0,0,0
0.0,2009,0.0,0,0,0,0,0,0,0,0,0
0.0,2009,0.0,0,0,0,0,0,0,0,0,0
0.0,2009,0.0,0,0,0,0,7,1,7,1,8
0.0,2009,0.0,4,0,34,0,33,2,71,2,73
0.0,2009,0.0,26,2,179,3,371,3,576,8,584
0.0,2010,0.0,0,0,21,0,34,0,55,0,55
0.0,2010,0.0,0,0,7,0,19,0,26,0,26
0.0,2010,0.0,0,0,0,0,0,0,0,0,0
0.0,2010,0.0,0,0,18,0,22,0,40,0,40
0.0,2010,0.0,0,0,0,0,0,0,0,0,0
0.0,2010,0.0,0,0,18,0,22,0,40,0,40
0.0,2010,0.0,0,0,2,0,9,0,11,0,11
0.0,2010,0.0,0,0,2,0,4,0,6,0,6
0.0,2010,0.0,0,0,0,0,5,0,5,0,5
0.0,2010,0.0,0,0,0,0,0,0,0,0,0
0.0,2010,0.0,0,0,0,0,1,0,1,0,1
0.0,2010,0.0,2,0,51,0,40,0,93,0,93
0.0,2010,0.0,3,0,22,0,20,0,45,0,45
0.0,2010,0.0,4,0,72,2,61,0,137,2,139
0.0,2010,0.0,1,0,15,0,23,0,39,0,39
0.0,2010,0.0,3,0,57,2,38,0,98,2,100
0.0,2010,0.0,0,0,1,0,6,0,7,0,7
0.0,2010,0.0,0,0,0,0,0,0,0,0,0
0.0,2010,0.0,0,0,0,0,2,0,2,0,2
0.0,2010,0.0,0,0,0,0,0,0,0,0,0
0.0,2010,0.0,0,0,0,0,0,0,0,0,0
0.0,2010,0.0,3,0,18,0,35,0,56,0,56
0.0,2010,0.0,0,0,0,0,0,0,0,0,0
0.0,2010,0.0,0,0,7,0,1,0,8,0,8
0.0,2010,0.0,0,0,0,0,0,0,0,0,0
0.0,2010,0.0,0,0,0,1,0,0,0,1,1
0.0,2010,0.0,0,0,0,0,0,0,0,0,0
0.0,2010,0.0,0,0,0,0,0,0,0,0,0
0.0,2010,0.0,8,0,56,0,74,1,138,1,139
0.0,2010,0.0,20,0,275,3,324,1,619,4,623
0.0,2001,0.0,0,0,0,0,0,0,0,0,0
0.0,2001,0.0,0,0,0,0,0,0,0,0,0
0.0,2001,0.0,0,0,0,0,0,0,0,0,0
0.0,2001,0.0,0,0,0,0,0,0,0,0,0
0.0,2001,0.0,0,0,0,0,0,0,0,0,0
0.0,2001,0.0,0,0,0,0,0,0,0,0,0
0.0,2001,0.0,0,0,0,0,0,0,0,0,0
0.0,2001,0.0,0,0,0,0,0,0,0,0,0
0.0,2001,0.0,0,0,0,0,0,0,0,0,0
0.0,2001,0.0,0,0,0,0,0,0,0,0,0
0.0,2001,0.0,0,0,0,0,0,0,0,0,0
0.0,2001,0.0,0,0,0,0,0,0,0,0,0
0.0,2001,0.0,0,0,0,0,0,0,0,0,0
0.0,2001,0.0,0,0,0,0,0,0,0,0,0
0.0,2001,0.0,0,0,0,0,0,0,0,0,0
0.0,2001,0.0,0,0,0,0,0,0,0,0,0
0.0,2001,0.0,0,0,0,0,0,0,0,0,0
0.0,2001,0.0,0,0,0,0,0,0,0,0,0
0.0,2001,0.0,0,0,0,0,0,0,0,0,0
0.0,2001,0.0,0,0,0,0,0,0,0,0,0
0.0,2001,0.0,0,0,0,0,0,0,0,0,0
0.0,2001,0.0,0,0,0,0,0,0,0,0,0
0.0,2001,0.0,0,0,0,0,0,0,0,0,0
0.0,2001,0.0,0,0,0,0,0,0,0,0,0
0.0,2001,0.0,0,0,0,0,0,0,0,0,0
0.0,2001,0.0,0,0,0,0,0,0,0,0,0
0.0,2001,0.0,0,0,0,0,0,0,0,0,0
0.0,2001,0.0,0,0,0,0,0,0,0,0,0
0.0,2001,0.0,0,0,0,1,0,0,0,1,1
0.0,2001,0.0,0,0,0,1,0,0,0,1,1
0.0,2002,0.0,0,0,0,0,0,0,0,0,0
0.0,2002,0.0,0,0,0,0,0,0,0,0,0
0.0,2002,0.0,0,0,0,0,0,0,0,0,0
0.0,2002,0.0,0,0,0,0,0,0,0,0,0
0.0,2002,0.0,0,0,0,0,0,0,0,0,0
0.0,2002,0.0,0,0,0,0,0,0,0,0,0
0.0,2002,0.0,0,0,0,0,0,0,0,0,0
0.0,2002,0.0,0,0,0,0,0,0,0,0,0
0.0,2002,0.0,0,0,0,0,0,0,0,0,0
0.0,2002,0.0,0,0,0,0,0,0,0,0,0
0.0,2002,0.0,0,0,0,0,0,0,0,0,0
0.0,2002,0.0,0,0,0,0,0,0,0,0,0
0.0,2002,0.0,0,0,0,0,0,0,0,0,0
0.0,2002,0.0,0,0,0,0,0,0,0,0,0
0.0,2002,0.0,0,0,0,0,0,0,0,0,0
0.0,2002,0.0,0,0,0,0,0,0,0,0,0
0.0,2002,0.0,0,0,0,0,0,0,0,0,0
0.0,2002,0.0,0,0,0,0,0,0,0,0,0
0.0,2002,0.0,0,0,0,0,0,0,0,0,0
0.0,2002,0.0,0,0,0,0,0,0,0,0,0
0.0,2002,0.0,0,0,0,0,0,0,0,0,0
0.0,2002,0.0,0,0,0,0,0,0,0,0,0
0.0,2002,0.0,0,0,0,0,0,0,0,0,0
0.0,2002,0.0,0,0,0,0,0,0,0,0,0
0.0,2002,0.0,0,0,0,0,0,0,0,0,0
0.0,2002,0.0,0,0,0,0,0,0,0,0,0
0.0,2002,0.0,0,0,0,0,0,0,0,0,0
0.0,2002,0.0,0,0,0,0,0,0,0,0,0
0.0,2002,0.0,0,0,0,0,0,0,0,0,0
0.0,2002,0.0,0,0,0,0,0,0,0,0,0
0.0,2003,0.0,0,0,0,0,0,0,0,0,0
0.0,2003,0.0,0,0,0,0,0,0,0,0,0
0.0,2003,0.0,0,0,0,0,0,0,0,0,0
0.0,2003,0.0,0,0,0,0,0,0,0,0,0
0.0,2003,0.0,0,0,0,0,0,0,0,0,0
0.0,2003,0.0,0,0,0,0,0,0,0,0,0
0.0,2003,0.0,0,0,0,0,0,0,0,0,0
0.0,2003,0.0,0,0,0,0,0,0,0,0,0
0.0,2003,0.0,0,0,0,0,0,0,0,0,0
0.0,2003,0.0,0,0,0,0,0,0,0,0,0
0.0,2003,0.0,0,0,0,0,0,0,0,0,0
0.0,2003,0.0,0,0,0,0,0,0,0,0,0
0.0,2003,0.0,0,0,0,0,0,0,0,0,0
0.0,2003,0.0,0,0,0,0,0,0,0,0,0
0.0,2003,0.0,0,0,0,0,0,0,0,0,0
0.0,2003,0.0,0,0,0,0,0,0,0,0,0
0.0,2003,0.0,0,0,0,0,0,0,0,0,0
0.0,2003,0.0,0,0,0,0,0,0,0,0,0
0.0,2003,0.0,0,0,0,0,0,0,0,0,0
0.0,2003,0.0,0,0,0,0,0,0,0,0,0
0.0,2003,0.0,0,0,0,0,0,0,0,0,0
0.0,2003,0.0,0,0,0,0,0,0,0,0,0
0.0,2003,0.0,0,0,0,0,0,0,0,0,0
0.0,2003,0.0,0,0,0,0,0,0,0,0,0
0.0,2003,0.0,0,0,0,0,0,0,0,0,0
0.0,2003,0.0,0,0,0,0,0,0,0,0,0
0.0,2003,0.0,0,0,0,0,0,0,0,0,0
0.0,2003,0.0,0,0,0,0,0,0,0,0,0
0.0,2003,0.0,0,0,0,0,0,0,0,0,0
0.0,2003,0.0,0,0,0,0,0,0,0,0,0
0.0,2004,0.0,0,0,0,0,0,0,0,0,0
0.0,2004,0.0,0,0,0,0,0,0,0,0,0
0.0,2004,0.0,0,0,0,0,0,0,0,0,0
0.0,2004,0.0,0,0,0,0,0,0,0,0,0
0.0,2004,0.0,0,0,0,0,0,0,0,0,0
0.0,2004,0.0,0,0,0,0,0,0,0,0,0
0.0,2004,0.0,0,0,0,0,0,0,0,0,0
0.0,2004,0.0,0,0,0,0,0,0,0,0,0
0.0,2004,0.0,0,0,0,0,0,0,0,0,0
0.0,2004,0.0,0,0,0,0,0,0,0,0,0
0.0,2004,0.0,0,0,0,0,0,0,0,0,0
0.0,2004,0.0,0,0,0,0,0,0,0,0,0
0.0,2004,0.0,0,0,0,0,0,0,0,0,0
0.0,2004,0.0,0,0,0,0,0,0,0,0,0
0.0,2004,0.0,0,0,0,0,0,0,0,0,0
0.0,2004,0.0,0,0,0,0,0,0,0,0,0
0.0,2004,0.0,0,0,0,0,0,0,0,0,0
0.0,2004,0.0,0,0,0,0,0,0,0,0,0
0.0,2004,0.0,0,0,0,0,0,0,0,0,0
0.0,2004,0.0,0,0,0,0,0,0,0,0,0
0.0,2004,0.0,0,0,0,0,0,0,0,0,0
0.0,2004,0.0,0,0,0,0,0,0,0,0,0
0.0,2004,0.0,0,0,0,0,0,0,0,0,0
0.0,2004,0.0,0,0,0,0,0,0,0,0,0
0.0,2004,0.0,0,0,0,0,0,0,0,0,0
0.0,2004,0.0,0,0,0,0,0,0,0,0,0
0.0,2004,0.0,0,0,0,0,0,0,0,0,0
0.0,2004,0.0,0,0,0,0,0,0,0,0,0
0.0,2004,0.0,0,0,0,0,0,0,0,0,0
0.0,2004,0.0,0,0,0,0,0,0,0,0,0
0.0,2005,0.0,0,0,0,0,0,0,0,0,0
0.0,2005,0.0,0,0,0,0,0,0,0,0,0
0.0,2005,0.0,0,0,0,0,0,0,0,0,0
0.0,2005,0.0,0,0,0,0,0,0,0,0,0
0.0,2005,0.0,0,0,0,0,0,0,0,0,0
0.0,2005,0.0,0,0,0,0,0,0,0,0,0
0.0,2005,0.0,0,0,0,0,0,0,0,0,0
0.0,2005,0.0,0,0,0,0,0,0,0,0,0
0.0,2005,0.0,0,0,0,0,0,0,0,0,0
0.0,2005,0.0,0,0,0,0,0,0,0,0,0
0.0,2005,0.0,0,0,0,0,0,0,0,0,0
0.0,2005,0.0,0,0,0,0,0,0,0,0,0
0.0,2005,0.0,0,0,1,0,0,0,1,0,1
0.0,2005,0.0,0,0,0,0,0,0,0,0,0
0.0,2005,0.0,0,0,0,0,0,0,0,0,0
0.0,2005,0.0,0,0,0,0,0,0,0,0,0
0.0,2005,0.0,0,0,0,0,0,0,0,0,0
0.0,2005,0.0,0,0,0,0,0,0,0,0,0
0.0,2005,0.0,0,0,0,0,0,0,0,0,0
0.0,2005,0.0,0,0,0,0,0,0,0,0,0
0.0,2005,0.0,0,0,0,0,0,0,0,0,0
0.0,2005,0.0,0,0,0,0,0,0,0,0,0
0.0,2005,0.0,0,0,0,0,0,0,0,0,0
0.0,2005,0.0,0,0,0,0,0,0,0,0,0
0.0,2005,0.0,0,0,0,0,0,0,0,0,0
0.0,2005,0.0,0,0,0,0,0,0,0,0,0
0.0,2005,0.0,0,0,0,0,0,0,0,0,0
0.0,2005,0.0,0,0,0,0,0,0,0,0,0
0.0,2005,0.0,0,0,0,0,0,0,0,0,0
0.0,2005,0.0,0,0,1,0,0,0,1,0,1
0.0,2006,0.0,0,0,0,0,0,0,0,0,0
0.0,2006,0.0,0,0,0,0,0,0,0,0,0
0.0,2006,0.0,0,0,0,0,0,0,0,0,0
0.0,2006,0.0,0,0,0,0,0,0,0,0,0
0.0,2006,0.0,0,0,0,0,0,0,0,0,0
0.0,2006,0.0,0,0,0,0,0,0,0,0,0
0.0,2006,0.0,0,0,0,0,0,0,0,0,0
0.0,2006,0.0,0,0,0,0,0,0,0,0,0
0.0,2006,0.0,0,0,0,0,0,0,0,0,0
0.0,2006,0.0,0,0,0,0,0,0,0,0,0
0.0,2006,0.0,0,0,0,0,0,0,0,0,0
0.0,2006,0.0,0,0,0,0,0,0,0,0,0
0.0,2006,0.0,0,0,0,0,0,0,0,0,0
0.0,2006,0.0,0,0,0,0,0,0,0,0,0
0.0,2006,0.0,0,0,0,0,0,0,0,0,0
0.0,2006,0.0,0,0,0,0,0,0,0,0,0
0.0,2006,0.0,0,0,0,0,0,0,0,0,0
0.0,2006,0.0,0,0,0,0,0,0,0,0,0
0.0,2006,0.0,0,0,0,0,0,0,0,0,0
0.0,2006,0.0,0,0,0,0,0,0,0,0,0
0.0,2006,0.0,0,0,0,0,0,0,0,0,0
0.0,2006,0.0,0,0,0,0,0,0,0,0,0
0.0,2006,0.0,0,0,0,0,0,0,0,0,0
0.0,2006,0.0,0,0,0,0,0,0,0,0,0
0.0,2006,0.0,0,0,0,0,0,0,0,0,0
0.0,2006,0.0,0,0,0,0,0,0,0,0,0
0.0,2006,0.0,0,0,0,0,0,0,0,0,0
0.0,2006,0.0,0,0,0,0,0,0,0,0,0
0.0,2006,0.0,0,0,0,0,0,0,0,0,0
0.0,2006,0.0,0,0,0,0,0,0,0,0,0
0.0,2007,0.0,0,0,0,0,0,0,0,0,0
0.0,2007,0.0,0,0,0,0,0,0,0,0,0
0.0,2007,0.0,0,0,0,0,0,0,0,0,0
0.0,2007,0.0,0,0,0,0,0,0,0,0,0
0.0,2007,0.0,0,0,0,0,0,0,0,0,0
0.0,2007,0.0,0,0,0,0,0,0,0,0,0
0.0,2007,0.0,0,0,0,0,0,0,0,0,0
0.0,2007,0.0,0,0,0,0,0,0,0,0,0
0.0,2007,0.0,0,0,0,0,0,0,0,0,0
0.0,2007,0.0,0,0,0,0,0,0,0,0,0
0.0,2007,0.0,0,0,0,0,0,0,0,0,0
0.0,2007,0.0,0,0,0,0,0,0,0,0,0
0.0,2007,0.0,0,0,0,0,0,0,0,0,0
0.0,2007,0.0,0,0,0,0,0,0,0,0,0
0.0,2007,0.0,0,0,0,0,0,0,0,0,0
0.0,2007,0.0,0,0,0,0,0,0,0,0,0
0.0,2007,0.0,0,0,0,0,0,0,0,0,0
0.0,2007,0.0,0,0,0,0,0,0,0,0,0
0.0,2007,0.0,0,0,0,0,0,0,0,0,0
0.0,2007,0.0,0,0,0,0,0,0,0,0,0
0.0,2007,0.0,0,0,0,0,0,0,0,0,0
0.0,2007,0.0,0,0,0,0,0,0,0,0,0
0.0,2007,0.0,0,0,0,0,0,0,0,0,0
0.0,2007,0.0,0,0,0,0,0,0,0,0,0
0.0,2007,0.0,0,0,0,0,0,0,0,0,0
0.0,2007,0.0,0,0,0,0,0,0,0,0,0
0.0,2007,0.0,0,0,0,0,0,0,0,0,0
0.0,2007,0.0,0,0,0,0,0,0,0,0,0
0.0,2007,0.0,0,0,0,0,0,0,0,0,0
0.0,2007,0.0,0,0,0,0,0,0,0,0,0
0.0,2008,0.0,0,0,0,0,0,0,0,0,0
0.0,2008,0.0,0,0,0,0,0,0,0,0,0
0.0,2008,0.0,0,0,0,0,0,0,0,0,0
0.0,2008,0.0,0,0,0,0,0,0,0,0,0
0.0,2008,0.0,0,0,0,0,0,0,0,0,0
0.0,2008,0.0,0,0,0,0,0,0,0,0,0
0.0,2008,0.0,0,0,0,0,0,0,0,0,0
0.0,2008,0.0,0,0,0,0,0,0,0,0,0
0.0,2008,0.0,0,0,0,0,0,0,0,0,0
0.0,2008,0.0,0,0,0,0,0,0,0,0,0
0.0,2008,0.0,0,0,0,0,0,0,0,0,0
0.0,2008,0.0,0,0,0,0,0,0,0,0,0
0.0,2008,0.0,0,0,0,0,0,0,0,0,0
0.0,2008,0.0,0,0,0,0,0,0,0,0,0
0.0,2008,0.0,0,0,0,0,0,0,0,0,0
0.0,2008,0.0,0,0,0,0,0,0,0,0,0
0.0,2008,0.0,0,0,0,0,0,0,0,0,0
0.0,2008,0.0,0,0,0,0,0,0,0,0,0
0.0,2008,0.0,0,0,0,0,0,0,0,0,0
0.0,2008,0.0,0,0,0,0,0,0,0,0,0
0.0,2008,0.0,0,0,0,0,0,0,0,0,0
0.0,2008,0.0,0,0,0,0,0,0,0,0,0
0.0,2008,0.0,0,0,0,0,0,0,0,0,0
0.0,2008,0.0,0,0,0,0,0,0,0,0,0
0.0,2008,0.0,0,0,0,0,0,0,0,0,0
0.0,2008,0.0,0,0,0,0,0,0,0,0,0
0.0,2008,0.0,0,0,0,0,0,0,0,0,0
0.0,2008,0.0,0,0,0,0,0,0,0,0,0
0.0,2008,0.0,0,0,0,0,0,0,0,0,0
0.0,2008,0.0,0,0,0,0,0,0,0,0,0
0.0,2009,0.0,0,0,0,0,0,0,0,0,0
0.0,2009,0.0,0,0,0,0,0,0,0,0,0
0.0,2009,0.0,0,0,0,0,0,0,0,0,0
0.0,2009,0.0,0,0,0,0,0,0,0,0,0
0.0,2009,0.0,0,0,0,0,0,0,0,0,0
0.0,2009,0.0,0,0,0,0,0,0,0,0,0
0.0,2009,0.0,0,0,0,0,0,0,0,0,0
0.0,2009,0.0,0,0,0,0,0,0,0,0,0
0.0,2009,0.0,0,0,0,0,0,0,0,0,0
0.0,2009,0.0,0,0,0,0,0,0,0,0,0
0.0,2009,0.0,0,0,0,0,0,0,0,0,0
0.0,2009,0.0,0,0,0,0,0,0,0,0,0
0.0,2009,0.0,0,0,0,0,0,0,0,0,0
0.0,2009,0.0,0,0,0,0,0,0,0,0,0
0.0,2009,0.0,0,0,0,0,0,0,0,0,0
0.0,2009,0.0,0,0,0,0,0,0,0,0,0
0.0,2009,0.0,0,0,0,0,0,0,0,0,0
0.0,2009,0.0,0,0,0,0,0,0,0,0,0
0.0,2009,0.0,0,0,0,0,0,0,0,0,0
0.0,2009,0.0,0,0,0,0,0,0,0,0,0
0.0,2009,0.0,0,0,0,0,0,0,0,0,0
0.0,2009,0.0,0,0,0,0,0,0,0,0,0
0.0,2009,0.0,0,0,0,0,0,0,0,0,0
0.0,2009,0.0,0,0,0,0,0,0,0,0,0
0.0,2009,0.0,0,0,0,0,0,0,0,0,0
0.0,2009,0.0,0,0,0,0,0,0,0,0,0
0.0,2009,0.0,0,0,0,0,0,0,0,0,0
0.0,2009,0.0,0,0,0,0,0,0,0,0,0
0.0,2009,0.0,0,0,0,0,0,0,0,0,0
0.0,2009,0.0,0,0,0,0,0,0,0,0,0
0.0,2010,0.0,0,0,0,0,0,0,0,0,0
0.0,2010,0.0,0,0,0,0,0,0,0,0,0
0.0,2010,0.0,0,0,0,0,0,0,0,0,0
0.0,2010,0.0,0,0,0,0,0,0,0,0,0
0.0,2010,0.0,0,0,0,0,0,0,0,0,0
0.0,2010,0.0,0,0,0,0,0,0,0,0,0
0.0,2010,0.0,0,0,0,0,0,0,0,0,0
0.0,2010,0.0,0,0,0,0,0,0,0,0,0
0.0,2010,0.0,0,0,0,0,0,0,0,0,0
0.0,2010,0.0,0,0,0,0,0,0,0,0,0
0.0,2010,0.0,0,0,0,0,0,0,0,0,0
0.0,2010,0.0,0,0,0,0,0,0,0,0,0
0.0,2010,0.0,0,0,0,0,0,0,0,0,0
0.0,2010,0.0,0,0,0,0,0,0,0,0,0
0.0,2010,0.0,0,0,0,0,0,0,0,0,0
0.0,2010,0.0,0,0,0,0,0,0,0,0,0
0.0,2010,0.0,0,0,0,0,0,0,0,0,0
0.0,2010,0.0,0,0,0,0,0,0,0,0,0
0.0,2010,0.0,0,0,0,0,0,0,0,0,0
0.0,2010,0.0,0,0,0,0,0,0,0,0,0
0.0,2010,0.0,0,0,0,0,0,0,0,0,0
0.0,2010,0.0,0,0,0,0,0,0,0,0,0
0.0,2010,0.0,0,0,0,0,0,0,0,0,0
0.0,2010,0.0,0,0,0,0,0,0,0,0,0
0.0,2010,0.0,0,0,0,0,0,0,0,0,0
0.0,2010,0.0,0,0,0,0,0,0,0,0,0
0.0,2010,0.0,0,0,0,0,0,0,0,0,0
0.0,2010,0.0,0,0,0,0,0,0,0,0,0
0.0,2010,0.0,0,0,0,0,0,0,0,0,0
0.0,2010,0.0,0,0,0,0,0,0,0,0,0
0.0,2001,0.0,0,0,0,0,0,0,0,0,0
0.0,2001,0.0,0,0,0,0,0,0,0,0,0
0.0,2001,0.0,0,0,0,0,0,0,0,0,0
0.0,2001,0.0,0,0,0,0,0,0,0,0,0
0.0,2001,0.0,0,0,0,0,0,0,0,0,0
0.0,2001,0.0,0,0,0,0,0,0,0,0,0
0.0,2001,0.0,0,0,0,0,0,0,0,0,0
0.0,2001,0.0,0,0,0,0,0,0,0,0,0
0.0,2001,0.0,0,0,0,0,0,0,0,0,0
0.0,2001,0.0,0,0,0,0,0,0,0,0,0
0.0,2001,0.0,0,0,0,0,0,0,0,0,0
0.0,2001,0.0,0,0,0,0,0,0,0,0,0
0.0,2001,0.0,0,0,0,0,0,0,0,0,0
0.0,2001,0.0,0,0,2,0,0,0,2,0,2
0.0,2001,0.0,0,0,0,0,0,0,0,0,0
0.0,2001,0.0,0,0,2,0,0,0,2,0,2
0.0,2001,0.0,0,0,0,0,0,0,0,0,0
0.0,2001,0.0,0,0,0,0,0,0,0,0,0
0.0,2001,0.0,0,0,0,0,0,0,0,0,0
0.0,2001,0.0,0,0,0,0,0,0,0,0,0
0.0,2001,0.0,0,0,0,0,0,0,0,0,0
0.0,2001,0.0,0,0,0,0,0,0,0,0,0
0.0,2001,0.0,0,0,0,0,0,0,0,0,0
0.0,2001,0.0,0,0,0,0,0,0,0,0,0
0.0,2001,0.0,0,0,1,0,0,0,1,0,1
0.0,2001,0.0,0,0,0,0,0,0,0,0,0
0.0,2001,0.0,0,0,0,0,0,0,0,0,0
0.0,2001,0.0,0,0,0,0,0,0,0,0,0
0.0,2001,0.0,0,0,0,0,0,0,0,0,0
0.0,2001,0.0,0,0,3,0,0,0,3,0,3
0.0,2002,0.0,0,0,0,0,0,0,0,0,0
0.0,2002,0.0,0,0,0,0,0,0,0,0,0
0.0,2002,0.0,0,0,0,0,0,0,0,0,0
0.0,2002,0.0,0,0,0,0,0,0,0,0,0
0.0,2002,0.0,0,0,0,0,0,0,0,0,0
0.0,2002,0.0,0,0,0,0,0,0,0,0,0
0.0,2002,0.0,0,0,0,0,0,0,0,0,0
0.0,2002,0.0,0,0,0,0,0,0,0,0,0
0.0,2002,0.0,0,0,0,0,0,0,0,0,0
0.0,2002,0.0,0,0,0,0,0,0,0,0,0
0.0,2002,0.0,0,0,0,0,0,0,0,0,0
0.0,2002,0.0,0,0,0,0,0,0,0,0,0
0.0,2002,0.0,0,0,2,0,1,0,3,0,3
0.0,2002,0.0,0,0,2,0,0,0,2,0,2
0.0,2002,0.0,0,0,0,0,0,0,0,0,0
0.0,2002,0.0,0,0,2,0,0,0,2,0,2
0.0,2002,0.0,0,0,0,0,1,0,1,0,1
0.0,2002,0.0,0,0,0,0,0,0,0,0,0
0.0,2002,0.0,0,0,0,0,0,0,0,0,0
0.0,2002,0.0,0,0,0,0,0,0,0,0,0
0.0,2002,0.0,0,0,0,0,0,0,0,0,0
0.0,2002,0.0,0,0,1,0,3,0,4,0,4
0.0,2002,0.0,0,0,0,0,0,0,0,0,0
0.0,2002,0.0,0,0,0,0,1,0,1,0,1
0.0,2002,0.0,0,0,0,0,0,0,0,0,0
0.0,2002,0.0,0,0,0,0,0,0,0,0,0
0.0,2002,0.0,0,0,0,0,0,0,0,0,0
0.0,2002,0.0,0,0,0,0,0,0,0,0,0
0.0,2002,0.0,0,0,0,1,0,4,0,5,5
0.0,2002,0.0,0,0,5,1,6,4,11,5,16
0.0,2003,0.0,0,0,0,0,3,0,3,0,3
0.0,2003,0.0,0,0,0,0,0,0,0,0,0
0.0,2003,0.0,0,0,0,0,0,0,0,0,0
0.0,2003,0.0,0,0,0,0,1,0,1,0,1
0.0,2003,0.0,0,0,0,0,0,0,0,0,0
0.0,2003,0.0,0,0,0,0,1,0,1,0,1
0.0,2003,0.0,0,0,0,0,1,0,1,0,1
0.0,2003,0.0,0,0,0,0,1,0,1,0,1
0.0,2003,0.0,0,0,0,0,0,0,0,0,0
0.0,2003,0.0,0,0,0,0,0,0,0,0,0
0.0,2003,0.0,0,0,0,0,0,0,0,0,0
0.0,2003,0.0,0,0,0,0,0,0,0,0,0
0.0,2003,0.0,0,0,3,0,4,0,7,0,7
0.0,2003,0.0,1,0,10,0,7,0,18,0,18
0.0,2003,0.0,0,0,0,0,1,0,1,0,1
0.0,2003,0.0,1,0,10,0,6,0,17,0,17
0.0,2003,0.0,0,0,0,0,0,0,0,0,0
0.0,2003,0.0,0,0,0,0,0,0,0,0,0
0.0,2003,0.0,0,0,0,0,0,0,0,0,0
0.0,2003,0.0,0,0,0,0,0,0,0,0,0
0.0,2003,0.0,0,0,0,0,1,0,1,0,1
0.0,2003,0.0,0,0,0,0,2,0,2,0,2
0.0,2003,0.0,0,0,0,0,0,0,0,0,0
0.0,2003,0.0,0,0,0,0,0,0,0,0,0
0.0,2003,0.0,0,0,0,0,0,0,0,0,0
0.0,2003,0.0,0,0,0,0,0,0,0,0,0
0.0,2003,0.0,0,0,0,0,0,0,0,0,0
0.0,2003,0.0,0,0,0,0,0,0,0,0,0
0.0,2003,0.0,0,0,1,0,1,0,2,0,2
0.0,2003,0.0,1,0,14,0,20,0,35,0,35
0.0,2004,0.0,0,0,0,0,0,0,0,0,0
0.0,2004,0.0,0,0,0,0,0,0,0,0,0
0.0,2004,0.0,0,0,0,0,0,0,0,0,0
0.0,2004,0.0,0,0,0,0,2,0,2,0,2
0.0,2004,0.0,0,0,0,0,0,0,0,0,0
0.0,2004,0.0,0,0,0,0,2,0,2,0,2
0.0,2004,0.0,0,0,0,0,0,0,0,0,0
0.0,2004,0.0,0,0,0,0,0,0,0,0,0
0.0,2004,0.0,0,0,0,0,0,0,0,0,0
0.0,2004,0.0,0,0,0,0,0,0,0,0,0
0.0,2004,0.0,0,0,0,0,0,0,0,0,0
0.0,2004,0.0,0,0,0,0,1,0,1,0,1
0.0,2004,0.0,0,0,3,0,9,0,12,0,12
0.0,2004,0.0,0,0,11,0,18,0,29,0,29
0.0,2004,0.0,0,0,2,0,5,0,7,0,7
0.0,2004,0.0,0,0,9,0,13,0,22,0,22
0.0,2004,0.0,0,0,0,0,0,0,0,0,0
0.0,2004,0.0,0,0,0,0,0,0,0,0,0
0.0,2004,0.0,0,0,0,0,2,0,2,0,2
0.0,2004,0.0,0,0,0,0,0,0,0,0,0
0.0,2004,0.0,0,0,0,0,0,0,0,0,0
0.0,2004,0.0,0,0,1,0,8,0,9,0,9
0.0,2004,0.0,0,0,0,0,0,0,0,0,0
0.0,2004,0.0,0,0,0,0,0,0,0,0,0
0.0,2004,0.0,0,0,0,0,0,0,0,0,0
0.0,2004,0.0,0,0,0,0,0,0,0,0,0
0.0,2004,0.0,0,0,0,0,0,0,0,0,0
0.0,2004,0.0,0,0,0,0,0,0,0,0,0
0.0,2004,0.0,0,0,0,0,0,0,0,0,0
0.0,2004,0.0,0,0,15,0,40,0,55,0,55
0.0,2005,0.0,0,0,0,0,0,0,0,0,0
0.0,2005,0.0,0,0,0,0,0,0,0,0,0
0.0,2005,0.0,0,0,0,0,0,0,0,0,0
0.0,2005,0.0,0,0,0,0,0,0,0,0,0
0.0,2005,0.0,0,0,0,0,0,0,0,0,0
0.0,2005,0.0,0,0,0,0,0,0,0,0,0
0.0,2005,0.0,0,0,0,0,0,0,0,0,0
0.0,2005,0.0,0,0,0,0,0,0,0,0,0
0.0,2005,0.0,0,0,0,0,0,0,0,0,0
0.0,2005,0.0,0,0,0,0,0,0,0,0,0
0.0,2005,0.0,0,0,0,0,0,0,0,0,0
0.0,2005,0.0,0,0,0,0,0,0,0,0,0
0.0,2005,0.0,0,0,2,0,5,0,7,0,7
0.0,2005,0.0,0,0,7,0,9,0,16,0,16
0.0,2005,0.0,0,0,0,0,3,0,3,0,3
0.0,2005,0.0,0,0,7,0,6,0,13,0,13
0.0,2005,0.0,0,0,0,0,0,0,0,0,0
0.0,2005,0.0,0,0,0,0,0,0,0,0,0
0.0,2005,0.0,0,0,0,0,0,0,0,0,0
0.0,2005,0.0,0,0,0,0,0,0,0,0,0
0.0,2005,0.0,0,0,0,0,0,0,0,0,0
0.0,2005,0.0,0,0,4,0,5,0,9,0,9
0.0,2005,0.0,0,0,0,0,0,0,0,0,0
0.0,2005,0.0,0,0,0,0,0,0,0,0,0
0.0,2005,0.0,0,0,0,0,0,0,0,0,0
0.0,2005,0.0,0,0,0,0,0,0,0,0,0
0.0,2005,0.0,0,0,0,0,0,0,0,0,0
0.0,2005,0.0,0,0,0,0,0,0,0,0,0
0.0,2005,0.0,0,0,0,3,1,4,1,7,8
0.0,2005,0.0,0,0,13,3,20,4,33,7,40
0.0,2006,0.0,0,0,0,0,0,0,0,0,0
0.0,2006,0.0,0,0,0,0,0,1,0,1,1
0.0,2006,0.0,0,0,0,0,0,0,0,0,0
0.0,2006,0.0,0,0,0,0,0,0,0,0,0
0.0,2006,0.0,0,0,0,0,0,0,0,0,0
0.0,2006,0.0,0,0,0,0,0,0,0,0,0
0.0,2006,0.0,0,0,1,0,2,0,3,0,3
0.0,2006,0.0,0,0,1,0,2,0,3,0,3
0.0,2006,0.0,0,0,0,0,0,0,0,0,0
0.0,2006,0.0,0,0,0,0,0,0,0,0,0
0.0,2006,0.0,0,0,0,0,0,0,0,0,0
0.0,2006,0.0,0,0,0,0,0,0,0,0,0
0.0,2006,0.0,0,0,2,0,5,0,7,0,7
0.0,2006,0.0,0,0,10,0,8,0,18,0,18
0.0,2006,0.0,0,0,0,0,1,0,1,0,1
0.0,2006,0.0,0,0,10,0,7,0,17,0,17
0.0,2006,0.0,0,0,0,0,0,0,0,0,0
0.0,2006,0.0,0,0,0,0,0,0,0,0,0
0.0,2006,0.0,0,0,0,0,0,0,0,0,0
0.0,2006,0.0,0,0,0,0,0,0,0,0,0
0.0,2006,0.0,0,0,0,0,0,0,0,0,0
0.0,2006,0.0,0,0,2,0,1,0,3,0,3
0.0,2006,0.0,0,0,0,0,0,0,0,0,0
0.0,2006,0.0,0,0,1,0,1,0,2,0,2
0.0,2006,0.0,0,0,1,0,0,0,1,0,1
0.0,2006,0.0,0,0,0,0,0,0,0,0,0
0.0,2006,0.0,0,0,0,0,0,0,0,0,0
0.0,2006,0.0,0,0,0,0,0,0,0,0,0
0.0,2006,0.0,0,0,0,0,1,0,1,0,1
0.0,2006,0.0,0,0,17,0,18,1,35,1,36
0.0,2007,0.0,0,0,1,0,0,0,1,0,1
0.0,2007,0.0,0,0,0,0,0,0,0,0,0
0.0,2007,0.0,0,0,0,0,0,0,0,0,0
0.0,2007,0.0,0,0,0,0,0,0,0,0,0
0.0,2007,0.0,0,0,0,0,0,0,0,0,0
0.0,2007,0.0,0,0,0,0,0,0,0,0,0
0.0,2007,0.0,0,0,0,0,0,0,0,0,0
0.0,2007,0.0,0,0,0,0,0,0,0,0,0
0.0,2007,0.0,0,0,0,0,0,0,0,0,0
0.0,2007,0.0,0,0,0,0,0,0,0,0,0
0.0,2007,0.0,0,0,0,0,0,0,0,0,0
0.0,2007,0.0,0,0,0,0,0,0,0,0,0
0.0,2007,0.0,0,0,4,0,13,0,17,0,17
0.0,2007,0.0,0,0,11,0,13,0,24,0,24
0.0,2007,0.0,0,0,0,0,0,0,0,0,0
0.0,2007,0.0,0,0,11,0,13,0,24,0,24
0.0,2007,0.0,0,0,0,0,5,0,5,0,5
0.0,2007,0.0,0,0,0,0,0,0,0,0,0
0.0,2007,0.0,0,0,0,0,0,0,0,0,0
0.0,2007,0.0,0,0,0,0,0,0,0,0,0
0.0,2007,0.0,0,0,0,0,0,0,0,0,0
0.0,2007,0.0,0,0,1,0,3,1,4,1,5
0.0,2007,0.0,0,0,0,0,0,0,0,0,0
0.0,2007,0.0,0,0,1,0,2,0,3,0,3
0.0,2007,0.0,0,0,0,0,2,0,2,0,2
0.0,2007,0.0,0,0,0,0,0,0,0,0,0
0.0,2007,0.0,0,0,0,0,0,0,0,0,0
0.0,2007,0.0,0,0,0,0,0,0,0,0,0
0.0,2007,0.0,0,0,1,0,1,3,2,3,5
0.0,2007,0.0,0,0,19,0,39,4,58,4,62
0.0,2008,0.0,0,0,0,0,2,0,2,0,2
0.0,2008,0.0,0,0,0,0,3,0,3,0,3
0.0,2008,0.0,0,0,0,0,0,0,0,0,0
0.0,2008,0.0,0,0,0,0,0,0,0,0,0
0.0,2008,0.0,0,0,0,0,0,0,0,0,0
0.0,2008,0.0,0,0,0,0,0,0,0,0,0
0.0,2008,0.0,0,0,0,0,0,0,0,0,0
0.0,2008,0.0,0,0,0,0,0,0,0,0,0
0.0,2008,0.0,0,0,0,0,0,0,0,0,0
0.0,2008,0.0,0,0,0,0,0,0,0,0,0
0.0,2008,0.0,0,0,0,0,0,0,0,0,0
0.0,2008,0.0,0,0,0,0,0,0,0,0,0
0.0,2008,0.0,0,0,7,0,9,0,16,0,16
0.0,2008,0.0,0,0,3,0,17,0,20,0,20
0.0,2008,0.0,0,0,0,0,5,0,5,0,5
0.0,2008,0.0,0,0,3,0,12,0,15,0,15
0.0,2008,0.0,0,0,0,0,2,0,2,0,2
0.0,2008,0.0,0,0,0,0,0,0,0,0,0
0.0,2008,0.0,0,0,0,0,0,0,0,0,0
0.0,2008,0.0,0,0,0,0,0,0,0,0,0
0.0,2008,0.0,0,0,0,0,0,0,0,0,0
0.0,2008,0.0,0,0,2,0,5,0,7,0,7
0.0,2008,0.0,0,0,0,0,0,0,0,0,0
0.0,2008,0.0,0,0,0,0,0,0,0,0,0
0.0,2008,0.0,0,0,0,0,0,0,0,0,0
0.0,2008,0.0,0,0,0,0,0,0,0,0,0
0.0,2008,0.0,0,0,0,0,0,0,0,0,0
0.0,2008,0.0,0,0,0,0,0,0,0,0,0
0.0,2008,0.0,0,0,0,0,1,0,1,0,1
0.0,2008,0.0,0,0,12,0,39,0,51,0,51
0.0,2009,0.0,0,0,3,0,7,0,10,0,10
0.0,2009,0.0,0,0,0,0,1,0,1,0,1
0.0,2009,0.0,0,0,0,0,0,0,0,0,0
0.0,2009,0.0,0,0,0,0,0,0,0,0,0
0.0,2009,0.0,0,0,0,0,0,0,0,0,0
0.0,2009,0.0,0,0,0,0,0,0,0,0,0
0.0,2009,0.0,0,0,0,0,0,0,0,0,0
0.0,2009,0.0,0,0,0,0,0,0,0,0,0
0.0,2009,0.0,0,0,0,0,0,0,0,0,0
0.0,2009,0.0,0,0,0,0,1,0,1,0,1
0.0,2009,0.0,0,0,0,0,3,0,3,0,3
0.0,2009,0.0,0,0,0,0,0,0,0,0,0
0.0,2009,0.0,0,0,2,0,2,0,4,0,4
0.0,2009,0.0,0,0,10,0,11,0,21,0,21
0.0,2009,0.0,0,0,1,0,10,0,11,0,11
0.0,2009,0.0,0,0,9,0,1,0,10,0,10
0.0,2009,0.0,0,0,0,0,0,0,0,0,0
0.0,2009,0.0,0,0,0,0,0,0,0,0,0
0.0,2009,0.0,0,0,0,0,0,0,0,0,0
0.0,2009,0.0,0,0,0,0,0,0,0,0,0
0.0,2009,0.0,0,0,0,0,0,0,0,0,0
0.0,2009,0.0,0,0,12,0,10,1,22,1,23
0.0,2009,0.0,0,0,0,0,0,0,0,0,0
0.0,2009,0.0,0,0,1,0,0,0,1,0,1
0.0,2009,0.0,0,0,0,0,0,0,0,0,0
0.0,2009,0.0,0,0,0,0,0,0,0,0,0
0.0,2009,0.0,0,0,0,0,0,0,0,0,0
0.0,2009,0.0,0,0,0,0,0,0,0,0,0
0.0,2009,0.0,0,0,7,3,5,0,12,3,15
0.0,2009,0.0,0,0,35,3,40,1,75,4,79
0.0,2010,0.0,0,0,0,0,6,0,6,0,6
0.0,2010,0.0,0,0,0,0,0,0,0,0,0
0.0,2010,0.0,0,0,0,0,0,0,0,0,0
0.0,2010,0.0,0,0,0,0,0,0,0,0,0
0.0,2010,0.0,0,0,0,0,0,0,0,0,0
0.0,2010,0.0,0,0,0,0,0,0,0,0,0
0.0,2010,0.0,0,0,0,0,1,0,1,0,1
0.0,2010,0.0,0,0,0,0,1,0,1,0,1
0.0,2010,0.0,0,0,0,0,0,0,0,0,0
0.0,2010,0.0,0,0,0,0,0,0,0,0,0
0.0,2010,0.0,0,0,0,0,0,0,0,0,0
0.0,2010,0.0,0,0,0,0,1,0,1,0,1
0.0,2010,0.0,0,0,2,0,6,0,8,0,8
0.0,2010,0.0,0,0,4,0,9,1,13,1,14
0.0,2010,0.0,0,0,0,0,5,0,5,0,5
0.0,2010,0.0,0,0,4,0,4,1,8,1,9
0.0,2010,0.0,0,0,0,0,2,0,2,0,2
0.0,2010,0.0,0,0,0,0,0,0,0,0,0
0.0,2010,0.0,0,0,1,0,1,0,2,0,2
0.0,2010,0.0,0,0,0,0,0,0,0,0,0
0.0,2010,0.0,0,0,0,0,0,0,0,0,0
0.0,2010,0.0,0,0,0,0,3,0,3,0,3
0.0,2010,0.0,0,0,0,0,0,0,0,0,0
0.0,2010,0.0,0,0,0,0,0,0,0,0,0
0.0,2010,0.0,0,0,0,0,0,0,0,0,0
0.0,2010,0.0,0,0,0,0,0,0,0,0,0
0.0,2010,0.0,0,0,0,0,0,0,0,0,0
0.0,2010,0.0,0,0,0,0,0,0,0,0,0
0.0,2010,0.0,0,0,1,0,2,3,3,3,6
0.0,2010,0.0,0,0,8,0,31,4,39,4,43
